player_id,player_name,player_display_name,position,position_group,headshot_url,season,week,season_type,team,opponent_team,completions,attempts,passing_yards,passing_tds,passing_interceptions,sacks_suffered,sack_yards_lost,sack_fumbles,sack_fumbles_lost,passing_air_yards,passing_yards_after_catch,passing_first_downs,passing_epa,passing_cpoe,passing_2pt_conversions,pacr,carries,rushing_yards,rushing_tds,rushing_fumbles,rushing_fumbles_lost,rushing_first_downs,rushing_epa,rushing_2pt_conversions,receptions,targets,receiving_yards,receiving_tds,receiving_fumbles,receiving_fumbles_lost,receiving_air_yards,receiving_yards_after_catch,receiving_first_downs,receiving_epa,receiving_2pt_conversions,racr,target_share,air_yards_share,wopr,special_teams_tds,def_tackles_solo,def_tackles_with_assist,def_tackle_assists,def_tackles_for_loss,def_tackles_for_loss_yards,def_fumbles_forced,def_sacks,def_sack_yards,def_qb_hits,def_interceptions,def_interception_yards,def_pass_defended,def_tds,def_fumbles,def_safeties,misc_yards,fumble_recovery_own,fumble_recovery_yards_own,fumble_recovery_opp,fumble_recovery_yards_opp,fumble_recovery_tds,penalties,penalty_yards,punt_returns,punt_return_yards,kickoff_returns,kickoff_return_yards,fg_made,fg_att,fg_missed,fg_blocked,fg_long,fg_pct,fg_made_0_19,fg_made_20_29,fg_made_30_39,fg_made_40_49,fg_made_50_59,fg_made_60_,fg_missed_0_19,fg_missed_20_29,fg_missed_30_39,fg_missed_40_49,fg_missed_50_59,fg_missed_60_,fg_made_list,fg_missed_list,fg_blocked_list,fg_made_distance,fg_missed_distance,fg_blocked_distance,pat_made,pat_att,pat_missed,pat_blocked,pat_pct,gwfg_made,gwfg_att,gwfg_missed,gwfg_blocked,gwfg_distance,fantasy_points,fantasy_points_ppr
00-0023459,A.Rodgers,Aaron Rodgers,QB,QB,"https://static.www.nfl.com/image/upload/f_auto,q_auto/league/dypvakakxhccxs67tb0y",2025,1,REG,PIT,NYJ,22,30,244,4,0,4,-26,0,0,139,173,14,10.20475524963341,6.350380901632638,0,1.7553956834532374,1,-1,0,0,0,0,-1.8739020673092455,0,0,0,0,0,0,0,0,0,0,,0,,0.0,0.0,0.0,0,0,0,0,0,0,0,0.0,0.0,0,0,0,0,0,0,0,0,0,0,0,0,0,0,0,0,0,0,0,0,0,0,0,,,0,0,0,0,0,0,0,0,0,0,0,0,,,,0,0,0,0,0,0,0,,0,0,0,0,0,25.659999999999997,25.659999999999997
00-0027969,Ca.Heyward,Cameron Heyward,DT,DL,"https://static.www.nfl.com/image/upload/f_auto,q_auto/league/vfql05jp29d2pltrlwqz",2025,1,REG,PIT,NYJ,0,0,0,0,0,0,0,0,0,0,0,0,,,0,,0,0,0,0,0,0,,0,0,0,0,0,0,0,0,0,0,,0,,0.0,0.0,0.0,0,2,1,0,1,2,0,0.0,0.0,0,0,0,1,0,0,0,0,0,0,0,0,0,0,0,0,0,0,0,0,0,0,0,,,0,0,0,0,0,0,0,0,0,0,0,0,,,,0,0,0,0,0,0,0,,0,0,0,0,0,0.0,0.0
00-0030062,D.Slay,Darius Slay,CB,DB,"https://static.www.nfl.com/image/upload/f_auto,q_auto/league/r7dwifb7wrqvqj714dgh",2025,1,REG,PIT,NYJ,0,0,0,0,0,0,0,0,0,0,0,0,,,0,,0,0,0,0,0,0,,0,0,0,0,0,0,0,0,0,0,,0,,0.0,0.0,0.0,0,5,0,0,0,0,0,0.0,0.0,0,0,0,0,0,0,0,0,0,0,0,0,0,0,0,0,0,0,0,0,0,0,0,,,0,0,0,0,0,0,0,0,0,0,0,0,,,,0,0,0,0,0,0,0,,0,0,0,0,0,0.0,0.0
00-0031136,C.Boswell,Chris Boswell,K,SPEC,"https://static.www.nfl.com/image/upload/f_auto,q_auto/league/rxbnhvnfjmheuryvdmuf",2025,1,REG,PIT,NYJ,0,0,0,0,0,0,0,0,0,0,0,0,,,0,,0,0,0,0,0,0,,0,0,0,0,0,0,0,0,0,0,,0,,0.0,0.0,0.0,0,0,0,0,0,0,0,0.0,0.0,0,0,0,0,0,0,0,0,0,0,0,0,0,0,0,0,0,0,0,2,2,0,0,60.0,1.0,0,0,0,0,1,1,0,0,0,0,0,0,56;60,,,116,0,0,4,4,0,0,1.0,0,0,0,0,0,0.0,0.0
00-0032399,M.Killebrew,Miles Killebrew,SAF,DB,"https://static.www.nfl.com/image/upload/f_auto,q_auto/league/f9p5bqqqb38i6kgvqzms",2025,1,REG,PIT,NYJ,0,0,0,0,0,0,0,0,0,0,0,0,,,0,,0,0,0,0,0,0,,0,0,0,0,0,0,0,0,0,0,,0,,0.0,0.0,0.0,0,1,0,0,0,0,0,0.0,0.0,0,0,0,0,0,0,0,0,0,0,0,0,0,0,0,0,0,0,0,0,0,0,0,,,0,0,0,0,0,0,0,0,0,0,0,0,,,,0,0,0,0,0,0,0,,0,0,0,0,0,0.0,0.0
00-0033055,J.Ramsey,Jalen Ramsey,CB,DB,"https://static.www.nfl.com/image/upload/f_auto,q_auto/league/pjozgun3xstol72jfoow",2025,1,REG,PIT,NYJ,0,0,0,0,0,0,0,0,0,0,0,0,,,0,,0,0,0,0,0,0,,0,0,0,0,0,0,0,0,0,0,,0,,0.0,0.0,0.0,0,2,0,1,0,0,0,0.0,0.0,1,0,0,2,0,0,0,0,0,0,0,0,0,1,5,0,0,0,0,0,0,0,0,,,0,0,0,0,0,0,0,0,0,0,0,0,,,,0,0,0,0,0,0,0,,0,0,0,0,0,0.0,0.0
00-0033294,C.Clark,Chuck Clark,DB,DB,"https://static.www.nfl.com/image/upload/f_auto,q_auto/league/yv3fcxrrkt1c0tavgpq7",2025,1,REG,PIT,NYJ,0,0,0,0,0,0,0,0,0,0,0,0,,,0,,0,0,0,0,0,0,,0,0,0,0,0,0,0,0,0,0,,0,,0.0,0.0,0.0,0,4,2,2,1,2,0,0.0,0.0,0,0,0,0,0,0,0,0,0,0,0,0,0,0,0,0,0,0,0,0,0,0,0,,,0,0,0,0,0,0,0,0,0,0,0,0,,,,0,0,0,0,0,0,0,,0,0,0,0,0,0.0,0.0
00-0033858,J.Smith,Jonnu Smith,TE,TE,"https://static.www.nfl.com/image/upload/f_auto,q_auto/league/egd6llghj3n5wfdrqacw",2025,1,REG,PIT,NYJ,0,0,0,0,0,0,0,0,0,0,0,0,,,0,,0,0,0,0,0,0,,0,5,6,15,1,0,0,-6,29,2,1.007067406086021,0,0.0,0.20689655172413793,-0.04316546762589928,0.2801290002480774,0,0,0,0,0,0,0,0.0,0.0,0,0,0,0,0,0,0,0,0,0,0,0,0,0,0,0,0,0,0,0,0,0,0,,,0,0,0,0,0,0,0,0,0,0,0,0,,,,0,0,0,0,0,0,0,,0,0,0,0,0,7.5,12.5
00-0033886,T.Watt,T.J. Watt,OLB,LB,"https://static.www.nfl.com/image/upload/f_auto,q_auto/league/aywegy4gpj1d32vrl67u",2025,1,REG,PIT,NYJ,0,0,0,0,0,0,0,0,0,0,0,0,,,0,,0,0,0,0,0,0,,0,0,0,0,0,0,0,0,0,0,,0,,0.0,0.0,0.0,0,1,2,2,2,6,0,0.0,0.0,0,0,0,1,0,0,0,0,0,0,0,0,0,0,0,0,0,0,0,0,0,0,0,,,0,0,0,0,0,0,0,0,0,0,0,0,,,,0,0,0,0,0,0,0,,0,0,0,0,0,0.0,0.0
00-0034251,D.Ekuale,Daniel Ekuale,DT,DL,"https://static.www.nfl.com/image/upload/f_auto,q_auto/league/jlab8hsw5int8lkrevrg",2025,1,REG,PIT,NYJ,0,0,0,0,0,0,0,0,0,0,0,0,,,0,,0,0,0,0,0,0,,0,0,0,0,0,0,0,0,0,0,,0,,0.0,0.0,0.0,0,1,0,0,0,0,0,0.0,0.0,0,0,0,0,0,0,0,0,0,0,0,0,0,0,0,0,0,0,0,0,0,0,0,,,0,0,0,0,0,0,0,0,0,0,0,0,,,,0,0,0,0,0,0,0,,0,0,0,0,0,0.0,0.0
00-0034277,D.Elliott,DeShon Elliott,SAF,DB,"https://static.www.nfl.com/image/upload/f_auto,q_auto/league/rprbkb3ze0jgpl5u8f2g",2025,1,REG,PIT,NYJ,0,0,0,0,0,0,0,0,0,0,0,0,,,0,,0,0,0,0,0,0,,0,0,0,0,0,0,0,0,0,0,,0,,0.0,0.0,0.0,0,5,0,1,0,0,0,0.0,0.0,0,0,0,0,0,0,0,0,0,0,0,0,0,0,0,0,0,0,0,0,0,0,0,,,0,0,0,0,0,0,0,0,0,0,0,0,,,,0,0,0,0,0,0,0,,0,0,0,0,0,0.0,0.0
00-0035625,J.Thornhill,Juan Thornhill,SAF,DB,"https://static.www.nfl.com/image/upload/f_auto,q_auto/league/os3bpcmalytfuwosxpzj",2025,1,REG,PIT,NYJ,0,0,0,0,0,0,0,0,0,0,0,0,,,0,,0,0,0,0,0,0,,0,0,0,0,0,0,0,0,0,0,,0,,0.0,0.0,0.0,0,4,0,5,0,0,0,0.0,0.0,0,0,0,0,0,0,0,0,1,1,0,0,0,0,0,0,0,0,0,0,0,0,0,,,0,0,0,0,0,0,0,0,0,0,0,0,,,,0,0,0,0,0,0,0,,0,0,0,0,0,0.0,0.0
00-0035640,D.Metcalf,DK Metcalf,WR,WR,"https://static.www.nfl.com/image/upload/f_auto,q_auto/league/tknefloqsleltfmslj2y",2025,1,REG,PIT,NYJ,0,0,0,0,0,0,0,0,0,0,0,0,,,0,,0,0,0,0,0,0,,0,4,7,83,0,0,0,28,68,4,5.547835005563684,0,2.9642857142857144,0.2413793103448276,0.2014388489208633,0.5030761597618457,0,0,0,0,0,0,0,0.0,0.0,0,0,0,0,0,0,0,0,0,0,0,0,0,0,0,0,0,0,0,0,0,0,0,,,0,0,0,0,0,0,0,0,0,0,0,0,,,,0,0,0,0,0,0,0,,0,0,0,0,0,8.3,12.3
00-0035821,C.Waitman,Corliss Waitman,P,SPEC,"https://static.www.nfl.com/image/upload/f_auto,q_auto/league/ob1q154g57ksxc5iskbw",2025,1,REG,PIT,NYJ,0,0,0,0,0,0,0,0,0,0,0,0,,,0,,0,0,0,0,0,0,,0,0,0,0,0,0,0,0,0,0,,0,,0.0,0.0,0.0,0,0,0,0,0,0,0,0.0,0.0,0,0,0,0,0,0,0,0,0,0,0,0,0,0,0,0,0,0,0,0,0,0,0,,,0,0,0,0,0,0,0,0,0,0,0,0,,,,0,0,0,0,0,0,0,,0,0,0,0,0,0.0,0.0
00-0036280,M.Harrison,Malik Harrison,LB,LB,"https://static.www.nfl.com/image/upload/f_auto,q_auto/league/d6ttadigndjeor6gwc8m",2025,1,REG,PIT,NYJ,0,0,0,0,0,0,0,0,0,0,0,0,,,0,,0,0,0,0,0,0,,0,0,0,0,0,0,0,0,0,0,,0,,0.0,0.0,0.0,0,1,0,1,0,0,0,0.0,0.0,0,0,0,0,0,0,0,0,0,0,0,0,0,0,0,0,0,0,0,0,0,0,0,,,0,0,0,0,0,0,0,0,0,0,0,0,,,,0,0,0,0,0,0,0,,0,0,0,0,0,0.0,0.0
00-0036323,P.Queen,Patrick Queen,LB,LB,"https://static.www.nfl.com/image/upload/f_auto,q_auto/league/doxpcjbw3vigxuj4xdqu",2025,1,REG,PIT,NYJ,0,0,0,0,0,0,0,0,0,0,0,0,,,0,,0,0,0,0,0,0,,0,0,0,0,0,0,0,0,0,0,,0,,0.0,0.0,0.0,0,5,0,3,0,0,0,0.0,0.0,1,0,0,0,0,0,0,0,0,0,0,0,0,0,0,0,0,0,0,0,0,0,0,,,0,0,0,0,0,0,0,0,0,0,0,0,,,,0,0,0,0,0,0,0,,0,0,0,0,0,0.0,0.0
00-0036333,A.Highsmith,Alex Highsmith,LB,LB,"https://static.www.nfl.com/image/upload/f_auto,q_auto/league/cczpmknwul24lusvhzyf",2025,1,REG,PIT,NYJ,0,0,0,0,0,0,0,0,0,0,0,0,,,0,,0,0,0,0,0,0,,0,0,0,0,0,0,0,0,0,0,,0,,0.0,0.0,0.0,0,5,0,3,1,6,0,1.0,6.0,3,0,0,0,0,0,0,0,0,0,0,0,0,0,0,0,0,0,0,0,0,0,0,,,0,0,0,0,0,0,0,0,0,0,0,0,,,,0,0,0,0,0,0,0,,0,0,0,0,0,0.0,0.0
00-0036504,B.Echols,Brandin Echols,CB,DB,"https://static.www.nfl.com/image/upload/f_auto,q_auto/league/ckxgtnxueibsimypf1qt",2025,1,REG,PIT,NYJ,0,0,0,0,0,0,0,0,0,0,0,0,,,0,,0,0,0,0,0,0,,0,0,0,0,0,0,0,0,0,0,,0,,0.0,0.0,0.0,0,2,0,0,0,0,0,0.0,0.0,0,0,0,0,0,0,0,0,0,0,0,0,0,0,0,0,0,0,0,0,0,0,0,,,0,0,0,0,0,0,0,0,0,0,0,0,,,,0,0,0,0,0,0,0,,0,0,0,0,0,0.0,0.0
00-0036862,B.Skowronek,Ben Skowronek,WR,WR,"https://static.www.nfl.com/image/upload/f_auto,q_auto/league/drojmh3dbpuagobvilzv",2025,1,REG,PIT,NYJ,0,0,0,0,0,0,0,0,0,0,0,0,,,0,,0,0,0,0,0,0,,0,1,1,22,1,0,0,9,13,1,2.9409122390206903,0,2.4444444444444446,0.034482758620689655,0.06474820143884892,0.09704787893822872,0,1,0,0,0,0,0,0.0,0.0,0,0,0,0,0,0,0,0,0,0,1,1,0,0,0,0,0,0,0,0,0,0,0,,,0,0,0,0,0,0,0,0,0,0,0,0,,,,0,0,0,0,0,0,0,,0,0,0,0,0,8.2,9.2
00-0036894,P.Freiermuth,Pat Freiermuth,TE,TE,"https://static.www.nfl.com/image/upload/f_auto,q_auto/league/vmwioi77upc9hqwaskfa",2025,1,REG,PIT,NYJ,0,0,0,0,0,0,0,0,0,0,0,0,,,0,,0,0,0,0,0,0,,0,3,3,28,0,0,0,20,8,2,2.0813486443366855,0,1.4,0.10344827586206896,0.14388489208633093,0.2558918382535351,0,0,0,0,0,0,0,0.0,0.0,0,0,0,0,0,0,0,0,0,0,0,0,0,0,0,0,0,0,0,0,0,0,0,,,0,0,0,0,0,0,0,0,0,0,0,0,,,,0,0,0,0,0,0,0,,0,0,0,0,0,2.8000000000000003,5.800000000000001
00-0036919,K.Gainwell,Kenneth Gainwell,RB,RB,"https://static.www.nfl.com/image/upload/f_auto,q_auto/league/f74x1ywy7oo5kq81vblh",2025,1,REG,PIT,NYJ,0,0,0,0,0,0,0,0,0,0,0,0,,,0,,7,19,0,1,0,1,-1.8526963377953507,0,3,4,4,0,0,0,-10,14,0,-3.2134902076795697,0,-0.4,0.13793103448275862,-0.07194244604316546,0.1565368394939221,0,1,0,0,0,0,1,0.0,0.0,0,0,0,0,0,0,0,0,1,1,0,0,0,0,0,0,0,1,33,0,0,0,0,,,0,0,0,0,0,0,0,0,0,0,0,0,,,,0,0,0,0,0,0,0,,0,0,0,0,0,2.3000000000000003,5.300000000000001
00-0037228,J.Warren,Jaylen Warren,RB,RB,"https://static.www.nfl.com/image/upload/f_auto,q_auto/league/f3txbqdarbabqtq4sx98",2025,1,REG,PIT,NYJ,0,0,0,0,0,0,0,0,0,0,0,0,,,0,,11,37,0,0,0,1,-0.10004686302272603,0,2,2,22,1,0,0,3,19,2,2.9494517708662897,0,7.333333333333333,0.06896551724137931,0.02158273381294964,0.11855618953113371,0,0,0,0,0,0,0,0.0,0.0,0,0,0,0,0,0,0,0,0,0,0,0,0,0,0,0,0,0,0,0,0,0,0,,,0,0,0,0,0,0,0,0,0,0,0,0,,,,0,0,0,0,0,0,0,,0,0,0,0,0,11.9,13.9
00-0037304,Co.Heyward,Connor Heyward,TE,TE,"https://static.www.nfl.com/image/upload/f_auto,q_auto/league/b9bnasge2v2dtctdtqnf",2025,1,REG,PIT,NYJ,0,0,0,0,0,0,0,0,0,0,0,0,,,0,,0,0,0,0,0,0,,0,0,0,0,0,0,0,0,0,0,,0,,0.0,0.0,0.0,0,0,0,0,0,0,0,0.0,0.0,0,0,0,0,0,0,0,0,0,0,0,0,0,1,15,0,0,0,0,0,0,0,0,,,0,0,0,0,0,0,0,0,0,0,0,0,,,,0,0,0,0,0,0,0,,0,0,0,0,0,0.0,0.0
00-0037837,C.Austin,Calvin Austin III,WR,WR,"https://static.www.nfl.com/image/private/f_auto,q_auto/league/qlt6ztqcbu0uzad6aavt",2025,1,REG,PIT,NYJ,0,0,0,0,0,0,0,0,0,0,0,0,,,0,,0,0,0,0,0,0,,0,4,6,70,1,0,0,84,22,3,5.044344828546233,0,0.8333333333333334,0.20689655172413793,0.60431654676259,0.7333664103200199,0,0,0,0,0,0,0,0.0,0.0,0,0,0,0,0,0,0,0,0,0,0,0,0,0,0,0,0,0,0,0,0,0,0,,,0,0,0,0,0,0,0,0,0,0,0,0,,,,0,0,0,0,0,0,0,,0,0,0,0,0,13.0,17.0
00-0039110,K.Benton,Keeanu Benton,DT,DL,"https://static.www.nfl.com/image/upload/f_auto,q_auto/league/xhauoqvtf8w00rv8wtwv",2025,1,REG,PIT,NYJ,0,0,0,0,0,0,0,0,0,0,0,0,,,0,,0,0,0,0,0,0,,0,0,0,0,0,0,0,0,0,0,,0,,0.0,0.0,0.0,0,1,0,1,0,0,0,0.0,0.0,0,0,0,0,0,0,0,0,0,0,0,0,0,0,0,0,0,0,0,0,0,0,0,,,0,0,0,0,0,0,0,0,0,0,0,0,,,,0,0,0,0,0,0,0,,0,0,0,0,0,0.0,0.0
00-0039167,J.Porter,Joey Porter Jr.,CB,DB,"https://static.www.nfl.com/image/upload/f_auto,q_auto/league/pcan3dqynqusx1ltmecf",2025,1,REG,PIT,NYJ,0,0,0,0,0,0,0,0,0,0,0,0,,,0,,0,0,0,0,0,0,,0,0,0,0,0,0,0,0,0,0,,0,,0.0,0.0,0.0,0,1,0,0,0,0,0,0.0,0.0,0,0,0,0,0,0,0,0,0,0,0,0,0,0,0,0,0,0,0,0,0,0,0,,,0,0,0,0,0,0,0,0,0,0,0,0,,,,0,0,0,0,0,0,0,,0,0,0,0,0,0.0,0.0
00-0039741,P.Wilson,Payton Wilson,LB,LB,"https://static.www.nfl.com/image/upload/f_auto,q_auto/league/n9it3axjeciqsxirtize",2025,1,REG,PIT,NYJ,0,0,0,0,0,0,0,0,0,0,0,0,,,0,,0,0,0,0,0,0,,0,0,0,0,0,0,0,0,0,0,,0,,0.0,0.0,0.0,0,3,0,2,1,4,0,0.0,0.0,1,0,0,0,0,0,0,0,0,0,0,0,0,0,0,0,0,0,0,0,0,0,0,,,0,0,0,0,0,0,0,0,0,0,0,0,,,,0,0,0,0,0,0,0,,0,0,0,0,0,0.0,0.0
00-0040142,K.Johnson,Kaleb Johnson,RB,RB,"https://static.www.nfl.com/image/upload/f_auto,q_auto/league/sblojderaku4qta1lj2b",2025,1,REG,PIT,NYJ,0,0,0,0,0,0,0,0,0,0,0,0,,,0,,1,-2,0,0,0,0,0.7757760540116578,0,0,0,0,0,0,0,0,0,0,,0,,0.0,0.0,0.0,0,0,0,0,0,0,0,0.0,0.0,0,0,0,0,0,0,0,0,0,0,0,0,0,0,0,0,0,5,132,0,0,0,0,,,0,0,0,0,0,0,0,0,0,0,0,0,,,,0,0,0,0,0,0,0,,0,0,0,0,0,-0.2,-0.2
00-0040160,J.Sawyer,Jack Sawyer,LB,LB,"https://static.www.nfl.com/image/upload/f_auto,q_auto/league/pspl1gft3xd6rycuyf15",2025,1,REG,PIT,NYJ,0,0,0,0,0,0,0,0,0,0,0,0,,,0,,0,0,0,0,0,0,,0,0,0,0,0,0,0,0,0,0,,0,,0.0,0.0,0.0,0,0,0,1,0,0,0,0.0,0.0,0,0,0,0,0,0,0,0,0,0,0,0,0,0,0,0,0,0,0,0,0,0,0,,,0,0,0,0,0,0,0,0,0,0,0,0,,,,0,0,0,0,0,0,0,,0,0,0,0,0,0.0,0.0
00-0040188,Y.Black,Yahya Black,DE,DL,"https://static.www.nfl.com/image/upload/f_auto,q_auto/league/nhynksyggst8wuiprrfo",2025,1,REG,PIT,NYJ,0,0,0,0,0,0,0,0,0,0,0,0,,,0,,0,0,0,0,0,0,,0,0,0,0,0,0,0,0,0,0,,0,,0.0,0.0,0.0,0,0,0,2,0,0,0,0.0,0.0,0,0,0,0,0,0,0,0,0,0,0,0,0,0,0,0,0,0,0,0,0,0,0,,,0,0,0,0,0,0,0,0,0,0,0,0,,,,0,0,0,0,0,0,0,,0,0,0,0,0,0.0,0.0
00-0040231,C.Bruener,Carson Bruener,LB,LB,"https://static.www.nfl.com/image/upload/f_auto,q_auto/league/vuf75qxgpwpimtkt8skl",2025,1,REG,PIT,NYJ,0,0,0,0,0,0,0,0,0,0,0,0,,,0,,0,0,0,0,0,0,,0,0,0,0,0,0,0,0,0,0,,0,,0.0,0.0,0.0,0,0,0,1,0,0,0,0.0,0.0,0,0,0,0,0,0,0,0,0,0,0,0,0,0,0,0,0,0,0,0,0,0,0,,,0,0,0,0,0,0,0,0,0,0,0,0,,,,0,0,0,0,0,0,0,,0,0,0,0,0,0.0,0.0
00-0023459,A.Rodgers,Aaron Rodgers,QB,QB,"https://static.www.nfl.com/image/upload/f_auto,q_auto/league/dypvakakxhccxs67tb0y",2025,2,REG,PIT,SEA,18,33,203,1,2,3,-20,0,0,189,132,5,-7.6865994376116635,-6.433451278456326,1,1.0740740740740742,1,3,0,0,0,0,-1.0814147219387795,0,0,0,0,0,0,0,0,0,0,,0,,0.0,0.0,0.0,0,0,0,0,0,0,0,0.0,0.0,0,0,0,0,0,0,0,0,0,0,0,0,0,1,10,0,0,0,0,0,0,0,0,,,0,0,0,0,0,0,0,0,0,0,0,0,,,,0,0,0,0,0,0,0,,0,0,0,0,0,10.420000000000002,10.420000000000002
00-0027969,Ca.Heyward,Cameron Heyward,DT,DL,"https://static.www.nfl.com/image/upload/f_auto,q_auto/league/vfql05jp29d2pltrlwqz",2025,2,REG,PIT,SEA,0,0,0,0,0,0,0,0,0,0,0,0,,,0,,0,0,0,0,0,0,,0,0,0,0,0,0,0,0,0,0,,0,,0.0,0.0,0.0,0,2,0,3,0,0,0,0.0,0.0,0,0,0,1,0,0,0,0,0,0,0,0,0,0,0,0,0,0,0,0,0,0,0,,,0,0,0,0,0,0,0,0,0,0,0,0,,,,0,0,0,0,0,0,0,,0,0,0,0,0,0.0,0.0
00-0030062,D.Slay,Darius Slay,CB,DB,"https://static.www.nfl.com/image/upload/f_auto,q_auto/league/r7dwifb7wrqvqj714dgh",2025,2,REG,PIT,SEA,0,0,0,0,0,0,0,0,0,0,0,0,,,0,,0,0,0,0,0,0,,0,0,0,0,0,0,0,0,0,0,,0,,0.0,0.0,0.0,0,2,0,0,0,0,0,0.0,0.0,0,0,0,1,0,0,0,0,0,0,0,0,0,0,0,0,0,0,0,0,0,0,0,,,0,0,0,0,0,0,0,0,0,0,0,0,,,,0,0,0,0,0,0,0,,0,0,0,0,0,0.0,0.0
00-0031136,C.Boswell,Chris Boswell,K,SPEC,"https://static.www.nfl.com/image/upload/f_auto,q_auto/league/rxbnhvnfjmheuryvdmuf",2025,2,REG,PIT,SEA,0,0,0,0,0,0,0,0,0,0,0,0,,,0,,0,0,0,0,0,0,,0,0,0,0,0,0,0,0,0,0,,0,,0.0,0.0,0.0,0,0,0,0,0,0,0,0.0,0.0,0,0,0,0,0,0,0,0,0,0,0,0,0,0,0,0,0,0,0,3,3,0,0,48.0,1.0,0,0,0,3,0,0,0,0,0,0,0,0,48;48;45,,,141,0,0,0,0,0,0,,0,0,0,0,0,0.0,0.0
00-0032399,M.Killebrew,Miles Killebrew,SAF,DB,"https://static.www.nfl.com/image/upload/f_auto,q_auto/league/f9p5bqqqb38i6kgvqzms",2025,2,REG,PIT,SEA,0,0,0,0,0,0,0,0,0,0,0,0,,,0,,0,0,0,0,0,0,,0,0,0,0,0,0,0,0,0,0,,0,,0.0,0.0,0.0,0,2,0,0,0,0,0,0.0,0.0,0,0,0,0,0,0,0,0,0,0,0,0,0,0,0,0,0,0,0,0,0,0,0,,,0,0,0,0,0,0,0,0,0,0,0,0,,,,0,0,0,0,0,0,0,,0,0,0,0,0,0.0,0.0
00-0033055,J.Ramsey,Jalen Ramsey,CB,DB,"https://static.www.nfl.com/image/upload/f_auto,q_auto/league/pjozgun3xstol72jfoow",2025,2,REG,PIT,SEA,0,0,0,0,0,0,0,0,0,0,0,0,,,0,,0,0,0,0,0,0,,0,0,0,0,0,0,0,0,0,0,,0,,0.0,0.0,0.0,0,3,1,2,0,0,0,0.0,0.0,0,1,2,2,0,0,0,0,0,0,0,0,0,0,0,0,0,0,0,0,0,0,0,,,0,0,0,0,0,0,0,0,0,0,0,0,,,,0,0,0,0,0,0,0,,0,0,0,0,0,0.0,0.0
00-0033294,C.Clark,Chuck Clark,DB,DB,"https://static.www.nfl.com/image/upload/f_auto,q_auto/league/yv3fcxrrkt1c0tavgpq7",2025,2,REG,PIT,SEA,0,0,0,0,0,0,0,0,0,0,0,0,,,0,,0,0,0,0,0,0,,0,0,0,0,0,0,0,0,0,0,,0,,0.0,0.0,0.0,0,6,0,2,0,0,0,0.0,0.0,1,0,0,0,0,0,0,0,0,0,0,0,0,0,0,0,0,0,0,0,0,0,0,,,0,0,0,0,0,0,0,0,0,0,0,0,,,,0,0,0,0,0,0,0,,0,0,0,0,0,0.0,0.0
00-0033858,J.Smith,Jonnu Smith,TE,TE,"https://static.www.nfl.com/image/upload/f_auto,q_auto/league/egd6llghj3n5wfdrqacw",2025,2,REG,PIT,SEA,0,0,0,0,0,0,0,0,0,0,0,0,,,0,,0,0,0,0,0,0,,0,4,4,27,0,0,0,2,25,0,0.14574591722339392,0,13.5,0.12903225806451613,0.010752688172043012,0.2010752688172043,0,0,0,0,0,0,0,0.0,0.0,0,0,0,0,0,0,0,0,0,0,0,0,0,0,0,0,0,0,0,0,0,0,0,,,0,0,0,0,0,0,0,0,0,0,0,0,,,,0,0,0,0,0,0,0,,0,0,0,0,0,2.7,6.7
00-0033886,T.Watt,T.J. Watt,OLB,LB,"https://static.www.nfl.com/image/upload/f_auto,q_auto/league/aywegy4gpj1d32vrl67u",2025,2,REG,PIT,SEA,0,0,0,0,0,0,0,0,0,0,0,0,,,0,,0,0,0,0,0,0,,0,0,0,0,0,0,0,0,0,0,,0,,0.0,0.0,0.0,0,2,0,2,0,0,0,0.0,0.0,2,0,0,0,0,0,0,0,0,0,0,0,0,0,0,0,0,0,0,0,0,0,0,,,0,0,0,0,0,0,0,0,0,0,0,0,,,,0,0,0,0,0,0,0,,0,0,0,0,0,0.0,0.0
00-0034251,D.Ekuale,Daniel Ekuale,DT,DL,"https://static.www.nfl.com/image/upload/f_auto,q_auto/league/jlab8hsw5int8lkrevrg",2025,2,REG,PIT,SEA,0,0,0,0,0,0,0,0,0,0,0,0,,,0,,0,0,0,0,0,0,,0,0,0,0,0,0,0,0,0,0,,0,,0.0,0.0,0.0,0,0,0,1,0,0,0,0.0,0.0,0,0,0,1,0,0,0,0,0,0,0,0,0,0,0,0,0,0,0,0,0,0,0,,,0,0,0,0,0,0,0,0,0,0,0,0,,,,0,0,0,0,0,0,0,,0,0,0,0,0,0.0,0.0
00-0034771,M.Rudolph,Mason Rudolph,QB,QB,"https://static.www.nfl.com/image/upload/f_auto,q_auto/league/vaeklpqoesk72mlloora",2025,2,REG,PIT,SEA,2,2,12,0,0,0,0,0,0,-3,15,1,-0.11230717808939517,22.50007688999176,0,0.0,0,0,0,0,0,0,,0,0,0,0,0,0,0,0,0,0,,0,,0.0,0.0,0.0,0,0,0,0,0,0,0,0.0,0.0,0,0,0,0,0,0,0,0,0,0,0,0,0,0,0,0,0,0,0,0,0,0,0,,,0,0,0,0,0,0,0,0,0,0,0,0,,,,0,0,0,0,0,0,0,,0,0,0,0,0,0.48,0.48
00-0035286,C.Holcomb,Cole Holcomb,LB,LB,"https://static.www.nfl.com/image/upload/f_auto,q_auto/league/hhhvsv4sv9zreuedr7lj",2025,2,REG,PIT,SEA,0,0,0,0,0,0,0,0,0,0,0,0,,,0,,0,0,0,0,0,0,,0,0,0,0,0,0,0,0,0,0,,0,,0.0,0.0,0.0,0,2,0,0,0,0,0,0.0,0.0,0,0,0,0,0,0,0,0,0,0,0,0,0,0,0,0,0,0,0,0,0,0,0,,,0,0,0,0,0,0,0,0,0,0,0,0,,,,0,0,0,0,0,0,0,,0,0,0,0,0,0.0,0.0
00-0035625,J.Thornhill,Juan Thornhill,SAF,DB,"https://static.www.nfl.com/image/upload/f_auto,q_auto/league/os3bpcmalytfuwosxpzj",2025,2,REG,PIT,SEA,0,0,0,0,0,0,0,0,0,0,0,0,,,0,,0,0,0,0,0,0,,0,0,0,0,0,0,0,0,0,0,,0,,0.0,0.0,0.0,0,5,0,2,0,0,0,0.0,0.0,0,0,0,0,0,0,0,0,0,0,0,0,0,0,0,0,0,0,0,0,0,0,0,,,0,0,0,0,0,0,0,0,0,0,0,0,,,,0,0,0,0,0,0,0,,0,0,0,0,0,0.0,0.0
00-0035640,D.Metcalf,DK Metcalf,WR,WR,"https://static.www.nfl.com/image/upload/f_auto,q_auto/league/tknefloqsleltfmslj2y",2025,2,REG,PIT,SEA,0,0,0,0,0,0,0,0,0,0,0,0,,,0,,0,0,0,0,0,0,,0,3,6,20,1,0,0,45,6,1,1.977225540438667,0,0.4444444444444444,0.1935483870967742,0.24193548387096775,0.45967741935483863,0,0,0,0,0,0,0,0.0,0.0,0,0,0,0,0,0,0,0,0,0,0,0,0,0,0,0,0,0,0,0,0,0,0,,,0,0,0,0,0,0,0,0,0,0,0,0,,,,0,0,0,0,0,0,0,,0,0,0,0,0,8.0,11.0
00-0035821,C.Waitman,Corliss Waitman,P,SPEC,"https://static.www.nfl.com/image/upload/f_auto,q_auto/league/ob1q154g57ksxc5iskbw",2025,2,REG,PIT,SEA,0,0,0,0,0,0,0,0,0,0,0,0,,,0,,0,0,0,0,0,0,,0,0,0,0,0,0,0,0,0,0,,0,,0.0,0.0,0.0,0,0,0,0,0,0,0,0.0,0.0,0,0,0,0,0,0,0,0,0,0,0,0,0,0,0,0,0,0,0,0,0,0,0,,,0,0,0,0,0,0,0,0,0,0,0,0,,,,0,0,0,0,0,0,0,,0,0,0,0,0,0.0,0.0
00-0036323,P.Queen,Patrick Queen,LB,LB,"https://static.www.nfl.com/image/upload/f_auto,q_auto/league/doxpcjbw3vigxuj4xdqu",2025,2,REG,PIT,SEA,0,0,0,0,0,0,0,0,0,0,0,0,,,0,,0,0,0,0,0,0,,0,0,0,0,0,0,0,0,0,0,,0,,0.0,0.0,0.0,0,3,0,3,1,1,0,0.0,0.0,1,0,0,0,0,0,0,0,0,0,0,0,0,0,0,0,0,0,0,0,0,0,0,,,0,0,0,0,0,0,0,0,0,0,0,0,,,,0,0,0,0,0,0,0,,0,0,0,0,0,0.0,0.0
00-0036333,A.Highsmith,Alex Highsmith,LB,LB,"https://static.www.nfl.com/image/upload/f_auto,q_auto/league/cczpmknwul24lusvhzyf",2025,2,REG,PIT,SEA,0,0,0,0,0,0,0,0,0,0,0,0,,,0,,0,0,0,0,0,0,,0,0,0,0,0,0,0,0,0,0,,0,,0.0,0.0,0.0,0,1,0,0,0,0,0,0.0,0.0,0,0,0,0,0,0,0,0,0,0,0,0,0,0,0,0,0,0,0,0,0,0,0,,,0,0,0,0,0,0,0,0,0,0,0,0,,,,0,0,0,0,0,0,0,,0,0,0,0,0,0.0,0.0
00-0036862,B.Skowronek,Ben Skowronek,WR,WR,"https://static.www.nfl.com/image/upload/f_auto,q_auto/league/drojmh3dbpuagobvilzv",2025,2,REG,PIT,SEA,0,0,0,0,0,0,0,0,0,0,0,0,,,0,,0,0,0,0,0,0,,0,0,0,0,0,0,0,0,0,0,,0,,0.0,0.0,0.0,0,0,0,1,0,0,0,0.0,0.0,0,0,0,0,0,0,0,0,0,0,0,0,0,0,0,0,0,0,0,0,0,0,0,,,0,0,0,0,0,0,0,0,0,0,0,0,,,,0,0,0,0,0,0,0,,0,0,0,0,0,0.0,0.0
00-0036894,P.Freiermuth,Pat Freiermuth,TE,TE,"https://static.www.nfl.com/image/upload/f_auto,q_auto/league/vmwioi77upc9hqwaskfa",2025,2,REG,PIT,SEA,0,0,0,0,0,0,0,0,0,0,0,0,,,0,,0,0,0,0,0,0,,0,3,4,31,0,0,0,30,5,1,-3.4443481803755276,0,1.0333333333333334,0.12903225806451613,0.16129032258064516,0.30645161290322576,0,0,0,0,0,0,0,0.0,0.0,0,0,0,0,0,0,0,0,0,0,0,0,0,0,0,0,0,0,0,0,0,0,0,,,0,0,0,0,0,0,0,0,0,0,0,0,,,,0,0,0,0,0,0,0,,0,0,0,0,0,3.1,6.1
00-0036919,K.Gainwell,Kenneth Gainwell,RB,RB,"https://static.www.nfl.com/image/upload/f_auto,q_auto/league/f74x1ywy7oo5kq81vblh",2025,2,REG,PIT,SEA,0,0,0,0,0,0,0,0,0,0,0,0,,,0,,5,20,0,0,0,1,-2.096095853135921,0,3,5,16,0,0,0,-1,24,1,-2.5489650778891306,0,-16.0,0.16129032258064516,-0.005376344086021506,0.2381720430107527,0,0,0,0,0,0,0,0.0,0.0,0,0,0,0,0,0,0,0,0,0,0,0,0,0,0,0,0,1,20,0,0,0,0,,,0,0,0,0,0,0,0,0,0,0,0,0,,,,0,0,0,0,0,0,0,,0,0,0,0,0,3.6,6.6
00-0037228,J.Warren,Jaylen Warren,RB,RB,"https://static.www.nfl.com/image/upload/f_auto,q_auto/league/f3txbqdarbabqtq4sx98",2025,2,REG,PIT,SEA,0,0,0,0,0,0,0,0,0,0,0,0,,,0,,14,48,0,0,0,5,-0.2326264602597803,0,4,4,86,0,0,0,0,86,2,5.211181689053774,0,0.0,0.12903225806451613,0.0,0.1935483870967742,0,0,0,0,0,0,0,0.0,0.0,0,0,0,0,0,0,0,0,0,0,0,0,0,0,0,0,0,0,0,0,0,0,0,,,0,0,0,0,0,0,0,0,0,0,0,0,,,,0,0,0,0,0,0,0,,0,0,0,0,0,13.4,17.4
00-0037304,Co.Heyward,Connor Heyward,TE,TE,"https://static.www.nfl.com/image/upload/f_auto,q_auto/league/b9bnasge2v2dtctdtqnf",2025,2,REG,PIT,SEA,0,0,0,0,0,0,0,0,0,0,0,0,,,0,,0,0,0,0,0,0,,0,1,1,6,0,0,0,5,1,0,0.022026045189704746,0,1.2,0.03225806451612903,0.026881720430107527,0.06720430107526881,0,0,0,0,0,0,0,0.0,0.0,0,0,0,0,0,0,0,0,0,0,0,0,0,0,0,0,0,0,0,0,0,0,0,,,0,0,0,0,0,0,0,0,0,0,0,0,,,,0,0,0,0,0,0,0,,0,0,0,0,0,0.6000000000000001,1.6
00-0037837,C.Austin,Calvin Austin III,WR,WR,"https://static.www.nfl.com/image/private/f_auto,q_auto/league/qlt6ztqcbu0uzad6aavt",2025,2,REG,PIT,SEA,0,0,0,0,0,0,0,0,0,0,0,0,,,0,,0,0,0,0,0,0,,0,1,4,22,0,0,0,89,0,1,-2.3420828657695507,0,0.24719101123595505,0.12903225806451613,0.478494623655914,0.528494623655914,0,0,0,0,0,0,0,0.0,0.0,0,0,0,0,0,0,0,0,0,0,0,0,0,1,5,0,0,0,0,0,0,0,0,,,0,0,0,0,0,0,0,0,0,0,0,0,,,,0,0,0,0,0,0,0,,0,0,0,0,0,2.2,3.2
00-0038558,D.Washington,Darnell Washington,TE,TE,"https://static.www.nfl.com/image/upload/f_auto,q_auto/league/nza9bxmg2tdtg7wldjct",2025,2,REG,PIT,SEA,0,0,0,0,0,0,0,0,0,0,0,0,,,0,,0,0,0,0,0,0,,0,0,1,0,0,0,0,14,0,0,0.6123473793705925,1,0.0,0.03225806451612903,0.07526881720430108,0.1010752688172043,0,0,0,0,0,0,0,0.0,0.0,0,0,0,0,0,0,0,0,0,0,0,0,0,0,0,0,0,0,0,0,0,0,0,,,0,0,0,0,0,0,0,0,0,0,0,0,,,,0,0,0,0,0,0,0,,0,0,0,0,0,2.0,2.0
00-0038577,N.Herbig,Nick Herbig,LB,LB,"https://static.www.nfl.com/image/upload/f_auto,q_auto/league/x2pdurg2nwxy1tiyfeac",2025,2,REG,PIT,SEA,0,0,0,0,0,0,0,0,0,0,0,0,,,0,,0,0,0,0,0,0,,0,0,0,0,0,0,0,0,0,0,,0,,0.0,0.0,0.0,0,1,1,1,2,8,0,0.0,0.0,1,1,41,1,0,0,0,0,0,0,0,0,0,0,0,0,0,0,0,0,0,0,0,,,0,0,0,0,0,0,0,0,0,0,0,0,,,,0,0,0,0,0,0,0,,0,0,0,0,0,0.0,0.0
00-0039110,K.Benton,Keeanu Benton,DT,DL,"https://static.www.nfl.com/image/upload/f_auto,q_auto/league/xhauoqvtf8w00rv8wtwv",2025,2,REG,PIT,SEA,0,0,0,0,0,0,0,0,0,0,0,0,,,0,,0,0,0,0,0,0,,0,0,0,0,0,0,0,0,0,0,,0,,0.0,0.0,0.0,0,0,0,1,0,0,0,0.0,0.0,1,0,0,0,0,0,0,0,0,0,0,0,0,0,0,0,0,0,0,0,0,0,0,,,0,0,0,0,0,0,0,0,0,0,0,0,,,,0,0,0,0,0,0,0,,0,0,0,0,0,0.0,0.0
00-0039739,R.Wilson,Roman Wilson,WR,WR,"https://static.www.nfl.com/image/upload/f_auto,q_auto/league/kcwymznjg9q8n8i7f4rc",2025,2,REG,PIT,SEA,0,0,0,0,0,0,0,0,0,0,0,0,,,0,,0,0,0,0,0,0,,0,1,2,7,0,0,0,23,0,0,-1.351503019221127,0,0.30434782608695654,0.06451612903225806,0.12365591397849462,0.18333333333333332,0,0,0,0,0,0,0,0.0,0.0,0,0,0,0,0,0,0,0,0,0,0,0,0,0,0,0,0,0,0,0,0,0,0,,,0,0,0,0,0,0,0,0,0,0,0,0,,,,0,0,0,0,0,0,0,,0,0,0,0,0,0.7000000000000001,1.7000000000000002
00-0039741,P.Wilson,Payton Wilson,LB,LB,"https://static.www.nfl.com/image/upload/f_auto,q_auto/league/n9it3axjeciqsxirtize",2025,2,REG,PIT,SEA,0,0,0,0,0,0,0,0,0,0,0,0,,,0,,0,0,0,0,0,0,,0,0,0,0,0,0,0,0,0,0,,0,,0.0,0.0,0.0,0,8,0,2,1,8,0,1.0,8.0,1,0,0,0,0,0,0,0,0,0,0,0,0,0,0,0,0,0,0,0,0,0,0,,,0,0,0,0,0,0,0,0,0,0,0,0,,,,0,0,0,0,0,0,0,,0,0,0,0,0,0.0,0.0
00-0039896,Z.Frazier,Zach Frazier,C,OL,"https://static.www.nfl.com/image/upload/f_auto,q_auto/league/oxuh5tbhz1n1f1mjysql",2025,2,REG,PIT,SEA,0,0,0,0,0,0,0,0,0,0,0,0,,,0,,0,0,0,0,0,0,,0,0,0,0,0,0,0,0,0,0,,0,,0.0,0.0,0.0,0,1,0,0,0,0,0,0.0,0.0,0,0,0,0,0,0,0,0,0,0,0,0,0,0,0,0,0,0,0,0,0,0,0,,,0,0,0,0,0,0,0,0,0,0,0,0,,,,0,0,0,0,0,0,0,,0,0,0,0,0,0.0,0.0
00-0040142,K.Johnson,Kaleb Johnson,RB,RB,"https://static.www.nfl.com/image/upload/f_auto,q_auto/league/sblojderaku4qta1lj2b",2025,2,REG,PIT,SEA,0,0,0,0,0,0,0,0,0,0,0,0,,,0,,1,1,0,0,0,0,-0.7182714950758964,0,0,0,0,0,0,0,0,0,0,,0,,0.0,0.0,0.0,0,0,0,0,0,0,0,0.0,0.0,0,0,0,0,0,0,0,0,0,0,0,0,0,0,0,0,0,3,58,0,0,0,0,,,0,0,0,0,0,0,0,0,0,0,0,0,,,,0,0,0,0,0,0,0,,0,0,0,0,0,0.1,0.1
00-0040160,J.Sawyer,Jack Sawyer,LB,LB,"https://static.www.nfl.com/image/upload/f_auto,q_auto/league/pspl1gft3xd6rycuyf15",2025,2,REG,PIT,SEA,0,0,0,0,0,0,0,0,0,0,0,0,,,0,,0,0,0,0,0,0,,0,0,0,0,0,0,0,0,0,0,,0,,0.0,0.0,0.0,0,3,1,3,2,11,0,1.0,9.0,1,0,0,0,0,0,0,0,0,0,0,0,0,0,0,0,0,0,0,0,0,0,0,,,0,0,0,0,0,0,0,0,0,0,0,0,,,,0,0,0,0,0,0,0,,0,0,0,0,0,0.0,0.0
00-0040188,Y.Black,Yahya Black,DE,DL,"https://static.www.nfl.com/image/upload/f_auto,q_auto/league/nhynksyggst8wuiprrfo",2025,2,REG,PIT,SEA,0,0,0,0,0,0,0,0,0,0,0,0,,,0,,0,0,0,0,0,0,,0,0,0,0,0,0,0,0,0,0,,0,,0.0,0.0,0.0,0,2,0,1,0,0,0,0.0,0.0,0,0,0,0,0,0,0,0,0,0,0,0,0,0,0,0,0,0,0,0,0,0,0,,,0,0,0,0,0,0,0,0,0,0,0,0,,,,0,0,0,0,0,0,0,,0,0,0,0,0,0.0,0.0
00-0040231,C.Bruener,Carson Bruener,LB,LB,"https://static.www.nfl.com/image/upload/f_auto,q_auto/league/vuf75qxgpwpimtkt8skl",2025,2,REG,PIT,SEA,0,0,0,0,0,0,0,0,0,0,0,0,,,0,,0,0,0,0,0,0,,0,0,0,0,0,0,0,0,0,0,,0,,0.0,0.0,0.0,0,1,0,1,0,0,0,0.0,0.0,0,0,0,0,0,0,0,0,0,0,0,0,0,0,0,0,0,0,0,0,0,0,0,,,0,0,0,0,0,0,0,0,0,0,0,0,,,,0,0,0,0,0,0,0,,0,0,0,0,0,0.0,0.0
00-0023459,A.Rodgers,Aaron Rodgers,QB,QB,"https://static.www.nfl.com/image/upload/f_auto,q_auto/league/dypvakakxhccxs67tb0y",2025,3,REG,PIT,NE,16,23,139,2,1,0,0,0,0,114,107,6,0.19340494932839647,4.534721103581515,0,1.219298245614035,4,1,0,0,0,0,-0.3620772061403841,0,0,0,0,0,0,0,0,0,0,,0,,0.0,0.0,0.0,0,0,0,0,0,0,0,0.0,0.0,0,0,0,0,0,0,0,0,0,0,0,0,0,0,0,0,0,0,0,0,0,0,0,,,0,0,0,0,0,0,0,0,0,0,0,0,,,,0,0,0,0,0,0,0,,0,0,0,0,0,11.66,11.66
00-0027969,Ca.Heyward,Cameron Heyward,DT,DL,"https://static.www.nfl.com/image/upload/f_auto,q_auto/league/vfql05jp29d2pltrlwqz",2025,3,REG,PIT,NE,0,0,0,0,0,0,0,0,0,0,0,0,,,0,,0,0,0,0,0,0,,0,0,0,0,0,0,0,0,0,0,,0,,0.0,0.0,0.0,0,3,0,3,0,0,1,1.0,0.0,1,0,0,1,0,0,0,0,0,0,0,0,0,0,0,0,0,0,0,0,0,0,0,,,0,0,0,0,0,0,0,0,0,0,0,0,,,,0,0,0,0,0,0,0,,0,0,0,0,0,0.0,0.0
00-0030062,D.Slay,Darius Slay,CB,DB,"https://static.www.nfl.com/image/upload/f_auto,q_auto/league/r7dwifb7wrqvqj714dgh",2025,3,REG,PIT,NE,0,0,0,0,0,0,0,0,0,0,0,0,,,0,,0,0,0,0,0,0,,0,0,0,0,0,0,0,0,0,0,,0,,0.0,0.0,0.0,0,3,0,0,0,0,0,0.0,0.0,0,0,0,1,0,0,0,0,0,0,1,1,0,0,0,0,0,0,0,0,0,0,0,,,0,0,0,0,0,0,0,0,0,0,0,0,,,,0,0,0,0,0,0,0,,0,0,0,0,0,0.0,0.0
00-0031136,C.Boswell,Chris Boswell,K,SPEC,"https://static.www.nfl.com/image/upload/f_auto,q_auto/league/rxbnhvnfjmheuryvdmuf",2025,3,REG,PIT,NE,0,0,0,0,0,0,0,0,0,0,0,0,,,0,,0,0,0,0,0,0,,0,0,0,0,0,0,0,0,0,0,,0,,0.0,0.0,0.0,0,0,0,0,0,0,0,0.0,0.0,0,0,0,0,0,0,0,0,0,0,0,0,0,0,0,0,0,0,0,0,0,0,0,,,0,0,0,0,0,0,0,0,0,0,0,0,,,,0,0,0,3,3,0,0,1.0,0,0,0,0,0,0.0,0.0
00-0032399,M.Killebrew,Miles Killebrew,SAF,DB,"https://static.www.nfl.com/image/upload/f_auto,q_auto/league/f9p5bqqqb38i6kgvqzms",2025,3,REG,PIT,NE,0,0,0,0,0,0,0,0,0,0,0,0,,,0,,0,0,0,0,0,0,,0,0,0,0,0,0,0,0,0,0,,0,,0.0,0.0,0.0,0,0,0,1,0,0,0,0.0,0.0,0,0,0,0,0,0,0,0,0,0,0,0,0,0,0,0,0,0,0,0,0,0,0,,,0,0,0,0,0,0,0,0,0,0,0,0,,,,0,0,0,0,0,0,0,,0,0,0,0,0,0.0,0.0
00-0033055,J.Ramsey,Jalen Ramsey,CB,DB,"https://static.www.nfl.com/image/upload/f_auto,q_auto/league/pjozgun3xstol72jfoow",2025,3,REG,PIT,NE,0,0,0,0,0,0,0,0,0,0,0,0,,,0,,0,0,0,0,0,0,,0,0,0,0,0,0,0,0,0,0,,0,,0.0,0.0,0.0,0,0,0,1,0,0,0,0.0,0.0,0,0,0,0,0,0,0,0,0,0,0,0,0,0,0,0,0,0,0,0,0,0,0,,,0,0,0,0,0,0,0,0,0,0,0,0,,,,0,0,0,0,0,0,0,,0,0,0,0,0,0.0,0.0
00-0033294,C.Clark,Chuck Clark,DB,DB,"https://static.www.nfl.com/image/upload/f_auto,q_auto/league/yv3fcxrrkt1c0tavgpq7",2025,3,REG,PIT,NE,0,0,0,0,0,0,0,0,0,0,0,0,,,0,,0,0,0,0,0,0,,0,0,0,0,0,0,0,0,0,0,,0,,0.0,0.0,0.0,0,3,0,3,0,0,0,0.0,0.0,0,0,0,0,0,0,0,0,0,0,0,0,0,0,0,0,0,0,0,0,0,0,0,,,0,0,0,0,0,0,0,0,0,0,0,0,,,,0,0,0,0,0,0,0,,0,0,0,0,0,0.0,0.0
00-0033858,J.Smith,Jonnu Smith,TE,TE,"https://static.www.nfl.com/image/upload/f_auto,q_auto/league/egd6llghj3n5wfdrqacw",2025,3,REG,PIT,NE,0,0,0,0,0,0,0,0,0,0,0,0,,,0,,0,0,0,0,0,0,,0,3,3,23,0,1,0,8,15,2,3.4920358582166955,0,2.875,0.13636363636363635,0.07017543859649122,0.2536682615629984,0,0,0,0,0,0,0,0.0,0.0,0,0,0,0,0,0,0,0,0,0,0,0,0,0,0,0,0,0,0,0,0,0,0,,,0,0,0,0,0,0,0,0,0,0,0,0,,,,0,0,0,0,0,0,0,,0,0,0,0,0,2.3000000000000003,5.300000000000001
00-0033883,J.Peppers,Jabrill Peppers,FS,DB,"https://static.www.nfl.com/image/upload/f_auto,q_auto/league/klkka1kfnipn9stskqo5",2025,3,REG,PIT,NE,0,0,0,0,0,0,0,0,0,0,0,0,,,0,,0,0,0,0,0,0,,0,0,0,0,0,0,0,0,0,0,,0,,0.0,0.0,0.0,0,2,0,4,0,0,0,0.0,0.0,0,0,0,0,0,0,0,0,0,0,1,1,0,0,0,0,0,0,0,0,0,0,0,,,0,0,0,0,0,0,0,0,0,0,0,0,,,,0,0,0,0,0,0,0,,0,0,0,0,0,0.0,0.0
00-0033886,T.Watt,T.J. Watt,OLB,LB,"https://static.www.nfl.com/image/upload/f_auto,q_auto/league/aywegy4gpj1d32vrl67u",2025,3,REG,PIT,NE,0,0,0,0,0,0,0,0,0,0,0,0,,,0,,0,0,0,0,0,0,,0,0,0,0,0,0,0,0,0,0,,0,,0.0,0.0,0.0,0,2,0,3,2,10,1,2.0,10.0,2,0,0,0,0,0,0,0,0,0,1,1,0,0,0,0,0,0,0,0,0,0,0,,,0,0,0,0,0,0,0,0,0,0,0,0,,,,0,0,0,0,0,0,0,,0,0,0,0,0,0.0,0.0
00-0034251,D.Ekuale,Daniel Ekuale,DT,DL,"https://static.www.nfl.com/image/upload/f_auto,q_auto/league/jlab8hsw5int8lkrevrg",2025,3,REG,PIT,NE,0,0,0,0,0,0,0,0,0,0,0,0,,,0,,0,0,0,0,0,0,,0,0,0,0,0,0,0,0,0,0,,0,,0.0,0.0,0.0,0,2,0,1,0,0,0,0.0,0.0,0,0,0,0,0,0,0,0,0,0,0,0,0,0,0,0,0,0,0,0,0,0,0,,,0,0,0,0,0,0,0,0,0,0,0,0,,,,0,0,0,0,0,0,0,,0,0,0,0,0,0.0,0.0
00-0035286,C.Holcomb,Cole Holcomb,LB,LB,"https://static.www.nfl.com/image/upload/f_auto,q_auto/league/hhhvsv4sv9zreuedr7lj",2025,3,REG,PIT,NE,0,0,0,0,0,0,0,0,0,0,0,0,,,0,,0,0,0,0,0,0,,0,0,0,0,0,0,0,0,0,0,,0,,0.0,0.0,0.0,0,5,0,1,0,0,1,0.0,0.0,0,0,0,0,0,0,0,0,0,0,0,0,0,0,0,0,0,0,0,0,0,0,0,,,0,0,0,0,0,0,0,0,0,0,0,0,,,,0,0,0,0,0,0,0,,0,0,0,0,0,0.0,0.0
00-0035625,J.Thornhill,Juan Thornhill,SAF,DB,"https://static.www.nfl.com/image/upload/f_auto,q_auto/league/os3bpcmalytfuwosxpzj",2025,3,REG,PIT,NE,0,0,0,0,0,0,0,0,0,0,0,0,,,0,,0,0,0,0,0,0,,0,0,0,0,0,0,0,0,0,0,,0,,0.0,0.0,0.0,0,3,0,3,0,0,0,0.0,0.0,0,0,0,0,0,0,0,0,0,0,0,0,0,0,0,0,0,0,0,0,0,0,0,,,0,0,0,0,0,0,0,0,0,0,0,0,,,,0,0,0,0,0,0,0,,0,0,0,0,0,0.0,0.0
00-0035640,D.Metcalf,DK Metcalf,WR,WR,"https://static.www.nfl.com/image/upload/f_auto,q_auto/league/tknefloqsleltfmslj2y",2025,3,REG,PIT,NE,0,0,0,0,0,0,0,0,0,0,0,0,,,0,,0,0,0,0,0,0,,0,3,4,32,1,0,0,34,23,2,2.5927169783390127,0,0.9411764705882353,0.18181818181818182,0.2982456140350877,0.4814992025518341,0,1,0,0,0,0,0,0.0,0.0,0,0,0,0,0,0,0,0,0,0,0,0,0,0,0,0,0,0,0,0,0,0,0,,,0,0,0,0,0,0,0,0,0,0,0,0,,,,0,0,0,0,0,0,0,,0,0,0,0,0,9.2,12.2
00-0035795,J.Pierre,James Pierre,CB,DB,"https://static.www.nfl.com/image/upload/f_auto,q_auto/league/zasdorlctouussgqzvwm",2025,3,REG,PIT,NE,0,0,0,0,0,0,0,0,0,0,0,0,,,0,,0,0,0,0,0,0,,0,0,0,0,0,0,0,0,0,0,,0,,0.0,0.0,0.0,0,2,0,0,0,0,0,0.0,0.0,0,0,0,0,0,0,0,0,0,0,0,0,0,0,0,0,0,0,0,0,0,0,0,,,0,0,0,0,0,0,0,0,0,0,0,0,,,,0,0,0,0,0,0,0,,0,0,0,0,0,0.0,0.0
00-0035821,C.Waitman,Corliss Waitman,P,SPEC,"https://static.www.nfl.com/image/upload/f_auto,q_auto/league/ob1q154g57ksxc5iskbw",2025,3,REG,PIT,NE,0,0,0,0,0,0,0,0,0,0,0,0,,,0,,0,0,0,0,0,0,,0,0,0,0,0,0,0,0,0,0,,0,,0.0,0.0,0.0,0,0,0,0,0,0,0,0.0,0.0,0,0,0,0,0,0,0,0,0,0,0,0,0,0,0,0,0,0,0,0,0,0,0,,,0,0,0,0,0,0,0,0,0,0,0,0,,,,0,0,0,0,0,0,0,,0,0,0,0,0,0.0,0.0
00-0036323,P.Queen,Patrick Queen,LB,LB,"https://static.www.nfl.com/image/upload/f_auto,q_auto/league/doxpcjbw3vigxuj4xdqu",2025,3,REG,PIT,NE,0,0,0,0,0,0,0,0,0,0,0,0,,,0,,0,0,0,0,0,0,,0,0,0,0,0,0,0,0,0,0,,0,,0.0,0.0,0.0,0,6,0,4,1,2,0,0.0,0.0,0,0,0,2,0,0,0,0,0,0,0,0,0,0,0,0,0,0,0,0,0,0,0,,,0,0,0,0,0,0,0,0,0,0,0,0,,,,0,0,0,0,0,0,0,,0,0,0,0,0,0.0,0.0
00-0036504,B.Echols,Brandin Echols,CB,DB,"https://static.www.nfl.com/image/upload/f_auto,q_auto/league/ckxgtnxueibsimypf1qt",2025,3,REG,PIT,NE,0,0,0,0,0,0,0,0,0,0,0,0,,,0,,0,0,0,0,0,0,,0,0,0,0,0,0,0,0,0,0,,0,,0.0,0.0,0.0,0,4,0,2,1,1,0,0.0,0.0,0,1,0,1,0,0,0,0,0,0,0,0,0,2,26,0,0,0,0,0,0,0,0,,,0,0,0,0,0,0,0,0,0,0,0,0,,,,0,0,0,0,0,0,0,,0,0,0,0,0,0.0,0.0
00-0036862,B.Skowronek,Ben Skowronek,WR,WR,"https://static.www.nfl.com/image/upload/f_auto,q_auto/league/drojmh3dbpuagobvilzv",2025,3,REG,PIT,NE,0,0,0,0,0,0,0,0,0,0,0,0,,,0,,0,0,0,0,0,0,,0,0,0,0,0,0,0,0,0,0,,0,,0.0,0.0,0.0,0,0,0,1,0,0,0,0.0,0.0,0,0,0,0,0,0,0,0,0,0,0,0,0,0,0,0,0,0,0,0,0,0,0,,,0,0,0,0,0,0,0,0,0,0,0,0,,,,0,0,0,0,0,0,0,,0,0,0,0,0,0.0,0.0
00-0036894,P.Freiermuth,Pat Freiermuth,TE,TE,"https://static.www.nfl.com/image/upload/f_auto,q_auto/league/vmwioi77upc9hqwaskfa",2025,3,REG,PIT,NE,0,0,0,0,0,0,0,0,0,0,0,0,,,0,,0,0,0,0,0,0,,0,1,3,6,0,0,0,23,2,0,-2.955843285890296,0,0.2608695652173913,0.13636363636363635,0.20175438596491227,0.3457735247208931,0,0,0,0,0,0,0,0.0,0.0,0,0,0,0,0,0,0,0,0,0,0,0,0,0,0,0,0,0,0,0,0,0,0,,,0,0,0,0,0,0,0,0,0,0,0,0,,,,0,0,0,0,0,0,0,,0,0,0,0,0,0.6000000000000001,1.6
00-0036919,K.Gainwell,Kenneth Gainwell,RB,RB,"https://static.www.nfl.com/image/upload/f_auto,q_auto/league/f74x1ywy7oo5kq81vblh",2025,3,REG,PIT,NE,0,0,0,0,0,0,0,0,0,0,0,0,,,0,,4,16,1,0,0,2,0.48903784921276383,0,1,1,10,0,0,0,-4,14,0,0.6640165965654887,0,-2.5,0.045454545454545456,-0.03508771929824561,0.043620414673046254,0,0,0,0,0,0,0,0.0,0.0,0,0,0,0,0,0,0,0,0,0,0,0,0,0,0,0,0,1,27,0,0,0,0,,,0,0,0,0,0,0,0,0,0,0,0,0,,,,0,0,0,0,0,0,0,,0,0,0,0,0,8.6,9.6
00-0037228,J.Warren,Jaylen Warren,RB,RB,"https://static.www.nfl.com/image/upload/f_auto,q_auto/league/f3txbqdarbabqtq4sx98",2025,3,REG,PIT,NE,0,0,0,0,0,0,0,0,0,0,0,0,,,0,,18,47,0,0,0,5,-2.7167021761997603,0,5,6,34,0,0,0,-20,49,1,-0.6221001808298752,0,-1.7,0.2727272727272727,-0.17543859649122806,0.2862838915470494,0,0,0,0,0,0,0,0.0,0.0,0,0,0,0,0,0,0,0,0,0,0,0,0,0,0,0,0,0,0,0,0,0,0,,,0,0,0,0,0,0,0,0,0,0,0,0,,,,0,0,0,0,0,0,0,,0,0,0,0,0,8.1,13.1
00-0037759,D.Leal,DeMarvin Leal,DE,DL,"https://static.www.nfl.com/image/upload/f_auto,q_auto/league/gqsxinwxry4uggkdd90r",2025,3,REG,PIT,NE,0,0,0,0,0,0,0,0,0,0,0,0,,,0,,0,0,0,0,0,0,,0,0,0,0,0,0,0,0,0,0,,0,,0.0,0.0,0.0,0,1,0,1,0,0,0,0.0,0.0,0,0,0,0,0,0,0,0,0,0,0,0,0,0,0,0,0,0,0,0,0,0,0,,,0,0,0,0,0,0,0,0,0,0,0,0,,,,0,0,0,0,0,0,0,,0,0,0,0,0,0.0,0.0
00-0037837,C.Austin,Calvin Austin III,WR,WR,"https://static.www.nfl.com/image/private/f_auto,q_auto/league/qlt6ztqcbu0uzad6aavt",2025,3,REG,PIT,NE,0,0,0,0,0,0,0,0,0,0,0,0,,,0,,0,0,0,0,0,0,,0,3,5,34,1,0,0,71,4,1,-2.45399687247118,0,0.4788732394366197,0.22727272727272727,0.6228070175438597,0.7768740031897927,0,0,0,0,0,0,0,0.0,0.0,0,0,0,0,0,0,0,0,0,0,0,0,0,0,0,0,0,0,0,0,0,0,0,,,0,0,0,0,0,0,0,0,0,0,0,0,,,,0,0,0,0,0,0,0,,0,0,0,0,0,9.4,12.4
00-0038577,N.Herbig,Nick Herbig,LB,LB,"https://static.www.nfl.com/image/upload/f_auto,q_auto/league/x2pdurg2nwxy1tiyfeac",2025,3,REG,PIT,NE,0,0,0,0,0,0,0,0,0,0,0,0,,,0,,0,0,0,0,0,0,,0,0,0,0,0,0,0,0,0,0,,0,,0.0,0.0,0.0,0,1,0,1,1,4,1,1.0,4.0,4,0,0,0,0,0,0,0,0,0,0,0,0,1,5,0,0,0,0,0,0,0,0,,,0,0,0,0,0,0,0,0,0,0,0,0,,,,0,0,0,0,0,0,0,,0,0,0,0,0,0.0,0.0
00-0039110,K.Benton,Keeanu Benton,DT,DL,"https://static.www.nfl.com/image/upload/f_auto,q_auto/league/xhauoqvtf8w00rv8wtwv",2025,3,REG,PIT,NE,0,0,0,0,0,0,0,0,0,0,0,0,,,0,,0,0,0,0,0,0,,0,0,0,0,0,0,0,0,0,0,,0,,0.0,0.0,0.0,0,1,0,0,0,0,0,0.0,0.0,0,0,0,0,0,0,0,0,0,0,0,0,0,1,3,0,0,0,0,0,0,0,0,,,0,0,0,0,0,0,0,0,0,0,0,0,,,,0,0,0,0,0,0,0,,0,0,0,0,0,0.0,0.0
00-0039741,P.Wilson,Payton Wilson,LB,LB,"https://static.www.nfl.com/image/upload/f_auto,q_auto/league/n9it3axjeciqsxirtize",2025,3,REG,PIT,NE,0,0,0,0,0,0,0,0,0,0,0,0,,,0,,0,0,0,0,0,0,,0,0,0,0,0,0,0,0,0,0,,0,,0.0,0.0,0.0,0,5,0,2,0,0,0,0.0,0.0,0,0,0,0,0,0,0,0,0,0,1,1,0,1,5,0,0,0,0,0,0,0,0,,,0,0,0,0,0,0,0,0,0,0,0,0,,,,0,0,0,0,0,0,0,,0,0,0,0,0,0.0,0.0
00-0039871,T.Fautanu,Troy Fautanu,OT,OL,"https://static.www.nfl.com/image/upload/f_auto,q_auto/league/a9cndfqf5alglid0muel",2025,3,REG,PIT,NE,0,0,0,0,0,0,0,0,0,0,0,0,,,0,,0,0,0,0,0,0,,0,0,0,0,0,0,0,0,0,0,,0,,0.0,0.0,0.0,0,0,0,0,0,0,0,0.0,0.0,0,0,0,0,0,0,0,0,0,0,0,0,0,1,5,0,0,0,0,0,0,0,0,,,0,0,0,0,0,0,0,0,0,0,0,0,,,,0,0,0,0,0,0,0,,0,0,0,0,0,0.0,0.0
00-0039896,Z.Frazier,Zach Frazier,C,OL,"https://static.www.nfl.com/image/upload/f_auto,q_auto/league/oxuh5tbhz1n1f1mjysql",2025,3,REG,PIT,NE,0,0,0,0,0,0,0,0,0,0,0,0,,,0,,0,0,0,0,0,0,,0,0,0,0,0,0,0,0,0,0,,0,,0.0,0.0,0.0,0,0,0,0,0,0,0,0.0,0.0,0,0,0,0,0,0,0,0,0,0,0,0,0,1,10,0,0,0,0,0,0,0,0,,,0,0,0,0,0,0,0,0,0,0,0,0,,,,0,0,0,0,0,0,0,,0,0,0,0,0,0.0,0.0
00-0040160,J.Sawyer,Jack Sawyer,LB,LB,"https://static.www.nfl.com/image/upload/f_auto,q_auto/league/pspl1gft3xd6rycuyf15",2025,3,REG,PIT,NE,0,0,0,0,0,0,0,0,0,0,0,0,,,0,,0,0,0,0,0,0,,0,0,0,0,0,0,0,0,0,0,,0,,0.0,0.0,0.0,0,3,0,1,0,0,0,0.0,0.0,0,0,0,0,0,0,0,0,0,0,0,0,0,0,0,0,0,0,0,0,0,0,0,,,0,0,0,0,0,0,0,0,0,0,0,0,,,,0,0,0,0,0,0,0,,0,0,0,0,0,0.0,0.0
00-0040188,Y.Black,Yahya Black,DE,DL,"https://static.www.nfl.com/image/upload/f_auto,q_auto/league/nhynksyggst8wuiprrfo",2025,3,REG,PIT,NE,0,0,0,0,0,0,0,0,0,0,0,0,,,0,,0,0,0,0,0,0,,0,0,0,0,0,0,0,0,0,0,,0,,0.0,0.0,0.0,0,0,0,2,0,0,0,0.0,0.0,0,0,0,0,0,0,0,0,0,0,0,0,0,0,0,0,0,0,0,0,0,0,0,,,0,0,0,0,0,0,0,0,0,0,0,0,,,,0,0,0,0,0,0,0,,0,0,0,0,0,0.0,0.0
00-0040678,D.Harmon,Derrick Harmon,DT,DL,"https://static.www.nfl.com/image/upload/f_auto,q_auto/league/mi9zx7s8bmnyscpo1jmg",2025,3,REG,PIT,NE,0,0,0,0,0,0,0,0,0,0,0,0,,,0,,0,0,0,0,0,0,,0,0,0,0,0,0,0,0,0,0,,0,,0.0,0.0,0.0,0,2,0,0,1,4,0,1.0,4.0,1,0,0,0,0,0,0,0,0,0,0,0,0,0,0,0,0,0,0,0,0,0,0,,,0,0,0,0,0,0,0,0,0,0,0,0,,,,0,0,0,0,0,0,0,,0,0,0,0,0,0.0,0.0
