player_id,player_name,player_display_name,position,position_group,headshot_url,season,week,season_type,team,opponent_team,completions,attempts,passing_yards,passing_tds,passing_interceptions,sacks_suffered,sack_yards_lost,sack_fumbles,sack_fumbles_lost,passing_air_yards,passing_yards_after_catch,passing_first_downs,passing_epa,passing_cpoe,passing_2pt_conversions,pacr,carries,rushing_yards,rushing_tds,rushing_fumbles,rushing_fumbles_lost,rushing_first_downs,rushing_epa,rushing_2pt_conversions,receptions,targets,receiving_yards,receiving_tds,receiving_fumbles,receiving_fumbles_lost,receiving_air_yards,receiving_yards_after_catch,receiving_first_downs,receiving_epa,receiving_2pt_conversions,racr,target_share,air_yards_share,wopr,special_teams_tds,def_tackles_solo,def_tackles_with_assist,def_tackle_assists,def_tackles_for_loss,def_tackles_for_loss_yards,def_fumbles_forced,def_sacks,def_sack_yards,def_qb_hits,def_interceptions,def_interception_yards,def_pass_defended,def_tds,def_fumbles,def_safeties,misc_yards,fumble_recovery_own,fumble_recovery_yards_own,fumble_recovery_opp,fumble_recovery_yards_opp,fumble_recovery_tds,penalties,penalty_yards,punt_returns,punt_return_yards,kickoff_returns,kickoff_return_yards,fg_made,fg_att,fg_missed,fg_blocked,fg_long,fg_pct,fg_made_0_19,fg_made_20_29,fg_made_30_39,fg_made_40_49,fg_made_50_59,fg_made_60_,fg_missed_0_19,fg_missed_20_29,fg_missed_30_39,fg_missed_40_49,fg_missed_50_59,fg_missed_60_,fg_made_list,fg_missed_list,fg_blocked_list,fg_made_distance,fg_missed_distance,fg_blocked_distance,pat_made,pat_att,pat_missed,pat_blocked,pat_pct,gwfg_made,gwfg_att,gwfg_missed,gwfg_blocked,gwfg_distance,fantasy_points,fantasy_points_ppr
00-0032065,B.Pinion,Bradley Pinion,P,SPEC,"https://static.www.nfl.com/image/upload/f_auto,q_auto/league/g6zs1z59umevxxtqc35z",2025,1,REG,ATL,TB,0,0,0,0,0,0,0,0,0,0,0,0,,,0,,0,0,0,0,0,0,,0,0,0,0,0,0,0,0,0,0,,0,,0.0,0.0,0.0,0,1,0,0,0,0,0,0.0,0.0,0,0,0,0,0,0,0,0,0,0,0,0,0,0,0,0,0,0,0,0,0,0,0,,,0,0,0,0,0,0,0,0,0,0,0,0,,,,0,0,0,0,0,0,0,,0,0,0,0,0,0.0,0.0
00-0033572,J.Agnew,Jamal Agnew,WR,WR,"https://static.www.nfl.com/image/upload/f_auto,q_auto/league/buapoaxrvjzwsr4l34mq",2025,1,REG,ATL,TB,0,0,0,0,0,0,0,0,0,0,0,0,,,0,,0,0,0,0,0,0,,0,0,0,0,0,0,0,0,0,0,,0,,0.0,0.0,0.0,0,0,0,0,0,0,0,0.0,0.0,0,0,0,0,0,0,0,0,0,0,0,0,0,0,0,2,29,2,57,0,0,0,0,,,0,0,0,0,0,0,0,0,0,0,0,0,,,,0,0,0,0,0,0,0,,0,0,0,0,0,0.0,0.0
00-0033676,E.Wilkinson,Elijah Wilkinson,OT,OL,"https://static.www.nfl.com/image/upload/f_auto,q_auto/league/vf0jyksmu8odxv2b9ich",2025,1,REG,ATL,TB,0,0,0,0,0,0,0,0,0,0,0,0,,,0,,0,0,0,0,0,0,,0,0,0,0,0,0,0,0,0,0,,0,,0.0,0.0,0.0,0,0,0,0,0,0,0,0.0,0.0,0,0,0,0,0,0,0,0,0,0,0,0,0,2,10,0,0,0,0,0,0,0,0,,,0,0,0,0,0,0,0,0,0,0,0,0,,,,0,0,0,0,0,0,0,,0,0,0,0,0,0.0,0.0
00-0033702,Y.Koo,Younghoe Koo,K,SPEC,"https://static.www.nfl.com/image/upload/f_auto,q_auto/league/j70hqvbaerk5ft50appk",2025,1,REG,ATL,TB,0,0,0,0,0,0,0,0,0,0,0,0,,,0,,0,0,0,0,0,0,,0,0,0,0,0,0,0,0,0,0,,0,,0.0,0.0,0.0,0,1,0,0,0,0,0,0.0,0.0,0,0,0,0,0,0,0,0,0,0,0,0,0,1,0,0,0,0,0,2,3,1,0,41.0,0.6666666666666666,0,0,1,1,0,0,0,0,0,1,0,0,41;36,44,,77,44,0,2,2,0,0,1.0,0,0,0,0,0,0.0,0.0
00-0034407,R.McCloud,Ray-Ray McCloud,WR,WR,"https://static.www.nfl.com/image/upload/f_auto,q_auto/league/nvwn3sdihyyd2itjt7vy",2025,1,REG,ATL,TB,0,0,0,0,0,0,0,0,0,0,0,0,,,0,,0,0,0,0,0,0,,0,3,5,51,0,0,0,36,24,3,3.5406421051593497,0,1.4166666666666667,0.11904761904761904,0.125,0.2660714285714285,0,0,0,0,0,0,0,0.0,0.0,0,0,0,0,0,0,0,0,0,0,0,0,0,0,0,0,0,0,0,0,0,0,0,,,0,0,0,0,0,0,0,0,0,0,0,0,,,,0,0,0,0,0,0,0,,0,0,0,0,0,5.1000000000000005,8.100000000000001
00-0034675,J.Bates,Jessie Bates,FS,DB,"https://static.www.nfl.com/image/upload/f_auto,q_auto/league/ypv1sfm8zjghyzvmx0a1",2025,1,REG,ATL,TB,0,0,0,0,0,0,0,0,0,0,0,0,,,0,,0,0,0,0,0,0,,0,0,0,0,0,0,0,0,0,0,,0,,0.0,0.0,0.0,0,2,0,5,0,0,0,0.0,0.0,0,0,0,0,0,0,0,0,0,0,0,0,0,0,0,0,0,0,0,0,0,0,0,,,0,0,0,0,0,0,0,0,0,0,0,0,,,,0,0,0,0,0,0,0,,0,0,0,0,0,0.0,0.0
00-0034843,M.Hughes,Mike Hughes,CB,DB,"https://static.www.nfl.com/image/upload/f_auto,q_auto/league/fzxie6iznr3i8qc2pmnv",2025,1,REG,ATL,TB,0,0,0,0,0,0,0,0,0,0,0,0,,,0,,0,0,0,0,0,0,,0,0,0,0,0,0,0,0,0,0,,0,,0.0,0.0,0.0,0,0,0,2,0,0,0,0.0,0.0,0,0,0,1,0,0,0,0,0,0,0,0,0,0,0,0,0,0,0,0,0,0,0,,,0,0,0,0,0,0,0,0,0,0,0,0,,,,0,0,0,0,0,0,0,,0,0,0,0,0,0.0,0.0
00-0034854,K.Hodge,KhaDarel Hodge,WR,WR,"https://static.www.nfl.com/image/upload/f_auto,q_auto/league/r6vyxamrbb62lcccap2r",2025,1,REG,ATL,TB,0,0,0,0,0,0,0,0,0,0,0,0,,,0,,0,0,0,0,0,0,,0,0,1,0,0,0,0,26,0,0,0.23105815076282843,0,0.0,0.023809523809523808,0.09027777777777778,0.09890873015873015,0,0,0,0,0,0,0,0.0,0.0,0,0,0,0,0,0,0,0,0,0,0,0,0,1,10,0,0,0,0,0,0,0,0,,,0,0,0,0,0,0,0,0,0,0,0,0,,,,0,0,0,0,0,0,0,,0,0,0,0,0,0.0,0.0
00-0035316,K.Elliss,Kaden Elliss,LB,LB,"https://static.www.nfl.com/image/upload/f_auto,q_auto/league/b7jmlakbznkeusvsztgo",2025,1,REG,ATL,TB,0,0,0,0,0,0,0,0,0,0,0,0,,,0,,0,0,0,0,0,0,,0,0,0,0,0,0,0,0,0,0,,0,,0.0,0.0,0.0,0,3,0,2,0,0,0,0.0,0.0,0,0,0,1,0,0,0,0,0,0,0,0,0,0,0,0,0,0,0,0,0,0,0,,,0,0,0,0,0,0,0,0,0,0,0,0,,,,0,0,0,0,0,0,0,,0,0,0,0,0,0.0,0.0
00-0036285,A.Terrell,A.J. Terrell,CB,DB,"https://static.www.nfl.com/image/upload/f_auto,q_auto/league/etcev3yjoqtp5tay2ndo",2025,1,REG,ATL,TB,0,0,0,0,0,0,0,0,0,0,0,0,,,0,,0,0,0,0,0,0,,0,0,0,0,0,0,0,0,0,0,,0,,0.0,0.0,0.0,0,6,0,0,0,0,0,0.0,0.0,0,0,0,2,0,0,0,0,0,0,0,0,0,0,0,0,0,0,0,0,0,0,0,,,0,0,0,0,0,0,0,0,0,0,0,0,,,,0,0,0,0,0,0,0,,0,0,0,0,0,0.0,0.0
00-0036825,F.Franks,Feleipe Franks,TE,TE,"https://static.www.nfl.com/image/upload/f_auto,q_auto/league/v5zscuctkdetzfstqouf",2025,1,REG,ATL,TB,0,0,0,0,0,0,0,0,0,0,0,0,,,0,,0,0,0,0,0,0,,0,0,0,0,0,0,0,0,0,0,,0,,0.0,0.0,0.0,0,1,0,0,0,0,0,0.0,0.0,0,0,0,0,0,0,0,0,0,0,0,0,0,0,0,0,0,0,0,0,0,0,0,,,0,0,0,0,0,0,0,0,0,0,0,0,,,,0,0,0,0,0,0,0,,0,0,0,0,0,0.0,0.0
00-0036970,K.Pitts,Kyle Pitts,TE,TE,"https://static.www.nfl.com/image/upload/f_auto,q_auto/league/tbec213me3pszzszecqo",2025,1,REG,ATL,TB,0,0,0,0,0,0,0,0,0,0,0,0,,,0,,0,0,0,0,0,0,,0,7,8,59,0,0,0,37,38,5,2.849866992153693,0,1.5945945945945945,0.19047619047619047,0.1284722222222222,0.3756448412698412,0,0,0,0,0,0,0,0.0,0.0,0,0,0,0,0,0,0,0,0,0,0,0,0,1,5,0,0,0,0,0,0,0,0,,,0,0,0,0,0,0,0,0,0,0,0,0,,,,0,0,0,0,0,0,0,,0,0,0,0,0,5.9,12.9
00-0036990,D.Deablo,Divine Deablo,LB,LB,"https://static.www.nfl.com/image/upload/f_auto,q_auto/league/btw2sohcblkqvpsrctio",2025,1,REG,ATL,TB,0,0,0,0,0,0,0,0,0,0,0,0,,,0,,0,0,0,0,0,0,,0,0,0,0,0,0,0,0,0,0,,0,,0.0,0.0,0.0,0,1,0,5,1,2,0,0.5,4.0,1,0,0,1,0,0,0,0,0,0,0,0,0,0,0,0,0,0,0,0,0,0,0,,,0,0,0,0,0,0,0,0,0,0,0,0,,,,0,0,0,0,0,0,0,,0,0,0,0,0,0.0,0.0
00-0037238,D.London,Drake London,WR,WR,"https://static.www.nfl.com/image/upload/f_auto,q_auto/league/np91pvk7mczra1iyjkmo",2025,1,REG,ATL,TB,0,0,0,0,0,0,0,0,0,0,0,0,,,0,,0,0,0,0,0,0,,0,8,15,55,0,0,0,99,17,2,-5.592829145037884,0,0.5555555555555556,0.35714285714285715,0.34375,0.7763392857142857,0,0,0,0,0,0,0,0.0,0.0,0,0,0,0,0,0,0,0,0,0,0,0,0,1,10,0,0,0,0,0,0,0,0,,,0,0,0,0,0,0,0,0,0,0,0,0,,,,0,0,0,0,0,0,0,,0,0,0,0,0,5.5,13.5
00-0037263,T.Allgeier,Tyler Allgeier,RB,RB,"https://static.www.nfl.com/image/upload/f_auto,q_auto/league/buwaomfsz4y6orgb0cyg",2025,1,REG,ATL,TB,0,0,0,0,0,0,0,0,0,0,0,0,,,0,,10,24,0,0,0,1,-3.4869055618182756,0,0,0,0,0,0,0,0,0,0,,0,,0.0,0.0,0.0,0,0,0,0,0,0,0,0.0,0.0,0,0,0,0,0,0,0,0,0,0,0,0,0,0,0,0,0,0,0,0,0,0,0,,,0,0,0,0,0,0,0,0,0,0,0,0,,,,0,0,0,0,0,0,0,,0,0,0,0,0,2.4000000000000004,2.4000000000000004
00-0038116,A.Ebiketie,Arnold Ebiketie,LB,LB,"https://static.www.nfl.com/image/upload/f_auto,q_auto/league/w5sjq8cj5tdar5ttlll7",2025,1,REG,ATL,TB,0,0,0,0,0,0,0,0,0,0,0,0,,,0,,0,0,0,0,0,0,,0,0,0,0,0,0,0,0,0,0,,0,,0.0,0.0,0.0,0,3,0,2,1,1,0,0.0,0.0,0,0,0,0,0,0,0,0,0,0,0,0,0,0,0,0,0,0,0,0,0,0,0,,,0,0,0,0,0,0,0,0,0,0,0,0,,,,0,0,0,0,0,0,0,,0,0,0,0,0,0.0,0.0
00-0038542,B.Robinson,Bijan Robinson,RB,RB,"https://static.www.nfl.com/image/upload/f_auto,q_auto/league/rjaf9auhx3lrktzgwpfb",2025,1,REG,ATL,TB,0,0,0,0,0,0,0,0,0,0,0,0,,,0,,12,24,0,0,0,1,-8.218003254471114,0,6,7,100,1,0,0,-9,106,3,7.854804985166993,0,-11.11111111111111,0.16666666666666666,-0.03125,0.228125,0,0,0,0,0,0,0,0.0,0.0,0,0,0,0,0,0,0,0,1,1,0,0,0,0,0,0,0,0,0,0,0,0,0,,,0,0,0,0,0,0,0,0,0,0,0,0,,,,0,0,0,0,0,0,0,,0,0,0,0,0,18.4,24.4
00-0038966,N.Brooks,Natrone Brooks,CB,DB,"https://static.www.nfl.com/image/upload/f_auto,q_auto/league/oyyrzk7ofcuyu7bdxshe",2025,1,REG,ATL,TB,0,0,0,0,0,0,0,0,0,0,0,0,,,0,,0,0,0,0,0,0,,0,0,0,0,0,0,0,0,0,0,,0,,0.0,0.0,0.0,0,0,0,0,0,0,0,0.0,0.0,0,0,0,0,0,0,0,0,0,0,0,0,0,0,0,0,0,3,68,0,0,0,0,,,0,0,0,0,0,0,0,0,0,0,0,0,,,,0,0,0,0,0,0,0,,0,0,0,0,0,0.0,0.0
00-0038980,Z.Harrison,Zach Harrison,DE,DL,"https://static.www.nfl.com/image/upload/f_auto,q_auto/league/ufhdwcktmkeamlzdcuvg",2025,1,REG,ATL,TB,0,0,0,0,0,0,0,0,0,0,0,0,,,0,,0,0,0,0,0,0,,0,0,0,0,0,0,0,0,0,0,,0,,0.0,0.0,0.0,0,0,0,2,0,0,0,0.0,0.0,0,0,0,0,0,0,0,0,0,0,0,0,0,0,0,0,0,0,0,0,0,0,0,,,0,0,0,0,0,0,0,0,0,0,0,0,,,,0,0,0,0,0,0,0,,0,0,0,0,0,0.0,0.0
00-0039394,Cas.Washington,Casey Washington,WR,WR,"https://static.www.nfl.com/image/upload/f_auto,q_auto/league/wkoysykj4htld4yajljn",2025,1,REG,ATL,TB,0,0,0,0,0,0,0,0,0,0,0,0,,,0,,0,0,0,0,0,0,,0,3,6,33,0,0,0,99,4,3,2.678156395617407,0,0.3333333333333333,0.14285714285714285,0.34375,0.4549107142857143,0,0,0,0,0,0,0,0.0,0.0,0,0,0,0,0,0,0,0,0,0,0,0,0,0,0,0,0,0,0,0,0,0,0,,,0,0,0,0,0,0,0,0,0,0,0,0,,,,0,0,0,0,0,0,0,,0,0,0,0,0,3.3000000000000003,6.300000000000001
00-0039733,R.Orhorhoro,Ruke Orhorhoro,DT,DL,"https://static.www.nfl.com/image/upload/f_auto,q_auto/league/erx6ismqu4gmu2dy6hq2",2025,1,REG,ATL,TB,0,0,0,0,0,0,0,0,0,0,0,0,,,0,,0,0,0,0,0,0,,0,0,0,0,0,0,0,0,0,0,,0,,0.0,0.0,0.0,0,0,0,2,0,0,0,0.0,0.0,0,0,0,0,0,0,0,0,0,0,0,0,0,1,15,0,0,0,0,0,0,0,0,,,0,0,0,0,0,0,0,0,0,0,0,0,,,,0,0,0,0,0,0,0,,0,0,0,0,0,0.0,0.0
00-0039917,M.Penix,Michael Penix Jr.,QB,QB,"https://static.www.nfl.com/image/upload/f_auto,q_auto/league/azvyjzp2sa8cnljbp3i7",2025,1,REG,ATL,TB,27,42,298,1,0,1,-9,0,0,288,189,16,9.624095207309598,-5.938342639378139,0,1.0347222222222223,6,21,1,1,0,4,5.938414361939067,0,0,0,0,0,0,0,0,0,0,,0,,0.0,0.0,0.0,0,0,0,0,0,0,0,0.0,0.0,0,0,0,0,0,0,0,0,0,1,0,0,0,0,0,0,0,0,0,0,0,0,0,,,0,0,0,0,0,0,0,0,0,0,0,0,,,,0,0,0,0,0,0,0,,0,0,0,0,0,24.02,24.02
00-0040148,X.Watts,Xavier Watts,SAF,DB,"https://static.www.nfl.com/image/upload/f_auto,q_auto/league/e0eyuvs0sknx8xytwbcm",2025,1,REG,ATL,TB,0,0,0,0,0,0,0,0,0,0,0,0,,,0,,0,0,0,0,0,0,,0,0,0,0,0,0,0,0,0,0,,0,,0.0,0.0,0.0,0,5,1,0,0,0,0,0.0,0.0,0,0,0,2,0,0,0,0,0,0,0,0,0,0,0,0,0,0,0,0,0,0,0,,,0,0,0,0,0,0,0,0,0,0,0,0,,,,0,0,0,0,0,0,0,,0,0,0,0,0,0.0,0.0
00-0040156,B.Bowman,Billy Bowman Jr.,SAF,DB,"https://static.www.nfl.com/image/upload/f_auto,q_auto/league/dsgmlgxhg7smwfepuscl",2025,1,REG,ATL,TB,0,0,0,0,0,0,0,0,0,0,0,0,,,0,,0,0,0,0,0,0,,0,0,0,0,0,0,0,0,0,0,,0,,0.0,0.0,0.0,0,2,0,4,0,0,0,0.5,4.0,1,0,0,0,0,0,0,0,0,0,0,0,0,0,0,0,0,0,0,0,0,0,0,,,0,0,0,0,0,0,0,0,0,0,0,0,,,,0,0,0,0,0,0,0,,0,0,0,0,0,0.0,0.0
00-0040577,J.Walker,Jalon Walker,DE,DL,"https://static.www.nfl.com/image/upload/f_auto,q_auto/league/hfon24jti4vkgmvkbiqd",2025,1,REG,ATL,TB,0,0,0,0,0,0,0,0,0,0,0,0,,,0,,0,0,0,0,0,0,,0,0,0,0,0,0,0,0,0,0,,0,,0.0,0.0,0.0,0,2,0,1,0,0,0,0.0,0.0,0,0,0,0,0,0,0,0,0,0,0,0,0,0,0,0,0,0,0,0,0,0,0,,,0,0,0,0,0,0,0,0,0,0,0,0,,,,0,0,0,0,0,0,0,,0,0,0,0,0,0.0,0.0
00-0040578,J.Pearce,James Pearce Jr.,DE,DL,"https://static.www.nfl.com/image/upload/f_auto,q_auto/league/yu8dlxrhu7oog8kgnay7",2025,1,REG,ATL,TB,0,0,0,0,0,0,0,0,0,0,0,0,,,0,,0,0,0,0,0,0,,0,0,0,0,0,0,0,0,0,0,,0,,0.0,0.0,0.0,0,0,0,0,0,0,0,0.0,0.0,1,0,0,0,0,0,0,0,0,0,0,0,0,1,5,0,0,0,0,0,0,0,0,,,0,0,0,0,0,0,0,0,0,0,0,0,,,,0,0,0,0,0,0,0,,0,0,0,0,0,0.0,0.0
00-0031279,J.Matthews,Jake Matthews,OT,OL,"https://static.www.nfl.com/image/upload/f_auto,q_auto/league/erhayhjdrny0fua2nizx",2025,2,REG,ATL,MIN,0,0,0,0,0,0,0,0,0,0,0,0,,,0,,0,0,0,0,0,0,,0,0,0,0,0,0,0,0,0,0,,0,,0.0,0.0,0.0,0,0,0,0,0,0,0,0.0,0.0,0,0,0,0,0,0,0,0,0,0,0,0,0,2,15,0,0,0,0,0,0,0,0,,,0,0,0,0,0,0,0,0,0,0,0,0,,,,0,0,0,0,0,0,0,,0,0,0,0,0,0.0,0.0
00-0032065,B.Pinion,Bradley Pinion,P,SPEC,"https://static.www.nfl.com/image/upload/f_auto,q_auto/league/g6zs1z59umevxxtqc35z",2025,2,REG,ATL,MIN,0,0,0,0,0,0,0,0,0,0,0,0,,,0,,0,0,0,0,0,0,,0,0,0,0,0,0,0,0,0,0,,0,,0.0,0.0,0.0,0,0,0,0,0,0,0,0.0,0.0,0,0,0,0,0,0,0,0,0,0,0,0,0,0,0,0,0,0,0,0,0,0,0,,,0,0,0,0,0,0,0,0,0,0,0,0,,,,0,0,0,0,0,0,0,,0,0,0,0,0,0.0,0.0
00-0033051,D.Onyemata,David Onyemata,DT,DL,"https://static.www.nfl.com/image/upload/f_auto,q_auto/league/zzqx9ig8ltlva2uo0cgd",2025,2,REG,ATL,MIN,0,0,0,0,0,0,0,0,0,0,0,0,,,0,,0,0,0,0,0,0,,0,0,0,0,0,0,0,0,0,0,,0,,0.0,0.0,0.0,0,3,0,2,1,1,0,0.0,0.0,0,0,0,0,0,0,0,0,0,0,0,0,0,0,0,0,0,0,0,0,0,0,0,,,0,0,0,0,0,0,0,0,0,0,0,0,,,,0,0,0,0,0,0,0,,0,0,0,0,0,0.0,0.0
00-0033072,L.Floyd,Leonard Floyd,DE,DL,"https://static.www.nfl.com/image/upload/f_auto,q_auto/league/hmojdd6skft3sfhs59ma",2025,2,REG,ATL,MIN,0,0,0,0,0,0,0,0,0,0,0,0,,,0,,0,0,0,0,0,0,,0,0,0,0,0,0,0,0,0,0,,0,,0.0,0.0,0.0,0,1,0,0,1,8,0,1.0,8.0,3,0,0,0,0,0,0,0,0,0,0,0,0,0,0,0,0,0,0,0,0,0,0,,,0,0,0,0,0,0,0,0,0,0,0,0,,,,0,0,0,0,0,0,0,,0,0,0,0,0,0.0,0.0
00-0033676,E.Wilkinson,Elijah Wilkinson,OT,OL,"https://static.www.nfl.com/image/upload/f_auto,q_auto/league/vf0jyksmu8odxv2b9ich",2025,2,REG,ATL,MIN,0,0,0,0,0,0,0,0,0,0,0,0,,,0,,0,0,0,0,0,0,,0,0,0,0,0,0,0,0,0,0,,0,,0.0,0.0,0.0,0,0,0,0,0,0,0,0.0,0.0,0,0,0,0,0,0,0,0,0,0,0,0,0,1,5,0,0,0,0,0,0,0,0,,,0,0,0,0,0,0,0,0,0,0,0,0,,,,0,0,0,0,0,0,0,,0,0,0,0,0,0.0,0.0
00-0034407,R.McCloud,Ray-Ray McCloud,WR,WR,"https://static.www.nfl.com/image/upload/f_auto,q_auto/league/nvwn3sdihyyd2itjt7vy",2025,2,REG,ATL,MIN,0,0,0,0,0,0,0,0,0,0,0,0,,,0,,0,0,0,0,0,0,,0,0,2,0,0,0,0,20,0,0,-1.6570941399596197,0,0.0,0.09523809523809523,0.15151515151515152,0.24891774891774893,0,0,0,0,0,0,0,0.0,0.0,0,0,0,0,0,0,0,0,0,0,0,0,0,0,0,0,0,0,0,0,0,0,0,,,0,0,0,0,0,0,0,0,0,0,0,0,,,,0,0,0,0,0,0,0,,0,0,0,0,0,0.0,0.0
00-0034639,M.Ford,Mike Ford,CB,DB,"https://static.www.nfl.com/image/upload/f_auto,q_auto/league/njli78vr2hcan6rfogsb",2025,2,REG,ATL,MIN,0,0,0,0,0,0,0,0,0,0,0,0,,,0,,0,0,0,0,0,0,,0,0,0,0,0,0,0,0,0,0,,0,,0.0,0.0,0.0,0,2,0,1,0,0,0,0.0,0.0,0,0,0,0,0,0,0,0,0,0,1,1,0,0,0,0,0,0,0,0,0,0,0,,,0,0,0,0,0,0,0,0,0,0,0,0,,,,0,0,0,0,0,0,0,,0,0,0,0,0,0.0,0.0
00-0034675,J.Bates,Jessie Bates,FS,DB,"https://static.www.nfl.com/image/upload/f_auto,q_auto/league/ypv1sfm8zjghyzvmx0a1",2025,2,REG,ATL,MIN,0,0,0,0,0,0,0,0,0,0,0,0,,,0,,0,0,0,0,0,0,,0,0,0,0,0,0,0,0,0,0,,0,,0.0,0.0,0.0,0,1,0,2,0,0,0,0.0,0.0,0,0,0,0,0,0,0,0,0,0,0,0,0,0,0,0,0,0,0,0,0,0,0,,,0,0,0,0,0,0,0,0,0,0,0,0,,,,0,0,0,0,0,0,0,,0,0,0,0,0,0.0,0.0
00-0034801,J.Woods,Josh Woods,LB,LB,"https://static.www.nfl.com/image/upload/f_auto,q_auto/league/p6wltly2bismav4hvfvb",2025,2,REG,ATL,MIN,0,0,0,0,0,0,0,0,0,0,0,0,,,0,,0,0,0,0,0,0,,0,0,0,0,0,0,0,0,0,0,,0,,0.0,0.0,0.0,0,1,0,2,0,0,0,0.0,0.0,0,0,0,0,0,0,0,0,0,0,0,0,0,0,0,0,0,0,0,0,0,0,0,,,0,0,0,0,0,0,0,0,0,0,0,0,,,,0,0,0,0,0,0,0,,0,0,0,0,0,0.0,0.0
00-0034843,M.Hughes,Mike Hughes,CB,DB,"https://static.www.nfl.com/image/upload/f_auto,q_auto/league/fzxie6iznr3i8qc2pmnv",2025,2,REG,ATL,MIN,0,0,0,0,0,0,0,0,0,0,0,0,,,0,,0,0,0,0,0,0,,0,0,0,0,0,0,0,0,0,0,,0,,0.0,0.0,0.0,0,2,0,0,0,0,0,0.0,0.0,0,0,0,0,0,0,0,0,0,0,0,0,0,0,0,0,0,0,0,0,0,0,0,,,0,0,0,0,0,0,0,0,0,0,0,0,,,,0,0,0,0,0,0,0,,0,0,0,0,0,0.0,0.0
00-0035316,K.Elliss,Kaden Elliss,LB,LB,"https://static.www.nfl.com/image/upload/f_auto,q_auto/league/b7jmlakbznkeusvsztgo",2025,2,REG,ATL,MIN,0,0,0,0,0,0,0,0,0,0,0,0,,,0,,0,0,0,0,0,0,,0,0,0,0,0,0,0,0,0,0,,0,,0.0,0.0,0.0,0,2,0,2,0,0,0,0.0,0.0,1,0,0,0,0,0,0,0,0,0,0,0,0,0,0,0,0,0,0,0,0,0,0,,,0,0,0,0,0,0,0,0,0,0,0,0,,,,0,0,0,0,0,0,0,,0,0,0,0,0,0.0,0.0
00-0036285,A.Terrell,A.J. Terrell,CB,DB,"https://static.www.nfl.com/image/upload/f_auto,q_auto/league/etcev3yjoqtp5tay2ndo",2025,2,REG,ATL,MIN,0,0,0,0,0,0,0,0,0,0,0,0,,,0,,0,0,0,0,0,0,,0,0,0,0,0,0,0,0,0,0,,0,,0.0,0.0,0.0,0,2,0,1,0,0,0,0.0,0.0,0,0,0,0,0,0,0,0,0,0,0,0,0,0,0,0,0,0,0,0,0,0,0,,,0,0,0,0,0,0,0,0,0,0,0,0,,,,0,0,0,0,0,0,0,,0,0,0,0,0,0.0,0.0
00-0036309,D.Mooney,Darnell Mooney,WR,WR,"https://static.www.nfl.com/image/upload/f_auto,q_auto/league/eaejonwaflt9drrs9ika",2025,2,REG,ATL,MIN,0,0,0,0,0,0,0,0,0,0,0,0,,,0,,0,0,0,0,0,0,,0,2,4,20,0,0,0,40,5,1,0.4012579218816126,0,0.5,0.19047619047619047,0.30303030303030304,0.49783549783549785,0,0,0,0,0,0,0,0.0,0.0,0,0,0,0,0,0,0,0,0,0,0,0,0,0,0,0,0,0,0,0,0,0,0,,,0,0,0,0,0,0,0,0,0,0,0,0,,,,0,0,0,0,0,0,0,,0,0,0,0,0,2.0,4.0
00-0036970,K.Pitts,Kyle Pitts,TE,TE,"https://static.www.nfl.com/image/upload/f_auto,q_auto/league/tbec213me3pszzszecqo",2025,2,REG,ATL,MIN,0,0,0,0,0,0,0,0,0,0,0,0,,,0,,0,0,0,0,0,0,,0,4,5,37,0,0,0,29,11,2,1.1065388998718795,0,1.2758620689655173,0.23809523809523808,0.2196969696969697,0.5109307359307359,0,0,0,0,0,0,0,0.0,0.0,0,0,0,0,0,0,0,0,0,0,0,0,0,1,4,0,0,0,0,0,0,0,0,,,0,0,0,0,0,0,0,0,0,0,0,0,,,,0,0,0,0,0,0,0,,0,0,0,0,0,3.7,7.7
00-0036990,D.Deablo,Divine Deablo,LB,LB,"https://static.www.nfl.com/image/upload/f_auto,q_auto/league/btw2sohcblkqvpsrctio",2025,2,REG,ATL,MIN,0,0,0,0,0,0,0,0,0,0,0,0,,,0,,0,0,0,0,0,0,,0,0,0,0,0,0,0,0,0,0,,0,,0.0,0.0,0.0,0,1,0,3,0,0,0,0.0,0.0,0,0,0,1,0,0,0,0,0,0,1,1,0,0,0,0,0,0,0,0,0,0,0,,,0,0,0,0,0,0,0,0,0,0,0,0,,,,0,0,0,0,0,0,0,,0,0,0,0,0,0.0,0.0
00-0037034,D.Alford,Dee Alford,CB,DB,"https://static.www.nfl.com/image/upload/f_auto,q_auto/league/ekj8kwdcwmajijqt1ce2",2025,2,REG,ATL,MIN,0,0,0,0,0,0,0,0,0,0,0,0,,,0,,0,0,0,0,0,0,,0,0,0,0,0,0,0,0,0,0,,0,,0.0,0.0,0.0,0,3,0,1,0,0,0,0.0,0.0,0,0,0,0,0,0,0,0,0,0,0,0,0,0,0,0,0,1,21,0,0,0,0,,,0,0,0,0,0,0,0,0,0,0,0,0,,,,0,0,0,0,0,0,0,,0,0,0,0,0,0.0,0.0
00-0037238,D.London,Drake London,WR,WR,"https://static.www.nfl.com/image/upload/f_auto,q_auto/league/np91pvk7mczra1iyjkmo",2025,2,REG,ATL,MIN,0,0,0,0,0,0,0,0,0,0,0,0,,,0,,0,0,0,0,0,0,,0,3,4,49,0,1,1,33,25,2,-2.5101089992094785,0,1.4848484848484849,0.19047619047619047,0.25,0.4607142857142857,0,1,0,0,0,0,0,0.0,0.0,0,0,0,0,0,0,0,0,0,0,0,0,0,0,0,0,0,0,0,0,0,0,0,,,0,0,0,0,0,0,0,0,0,0,0,0,,,,0,0,0,0,0,0,0,,0,0,0,0,0,2.9000000000000004,5.9
00-0037263,T.Allgeier,Tyler Allgeier,RB,RB,"https://static.www.nfl.com/image/upload/f_auto,q_auto/league/buwaomfsz4y6orgb0cyg",2025,2,REG,ATL,MIN,0,0,0,0,0,0,0,0,0,0,0,0,,,0,,16,76,1,0,0,7,3.419182387349956,0,1,1,4,0,0,0,3,1,0,-0.02851759613258764,0,1.3333333333333333,0.047619047619047616,0.022727272727272728,0.08733766233766233,0,0,0,0,0,0,0,0.0,0.0,0,0,0,0,0,0,0,0,0,0,0,0,0,0,0,0,0,0,0,0,0,0,0,,,0,0,0,0,0,0,0,0,0,0,0,0,,,,0,0,0,0,0,0,0,,0,0,0,0,0,14.0,15.0
00-0037542,J.Romo,John Parker Romo,K,SPEC,"https://static.www.nfl.com/image/upload/f_auto,q_auto/league/pgbqca2tf4hcq4vxv13m",2025,2,REG,ATL,MIN,0,0,0,0,0,0,0,0,0,0,0,0,,,0,,0,0,0,0,0,0,,0,0,0,0,0,0,0,0,0,0,,0,,0.0,0.0,0.0,0,0,0,0,0,0,0,0.0,0.0,0,0,0,0,0,0,0,0,0,0,0,0,0,0,0,0,0,0,0,5,5,0,0,54.0,1.0,0,1,3,0,1,0,0,0,0,0,0,0,38;29;33;33;54,,,187,0,0,1,1,0,0,1.0,0,0,0,0,0,0.0,0.0
00-0037808,D.Malone,DeAngelo Malone,LB,LB,"https://static.www.nfl.com/image/upload/f_auto,q_auto/league/yywbozwgj0uqnexmdaex",2025,2,REG,ATL,MIN,0,0,0,0,0,0,0,0,0,0,0,0,,,0,,0,0,0,0,0,0,,0,0,0,0,0,0,0,0,0,0,,0,,0.0,0.0,0.0,0,0,0,1,0,0,0,0.0,0.0,0,0,0,0,0,0,0,0,0,0,0,0,0,0,0,0,0,0,0,0,0,0,0,,,0,0,0,0,0,0,0,0,0,0,0,0,,,,0,0,0,0,0,0,0,,0,0,0,0,0,0.0,0.0
00-0038116,A.Ebiketie,Arnold Ebiketie,LB,LB,"https://static.www.nfl.com/image/upload/f_auto,q_auto/league/w5sjq8cj5tdar5ttlll7",2025,2,REG,ATL,MIN,0,0,0,0,0,0,0,0,0,0,0,0,,,0,,0,0,0,0,0,0,,0,0,0,0,0,0,0,0,0,0,,0,,0.0,0.0,0.0,0,2,0,0,0,0,0,0.0,0.0,0,0,0,0,0,0,0,0,0,0,0,0,0,0,0,0,0,0,0,0,0,0,0,,,0,0,0,0,0,0,0,0,0,0,0,0,,,,0,0,0,0,0,0,0,,0,0,0,0,0,0.0,0.0
00-0038542,B.Robinson,Bijan Robinson,RB,RB,"https://static.www.nfl.com/image/upload/f_auto,q_auto/league/rjaf9auhx3lrktzgwpfb",2025,2,REG,ATL,MIN,0,0,0,0,0,0,0,0,0,0,0,0,,,0,,22,143,0,0,0,5,4.305282168381382,0,3,5,25,0,0,0,7,17,0,-1.214250362943858,0,3.5714285714285716,0.23809523809523808,0.05303030303030303,0.3942640692640692,0,0,0,0,0,0,0,0.0,0.0,0,0,0,0,0,0,0,0,0,0,0,0,0,0,0,0,0,0,0,0,0,0,0,,,0,0,0,0,0,0,0,0,0,0,0,0,,,,0,0,0,0,0,0,0,,0,0,0,0,0,16.8,19.8
00-0038628,D.Hellams,DeMarcco Hellams,SAF,DB,"https://static.www.nfl.com/image/upload/f_auto,q_auto/league/sgwgvm0vfhjzx2skseii",2025,2,REG,ATL,MIN,0,0,0,0,0,0,0,0,0,0,0,0,,,0,,0,0,0,0,0,0,,0,0,0,0,0,0,0,0,0,0,,0,,0.0,0.0,0.0,0,1,0,1,0,0,0,0.0,0.0,0,0,0,0,0,0,0,0,0,0,0,0,0,0,0,0,0,0,0,0,0,0,0,,,0,0,0,0,0,0,0,0,0,0,0,0,,,,0,0,0,0,0,0,0,,0,0,0,0,0,0.0,0.0
00-0038966,N.Brooks,Natrone Brooks,CB,DB,"https://static.www.nfl.com/image/upload/f_auto,q_auto/league/oyyrzk7ofcuyu7bdxshe",2025,2,REG,ATL,MIN,0,0,0,0,0,0,0,0,0,0,0,0,,,0,,0,0,0,0,0,0,,0,0,0,0,0,0,0,0,0,0,,0,,0.0,0.0,0.0,0,0,0,0,0,0,0,0.0,0.0,0,0,0,0,0,0,0,0,0,0,0,0,0,0,0,0,0,0,0,0,0,0,0,,,0,0,0,0,0,0,0,0,0,0,0,0,,,,0,0,0,0,0,0,0,,0,0,0,0,0,0.0,0.0
00-0038980,Z.Harrison,Zach Harrison,DE,DL,"https://static.www.nfl.com/image/upload/f_auto,q_auto/league/ufhdwcktmkeamlzdcuvg",2025,2,REG,ATL,MIN,0,0,0,0,0,0,0,0,0,0,0,0,,,0,,0,0,0,0,0,0,,0,0,0,0,0,0,0,0,0,0,,0,,0.0,0.0,0.0,0,2,0,3,1,10,1,1.5,10.5,2,0,0,0,0,0,0,0,0,0,0,0,0,0,0,0,0,0,0,0,0,0,0,,,0,0,0,0,0,0,0,0,0,0,0,0,,,,0,0,0,0,0,0,0,,0,0,0,0,0,0.0,0.0
00-0039733,R.Orhorhoro,Ruke Orhorhoro,DT,DL,"https://static.www.nfl.com/image/upload/f_auto,q_auto/league/erx6ismqu4gmu2dy6hq2",2025,2,REG,ATL,MIN,0,0,0,0,0,0,0,0,0,0,0,0,,,0,,0,0,0,0,0,0,,0,0,0,0,0,0,0,0,0,0,,0,,0.0,0.0,0.0,0,0,0,1,0,0,0,0.5,0.5,1,0,0,0,0,0,0,0,0,0,0,0,0,0,0,0,0,0,0,0,0,0,0,,,0,0,0,0,0,0,0,0,0,0,0,0,,,,0,0,0,0,0,0,0,,0,0,0,0,0,0.0,0.0
00-0039859,B.Dorlus,Brandon Dorlus,DE,DL,"https://static.www.nfl.com/image/upload/f_auto,q_auto/league/dl97qpbtsjpwrpuhfa9g",2025,2,REG,ATL,MIN,0,0,0,0,0,0,0,0,0,0,0,0,,,0,,0,0,0,0,0,0,,0,0,0,0,0,0,0,0,0,0,,0,,0.0,0.0,0.0,0,1,0,2,1,3,0,1.5,7.5,2,0,0,0,0,0,0,0,0,0,0,0,0,0,0,0,0,0,0,0,0,0,0,,,0,0,0,0,0,0,0,0,0,0,0,0,,,,0,0,0,0,0,0,0,,0,0,0,0,0,0.0,0.0
00-0039917,M.Penix,Michael Penix Jr.,QB,QB,"https://static.www.nfl.com/image/upload/f_auto,q_auto/league/azvyjzp2sa8cnljbp3i7",2025,2,REG,ATL,MIN,13,21,135,0,0,3,-27,0,0,132,59,5,-3.2441715903873147,-7.450161519504729,0,1.0227272727272727,1,-1,0,0,0,0,-1.6006159279495478,0,0,0,0,0,0,0,0,0,0,,0,,0.0,0.0,0.0,0,0,0,0,0,0,0,0.0,0.0,0,0,0,0,0,0,0,0,0,0,0,0,0,0,0,0,0,0,0,0,0,0,0,,,0,0,0,0,0,0,0,0,0,0,0,0,,,,0,0,0,0,0,0,0,,0,0,0,0,0,5.300000000000001,5.300000000000001
00-0040148,X.Watts,Xavier Watts,SAF,DB,"https://static.www.nfl.com/image/upload/f_auto,q_auto/league/e0eyuvs0sknx8xytwbcm",2025,2,REG,ATL,MIN,0,0,0,0,0,0,0,0,0,0,0,0,,,0,,0,0,0,0,0,0,,0,0,0,0,0,0,0,0,0,0,,0,,0.0,0.0,0.0,0,1,0,1,0,0,0,0.0,0.0,0,1,0,1,0,0,0,0,0,0,0,0,0,0,0,0,0,0,0,0,0,0,0,,,0,0,0,0,0,0,0,0,0,0,0,0,,,,0,0,0,0,0,0,0,,0,0,0,0,0,0.0,0.0
00-0040156,B.Bowman,Billy Bowman Jr.,SAF,DB,"https://static.www.nfl.com/image/upload/f_auto,q_auto/league/dsgmlgxhg7smwfepuscl",2025,2,REG,ATL,MIN,0,0,0,0,0,0,0,0,0,0,0,0,,,0,,0,0,0,0,0,0,,0,0,0,0,0,0,0,0,0,0,,0,,0.0,0.0,0.0,0,2,0,2,0,0,0,0.0,0.0,0,1,0,2,0,0,0,0,0,0,0,0,0,0,0,0,0,0,0,0,0,0,0,,,0,0,0,0,0,0,0,0,0,0,0,0,,,,0,0,0,0,0,0,0,,0,0,0,0,0,0.0,0.0
00-0040577,J.Walker,Jalon Walker,DE,DL,"https://static.www.nfl.com/image/upload/f_auto,q_auto/league/hfon24jti4vkgmvkbiqd",2025,2,REG,ATL,MIN,0,0,0,0,0,0,0,0,0,0,0,0,,,0,,0,0,0,0,0,0,,0,0,0,0,0,0,0,0,0,0,,0,,0.0,0.0,0.0,0,1,0,1,1,7,0,1.0,7.0,1,0,0,0,0,0,0,0,0,0,0,0,0,0,0,0,0,0,0,0,0,0,0,,,0,0,0,0,0,0,0,0,0,0,0,0,,,,0,0,0,0,0,0,0,,0,0,0,0,0,0.0,0.0
00-0040578,J.Pearce,James Pearce Jr.,DE,DL,"https://static.www.nfl.com/image/upload/f_auto,q_auto/league/yu8dlxrhu7oog8kgnay7",2025,2,REG,ATL,MIN,0,0,0,0,0,0,0,0,0,0,0,0,,,0,,0,0,0,0,0,0,,0,0,0,0,0,0,0,0,0,0,,0,,0.0,0.0,0.0,0,0,0,2,0,0,0,0.5,4.5,1,0,0,0,0,0,0,0,0,0,0,0,0,0,0,0,0,0,0,0,0,0,0,,,0,0,0,0,0,0,0,0,0,0,0,0,,,,0,0,0,0,0,0,0,,0,0,0,0,0,0.0,0.0
00-0029604,K.Cousins,Kirk Cousins,QB,QB,"https://static.www.nfl.com/image/upload/f_auto,q_auto/league/hmdqr7gju0dciapvdjcv",2025,3,REG,ATL,CAR,5,7,29,0,0,0,0,0,0,10,19,1,-3.043475183425471,-8.271948780332293,0,2.9,0,0,0,0,0,0,,0,0,0,0,0,0,0,0,0,0,,0,,0.0,0.0,0.0,0,0,0,0,0,0,0,0.0,0.0,0,0,0,0,0,0,0,0,0,0,0,0,0,0,0,0,0,0,0,0,0,0,0,,,0,0,0,0,0,0,0,0,0,0,0,0,,,,0,0,0,0,0,0,0,,0,0,0,0,0,1.16,1.16
00-0032065,B.Pinion,Bradley Pinion,P,SPEC,"https://static.www.nfl.com/image/upload/f_auto,q_auto/league/g6zs1z59umevxxtqc35z",2025,3,REG,ATL,CAR,0,0,0,0,0,0,0,0,0,0,0,0,,,0,,0,0,0,0,0,0,,0,0,0,0,0,0,0,0,0,0,,0,,0.0,0.0,0.0,0,0,0,0,0,0,0,0.0,0.0,0,0,0,0,0,0,0,0,0,0,0,0,0,0,0,0,0,0,0,0,0,0,0,,,0,0,0,0,0,0,0,0,0,0,0,0,,,,0,0,0,0,0,0,0,,0,0,0,0,0,0.0,0.0
00-0033051,D.Onyemata,David Onyemata,DT,DL,"https://static.www.nfl.com/image/upload/f_auto,q_auto/league/zzqx9ig8ltlva2uo0cgd",2025,3,REG,ATL,CAR,0,0,0,0,0,0,0,0,0,0,0,0,,,0,,0,0,0,0,0,0,,0,0,0,0,0,0,0,0,0,0,,0,,0.0,0.0,0.0,0,1,0,3,0,0,0,0.0,0.0,0,0,0,0,0,0,0,0,0,0,0,0,0,0,0,0,0,0,0,0,0,0,0,,,0,0,0,0,0,0,0,0,0,0,0,0,,,,0,0,0,0,0,0,0,,0,0,0,0,0,0.0,0.0
00-0033072,L.Floyd,Leonard Floyd,DE,DL,"https://static.www.nfl.com/image/upload/f_auto,q_auto/league/hmojdd6skft3sfhs59ma",2025,3,REG,ATL,CAR,0,0,0,0,0,0,0,0,0,0,0,0,,,0,,0,0,0,0,0,0,,0,0,0,0,0,0,0,0,0,0,,0,,0.0,0.0,0.0,0,0,0,0,0,0,0,0.0,0.0,1,0,0,0,0,0,0,0,0,0,0,0,0,0,0,0,0,0,0,0,0,0,0,,,0,0,0,0,0,0,0,0,0,0,0,0,,,,0,0,0,0,0,0,0,,0,0,0,0,0,0.0,0.0
00-0034407,R.McCloud,Ray-Ray McCloud,WR,WR,"https://static.www.nfl.com/image/upload/f_auto,q_auto/league/nvwn3sdihyyd2itjt7vy",2025,3,REG,ATL,CAR,0,0,0,0,0,0,0,0,0,0,0,0,,,0,,0,0,0,0,0,0,,0,2,5,20,0,0,0,33,22,1,-8.997106627561152,0,0.6060606060606061,0.12195121951219512,0.10784313725490197,0.25841702534672406,0,1,0,0,0,0,0,0.0,0.0,0,0,0,0,0,0,0,0,0,0,0,0,0,0,0,2,0,2,32,0,0,0,0,,,0,0,0,0,0,0,0,0,0,0,0,0,,,,0,0,0,0,0,0,0,,0,0,0,0,0,2.0,4.0
00-0034675,J.Bates,Jessie Bates,FS,DB,"https://static.www.nfl.com/image/upload/f_auto,q_auto/league/ypv1sfm8zjghyzvmx0a1",2025,3,REG,ATL,CAR,0,0,0,0,0,0,0,0,0,0,0,0,,,0,,0,0,0,0,0,0,,0,0,0,0,0,0,0,0,0,0,,0,,0.0,0.0,0.0,0,3,0,4,0,0,0,0.0,0.0,1,0,0,0,0,0,0,0,0,0,0,0,0,0,0,0,0,0,0,0,0,0,0,,,0,0,0,0,0,0,0,0,0,0,0,0,,,,0,0,0,0,0,0,0,,0,0,0,0,0,0.0,0.0
00-0034843,M.Hughes,Mike Hughes,CB,DB,"https://static.www.nfl.com/image/upload/f_auto,q_auto/league/fzxie6iznr3i8qc2pmnv",2025,3,REG,ATL,CAR,0,0,0,0,0,0,0,0,0,0,0,0,,,0,,0,0,0,0,0,0,,0,0,0,0,0,0,0,0,0,0,,0,,0.0,0.0,0.0,0,1,0,2,0,0,0,0.0,0.0,0,0,0,0,0,0,0,0,0,0,0,0,0,0,0,0,0,0,0,0,0,0,0,,,0,0,0,0,0,0,0,0,0,0,0,0,,,,0,0,0,0,0,0,0,,0,0,0,0,0,0.0,0.0
00-0035316,K.Elliss,Kaden Elliss,LB,LB,"https://static.www.nfl.com/image/upload/f_auto,q_auto/league/b7jmlakbznkeusvsztgo",2025,3,REG,ATL,CAR,0,0,0,0,0,0,0,0,0,0,0,0,,,0,,0,0,0,0,0,0,,0,0,0,0,0,0,0,0,0,0,,0,,0.0,0.0,0.0,0,4,1,4,3,9,0,1.0,7.0,1,0,0,0,0,0,0,0,0,0,0,0,0,0,0,0,0,0,0,0,0,0,0,,,0,0,0,0,0,0,0,0,0,0,0,0,,,,0,0,0,0,0,0,0,,0,0,0,0,0,0.0,0.0
00-0035359,D.Sills,David Sills,WR,WR,"https://static.www.nfl.com/image/upload/f_auto,q_auto/league/b0vacwlg3vcau2vzg3ry",2025,3,REG,ATL,CAR,0,0,0,0,0,0,0,0,0,0,0,0,,,0,,0,0,0,0,0,0,,0,1,2,9,0,0,0,36,3,0,0.26636823709122837,0,0.25,0.04878048780487805,0.11764705882352941,0.15552367288378766,0,0,0,0,0,0,0,0.0,0.0,0,0,0,0,0,0,0,0,0,0,0,0,0,0,0,0,0,0,0,0,0,0,0,,,0,0,0,0,0,0,0,0,0,0,0,0,,,,0,0,0,0,0,0,0,,0,0,0,0,0,0.9,1.9
00-0036204,L.London,LaCale London,DT,DL,"https://static.www.nfl.com/image/upload/f_auto,q_auto/league/cbkqmopy7d6b20m7nu2d",2025,3,REG,ATL,CAR,0,0,0,0,0,0,0,0,0,0,0,0,,,0,,0,0,0,0,0,0,,0,0,0,0,0,0,0,0,0,0,,0,,0.0,0.0,0.0,0,3,0,0,1,1,0,0.0,0.0,0,0,0,0,0,0,0,0,0,0,0,0,0,0,0,0,0,0,0,0,0,0,0,,,0,0,0,0,0,0,0,0,0,0,0,0,,,,0,0,0,0,0,0,0,,0,0,0,0,0,0.0,0.0
00-0036309,D.Mooney,Darnell Mooney,WR,WR,"https://static.www.nfl.com/image/upload/f_auto,q_auto/league/eaejonwaflt9drrs9ika",2025,3,REG,ATL,CAR,0,0,0,0,0,0,0,0,0,0,0,0,,,0,,0,0,0,0,0,0,,0,4,11,44,0,0,0,125,9,3,-5.930387571187582,0,0.352,0.2682926829268293,0.4084967320261438,0.6883867368085446,0,0,0,0,0,0,0,0.0,0.0,0,0,0,0,0,0,0,0,0,0,0,0,0,0,0,0,0,0,0,0,0,0,0,,,0,0,0,0,0,0,0,0,0,0,0,0,,,,0,0,0,0,0,0,0,,0,0,0,0,0,4.4,8.4
00-0036429,C.Woerner,Charlie Woerner,TE,TE,"https://static.www.nfl.com/image/upload/f_auto,q_auto/league/tflwxcx2ohrc6e8j0n5a",2025,3,REG,ATL,CAR,0,0,0,0,0,0,0,0,0,0,0,0,,,0,,0,0,0,0,0,0,,0,1,1,-5,0,0,0,-5,0,0,-1.7551017821533605,0,0.0,0.024390243902439025,-0.016339869281045753,0.025147457356926514,0,0,0,0,0,0,0,0.0,0.0,0,0,0,0,0,0,0,0,0,0,0,0,0,0,0,0,0,0,0,0,0,0,0,,,0,0,0,0,0,0,0,0,0,0,0,0,,,,0,0,0,0,0,0,0,,0,0,0,0,0,-0.5,0.5
00-0036970,K.Pitts,Kyle Pitts,TE,TE,"https://static.www.nfl.com/image/upload/f_auto,q_auto/league/tbec213me3pszzszecqo",2025,3,REG,ATL,CAR,0,0,0,0,0,0,0,0,0,0,0,0,,,0,,0,0,0,0,0,0,,0,4,6,39,0,0,0,38,25,2,-1.1316511434852146,0,1.0263157894736843,0.14634146341463414,0.12418300653594772,0.3064402996971146,0,0,0,0,0,0,0,0.0,0.0,0,0,0,0,0,0,0,0,0,0,0,0,0,0,0,0,0,0,0,0,0,0,0,,,0,0,0,0,0,0,0,0,0,0,0,0,,,,0,0,0,0,0,0,0,,0,0,0,0,0,3.9000000000000004,7.9
00-0036990,D.Deablo,Divine Deablo,LB,LB,"https://static.www.nfl.com/image/upload/f_auto,q_auto/league/btw2sohcblkqvpsrctio",2025,3,REG,ATL,CAR,0,0,0,0,0,0,0,0,0,0,0,0,,,0,,0,0,0,0,0,0,,0,0,0,0,0,0,0,0,0,0,,0,,0.0,0.0,0.0,0,2,0,1,0,0,0,0.0,0.0,0,0,0,0,0,0,0,0,0,0,0,0,0,0,0,0,0,0,0,0,0,0,0,,,0,0,0,0,0,0,0,0,0,0,0,0,,,,0,0,0,0,0,0,0,,0,0,0,0,0,0.0,0.0
00-0037034,D.Alford,Dee Alford,CB,DB,"https://static.www.nfl.com/image/upload/f_auto,q_auto/league/ekj8kwdcwmajijqt1ce2",2025,3,REG,ATL,CAR,0,0,0,0,0,0,0,0,0,0,0,0,,,0,,0,0,0,0,0,0,,0,0,0,0,0,0,0,0,0,0,,0,,0.0,0.0,0.0,0,2,0,1,0,0,0,0.0,0.0,0,0,0,2,0,0,0,0,0,0,0,0,0,1,13,0,0,0,0,0,0,0,0,,,0,0,0,0,0,0,0,0,0,0,0,0,,,,0,0,0,0,0,0,0,,0,0,0,0,0,0.0,0.0
00-0037238,D.London,Drake London,WR,WR,"https://static.www.nfl.com/image/upload/f_auto,q_auto/league/np91pvk7mczra1iyjkmo",2025,3,REG,ATL,CAR,0,0,0,0,0,0,0,0,0,0,0,0,,,0,,0,0,0,0,0,0,,0,5,8,55,0,0,0,101,14,3,2.6439829976187657,0,0.5445544554455446,0.1951219512195122,0.3300653594771242,0.5237286784632552,0,0,0,0,0,0,0,0.0,0.0,0,0,0,0,0,0,0,0,0,0,0,0,0,0,0,0,0,0,0,0,0,0,0,,,0,0,0,0,0,0,0,0,0,0,0,0,,,,0,0,0,0,0,0,0,,0,0,0,0,0,5.5,10.5
00-0037263,T.Allgeier,Tyler Allgeier,RB,RB,"https://static.www.nfl.com/image/upload/f_auto,q_auto/league/buwaomfsz4y6orgb0cyg",2025,3,REG,ATL,CAR,0,0,0,0,0,0,0,0,0,0,0,0,,,0,,1,4,0,0,0,0,-0.10957707744091749,0,1,2,0,0,0,0,-5,0,0,-1.2800229208078235,0,-0.0,0.04878048780487805,-0.016339869281045753,0.061732823210585056,0,0,0,0,0,0,0,0.0,0.0,0,0,0,0,0,0,0,0,0,0,0,0,0,0,0,0,0,0,0,0,0,0,0,,,0,0,0,0,0,0,0,0,0,0,0,0,,,,0,0,0,0,0,0,0,,0,0,0,0,0,0.4,1.4
00-0037542,J.Romo,John Parker Romo,K,SPEC,"https://static.www.nfl.com/image/upload/f_auto,q_auto/league/pgbqca2tf4hcq4vxv13m",2025,3,REG,ATL,CAR,0,0,0,0,0,0,0,0,0,0,0,0,,,0,,0,0,0,0,0,0,,0,0,0,0,0,0,0,0,0,0,,0,,0.0,0.0,0.0,0,0,0,0,0,0,0,0.0,0.0,0,0,0,0,0,0,0,0,0,0,0,0,0,0,0,0,0,0,0,0,2,2,0,,0.0,0,0,0,0,0,0,0,0,0,1,1,0,,49;55,,0,104,0,0,0,0,0,,0,0,0,0,0,0.0,0.0
00-0037808,D.Malone,DeAngelo Malone,LB,LB,"https://static.www.nfl.com/image/upload/f_auto,q_auto/league/yywbozwgj0uqnexmdaex",2025,3,REG,ATL,CAR,0,0,0,0,0,0,0,0,0,0,0,0,,,0,,0,0,0,0,0,0,,0,0,0,0,0,0,0,0,0,0,,0,,0.0,0.0,0.0,0,0,0,1,0,0,0,0.0,0.0,0,0,0,0,0,0,0,0,0,0,0,0,0,0,0,0,0,0,0,0,0,0,0,,,0,0,0,0,0,0,0,0,0,0,0,0,,,,0,0,0,0,0,0,0,,0,0,0,0,0,0.0,0.0
00-0038116,A.Ebiketie,Arnold Ebiketie,LB,LB,"https://static.www.nfl.com/image/upload/f_auto,q_auto/league/w5sjq8cj5tdar5ttlll7",2025,3,REG,ATL,CAR,0,0,0,0,0,0,0,0,0,0,0,0,,,0,,0,0,0,0,0,0,,0,0,0,0,0,0,0,0,0,0,,0,,0.0,0.0,0.0,0,1,0,1,0,0,0,0.0,0.0,0,0,0,0,0,0,0,0,0,0,0,0,0,0,0,0,0,0,0,0,0,0,0,,,0,0,0,0,0,0,0,0,0,0,0,0,,,,0,0,0,0,0,0,0,,0,0,0,0,0,0.0,0.0
00-0038542,B.Robinson,Bijan Robinson,RB,RB,"https://static.www.nfl.com/image/upload/f_auto,q_auto/league/rjaf9auhx3lrktzgwpfb",2025,3,REG,ATL,CAR,0,0,0,0,0,0,0,0,0,0,0,0,,,0,,13,72,0,0,0,4,0.9967624293640256,0,5,6,39,0,0,0,-4,38,2,-4.266911805374548,0,-9.75,0.14634146341463414,-0.013071895424836602,0.21036186832456558,0,0,0,0,0,0,0,0.0,0.0,0,0,0,0,0,0,0,0,0,0,0,0,0,0,0,0,0,0,0,0,0,0,0,,,0,0,0,0,0,0,0,0,0,0,0,0,,,,0,0,0,0,0,0,0,,0,0,0,0,0,11.100000000000001,16.1
00-0038628,D.Hellams,DeMarcco Hellams,SAF,DB,"https://static.www.nfl.com/image/upload/f_auto,q_auto/league/sgwgvm0vfhjzx2skseii",2025,3,REG,ATL,CAR,0,0,0,0,0,0,0,0,0,0,0,0,,,0,,0,0,0,0,0,0,,0,0,0,0,0,0,0,0,0,0,,0,,0.0,0.0,0.0,0,0,0,1,0,0,0,0.0,0.0,0,0,0,0,0,0,0,0,0,0,1,1,0,0,0,0,0,0,0,0,0,0,0,,,0,0,0,0,0,0,0,0,0,0,0,0,,,,0,0,0,0,0,0,0,,0,0,0,0,0,0.0,0.0
00-0038966,N.Brooks,Natrone Brooks,CB,DB,"https://static.www.nfl.com/image/upload/f_auto,q_auto/league/oyyrzk7ofcuyu7bdxshe",2025,3,REG,ATL,CAR,0,0,0,0,0,0,0,0,0,0,0,0,,,0,,0,0,0,0,0,0,,0,0,0,0,0,0,0,0,0,0,,0,,0.0,0.0,0.0,0,0,0,0,0,0,0,0.0,0.0,0,0,0,0,0,0,0,0,0,0,0,0,0,0,0,0,0,2,27,0,0,0,0,,,0,0,0,0,0,0,0,0,0,0,0,0,,,,0,0,0,0,0,0,0,,0,0,0,0,0,0.0,0.0
00-0038980,Z.Harrison,Zach Harrison,DE,DL,"https://static.www.nfl.com/image/upload/f_auto,q_auto/league/ufhdwcktmkeamlzdcuvg",2025,3,REG,ATL,CAR,0,0,0,0,0,0,0,0,0,0,0,0,,,0,,0,0,0,0,0,0,,0,0,0,0,0,0,0,0,0,0,,0,,0.0,0.0,0.0,0,2,0,1,0,0,0,0.0,0.0,0,0,0,0,0,0,0,0,0,0,0,0,0,0,0,0,0,0,0,0,0,0,0,,,0,0,0,0,0,0,0,0,0,0,0,0,,,,0,0,0,0,0,0,0,,0,0,0,0,0,0.0,0.0
00-0039370,J.Bertrand,JD Bertrand,LB,LB,"https://static.www.nfl.com/image/upload/f_auto,q_auto/league/aiooxohsxjemnkgprgqi",2025,3,REG,ATL,CAR,0,0,0,0,0,0,0,0,0,0,0,0,,,0,,0,0,0,0,0,0,,0,0,0,0,0,0,0,0,0,0,,0,,0.0,0.0,0.0,0,0,0,1,0,0,0,0.0,0.0,0,0,0,0,0,0,0,0,0,0,0,0,0,0,0,0,0,0,0,0,0,0,0,,,0,0,0,0,0,0,0,0,0,0,0,0,,,,0,0,0,0,0,0,0,,0,0,0,0,0,0.0,0.0
00-0039733,R.Orhorhoro,Ruke Orhorhoro,DT,DL,"https://static.www.nfl.com/image/upload/f_auto,q_auto/league/erx6ismqu4gmu2dy6hq2",2025,3,REG,ATL,CAR,0,0,0,0,0,0,0,0,0,0,0,0,,,0,,0,0,0,0,0,0,,0,0,0,0,0,0,0,0,0,0,,0,,0.0,0.0,0.0,0,0,0,1,0,0,0,0.0,0.0,0,0,0,0,0,0,0,0,0,0,0,0,0,0,0,0,0,0,0,0,0,0,0,,,0,0,0,0,0,0,0,0,0,0,0,0,,,,0,0,0,0,0,0,0,,0,0,0,0,0,0.0,0.0
00-0039859,B.Dorlus,Brandon Dorlus,DE,DL,"https://static.www.nfl.com/image/upload/f_auto,q_auto/league/dl97qpbtsjpwrpuhfa9g",2025,3,REG,ATL,CAR,0,0,0,0,0,0,0,0,0,0,0,0,,,0,,0,0,0,0,0,0,,0,0,0,0,0,0,0,0,0,0,,0,,0.0,0.0,0.0,0,1,0,0,0,0,0,0.0,0.0,0,0,0,0,0,0,0,0,0,0,0,0,0,0,0,0,0,0,0,0,0,0,0,,,0,0,0,0,0,0,0,0,0,0,0,0,,,,0,0,0,0,0,0,0,,0,0,0,0,0,0.0,0.0
00-0039917,M.Penix,Michael Penix Jr.,QB,QB,"https://static.www.nfl.com/image/upload/f_auto,q_auto/league/azvyjzp2sa8cnljbp3i7",2025,3,REG,ATL,CAR,18,36,172,0,2,0,0,0,0,296,92,10,-18.804658700747623,-12.546850390294018,0,0.581081081081081,2,9,0,0,0,0,-0.6872316775843501,0,0,0,0,0,0,0,0,0,0,,0,,0.0,0.0,0.0,0,0,0,0,0,0,0,0.0,0.0,0,0,0,0,0,0,0,0,0,0,0,0,0,0,0,0,0,0,0,0,0,0,0,,,0,0,0,0,0,0,0,0,0,0,0,0,,,,0,0,0,0,0,0,0,,0,0,0,0,0,3.78,3.78
00-0040148,X.Watts,Xavier Watts,SAF,DB,"https://static.www.nfl.com/image/upload/f_auto,q_auto/league/e0eyuvs0sknx8xytwbcm",2025,3,REG,ATL,CAR,0,0,0,0,0,0,0,0,0,0,0,0,,,0,,0,0,0,0,0,0,,0,0,0,0,0,0,0,0,0,0,,0,,0.0,0.0,0.0,0,7,1,1,0,0,0,0.0,0.0,0,0,0,0,0,0,0,0,0,0,0,0,0,0,0,0,0,0,0,0,0,0,0,,,0,0,0,0,0,0,0,0,0,0,0,0,,,,0,0,0,0,0,0,0,,0,0,0,0,0,0.0,0.0
00-0040156,B.Bowman,Billy Bowman Jr.,SAF,DB,"https://static.www.nfl.com/image/upload/f_auto,q_auto/league/dsgmlgxhg7smwfepuscl",2025,3,REG,ATL,CAR,0,0,0,0,0,0,0,0,0,0,0,0,,,0,,0,0,0,0,0,0,,0,0,0,0,0,0,0,0,0,0,,0,,0.0,0.0,0.0,0,3,0,1,0,0,0,0.0,0.0,0,0,0,0,0,0,0,0,0,0,0,0,0,0,0,0,0,0,0,0,0,0,0,,,0,0,0,0,0,0,0,0,0,0,0,0,,,,0,0,0,0,0,0,0,,0,0,0,0,0,0.0,0.0
00-0040547,N.Carter,Nate Carter,RB,RB,"https://static.www.nfl.com/image/upload/f_auto,q_auto/league/eosjwyv1vlsfkztvgtnd",2025,3,REG,ATL,CAR,0,0,0,0,0,0,0,0,0,0,0,0,,,0,,7,47,0,1,1,2,-0.7324323034845293,0,0,0,0,0,0,0,0,0,0,,0,,0.0,0.0,0.0,0,0,0,0,0,0,0,0.0,0.0,0,0,0,0,0,0,0,0,0,0,0,0,0,0,0,0,0,1,-1,0,0,0,0,,,0,0,0,0,0,0,0,0,0,0,0,0,,,,0,0,0,0,0,0,0,,0,0,0,0,0,2.7,2.7
00-0040577,J.Walker,Jalon Walker,DE,DL,"https://static.www.nfl.com/image/upload/f_auto,q_auto/league/hfon24jti4vkgmvkbiqd",2025,3,REG,ATL,CAR,0,0,0,0,0,0,0,0,0,0,0,0,,,0,,0,0,0,0,0,0,,0,0,0,0,0,0,0,0,0,0,,0,,0.0,0.0,0.0,0,2,0,1,0,0,0,0.0,0.0,0,0,0,0,0,0,0,0,0,0,0,0,0,1,5,0,0,0,0,0,0,0,0,,,0,0,0,0,0,0,0,0,0,0,0,0,,,,0,0,0,0,0,0,0,,0,0,0,0,0,0.0,0.0
