player_id,player_name,player_display_name,position,position_group,headshot_url,season,week,season_type,team,opponent_team,completions,attempts,passing_yards,passing_tds,passing_interceptions,sacks_suffered,sack_yards_lost,sack_fumbles,sack_fumbles_lost,passing_air_yards,passing_yards_after_catch,passing_first_downs,passing_epa,passing_cpoe,passing_2pt_conversions,pacr,carries,rushing_yards,rushing_tds,rushing_fumbles,rushing_fumbles_lost,rushing_first_downs,rushing_epa,rushing_2pt_conversions,receptions,targets,receiving_yards,receiving_tds,receiving_fumbles,receiving_fumbles_lost,receiving_air_yards,receiving_yards_after_catch,receiving_first_downs,receiving_epa,receiving_2pt_conversions,racr,target_share,air_yards_share,wopr,special_teams_tds,def_tackles_solo,def_tackles_with_assist,def_tackle_assists,def_tackles_for_loss,def_tackles_for_loss_yards,def_fumbles_forced,def_sacks,def_sack_yards,def_qb_hits,def_interceptions,def_interception_yards,def_pass_defended,def_tds,def_fumbles,def_safeties,misc_yards,fumble_recovery_own,fumble_recovery_yards_own,fumble_recovery_opp,fumble_recovery_yards_opp,fumble_recovery_tds,penalties,penalty_yards,punt_returns,punt_return_yards,kickoff_returns,kickoff_return_yards,fg_made,fg_att,fg_missed,fg_blocked,fg_long,fg_pct,fg_made_0_19,fg_made_20_29,fg_made_30_39,fg_made_40_49,fg_made_50_59,fg_made_60_,fg_missed_0_19,fg_missed_20_29,fg_missed_30_39,fg_missed_40_49,fg_missed_50_59,fg_missed_60_,fg_made_list,fg_missed_list,fg_blocked_list,fg_made_distance,fg_missed_distance,fg_blocked_distance,pat_made,pat_att,pat_missed,pat_blocked,pat_pct,gwfg_made,gwfg_att,gwfg_missed,gwfg_blocked,gwfg_distance,fantasy_points,fantasy_points_ppr
00-0026190,C.Campbell,Calais Campbell,DE,DL,"https://static.www.nfl.com/image/upload/f_auto,q_auto/league/juvpepl8uc1p9rs7upsf",2025,1,REG,ARI,NO,0,0,0,0,0,0,0,0,0,0,0,0,,,0,,0,0,0,0,0,0,,0,0,0,0,0,0,0,0,0,0,,0,,0.0,0.0,0.0,0,3,0,2,0,0,0,0.0,0.0,0,0,0,0,0,0,0,0,0,0,0,0,0,0,0,0,0,0,0,0,0,0,0,,,0,0,0,0,0,0,0,0,0,0,0,0,,,,0,0,0,0,0,0,0,,0,0,0,0,0,0.0,0.0
00-0033553,J.Conner,James Conner,RB,RB,"https://static.www.nfl.com/image/upload/f_auto,q_auto/league/g5yjordcmt76j0saytzb",2025,1,REG,ARI,NO,0,0,0,0,0,0,0,0,0,0,0,0,,,0,,12,39,0,0,0,1,-2.8264370815013535,0,4,4,5,1,0,0,-15,20,2,0.47025403601583093,0,-0.3333333333333333,0.13793103448275862,-0.09036144578313253,0.14364353967594518,0,0,0,0,0,0,0,0.0,0.0,0,0,0,0,0,0,0,0,0,0,0,0,0,0,0,0,0,0,0,0,0,0,0,,,0,0,0,0,0,0,0,0,0,0,0,0,,,,0,0,0,0,0,0,0,,0,0,0,0,0,10.4,14.4
00-0033890,B.Baker,Budda Baker,S,DB,"https://static.www.nfl.com/image/upload/f_auto,q_auto/league/ja3tkctpkfcschgpowoe",2025,1,REG,ARI,NO,0,0,0,0,0,0,0,0,0,0,0,0,,,0,,0,0,0,0,0,0,,0,0,0,0,0,0,0,0,0,0,,0,,0.0,0.0,0.0,0,5,0,5,1,2,0,0.0,0.0,0,0,0,1,0,0,0,0,0,0,0,0,0,0,0,0,0,0,0,0,0,0,0,,,0,0,0,0,0,0,0,0,0,0,0,0,,,,0,0,0,0,0,0,0,,0,0,0,0,0,0.0,0.0
00-0033891,Z.Jones,Zay Jones,WR,WR,"https://static.www.nfl.com/image/upload/f_auto,q_auto/league/qihjjzfk0vwzoyrzztkq",2025,1,REG,ARI,NO,0,0,0,0,0,0,0,0,0,0,0,0,,,0,,0,0,0,0,0,0,,0,1,1,4,0,0,0,2,2,0,0.06692167394794524,0,2.0,0.034482758620689655,0.012048192771084338,0.06015787287079352,0,0,0,0,0,0,0,0.0,0.0,0,0,0,0,0,0,0,0,0,0,0,0,0,0,0,0,0,0,0,0,0,0,0,,,0,0,0,0,0,0,0,0,0,0,0,0,,,,0,0,0,0,0,0,0,,0,0,0,0,0,0.4,1.4
00-0034381,J.Sweat,Josh Sweat,OLB,LB,"https://static.www.nfl.com/image/upload/f_auto,q_auto/league/zryjvbggvdlringt4vcn",2025,1,REG,ARI,NO,0,0,0,0,0,0,0,0,0,0,0,0,,,0,,0,0,0,0,0,0,,0,0,0,0,0,0,0,0,0,0,,0,,0.0,0.0,0.0,0,0,0,1,0,0,0,0.0,0.0,1,0,0,0,0,0,0,0,0,0,0,0,0,0,0,0,0,0,0,0,0,0,0,,,0,0,0,0,0,0,0,0,0,0,0,0,,,,0,0,0,0,0,0,0,,0,0,0,0,0,0.0,0.0
00-0034495,Ev.Brown,Evan Brown,G,OL,"https://static.www.nfl.com/image/upload/f_auto,q_auto/league/tlw4pewhhoepd5998bg4",2025,1,REG,ARI,NO,0,0,0,0,0,0,0,0,0,0,0,0,,,0,,0,0,0,0,0,0,,0,0,0,0,0,0,0,0,0,0,,0,,0.0,0.0,0.0,0,0,0,0,0,0,0,0.0,0.0,0,0,0,0,0,0,0,0,0,0,0,0,0,2,13,0,0,0,0,0,0,0,0,,,0,0,0,0,0,0,0,0,0,0,0,0,,,,0,0,0,0,0,0,0,,0,0,0,0,0,0.0,0.0
00-0035144,Ma.Wilson,Mack Wilson,LB,LB,"https://static.www.nfl.com/image/upload/f_auto,q_auto/league/zjazfilpr7k2agiwqpxn",2025,1,REG,ARI,NO,0,0,0,0,0,0,0,0,0,0,0,0,,,0,,0,0,0,0,0,0,,0,0,0,0,0,0,0,0,0,0,,0,,0.0,0.0,0.0,0,3,1,4,1,2,0,0.0,0.0,0,0,0,1,0,0,0,0,0,0,0,0,0,0,0,0,0,0,0,0,0,0,0,,,0,0,0,0,0,0,0,0,0,0,0,0,,,,0,0,0,0,0,0,0,,0,0,0,0,0,0.0,0.0
00-0035228,K.Murray,Kyler Murray,QB,QB,"https://static.www.nfl.com/image/upload/f_auto,q_auto/league/flezsremqighwuiyu77f",2025,1,REG,ARI,NO,21,29,163,2,0,5,-33,0,0,166,100,11,1.5247993258601382,-1.733811045515126,0,0.9819277108433735,7,38,0,0,0,4,2.7410602860618383,0,0,0,0,0,0,0,0,0,0,,0,,0.0,0.0,0.0,0,0,0,0,0,0,0,0.0,0.0,0,0,0,0,0,0,0,0,0,0,0,0,0,0,0,0,0,0,0,0,0,0,0,,,0,0,0,0,0,0,0,0,0,0,0,0,,,,0,0,0,0,0,0,0,,0,0,0,0,0,18.32,18.32
00-0035258,H.Froholdt,Hjalte Froholdt,C,OL,"https://static.www.nfl.com/image/upload/f_auto,q_auto/league/w29pfmjsyr2ylmbvedol",2025,1,REG,ARI,NO,0,0,0,0,0,0,0,0,0,0,0,0,,,0,,0,0,0,0,0,0,,0,0,0,0,0,0,0,0,0,0,,0,,0.0,0.0,0.0,0,0,0,0,0,0,0,0.0,0.0,0,0,0,0,0,0,0,0,0,0,0,0,0,1,10,0,0,0,0,0,0,0,0,,,0,0,0,0,0,0,0,0,0,0,0,0,,,,0,0,0,0,0,0,0,,0,0,0,0,0,0.0,0.0
00-0035500,G.Dortch,Greg Dortch,WR,WR,"https://static.www.nfl.com/image/upload/f_auto,q_auto/league/jt4lbkjxkkrw3f644sft",2025,1,REG,ARI,NO,0,0,0,0,0,0,0,0,0,0,0,0,,,0,,0,0,0,0,0,0,,0,1,1,-2,0,0,0,-2,0,0,-1.191799800855717,0,0.0,0.034482758620689655,-0.012048192771084338,0.04329040299127544,0,0,0,1,0,0,0,0.0,0.0,0,0,0,0,0,0,0,0,0,0,0,0,0,0,0,3,30,2,44,0,0,0,0,,,0,0,0,0,0,0,0,0,0,0,0,0,,,,0,0,0,0,0,0,0,,0,0,0,0,0,-0.2,0.8
00-0035636,L.Collier,L.J. Collier,DE,DL,"https://static.www.nfl.com/image/private/f_auto,q_auto/league/i39nt3smr30rgznvlal3",2025,1,REG,ARI,NO,0,0,0,0,0,0,0,0,0,0,0,0,,,0,,0,0,0,0,0,0,,0,0,0,0,0,0,0,0,0,0,,0,,0.0,0.0,0.0,0,1,0,0,0,0,0,0.0,0.0,0,0,0,0,0,0,0,0,0,0,0,0,0,0,0,0,0,0,0,0,0,0,0,,,0,0,0,0,0,0,0,0,0,0,0,0,,,,0,0,0,0,0,0,0,,0,0,0,0,0,0.0,0.0
00-0035705,J.Thompson,Jalen Thompson,SAF,DB,"https://static.www.nfl.com/image/upload/f_auto,q_auto/league/gbb1sb2kkjlihuax2cud",2025,1,REG,ARI,NO,0,0,0,0,0,0,0,0,0,0,0,0,,,0,,0,0,0,0,0,0,,0,0,0,0,0,0,0,0,0,0,,0,,0.0,0.0,0.0,0,4,0,4,0,0,0,0.0,0.0,0,0,0,1,0,0,0,0,0,0,0,0,0,0,0,0,0,0,0,0,0,0,0,,,0,0,0,0,0,0,0,0,0,0,0,0,,,,0,0,0,0,0,0,0,,0,0,0,0,0,0.0,0.0
00-0035859,B.Gillikin,Blake Gillikin,P,SPEC,"https://static.www.nfl.com/image/upload/f_auto,q_auto/league/idkikmdoy9mz7fw2dgl0",2025,1,REG,ARI,NO,0,0,0,0,0,0,0,0,0,0,0,0,,,0,,0,0,0,0,0,0,,0,0,0,0,0,0,0,0,0,0,,0,,0.0,0.0,0.0,0,0,0,0,0,0,0,0.0,0.0,0,0,0,0,0,0,0,0,0,0,0,0,0,0,0,0,0,0,0,0,0,0,0,,,0,0,0,0,0,0,0,0,0,0,0,0,,,,0,0,0,0,0,0,0,,0,0,0,0,0,0.0,0.0
00-0036298,A.Davis-Gaither,Akeem Davis-Gaither,LB,LB,"https://static.www.nfl.com/image/upload/f_auto,q_auto/league/bh8mbyhyngomfqg3hf2a",2025,1,REG,ARI,NO,0,0,0,0,0,0,0,0,0,0,0,0,,,0,,0,0,0,0,0,0,,0,0,0,0,0,0,0,0,0,0,,0,,0.0,0.0,0.0,0,3,0,4,0,0,0,0.0,0.0,0,0,0,1,0,0,0,0,0,0,0,0,0,0,0,0,0,0,0,0,0,0,0,,,0,0,0,0,0,0,0,0,0,0,0,0,,,,0,0,0,0,0,0,0,,0,0,0,0,0,0.0,0.0
00-0036933,Z.Collins,Zaven Collins,LB,LB,"https://static.www.nfl.com/image/upload/f_auto,q_auto/league/kyzjrpamx2gfuumvpxai",2025,1,REG,ARI,NO,0,0,0,0,0,0,0,0,0,0,0,0,,,0,,0,0,0,0,0,0,,0,0,0,0,0,0,0,0,0,0,,0,,0.0,0.0,0.0,0,2,0,4,0,0,0,0.0,0.0,0,0,0,0,0,0,0,0,0,0,0,0,0,0,0,0,0,0,0,0,0,0,0,,,0,0,0,0,0,0,0,0,0,0,0,0,,,,0,0,0,0,0,0,0,,0,0,0,0,0,0.0,0.0
00-0036995,B.Browning,Baron Browning,LB,LB,"https://static.www.nfl.com/image/upload/f_auto,q_auto/league/nd86rlr1op1wgkbpfcxv",2025,1,REG,ARI,NO,0,0,0,0,0,0,0,0,0,0,0,0,,,0,,0,0,0,0,0,0,,0,0,0,0,0,0,0,0,0,0,,0,,0.0,0.0,0.0,0,1,0,3,1,6,0,1.0,6.0,1,0,0,0,0,0,0,0,0,0,0,0,0,0,0,0,0,0,0,0,0,0,0,,,0,0,0,0,0,0,0,0,0,0,0,0,,,,0,0,0,0,0,0,0,,0,0,0,0,0,0.0,0.0
00-0037744,T.McBride,Trey McBride,TE,TE,"https://static.www.nfl.com/image/upload/f_auto,q_auto/league/vd7av3vdfs6q7ncjogac",2025,1,REG,ARI,NO,0,0,0,0,0,0,0,0,0,0,0,0,,,0,,0,0,0,0,0,0,,0,6,9,61,0,0,0,35,43,4,4.361144463066012,0,1.7428571428571429,0.3103448275862069,0.21084337349397592,0.6131076028250935,0,0,0,0,0,0,0,0.0,0.0,0,0,0,0,0,0,0,0,0,0,0,0,0,0,0,0,0,0,0,0,0,0,0,,,0,0,0,0,0,0,0,0,0,0,0,0,,,,0,0,0,0,0,0,0,,0,0,0,0,0,6.1000000000000005,12.100000000000001
00-0038559,Mi.Wilson,Michael Wilson,WR,WR,"https://static.www.nfl.com/image/upload/f_auto,q_auto/league/yc8awtck004bz2a5oeb8",2025,1,REG,ARI,NO,0,0,0,0,0,0,0,0,0,0,0,0,,,0,,0,0,0,0,0,0,,0,1,4,5,0,0,0,62,2,1,-0.9667286292331392,0,0.08064516129032258,0.13793103448275862,0.37349397590361444,0.468342334856668,0,0,0,0,0,0,0,0.0,0.0,0,0,0,0,0,0,0,0,0,0,0,0,0,0,0,0,0,0,0,0,0,0,0,,,0,0,0,0,0,0,0,0,0,0,0,0,,,,0,0,0,0,0,0,0,,0,0,0,0,0,0.5,1.5
00-0038567,C.Ryland,Chad Ryland,K,SPEC,"https://static.www.nfl.com/image/upload/f_auto,q_auto/league/hqbrncv4ktphfcmkf23g",2025,1,REG,ARI,NO,0,0,0,0,0,0,0,0,0,0,0,0,,,0,,0,0,0,0,0,0,,0,0,0,0,0,0,0,0,0,0,,0,,0.0,0.0,0.0,0,0,0,0,0,0,0,0.0,0.0,0,0,0,0,0,0,0,0,0,0,0,0,0,0,0,0,0,0,0,2,3,0,1,50.0,0.6666666666666666,0,0,0,1,1,0,0,0,0,0,0,0,42;50,,46,92,0,46,2,2,0,0,1.0,0,0,0,0,0,0.0,0.0
00-0038600,O.Pappoe,Owen Pappoe,LB,LB,"https://static.www.nfl.com/image/upload/f_auto,q_auto/league/in0wnyee7iv62hkgvnhf",2025,1,REG,ARI,NO,0,0,0,0,0,0,0,0,0,0,0,0,,,0,,0,0,0,0,0,0,,0,0,0,0,0,0,0,0,0,0,,0,,0.0,0.0,0.0,0,0,0,1,0,0,0,0.0,0.0,0,0,0,0,0,0,0,0,0,0,0,0,0,0,0,0,0,0,0,0,0,0,0,,,0,0,0,0,0,0,0,0,0,0,0,0,,,,0,0,0,0,0,0,0,,0,0,0,0,0,0.0,0.0
00-0038623,D.Stills,Dante Stills,DT,DL,"https://static.www.nfl.com/image/upload/f_auto,q_auto/league/aqvvpt76ifof0r42hsgg",2025,1,REG,ARI,NO,0,0,0,0,0,0,0,0,0,0,0,0,,,0,,0,0,0,0,0,0,,0,0,0,0,0,0,0,0,0,0,,0,,0.0,0.0,0.0,0,2,0,1,0,0,0,0.0,0.0,0,0,0,0,0,0,0,0,0,0,0,0,0,0,0,0,0,0,0,0,0,0,0,,,0,0,0,0,0,0,0,0,0,0,0,0,,,,0,0,0,0,0,0,0,,0,0,0,0,0,0.0,0.0
00-0038705,E.Demercado,Emari Demercado,RB,RB,"https://static.www.nfl.com/image/upload/f_auto,q_auto/league/jasnk9akri8eghfgolsn",2025,1,REG,ARI,NO,0,0,0,0,0,0,0,0,0,0,0,0,,,0,,0,0,0,0,0,0,,0,0,0,0,0,0,0,0,0,0,,0,,0.0,0.0,0.0,0,1,0,0,0,0,0,0.0,0.0,0,0,0,0,0,0,0,0,0,0,0,0,0,0,0,0,0,1,29,0,0,0,0,,,0,0,0,0,0,0,0,0,0,0,0,0,,,,0,0,0,0,0,0,0,,0,0,0,0,0,0.0,0.0
00-0039007,G.Williams,Garrett Williams,CB,DB,"https://static.www.nfl.com/image/upload/f_auto,q_auto/league/xlczxxctbgim3ynwtsw4",2025,1,REG,ARI,NO,0,0,0,0,0,0,0,0,0,0,0,0,,,0,,0,0,0,0,0,0,,0,0,0,0,0,0,0,0,0,0,,0,,0.0,0.0,0.0,0,2,0,2,0,0,0,0.0,0.0,0,0,0,0,0,0,0,0,0,0,0,0,0,1,7,0,0,0,0,0,0,0,0,,,0,0,0,0,0,0,0,0,0,0,0,0,,,,0,0,0,0,0,0,0,,0,0,0,0,0,0.0,0.0
00-0039041,E.Higgins,Elijah Higgins,TE,TE,"https://static.www.nfl.com/image/upload/f_auto,q_auto/league/yjvdxmqromyt64w89bhq",2025,1,REG,ARI,NO,0,0,0,0,0,0,0,0,0,0,0,0,,,0,,0,0,0,0,0,0,,0,1,2,3,0,0,0,5,2,0,-1.2393684041453525,0,0.6,0.06896551724137931,0.030120481927710843,0.12453261321146655,0,0,0,1,0,0,0,0.0,0.0,0,0,0,0,0,0,0,0,0,0,0,0,0,0,0,0,0,0,0,0,0,0,0,,,0,0,0,0,0,0,0,0,0,0,0,0,,,,0,0,0,0,0,0,0,,0,0,0,0,0,0.30000000000000004,1.3
00-0039737,T.Reiman,Tip Reiman,TE,TE,"https://static.www.nfl.com/image/upload/f_auto,q_auto/league/ep1rsbi0visivscxnezd",2025,1,REG,ARI,NO,0,0,0,0,0,0,0,0,0,0,0,0,,,0,,0,0,0,0,0,0,,0,1,1,10,0,0,0,5,5,1,1.3462599092163146,0,2.0,0.034482758620689655,0.030120481927710843,0.07280847528043208,0,0,0,0,0,0,0,0.0,0.0,0,0,0,0,0,0,0,0,0,0,0,0,0,0,0,0,0,0,0,0,0,0,0,,,0,0,0,0,0,0,0,0,0,0,0,0,,,,0,0,0,0,0,0,0,,0,0,0,0,0,1.0,2.0
00-0039807,M.Melton,Max Melton,CB,DB,"https://static.www.nfl.com/image/upload/f_auto,q_auto/league/inf9atuivxldaqlq8xdi",2025,1,REG,ARI,NO,0,0,0,0,0,0,0,0,0,0,0,0,,,0,,0,0,0,0,0,0,,0,0,0,0,0,0,0,0,0,0,,0,,0.0,0.0,0.0,0,3,1,2,0,0,0,0.0,0.0,0,0,0,1,0,0,0,0,0,0,0,0,0,2,9,0,0,0,0,0,0,0,0,,,0,0,0,0,0,0,0,0,0,0,0,0,,,,0,0,0,0,0,0,0,,0,0,0,0,0,0.0,0.0
00-0039808,I.Adams,Isaiah Adams,G,OL,"https://static.www.nfl.com/image/upload/f_auto,q_auto/league/vhbpzmpvgkkun2onlp9s",2025,1,REG,ARI,NO,0,0,0,0,0,0,0,0,0,0,0,0,,,0,,0,0,0,0,0,0,,0,0,0,0,0,0,0,0,0,0,,0,,0.0,0.0,0.0,0,0,0,0,0,0,0,0.0,0.0,0,0,0,0,0,0,0,0,0,0,0,0,0,1,5,0,0,0,0,0,0,0,0,,,0,0,0,0,0,0,0,0,0,0,0,0,,,,0,0,0,0,0,0,0,,0,0,0,0,0,0.0,0.0
00-0039849,M.Harrison,Marvin Harrison Jr.,WR,WR,"https://static.www.nfl.com/image/upload/f_auto,q_auto/league/hwpoo1icpnh8emjvqaii",2025,1,REG,ARI,NO,0,0,0,0,0,0,0,0,0,0,0,0,,,0,,0,0,0,0,0,0,,0,5,6,71,1,0,0,76,18,3,5.653578745259438,0,0.9342105263157895,0.20689655172413793,0.4578313253012048,0.6308267552970502,0,0,0,0,0,0,0,0.0,0.0,0,0,0,0,0,0,0,0,0,0,0,0,0,0,0,0,0,0,0,0,0,0,0,,,0,0,0,0,0,0,0,0,0,0,0,0,,,,0,0,0,0,0,0,0,,0,0,0,0,0,13.100000000000001,18.1
00-0039854,D.Robinson,Darius Robinson,DL,DL,"https://static.www.nfl.com/image/upload/f_auto,q_auto/league/lfmoncmd0jh5hj67eola",2025,1,REG,ARI,NO,0,0,0,0,0,0,0,0,0,0,0,0,,,0,,0,0,0,0,0,0,,0,0,0,0,0,0,0,0,0,0,,0,,0.0,0.0,0.0,0,0,0,0,0,0,0,0.0,0.0,0,0,0,0,0,0,0,0,0,0,0,0,0,1,5,0,0,0,0,0,0,0,0,,,0,0,0,0,0,0,0,0,0,0,0,0,,,,0,0,0,0,0,0,0,,0,0,0,0,0,0.0,0.0
00-0039864,D.Taylor-Demerson,Dadrion Taylor-Demerson,SAF,DB,"https://static.www.nfl.com/image/upload/f_auto,q_auto/league/sowjjszg6dsa2welwenx",2025,1,REG,ARI,NO,0,0,0,0,0,0,0,0,0,0,0,0,,,0,,0,0,0,0,0,0,,0,0,0,0,0,0,0,0,0,0,,0,,0.0,0.0,0.0,0,3,0,0,0,0,0,0.0,0.0,0,0,0,2,0,0,0,0,0,0,0,0,0,0,0,0,0,0,0,0,0,0,0,,,0,0,0,0,0,0,0,0,0,0,0,0,,,,0,0,0,0,0,0,0,,0,0,0,0,0,0.0,0.0
00-0039921,T.Benson,Trey Benson,RB,RB,"https://static.www.nfl.com/image/upload/f_auto,q_auto/league/x2bxb0fd54ffwwdu5scz",2025,1,REG,ARI,NO,0,0,0,0,0,0,0,0,0,0,0,0,,,0,,8,69,0,0,0,1,1.243916598234584,0,1,1,6,0,0,0,-2,8,0,0.2773910667747259,0,-3.0,0.034482758620689655,-0.012048192771084338,0.04329040299127544,0,0,0,0,0,0,0,0.0,0.0,0,0,0,0,0,0,0,0,0,0,0,0,0,0,0,0,0,0,0,0,0,0,0,,,0,0,0,0,0,0,0,0,0,0,0,0,,,,0,0,0,0,0,0,0,,0,0,0,0,0,7.5,8.5
00-0040137,J.Burch,Jordan Burch,LB,LB,"https://static.www.nfl.com/image/upload/f_auto,q_auto/league/rli6n2wa6jzapeiffwqj",2025,1,REG,ARI,NO,0,0,0,0,0,0,0,0,0,0,0,0,,,0,,0,0,0,0,0,0,,0,0,0,0,0,0,0,0,0,0,,0,,0.0,0.0,0.0,0,1,0,1,0,0,0,0.0,0.0,0,0,0,0,0,0,0,0,0,0,0,0,0,0,0,0,0,0,0,0,0,0,0,,,0,0,0,0,0,0,0,0,0,0,0,0,,,,0,0,0,0,0,0,0,,0,0,0,0,0,0.0,0.0
00-0040645,C.Simon,Cody Simon,LB,LB,"https://static.www.nfl.com/image/upload/f_auto,q_auto/league/v9vqu3cfhinzlpsua99j",2025,1,REG,ARI,NO,0,0,0,0,0,0,0,0,0,0,0,0,,,0,,0,0,0,0,0,0,,0,0,0,0,0,0,0,0,0,0,,0,,0.0,0.0,0.0,0,1,0,0,0,0,0,0.0,0.0,0,0,0,0,0,0,0,0,0,0,0,0,0,0,0,0,0,0,0,0,0,0,0,,,0,0,0,0,0,0,0,0,0,0,0,0,,,,0,0,0,0,0,0,0,,0,0,0,0,0,0.0,0.0
00-0040751,W.Johnson,Will Johnson,CB,DB,"https://static.www.nfl.com/image/upload/f_auto,q_auto/league/qrzob3kg2nylp6hp5xhv",2025,1,REG,ARI,NO,0,0,0,0,0,0,0,0,0,0,0,0,,,0,,0,0,0,0,0,0,,0,0,0,0,0,0,0,0,0,0,,0,,0.0,0.0,0.0,0,1,0,0,0,0,0,0.0,0.0,0,0,0,3,0,0,0,0,0,0,0,0,0,0,0,0,0,0,0,0,0,0,0,,,0,0,0,0,0,0,0,0,0,0,0,0,,,,0,0,0,0,0,0,0,,0,0,0,0,0,0.0,0.0
00-0026190,C.Campbell,Calais Campbell,DE,DL,"https://static.www.nfl.com/image/upload/f_auto,q_auto/league/juvpepl8uc1p9rs7upsf",2025,2,REG,ARI,CAR,0,0,0,0,0,0,0,0,0,0,0,0,,,0,,0,0,0,0,0,0,,0,0,0,0,0,0,0,0,0,0,,0,,0.0,0.0,0.0,0,3,1,1,2,14,0,2.0,14.0,2,0,0,0,0,0,0,0,0,0,0,0,0,0,0,0,0,0,0,0,0,0,0,,,0,0,0,0,0,0,0,0,0,0,0,0,,,,0,0,0,0,0,0,0,,0,0,0,0,0,0.0,0.0
00-0033119,J.Brissett,Jacoby Brissett,QB,QB,"https://static.www.nfl.com/image/upload/f_auto,q_auto/league/rdxowm5dvpbb8p3aazbc",2025,2,REG,ARI,CAR,0,0,0,0,0,0,0,0,0,0,0,0,,,0,,1,2,0,0,0,1,2.254842479014769,0,0,0,0,0,0,0,0,0,0,,0,,0.0,0.0,0.0,0,0,0,0,0,0,0,0.0,0.0,0,0,0,0,0,0,0,0,0,0,0,0,0,0,0,0,0,0,0,0,0,0,0,,,0,0,0,0,0,0,0,0,0,0,0,0,,,,0,0,0,0,0,0,0,,0,0,0,0,0,0.2,0.2
00-0033546,D.Tomlinson,Dalvin Tomlinson,DE,DL,"https://static.www.nfl.com/image/upload/f_auto,q_auto/league/al9wtdcyop0h56lby8ba",2025,2,REG,ARI,CAR,0,0,0,0,0,0,0,0,0,0,0,0,,,0,,0,0,0,0,0,0,,0,0,0,0,0,0,0,0,0,0,,0,,0.0,0.0,0.0,0,1,0,1,1,3,0,0.0,0.0,0,0,0,0,0,0,0,0,0,0,0,0,0,0,0,0,0,0,0,0,0,0,0,,,0,0,0,0,0,0,0,0,0,0,0,0,,,,0,0,0,0,0,0,0,,0,0,0,0,0,0.0,0.0
00-0033553,J.Conner,James Conner,RB,RB,"https://static.www.nfl.com/image/upload/f_auto,q_auto/league/g5yjordcmt76j0saytzb",2025,2,REG,ARI,CAR,0,0,0,0,0,0,0,0,0,0,0,0,,,0,,11,34,1,0,0,3,-0.2358604276087135,0,1,1,18,0,0,0,0,18,1,1.8218924440443516,0,0.0,0.04,0.0,0.06,0,0,0,0,0,0,0,0.0,0.0,0,0,0,0,0,0,0,0,0,0,0,0,0,0,0,0,0,0,0,0,0,0,0,,,0,0,0,0,0,0,0,0,0,0,0,0,,,,0,0,0,0,0,0,0,,0,0,0,0,0,11.2,12.2
00-0033890,B.Baker,Budda Baker,S,DB,"https://static.www.nfl.com/image/upload/f_auto,q_auto/league/ja3tkctpkfcschgpowoe",2025,2,REG,ARI,CAR,0,0,0,0,0,0,0,0,0,0,0,0,,,0,,0,0,0,0,0,0,,0,0,0,0,0,0,0,0,0,0,,0,,0.0,0.0,0.0,0,4,0,4,0,0,0,0.0,0.0,0,0,0,0,0,0,0,0,0,0,0,0,0,0,0,0,0,0,0,0,0,0,0,,,0,0,0,0,0,0,0,0,0,0,0,0,,,,0,0,0,0,0,0,0,,0,0,0,0,0,0.0,0.0
00-0034381,J.Sweat,Josh Sweat,OLB,LB,"https://static.www.nfl.com/image/upload/f_auto,q_auto/league/zryjvbggvdlringt4vcn",2025,2,REG,ARI,CAR,0,0,0,0,0,0,0,0,0,0,0,0,,,0,,0,0,0,0,0,0,,0,0,0,0,0,0,0,0,0,0,,0,,0.0,0.0,0.0,0,3,0,0,2,13,1,1.0,11.0,1,0,0,0,0,0,0,0,0,0,0,0,0,1,15,0,0,0,0,0,0,0,0,,,0,0,0,0,0,0,0,0,0,0,0,0,,,,0,0,0,0,0,0,0,,0,0,0,0,0,0.0,0.0
00-0034495,Ev.Brown,Evan Brown,G,OL,"https://static.www.nfl.com/image/upload/f_auto,q_auto/league/tlw4pewhhoepd5998bg4",2025,2,REG,ARI,CAR,0,0,0,0,0,0,0,0,0,0,0,0,,,0,,0,0,0,0,0,0,,0,0,0,0,0,0,0,0,0,0,,0,,0.0,0.0,0.0,0,1,0,0,0,0,0,0.0,0.0,0,0,0,0,0,0,0,0,0,0,0,0,0,0,0,0,0,0,0,0,0,0,0,,,0,0,0,0,0,0,0,0,0,0,0,0,,,,0,0,0,0,0,0,0,,0,0,0,0,0,0.0,0.0
00-0035144,Ma.Wilson,Mack Wilson,LB,LB,"https://static.www.nfl.com/image/upload/f_auto,q_auto/league/zjazfilpr7k2agiwqpxn",2025,2,REG,ARI,CAR,0,0,0,0,0,0,0,0,0,0,0,0,,,0,,0,0,0,0,0,0,,0,0,0,0,0,0,0,0,0,0,,0,,0.0,0.0,0.0,0,4,0,4,0,0,0,0.0,0.0,1,0,0,1,0,0,0,0,0,0,0,0,0,0,0,0,0,0,0,0,0,0,0,,,0,0,0,0,0,0,0,0,0,0,0,0,,,,0,0,0,0,0,0,0,,0,0,0,0,0,0.0,0.0
00-0035228,K.Murray,Kyler Murray,QB,QB,"https://static.www.nfl.com/image/upload/f_auto,q_auto/league/flezsremqighwuiyu77f",2025,2,REG,ARI,CAR,17,25,220,1,1,1,-9,0,0,160,113,10,6.139767758614543,0.763731837272644,0,1.375,7,32,0,0,0,1,-1.663436288596131,0,0,0,0,0,0,0,0,0,0,,0,,0.0,0.0,0.0,0,0,0,0,0,0,0,0.0,0.0,0,0,0,0,0,0,0,0,0,0,0,0,0,0,0,0,0,0,0,0,0,0,0,,,0,0,0,0,0,0,0,0,0,0,0,0,,,,0,0,0,0,0,0,0,,0,0,0,0,0,14.0,14.0
00-0035258,H.Froholdt,Hjalte Froholdt,C,OL,"https://static.www.nfl.com/image/upload/f_auto,q_auto/league/w29pfmjsyr2ylmbvedol",2025,2,REG,ARI,CAR,0,0,0,0,0,0,0,0,0,0,0,0,,,0,,0,0,0,0,0,0,,0,0,0,0,0,0,0,0,0,0,,0,,0.0,0.0,0.0,0,0,0,0,0,0,0,0.0,0.0,0,0,0,0,0,0,0,0,0,0,0,0,0,1,15,0,0,0,0,0,0,0,0,,,0,0,0,0,0,0,0,0,0,0,0,0,,,,0,0,0,0,0,0,0,,0,0,0,0,0,0.0,0.0
00-0035500,G.Dortch,Greg Dortch,WR,WR,"https://static.www.nfl.com/image/upload/f_auto,q_auto/league/jt4lbkjxkkrw3f644sft",2025,2,REG,ARI,CAR,0,0,0,0,0,0,0,0,0,0,0,0,,,0,,0,0,0,0,0,0,,0,1,1,11,0,0,0,11,0,0,0.1687026417348534,0,1.0,0.04,0.06875,0.108125,0,0,0,0,0,0,0,0.0,0.0,0,0,0,0,0,0,0,0,0,0,0,0,0,0,0,1,29,2,44,0,0,0,0,,,0,0,0,0,0,0,0,0,0,0,0,0,,,,0,0,0,0,0,0,0,,0,0,0,0,0,1.1,2.1
00-0035629,J.Williams,Jonah Williams,OT,OL,"https://static.www.nfl.com/image/upload/f_auto,q_auto/league/ton1hb2fidrdk6zv8erf",2025,2,REG,ARI,CAR,0,0,0,0,0,0,0,0,0,0,0,0,,,0,,0,0,0,0,0,0,,0,0,0,0,0,0,0,0,0,0,,0,,0.0,0.0,0.0,0,0,0,0,0,0,0,0.0,0.0,0,0,0,0,0,0,0,0,0,0,0,0,0,1,10,0,0,0,0,0,0,0,0,,,0,0,0,0,0,0,0,0,0,0,0,0,,,,0,0,0,0,0,0,0,,0,0,0,0,0,0.0,0.0
00-0035705,J.Thompson,Jalen Thompson,SAF,DB,"https://static.www.nfl.com/image/upload/f_auto,q_auto/league/gbb1sb2kkjlihuax2cud",2025,2,REG,ARI,CAR,0,0,0,0,0,0,0,0,0,0,0,0,,,0,,0,0,0,0,0,0,,0,0,0,0,0,0,0,0,0,0,,0,,0.0,0.0,0.0,0,6,0,4,0,0,0,0.0,0.0,0,0,0,0,0,0,0,0,0,0,0,0,0,0,0,0,0,0,0,0,0,0,0,,,0,0,0,0,0,0,0,0,0,0,0,0,,,,0,0,0,0,0,0,0,,0,0,0,0,0,0.0,0.0
00-0035859,B.Gillikin,Blake Gillikin,P,SPEC,"https://static.www.nfl.com/image/upload/f_auto,q_auto/league/idkikmdoy9mz7fw2dgl0",2025,2,REG,ARI,CAR,0,0,0,0,0,0,0,0,0,0,0,0,,,0,,0,0,0,0,0,0,,0,0,0,0,0,0,0,0,0,0,,0,,0.0,0.0,0.0,0,0,0,0,0,0,0,0.0,0.0,0,0,0,0,0,0,0,0,0,0,0,0,0,0,0,0,0,0,0,0,0,0,0,,,0,0,0,0,0,0,0,0,0,0,0,0,,,,0,0,0,0,0,0,0,,0,0,0,0,0,0.0,0.0
00-0036298,A.Davis-Gaither,Akeem Davis-Gaither,LB,LB,"https://static.www.nfl.com/image/upload/f_auto,q_auto/league/bh8mbyhyngomfqg3hf2a",2025,2,REG,ARI,CAR,0,0,0,0,0,0,0,0,0,0,0,0,,,0,,0,0,0,0,0,0,,0,0,0,0,0,0,0,0,0,0,,0,,0.0,0.0,0.0,0,2,0,4,0,0,0,0.0,0.0,1,0,0,0,0,0,0,0,0,0,0,0,0,1,10,0,0,0,0,0,0,0,0,,,0,0,0,0,0,0,0,0,0,0,0,0,,,,0,0,0,0,0,0,0,,0,0,0,0,0,0.0,0.0
00-0036332,J.Deguara,Josiah Deguara,TE,TE,"https://static.www.nfl.com/image/upload/f_auto,q_auto/league/wivlyvbmlm0aogcvl2yz",2025,2,REG,ARI,CAR,0,0,0,0,0,0,0,0,0,0,0,0,,,0,,0,0,0,0,0,0,,0,0,0,0,0,0,0,0,0,0,,0,,0.0,0.0,0.0,0,1,0,0,0,0,0,0.0,0.0,0,0,0,0,0,0,0,0,0,0,0,0,0,0,0,0,0,0,0,0,0,0,0,,,0,0,0,0,0,0,0,0,0,0,0,0,,,,0,0,0,0,0,0,0,,0,0,0,0,0,0.0,0.0
00-0036933,Z.Collins,Zaven Collins,LB,LB,"https://static.www.nfl.com/image/upload/f_auto,q_auto/league/kyzjrpamx2gfuumvpxai",2025,2,REG,ARI,CAR,0,0,0,0,0,0,0,0,0,0,0,0,,,0,,0,0,0,0,0,0,,0,0,0,0,0,0,0,0,0,0,,0,,0.0,0.0,0.0,0,1,0,0,0,0,0,0.0,0.0,4,0,0,0,0,0,0,0,0,0,1,1,1,0,0,0,0,0,0,0,0,0,0,,,0,0,0,0,0,0,0,0,0,0,0,0,,,,0,0,0,0,0,0,0,,0,0,0,0,0,0.0,0.0
00-0036995,B.Browning,Baron Browning,LB,LB,"https://static.www.nfl.com/image/upload/f_auto,q_auto/league/nd86rlr1op1wgkbpfcxv",2025,2,REG,ARI,CAR,0,0,0,0,0,0,0,0,0,0,0,0,,,0,,0,0,0,0,0,0,,0,0,0,0,0,0,0,0,0,0,,0,,0.0,0.0,0.0,0,1,1,0,1,3,0,0.0,0.0,1,1,4,1,0,0,0,0,0,0,0,0,0,1,5,0,0,0,0,0,0,0,0,,,0,0,0,0,0,0,0,0,0,0,0,0,,,,0,0,0,0,0,0,0,,0,0,0,0,0,0.0,0.0
00-0037157,Z.Knight,Bam Knight,RB,RB,"https://static.www.nfl.com/image/upload/f_auto,q_auto/league/mjxnlzlnnwlfqayeybut",2025,2,REG,ARI,CAR,0,0,0,0,0,0,0,0,0,0,0,0,,,0,,0,0,0,0,0,0,,0,0,0,0,0,0,0,0,0,0,,0,,0.0,0.0,0.0,0,0,0,0,0,0,0,0.0,0.0,0,0,0,0,0,0,0,0,0,0,0,0,0,0,0,0,0,2,43,0,0,0,0,,,0,0,0,0,0,0,0,0,0,0,0,0,,,,0,0,0,0,0,0,0,,0,0,0,0,0,0.0,0.0
00-0037744,T.McBride,Trey McBride,TE,TE,"https://static.www.nfl.com/image/upload/f_auto,q_auto/league/vd7av3vdfs6q7ncjogac",2025,2,REG,ARI,CAR,0,0,0,0,0,0,0,0,0,0,0,0,,,0,,0,0,0,0,0,0,,0,6,7,78,0,0,0,62,22,4,5.331539415405132,0,1.2580645161290323,0.28,0.3875,0.69125,0,0,0,0,0,0,0,0.0,0.0,0,0,0,0,0,0,0,0,0,0,0,0,0,1,10,0,0,0,0,0,0,0,0,,,0,0,0,0,0,0,0,0,0,0,0,0,,,,0,0,0,0,0,0,0,,0,0,0,0,0,7.800000000000001,13.8
00-0038540,P.Johnson,Paris Johnson Jr.,OT,OL,"https://static.www.nfl.com/image/upload/f_auto,q_auto/league/fto9oiuqts9esmpl7dxf",2025,2,REG,ARI,CAR,0,0,0,0,0,0,0,0,0,0,0,0,,,0,,0,0,0,0,0,0,,0,0,0,0,0,0,0,0,0,0,,0,,0.0,0.0,0.0,0,0,0,0,0,0,0,0.0,0.0,0,0,0,0,0,0,0,0,0,0,0,0,0,1,5,0,0,0,0,0,0,0,0,,,0,0,0,0,0,0,0,0,0,0,0,0,,,,0,0,0,0,0,0,0,,0,0,0,0,0,0.0,0.0
00-0038559,Mi.Wilson,Michael Wilson,WR,WR,"https://static.www.nfl.com/image/upload/f_auto,q_auto/league/yc8awtck004bz2a5oeb8",2025,2,REG,ARI,CAR,0,0,0,0,0,0,0,0,0,0,0,0,,,0,,0,0,0,0,0,0,,0,1,2,11,1,0,0,43,0,1,2.888619445846416,0,0.2558139534883721,0.08,0.26875,0.308125,0,0,0,0,0,0,0,0.0,0.0,0,0,0,0,0,0,0,0,0,0,0,0,0,0,0,0,0,0,0,0,0,0,0,,,0,0,0,0,0,0,0,0,0,0,0,0,,,,0,0,0,0,0,0,0,,0,0,0,0,0,7.1,8.1
00-0038567,C.Ryland,Chad Ryland,K,SPEC,"https://static.www.nfl.com/image/upload/f_auto,q_auto/league/hqbrncv4ktphfcmkf23g",2025,2,REG,ARI,CAR,0,0,0,0,0,0,0,0,0,0,0,0,,,0,,0,0,0,0,0,0,,0,0,0,0,0,0,0,0,0,0,,0,,0.0,0.0,0.0,0,0,0,0,0,0,0,0.0,0.0,0,0,0,0,0,0,0,0,0,0,0,0,0,0,0,0,0,0,0,2,2,0,0,47.0,1.0,0,1,0,1,0,0,0,0,0,0,0,0,29;47,,,76,0,0,3,3,0,0,1.0,0,0,0,0,0,0.0,0.0
00-0038600,O.Pappoe,Owen Pappoe,LB,LB,"https://static.www.nfl.com/image/upload/f_auto,q_auto/league/in0wnyee7iv62hkgvnhf",2025,2,REG,ARI,CAR,0,0,0,0,0,0,0,0,0,0,0,0,,,0,,0,0,0,0,0,0,,0,0,0,0,0,0,0,0,0,0,,0,,0.0,0.0,0.0,0,1,0,0,0,0,0,0.0,0.0,0,0,0,0,0,0,0,0,0,0,0,0,0,0,0,0,0,0,0,0,0,0,0,,,0,0,0,0,0,0,0,0,0,0,0,0,,,,0,0,0,0,0,0,0,,0,0,0,0,0,0.0,0.0
00-0038623,D.Stills,Dante Stills,DT,DL,"https://static.www.nfl.com/image/upload/f_auto,q_auto/league/aqvvpt76ifof0r42hsgg",2025,2,REG,ARI,CAR,0,0,0,0,0,0,0,0,0,0,0,0,,,0,,0,0,0,0,0,0,,0,0,0,0,0,0,0,0,0,0,,0,,0.0,0.0,0.0,0,0,0,2,0,0,0,0.0,0.0,0,0,0,1,0,0,0,0,0,0,0,0,0,1,5,0,0,0,0,0,0,0,0,,,0,0,0,0,0,0,0,0,0,0,0,0,,,,0,0,0,0,0,0,0,,0,0,0,0,0,0.0,0.0
00-0038795,P.Mustipher,PJ Mustipher,DT,DL,"https://static.www.nfl.com/image/upload/f_auto,q_auto/league/z6ege6sbkke2esr7vx0u",2025,2,REG,ARI,CAR,0,0,0,0,0,0,0,0,0,0,0,0,,,0,,0,0,0,0,0,0,,0,0,0,0,0,0,0,0,0,0,,0,,0.0,0.0,0.0,0,1,0,2,0,0,0,0.0,0.0,0,0,0,0,0,0,0,0,0,0,0,0,0,0,0,0,0,0,0,0,0,0,0,,,0,0,0,0,0,0,0,0,0,0,0,0,,,,0,0,0,0,0,0,0,,0,0,0,0,0,0.0,0.0
00-0038984,K.Clark,Kei'Trel Clark,CB,DB,"https://static.www.nfl.com/image/upload/f_auto,q_auto/league/mcmz4ef4fvvoqapbf8rf",2025,2,REG,ARI,CAR,0,0,0,0,0,0,0,0,0,0,0,0,,,0,,0,0,0,0,0,0,,0,0,0,0,0,0,0,0,0,0,,0,,0.0,0.0,0.0,0,1,0,1,0,0,0,0.0,0.0,0,0,0,1,0,0,0,0,0,0,0,0,0,0,0,0,0,0,0,0,0,0,0,,,0,0,0,0,0,0,0,0,0,0,0,0,,,,0,0,0,0,0,0,0,,0,0,0,0,0,0.0,0.0
00-0039007,G.Williams,Garrett Williams,CB,DB,"https://static.www.nfl.com/image/upload/f_auto,q_auto/league/xlczxxctbgim3ynwtsw4",2025,2,REG,ARI,CAR,0,0,0,0,0,0,0,0,0,0,0,0,,,0,,0,0,0,0,0,0,,0,0,0,0,0,0,0,0,0,0,,0,,0.0,0.0,0.0,0,5,0,2,0,0,0,0.0,0.0,0,0,0,1,0,0,0,0,0,0,0,0,0,0,0,0,0,0,0,0,0,0,0,,,0,0,0,0,0,0,0,0,0,0,0,0,,,,0,0,0,0,0,0,0,,0,0,0,0,0,0.0,0.0
00-0039041,E.Higgins,Elijah Higgins,TE,TE,"https://static.www.nfl.com/image/upload/f_auto,q_auto/league/yjvdxmqromyt64w89bhq",2025,2,REG,ARI,CAR,0,0,0,0,0,0,0,0,0,0,0,0,,,0,,0,0,0,0,0,0,,0,2,3,45,0,0,0,15,34,2,2.7366517067421228,0,3.0,0.12,0.09375,0.24562499999999998,0,0,0,1,0,0,0,0.0,0.0,0,0,0,0,0,0,0,0,0,0,0,0,0,0,0,0,0,0,0,0,0,0,0,,,0,0,0,0,0,0,0,0,0,0,0,0,,,,0,0,0,0,0,0,0,,0,0,0,0,0,4.5,6.5
00-0039807,M.Melton,Max Melton,CB,DB,"https://static.www.nfl.com/image/upload/f_auto,q_auto/league/inf9atuivxldaqlq8xdi",2025,2,REG,ARI,CAR,0,0,0,0,0,0,0,0,0,0,0,0,,,0,,0,0,0,0,0,0,,0,0,0,0,0,0,0,0,0,0,,0,,0.0,0.0,0.0,0,2,0,0,0,0,0,0.0,0.0,0,0,0,0,0,0,0,0,0,0,0,0,0,1,5,0,0,0,0,0,0,0,0,,,0,0,0,0,0,0,0,0,0,0,0,0,,,,0,0,0,0,0,0,0,,0,0,0,0,0,0.0,0.0
00-0039808,I.Adams,Isaiah Adams,G,OL,"https://static.www.nfl.com/image/upload/f_auto,q_auto/league/vhbpzmpvgkkun2onlp9s",2025,2,REG,ARI,CAR,0,0,0,0,0,0,0,0,0,0,0,0,,,0,,0,0,0,0,0,0,,0,0,0,0,0,0,0,0,0,0,,0,,0.0,0.0,0.0,0,0,0,0,0,0,0,0.0,0.0,0,0,0,0,0,0,0,0,0,0,0,0,0,1,10,0,0,0,0,0,0,0,0,,,0,0,0,0,0,0,0,0,0,0,0,0,,,,0,0,0,0,0,0,0,,0,0,0,0,0,0.0,0.0
00-0039849,M.Harrison,Marvin Harrison Jr.,WR,WR,"https://static.www.nfl.com/image/upload/f_auto,q_auto/league/hwpoo1icpnh8emjvqaii",2025,2,REG,ARI,CAR,0,0,0,0,0,0,0,0,0,0,0,0,,,0,,0,0,0,0,0,0,,0,2,5,27,0,0,0,27,13,1,0.7324838018394075,0,1.0,0.2,0.16875,0.418125,0,0,0,0,0,0,0,0.0,0.0,0,0,0,0,0,0,0,0,0,0,0,0,0,0,0,0,0,0,0,0,0,0,0,,,0,0,0,0,0,0,0,0,0,0,0,0,,,,0,0,0,0,0,0,0,,0,0,0,0,0,2.7,4.7
00-0039854,D.Robinson,Darius Robinson,DL,DL,"https://static.www.nfl.com/image/upload/f_auto,q_auto/league/lfmoncmd0jh5hj67eola",2025,2,REG,ARI,CAR,0,0,0,0,0,0,0,0,0,0,0,0,,,0,,0,0,0,0,0,0,,0,0,0,0,0,0,0,0,0,0,,0,,0.0,0.0,0.0,0,1,0,0,0,0,0,0.0,0.0,0,0,0,0,0,0,0,0,0,0,0,0,0,0,0,0,0,0,0,0,0,0,0,,,0,0,0,0,0,0,0,0,0,0,0,0,,,,0,0,0,0,0,0,0,,0,0,0,0,0,0.0,0.0
00-0039864,D.Taylor-Demerson,Dadrion Taylor-Demerson,SAF,DB,"https://static.www.nfl.com/image/upload/f_auto,q_auto/league/sowjjszg6dsa2welwenx",2025,2,REG,ARI,CAR,0,0,0,0,0,0,0,0,0,0,0,0,,,0,,0,0,0,0,0,0,,0,0,0,0,0,0,0,0,0,0,,0,,0.0,0.0,0.0,0,1,0,3,0,0,0,0.0,0.0,0,0,0,0,0,0,0,0,0,0,0,0,0,0,0,0,0,0,0,0,0,0,0,,,0,0,0,0,0,0,0,0,0,0,0,0,,,,0,0,0,0,0,0,0,,0,0,0,0,0,0.0,0.0
00-0039921,T.Benson,Trey Benson,RB,RB,"https://static.www.nfl.com/image/upload/f_auto,q_auto/league/x2bxb0fd54ffwwdu5scz",2025,2,REG,ARI,CAR,0,0,0,0,0,0,0,0,0,0,0,0,,,0,,3,14,0,0,0,0,-0.5257814955444919,0,4,6,30,0,0,0,2,26,1,-5.27329508971081,0,15.0,0.24,0.0125,0.36874999999999997,0,0,0,0,0,0,0,0.0,0.0,0,0,0,0,0,0,0,0,0,0,0,0,0,0,0,0,0,0,0,0,0,0,0,,,0,0,0,0,0,0,0,0,0,0,0,0,,,,0,0,0,0,0,0,0,,0,0,0,0,0,4.4,8.4
00-0040137,J.Burch,Jordan Burch,LB,LB,"https://static.www.nfl.com/image/upload/f_auto,q_auto/league/rli6n2wa6jzapeiffwqj",2025,2,REG,ARI,CAR,0,0,0,0,0,0,0,0,0,0,0,0,,,0,,0,0,0,0,0,0,,0,0,0,0,0,0,0,0,0,0,,0,,0.0,0.0,0.0,0,2,0,0,0,0,0,0.0,0.0,0,0,0,0,0,0,0,0,0,0,0,0,0,0,0,0,0,0,0,0,0,0,0,,,0,0,0,0,0,0,0,0,0,0,0,0,,,,0,0,0,0,0,0,0,,0,0,0,0,0,0.0,0.0
00-0040195,D.Burke,Denzel Burke,CB,DB,"https://static.www.nfl.com/image/upload/f_auto,q_auto/league/bbw1bwj7tnuiv8vyc48b",2025,2,REG,ARI,CAR,0,0,0,0,0,0,0,0,0,0,0,0,,,0,,0,0,0,0,0,0,,0,0,0,0,0,0,0,0,0,0,,0,,0.0,0.0,0.0,0,0,0,0,0,0,0,0.0,0.0,0,0,0,3,0,0,0,0,0,0,0,0,0,2,6,0,0,0,0,0,0,0,0,,,0,0,0,0,0,0,0,0,0,0,0,0,,,,0,0,0,0,0,0,0,,0,0,0,0,0,0.0,0.0
00-0040230,K.Crawford,Kitan Crawford,SAF,DB,"https://static.www.nfl.com/image/upload/f_auto,q_auto/league/yitfnwsstvdstxcktfh6",2025,2,REG,ARI,CAR,0,0,0,0,0,0,0,0,0,0,0,0,,,0,,0,0,0,0,0,0,,0,0,0,0,0,0,0,0,0,0,,0,,0.0,0.0,0.0,0,1,0,0,0,0,0,0.0,0.0,0,0,0,0,0,0,0,0,0,0,0,0,0,0,0,0,0,0,0,0,0,0,0,,,0,0,0,0,0,0,0,0,0,0,0,0,,,,0,0,0,0,0,0,0,,0,0,0,0,0,0.0,0.0
00-0040751,W.Johnson,Will Johnson,CB,DB,"https://static.www.nfl.com/image/upload/f_auto,q_auto/league/qrzob3kg2nylp6hp5xhv",2025,2,REG,ARI,CAR,0,0,0,0,0,0,0,0,0,0,0,0,,,0,,0,0,0,0,0,0,,0,0,0,0,0,0,0,0,0,0,,0,,0.0,0.0,0.0,0,2,0,1,0,0,0,0.0,0.0,0,0,0,1,0,0,0,0,0,0,0,0,0,0,0,0,0,0,0,0,0,0,0,,,0,0,0,0,0,0,0,0,0,0,0,0,,,,0,0,0,0,0,0,0,,0,0,0,0,0,0.0,0.0
00-0026190,C.Campbell,Calais Campbell,DE,DL,"https://static.www.nfl.com/image/upload/f_auto,q_auto/league/juvpepl8uc1p9rs7upsf",2025,3,REG,ARI,SF,0,0,0,0,0,0,0,0,0,0,0,0,,,0,,0,0,0,0,0,0,,0,0,0,0,0,0,0,0,0,0,,0,,0.0,0.0,0.0,0,1,0,0,0,0,0,0.0,0.0,3,0,0,0,0,0,0,0,0,0,0,0,0,0,0,0,0,0,0,0,0,0,0,,,0,0,0,0,0,0,0,0,0,0,0,0,,,,0,0,0,0,0,0,0,,0,0,0,0,0,0.0,0.0
00-0029316,K.Beachum,Kelvin Beachum,OT,OL,"https://static.www.nfl.com/image/upload/f_auto,q_auto/league/dgul4jljoasida1h8tag",2025,3,REG,ARI,SF,0,0,0,0,0,0,0,0,0,0,0,0,,,0,,0,0,0,0,0,0,,0,0,0,0,0,0,0,0,0,0,,0,,0.0,0.0,0.0,0,0,0,0,0,0,0,0.0,0.0,0,0,0,0,0,0,0,0,0,0,0,0,0,2,10,0,0,0,0,0,0,0,0,,,0,0,0,0,0,0,0,0,0,0,0,0,,,,0,0,0,0,0,0,0,,0,0,0,0,0,0.0,0.0
00-0033546,D.Tomlinson,Dalvin Tomlinson,DE,DL,"https://static.www.nfl.com/image/upload/f_auto,q_auto/league/al9wtdcyop0h56lby8ba",2025,3,REG,ARI,SF,0,0,0,0,0,0,0,0,0,0,0,0,,,0,,0,0,0,0,0,0,,0,0,0,0,0,0,0,0,0,0,,0,,0.0,0.0,0.0,0,2,1,0,1,2,0,0.0,0.0,1,0,0,0,0,0,0,0,0,0,0,0,0,0,0,0,0,0,0,0,0,0,0,,,0,0,0,0,0,0,0,0,0,0,0,0,,,,0,0,0,0,0,0,0,,0,0,0,0,0,0.0,0.0
00-0033553,J.Conner,James Conner,RB,RB,"https://static.www.nfl.com/image/upload/f_auto,q_auto/league/g5yjordcmt76j0saytzb",2025,3,REG,ARI,SF,0,0,0,0,0,0,0,0,0,0,0,0,,,0,,9,22,0,1,0,3,0.2827554242685437,0,3,4,15,0,0,0,6,30,1,-0.05769167665857822,0,2.5,0.11764705882352941,0.03015075376884422,0.19757611587348506,0,0,0,0,0,0,0,0.0,0.0,0,0,0,0,0,0,0,0,0,0,0,0,0,0,0,0,0,0,0,0,0,0,0,,,0,0,0,0,0,0,0,0,0,0,0,0,,,,0,0,0,0,0,0,0,,0,0,0,0,0,3.7,6.7
00-0033890,B.Baker,Budda Baker,S,DB,"https://static.www.nfl.com/image/upload/f_auto,q_auto/league/ja3tkctpkfcschgpowoe",2025,3,REG,ARI,SF,0,0,0,0,0,0,0,0,0,0,0,0,,,0,,0,0,0,0,0,0,,0,0,0,0,0,0,0,0,0,0,,0,,0.0,0.0,0.0,0,3,0,3,0,0,0,0.0,0.0,0,0,0,0,0,0,0,0,0,0,0,0,0,0,0,0,0,0,0,0,0,0,0,,,0,0,0,0,0,0,0,0,0,0,0,0,,,,0,0,0,0,0,0,0,,0,0,0,0,0,0.0,0.0
00-0033891,Z.Jones,Zay Jones,WR,WR,"https://static.www.nfl.com/image/upload/f_auto,q_auto/league/qihjjzfk0vwzoyrzztkq",2025,3,REG,ARI,SF,0,0,0,0,0,0,0,0,0,0,0,0,,,0,,0,0,0,0,0,0,,0,2,3,25,0,0,0,37,5,1,1.9000546446768567,0,0.6756756756756757,0.08823529411764706,0.18592964824120603,0.2625036949453148,0,0,0,0,0,0,0,0.0,0.0,0,0,0,0,0,0,0,0,0,0,0,0,0,0,0,0,0,0,0,0,0,0,0,,,0,0,0,0,0,0,0,0,0,0,0,0,,,,0,0,0,0,0,0,0,,0,0,0,0,0,2.5,4.5
00-0034381,J.Sweat,Josh Sweat,OLB,LB,"https://static.www.nfl.com/image/upload/f_auto,q_auto/league/zryjvbggvdlringt4vcn",2025,3,REG,ARI,SF,0,0,0,0,0,0,0,0,0,0,0,0,,,0,,0,0,0,0,0,0,,0,0,0,0,0,0,0,0,0,0,,0,,0.0,0.0,0.0,0,1,0,1,1,2,0,1.0,2.0,2,0,0,0,0,0,0,0,0,0,0,0,0,0,0,0,0,0,0,0,0,0,0,,,0,0,0,0,0,0,0,0,0,0,0,0,,,,0,0,0,0,0,0,0,,0,0,0,0,0,0.0,0.0
00-0035144,Ma.Wilson,Mack Wilson,LB,LB,"https://static.www.nfl.com/image/upload/f_auto,q_auto/league/zjazfilpr7k2agiwqpxn",2025,3,REG,ARI,SF,0,0,0,0,0,0,0,0,0,0,0,0,,,0,,0,0,0,0,0,0,,0,0,0,0,0,0,0,0,0,0,,0,,0.0,0.0,0.0,0,6,0,6,1,5,0,0.0,0.0,0,0,0,2,0,0,0,0,0,0,0,0,0,0,0,0,0,0,0,0,0,0,0,,,0,0,0,0,0,0,0,0,0,0,0,0,,,,0,0,0,0,0,0,0,,0,0,0,0,0,0.0,0.0
00-0035228,K.Murray,Kyler Murray,QB,QB,"https://static.www.nfl.com/image/upload/f_auto,q_auto/league/flezsremqighwuiyu77f",2025,3,REG,ARI,SF,22,35,159,1,0,1,-5,0,0,199,92,8,-0.6223325733576581,-1.6340869314530317,0,0.7989949748743719,6,37,0,0,0,2,2.604093028290663,0,0,0,0,0,0,0,0,0,0,,0,,0.0,0.0,0.0,0,0,0,0,0,0,0,0.0,0.0,0,0,0,0,0,0,0,0,0,0,0,0,0,1,10,0,0,0,0,0,0,0,0,,,0,0,0,0,0,0,0,0,0,0,0,0,,,,0,0,0,0,0,0,0,,0,0,0,0,0,14.059999999999999,14.059999999999999
00-0035258,H.Froholdt,Hjalte Froholdt,C,OL,"https://static.www.nfl.com/image/upload/f_auto,q_auto/league/w29pfmjsyr2ylmbvedol",2025,3,REG,ARI,SF,0,0,0,0,0,0,0,0,0,0,0,0,,,0,,0,0,0,0,0,0,,0,0,0,0,0,0,0,0,0,0,,0,,0.0,0.0,0.0,0,0,0,0,0,0,0,0.0,0.0,0,0,0,0,0,0,0,0,1,1,0,0,0,0,0,0,0,0,0,0,0,0,0,,,0,0,0,0,0,0,0,0,0,0,0,0,,,,0,0,0,0,0,0,0,,0,0,0,0,0,0.0,0.0
00-0035500,G.Dortch,Greg Dortch,WR,WR,"https://static.www.nfl.com/image/upload/f_auto,q_auto/league/jt4lbkjxkkrw3f644sft",2025,3,REG,ARI,SF,0,0,0,0,0,0,0,0,0,0,0,0,,,0,,1,5,0,0,0,0,0.00960507697891444,0,2,2,3,0,0,0,-5,8,0,-1.022586150560528,0,0.0,0.058823529411764705,-0.02512562814070352,0.0706473544191546,0,0,0,0,0,0,0,0.0,0.0,0,0,0,0,0,0,0,0,0,0,0,0,0,0,0,1,8,2,58,0,0,0,0,,,0,0,0,0,0,0,0,0,0,0,0,0,,,,0,0,0,0,0,0,0,,0,0,0,0,0,0.8,2.8
00-0035705,J.Thompson,Jalen Thompson,SAF,DB,"https://static.www.nfl.com/image/upload/f_auto,q_auto/league/gbb1sb2kkjlihuax2cud",2025,3,REG,ARI,SF,0,0,0,0,0,0,0,0,0,0,0,0,,,0,,0,0,0,0,0,0,,0,0,0,0,0,0,0,0,0,0,,0,,0.0,0.0,0.0,0,4,0,2,0,0,0,0.0,0.0,0,0,0,0,0,0,0,0,0,0,0,0,0,0,0,0,0,0,0,0,0,0,0,,,0,0,0,0,0,0,0,0,0,0,0,0,,,,0,0,0,0,0,0,0,,0,0,0,0,0,0.0,0.0
00-0035859,B.Gillikin,Blake Gillikin,P,SPEC,"https://static.www.nfl.com/image/upload/f_auto,q_auto/league/idkikmdoy9mz7fw2dgl0",2025,3,REG,ARI,SF,0,0,0,0,0,0,0,0,0,0,0,0,,,0,,0,0,0,0,0,0,,0,0,0,0,0,0,0,0,0,0,,0,,0.0,0.0,0.0,0,0,0,0,0,0,0,0.0,0.0,0,0,0,0,0,0,0,0,0,0,0,0,0,0,0,0,0,0,0,0,0,0,0,,,0,0,0,0,0,0,0,0,0,0,0,0,,,,0,0,0,0,0,0,0,,0,0,0,0,0,0.0,0.0
00-0036298,A.Davis-Gaither,Akeem Davis-Gaither,LB,LB,"https://static.www.nfl.com/image/upload/f_auto,q_auto/league/bh8mbyhyngomfqg3hf2a",2025,3,REG,ARI,SF,0,0,0,0,0,0,0,0,0,0,0,0,,,0,,0,0,0,0,0,0,,0,0,0,0,0,0,0,0,0,0,,0,,0.0,0.0,0.0,0,5,0,3,0,0,0,0.0,0.0,0,0,0,0,0,0,0,0,0,0,0,0,0,0,0,0,0,0,0,0,0,0,0,,,0,0,0,0,0,0,0,0,0,0,0,0,,,,0,0,0,0,0,0,0,,0,0,0,0,0,0.0,0.0
00-0036646,S.Fehoko,Simi Fehoko,WR,WR,"https://static.www.nfl.com/image/upload/f_auto,q_auto/league/kbnk59cdzp2opegnrom8",2025,3,REG,ARI,SF,0,0,0,0,0,0,0,0,0,0,0,0,,,0,,0,0,0,0,0,0,,0,0,0,0,0,0,0,0,0,0,,0,,0.0,0.0,0.0,0,1,0,0,0,0,0,0.0,0.0,0,0,0,0,0,0,0,0,0,0,0,0,0,0,0,0,0,0,0,0,0,0,0,,,0,0,0,0,0,0,0,0,0,0,0,0,,,,0,0,0,0,0,0,0,,0,0,0,0,0,0.0,0.0
00-0036933,Z.Collins,Zaven Collins,LB,LB,"https://static.www.nfl.com/image/upload/f_auto,q_auto/league/kyzjrpamx2gfuumvpxai",2025,3,REG,ARI,SF,0,0,0,0,0,0,0,0,0,0,0,0,,,0,,0,0,0,0,0,0,,0,0,0,0,0,0,0,0,0,0,,0,,0.0,0.0,0.0,0,0,0,2,0,0,0,0.0,0.0,1,0,0,0,0,0,0,0,0,0,0,0,0,0,0,0,0,0,0,0,0,0,0,,,0,0,0,0,0,0,0,0,0,0,0,0,,,,0,0,0,0,0,0,0,,0,0,0,0,0,0.0,0.0
00-0036995,B.Browning,Baron Browning,LB,LB,"https://static.www.nfl.com/image/upload/f_auto,q_auto/league/nd86rlr1op1wgkbpfcxv",2025,3,REG,ARI,SF,0,0,0,0,0,0,0,0,0,0,0,0,,,0,,0,0,0,0,0,0,,0,0,0,0,0,0,0,0,0,0,,0,,0.0,0.0,0.0,0,0,0,1,0,0,0,0.0,0.0,1,0,0,0,0,0,0,0,0,0,0,0,0,0,0,0,0,0,0,0,0,0,0,,,0,0,0,0,0,0,0,0,0,0,0,0,,,,0,0,0,0,0,0,0,,0,0,0,0,0,0.0,0.0
00-0037744,T.McBride,Trey McBride,TE,TE,"https://static.www.nfl.com/image/upload/f_auto,q_auto/league/vd7av3vdfs6q7ncjogac",2025,3,REG,ARI,SF,0,0,0,0,0,0,0,0,0,0,0,0,,,0,,0,0,0,0,0,0,,0,5,8,43,1,0,0,50,27,2,0.6652324967435561,0,0.86,0.23529411764705882,0.25125628140703515,0.5288205734555128,0,0,0,0,0,0,0,0.0,0.0,0,0,0,0,0,0,0,0,0,0,0,0,0,0,0,0,0,0,0,0,0,0,0,,,0,0,0,0,0,0,0,0,0,0,0,0,,,,0,0,0,0,0,0,0,,0,0,0,0,0,10.3,15.3
00-0038559,Mi.Wilson,Michael Wilson,WR,WR,"https://static.www.nfl.com/image/upload/f_auto,q_auto/league/yc8awtck004bz2a5oeb8",2025,3,REG,ARI,SF,0,0,0,0,0,0,0,0,0,0,0,0,,,0,,0,0,0,0,0,0,,0,1,2,5,0,0,0,17,1,1,2.4251593907829374,0,0.29411764705882354,0.058823529411764705,0.08542713567839195,0.14803428909252142,0,0,0,0,0,0,0,0.0,0.0,0,0,0,0,0,0,0,0,0,0,0,0,0,0,0,0,0,0,0,0,0,0,0,,,0,0,0,0,0,0,0,0,0,0,0,0,,,,0,0,0,0,0,0,0,,0,0,0,0,0,0.5,1.5
00-0038567,C.Ryland,Chad Ryland,K,SPEC,"https://static.www.nfl.com/image/upload/f_auto,q_auto/league/hqbrncv4ktphfcmkf23g",2025,3,REG,ARI,SF,0,0,0,0,0,0,0,0,0,0,0,0,,,0,,0,0,0,0,0,0,,0,0,0,0,0,0,0,0,0,0,,0,,0.0,0.0,0.0,0,0,0,0,0,0,0,0.0,0.0,0,0,0,0,0,0,0,0,0,0,0,0,0,0,0,0,0,0,0,2,3,1,0,34.0,0.6666666666666666,0,1,1,0,0,0,0,0,0,0,1,0,34;28,57,,62,57,0,1,1,0,0,1.0,0,0,0,0,0,0.0,0.0
00-0038600,O.Pappoe,Owen Pappoe,LB,LB,"https://static.www.nfl.com/image/upload/f_auto,q_auto/league/in0wnyee7iv62hkgvnhf",2025,3,REG,ARI,SF,0,0,0,0,0,0,0,0,0,0,0,0,,,0,,0,0,0,0,0,0,,0,0,0,0,0,0,0,0,0,0,,0,,0.0,0.0,0.0,0,0,0,1,0,0,0,0.0,0.0,0,0,0,0,0,0,0,0,0,0,0,0,0,0,0,0,0,0,0,0,0,0,0,,,0,0,0,0,0,0,0,0,0,0,0,0,,,,0,0,0,0,0,0,0,,0,0,0,0,0,0.0,0.0
00-0038623,D.Stills,Dante Stills,DT,DL,"https://static.www.nfl.com/image/upload/f_auto,q_auto/league/aqvvpt76ifof0r42hsgg",2025,3,REG,ARI,SF,0,0,0,0,0,0,0,0,0,0,0,0,,,0,,0,0,0,0,0,0,,0,0,0,0,0,0,0,0,0,0,,0,,0.0,0.0,0.0,0,0,0,1,0,0,0,0.0,0.0,0,0,0,0,0,0,0,0,0,0,0,0,0,0,0,0,0,0,0,0,0,0,0,,,0,0,0,0,0,0,0,0,0,0,0,0,,,,0,0,0,0,0,0,0,,0,0,0,0,0,0.0,0.0
00-0038705,E.Demercado,Emari Demercado,RB,RB,"https://static.www.nfl.com/image/upload/f_auto,q_auto/league/jasnk9akri8eghfgolsn",2025,3,REG,ARI,SF,0,0,0,0,0,0,0,0,0,0,0,0,,,0,,2,0,0,0,0,0,-2.484919796232134,0,0,1,0,0,0,0,1,0,0,-1.1533774207850618,0,0.0,0.029411764705882353,0.005025125628140704,0.04763523499852202,0,0,0,0,0,0,0,0.0,0.0,0,0,0,0,0,0,0,0,0,0,0,0,0,0,0,0,0,2,57,0,0,0,0,,,0,0,0,0,0,0,0,0,0,0,0,0,,,,0,0,0,0,0,0,0,,0,0,0,0,0,0.0,0.0
00-0038795,P.Mustipher,PJ Mustipher,DT,DL,"https://static.www.nfl.com/image/upload/f_auto,q_auto/league/z6ege6sbkke2esr7vx0u",2025,3,REG,ARI,SF,0,0,0,0,0,0,0,0,0,0,0,0,,,0,,0,0,0,0,0,0,,0,0,0,0,0,0,0,0,0,0,,0,,0.0,0.0,0.0,0,1,0,0,0,0,0,0.0,0.0,0,0,0,1,0,0,0,0,0,0,0,0,0,0,0,0,0,0,0,0,0,0,0,,,0,0,0,0,0,0,0,0,0,0,0,0,,,,0,0,0,0,0,0,0,,0,0,0,0,0,0.0,0.0
00-0038984,K.Clark,Kei'Trel Clark,CB,DB,"https://static.www.nfl.com/image/upload/f_auto,q_auto/league/mcmz4ef4fvvoqapbf8rf",2025,3,REG,ARI,SF,0,0,0,0,0,0,0,0,0,0,0,0,,,0,,0,0,0,0,0,0,,0,0,0,0,0,0,0,0,0,0,,0,,0.0,0.0,0.0,0,3,0,2,0,0,0,0.0,0.0,0,0,0,0,0,0,0,0,0,0,0,0,0,0,0,0,0,0,0,0,0,0,0,,,0,0,0,0,0,0,0,0,0,0,0,0,,,,0,0,0,0,0,0,0,,0,0,0,0,0,0.0,0.0
00-0039041,E.Higgins,Elijah Higgins,TE,TE,"https://static.www.nfl.com/image/upload/f_auto,q_auto/league/yjvdxmqromyt64w89bhq",2025,3,REG,ARI,SF,0,0,0,0,0,0,0,0,0,0,0,0,,,0,,0,0,0,0,0,0,,0,1,1,7,0,0,0,5,2,1,1.0472142025828362,0,1.4,0.029411764705882353,0.02512562814070352,0.06170558675731599,0,0,0,0,0,0,0,0.0,0.0,0,0,0,0,0,0,0,0,0,0,0,0,0,0,0,0,0,0,0,0,0,0,0,,,0,0,0,0,0,0,0,0,0,0,0,0,,,,0,0,0,0,0,0,0,,0,0,0,0,0,0.7000000000000001,1.7000000000000002
00-0039737,T.Reiman,Tip Reiman,TE,TE,"https://static.www.nfl.com/image/upload/f_auto,q_auto/league/ep1rsbi0visivscxnezd",2025,3,REG,ARI,SF,0,0,0,0,0,0,0,0,0,0,0,0,,,0,,0,0,0,0,0,0,,0,2,3,8,0,0,0,12,2,0,-0.5604511072742753,0,0.6666666666666666,0.08823529411764706,0.06030150753768844,0.1745639964528525,0,0,0,0,0,0,0,0.0,0.0,0,0,0,0,0,0,0,0,0,0,0,0,0,0,0,0,0,0,0,0,0,0,0,,,0,0,0,0,0,0,0,0,0,0,0,0,,,,0,0,0,0,0,0,0,,0,0,0,0,0,0.8,2.8
00-0039783,A.Goodlow,Anthony Goodlow,DE,DL,"https://static.www.nfl.com/image/upload/f_auto,q_auto/league/t0hwhg8j0fqbmwi2i5sd",2025,3,REG,ARI,SF,0,0,0,0,0,0,0,0,0,0,0,0,,,0,,0,0,0,0,0,0,,0,0,0,0,0,0,0,0,0,0,,0,,0.0,0.0,0.0,0,0,0,1,0,0,0,0.0,0.0,0,0,0,0,0,0,0,0,0,0,0,0,0,0,0,0,0,0,0,0,0,0,0,,,0,0,0,0,0,0,0,0,0,0,0,0,,,,0,0,0,0,0,0,0,,0,0,0,0,0,0.0,0.0
00-0039807,M.Melton,Max Melton,CB,DB,"https://static.www.nfl.com/image/upload/f_auto,q_auto/league/inf9atuivxldaqlq8xdi",2025,3,REG,ARI,SF,0,0,0,0,0,0,0,0,0,0,0,0,,,0,,0,0,0,0,0,0,,0,0,0,0,0,0,0,0,0,0,,0,,0.0,0.0,0.0,0,2,0,1,0,0,0,0.0,0.0,0,0,0,0,0,0,0,0,0,0,0,0,0,0,0,0,0,0,0,0,0,0,0,,,0,0,0,0,0,0,0,0,0,0,0,0,,,,0,0,0,0,0,0,0,,0,0,0,0,0,0.0,0.0
00-0039849,M.Harrison,Marvin Harrison Jr.,WR,WR,"https://static.www.nfl.com/image/upload/f_auto,q_auto/league/hwpoo1icpnh8emjvqaii",2025,3,REG,ARI,SF,0,0,0,0,0,0,0,0,0,0,0,0,,,0,,0,0,0,0,0,0,,0,3,6,44,0,0,0,90,7,2,1.894034797907807,0,0.4888888888888889,0.17647058823529413,0.45226130653266333,0.5812887969258055,0,0,0,0,0,0,0,0.0,0.0,0,0,0,0,0,0,0,0,0,0,0,0,0,0,0,0,0,0,0,0,0,0,0,,,0,0,0,0,0,0,0,0,0,0,0,0,,,,0,0,0,0,0,0,0,,0,0,0,0,0,4.4,7.4
00-0039854,D.Robinson,Darius Robinson,DL,DL,"https://static.www.nfl.com/image/upload/f_auto,q_auto/league/lfmoncmd0jh5hj67eola",2025,3,REG,ARI,SF,0,0,0,0,0,0,0,0,0,0,0,0,,,0,,0,0,0,0,0,0,,0,0,0,0,0,0,0,0,0,0,,0,,0.0,0.0,0.0,0,1,0,0,0,0,0,0.0,0.0,0,0,0,0,0,0,0,0,0,0,0,0,0,0,0,0,0,0,0,0,0,0,0,,,0,0,0,0,0,0,0,0,0,0,0,0,,,,0,0,0,0,0,0,0,,0,0,0,0,0,0.0,0.0
00-0039864,D.Taylor-Demerson,Dadrion Taylor-Demerson,SAF,DB,"https://static.www.nfl.com/image/upload/f_auto,q_auto/league/sowjjszg6dsa2welwenx",2025,3,REG,ARI,SF,0,0,0,0,0,0,0,0,0,0,0,0,,,0,,0,0,0,0,0,0,,0,0,0,0,0,0,0,0,0,0,,0,,0.0,0.0,0.0,0,4,0,0,0,0,0,0.0,0.0,0,1,18,1,0,0,0,0,0,0,0,0,0,0,0,0,0,0,0,0,0,0,0,,,0,0,0,0,0,0,0,0,0,0,0,0,,,,0,0,0,0,0,0,0,,0,0,0,0,0,0.0,0.0
00-0039921,T.Benson,Trey Benson,RB,RB,"https://static.www.nfl.com/image/upload/f_auto,q_auto/league/x2bxb0fd54ffwwdu5scz",2025,3,REG,ARI,SF,0,0,0,0,0,0,0,0,0,0,0,0,,,0,,10,42,0,0,0,2,-0.4994977593596559,0,3,4,9,0,0,0,-12,10,0,-3.138653556167845,0,-0.75,0.11764705882352941,-0.06030150753768844,0.1342595329589122,0,0,0,0,0,0,0,0.0,0.0,0,0,0,0,0,0,0,0,0,0,0,0,0,0,0,0,0,0,0,0,0,0,0,,,0,0,0,0,0,0,0,0,0,0,0,0,,,,0,0,0,0,0,0,0,,0,0,0,0,0,5.1000000000000005,8.100000000000001
00-0040137,J.Burch,Jordan Burch,LB,LB,"https://static.www.nfl.com/image/upload/f_auto,q_auto/league/rli6n2wa6jzapeiffwqj",2025,3,REG,ARI,SF,0,0,0,0,0,0,0,0,0,0,0,0,,,0,,0,0,0,0,0,0,,0,0,0,0,0,0,0,0,0,0,,0,,0.0,0.0,0.0,0,1,0,0,0,0,0,0.0,0.0,0,0,0,0,0,0,0,0,0,0,0,0,0,0,0,0,0,0,0,0,0,0,0,,,0,0,0,0,0,0,0,0,0,0,0,0,,,,0,0,0,0,0,0,0,,0,0,0,0,0,0.0,0.0
00-0040195,D.Burke,Denzel Burke,CB,DB,"https://static.www.nfl.com/image/upload/f_auto,q_auto/league/bbw1bwj7tnuiv8vyc48b",2025,3,REG,ARI,SF,0,0,0,0,0,0,0,0,0,0,0,0,,,0,,0,0,0,0,0,0,,0,0,0,0,0,0,0,0,0,0,,0,,0.0,0.0,0.0,0,2,0,0,0,0,0,0.0,0.0,0,0,0,0,0,0,0,0,0,0,0,0,0,1,5,0,0,0,0,0,0,0,0,,,0,0,0,0,0,0,0,0,0,0,0,0,,,,0,0,0,0,0,0,0,,0,0,0,0,0,0.0,0.0
00-0040230,K.Crawford,Kitan Crawford,SAF,DB,"https://static.www.nfl.com/image/upload/f_auto,q_auto/league/yitfnwsstvdstxcktfh6",2025,3,REG,ARI,SF,0,0,0,0,0,0,0,0,0,0,0,0,,,0,,0,0,0,0,0,0,,0,0,0,0,0,0,0,0,0,0,,0,,0.0,0.0,0.0,0,1,0,1,0,0,0,0.0,0.0,0,0,0,0,0,0,0,0,0,0,0,0,0,0,0,0,0,0,0,0,0,0,0,,,0,0,0,0,0,0,0,0,0,0,0,0,,,,0,0,0,0,0,0,0,,0,0,0,0,0,0.0,0.0
00-0040645,C.Simon,Cody Simon,LB,LB,"https://static.www.nfl.com/image/upload/f_auto,q_auto/league/v9vqu3cfhinzlpsua99j",2025,3,REG,ARI,SF,0,0,0,0,0,0,0,0,0,0,0,0,,,0,,0,0,0,0,0,0,,0,0,0,0,0,0,0,0,0,0,,0,,0.0,0.0,0.0,0,0,0,2,0,0,0,0.0,0.0,0,0,0,0,0,0,0,0,0,0,0,0,0,0,0,0,0,0,0,0,0,0,0,,,0,0,0,0,0,0,0,0,0,0,0,0,,,,0,0,0,0,0,0,0,,0,0,0,0,0,0.0,0.0
