player_id,player_name,player_display_name,position,position_group,headshot_url,season,week,season_type,team,opponent_team,completions,attempts,passing_yards,passing_tds,passing_interceptions,sacks_suffered,sack_yards_lost,sack_fumbles,sack_fumbles_lost,passing_air_yards,passing_yards_after_catch,passing_first_downs,passing_epa,passing_cpoe,passing_2pt_conversions,pacr,carries,rushing_yards,rushing_tds,rushing_fumbles,rushing_fumbles_lost,rushing_first_downs,rushing_epa,rushing_2pt_conversions,receptions,targets,receiving_yards,receiving_tds,receiving_fumbles,receiving_fumbles_lost,receiving_air_yards,receiving_yards_after_catch,receiving_first_downs,receiving_epa,receiving_2pt_conversions,racr,target_share,air_yards_share,wopr,special_teams_tds,def_tackles_solo,def_tackles_with_assist,def_tackle_assists,def_tackles_for_loss,def_tackles_for_loss_yards,def_fumbles_forced,def_sacks,def_sack_yards,def_qb_hits,def_interceptions,def_interception_yards,def_pass_defended,def_tds,def_fumbles,def_safeties,misc_yards,fumble_recovery_own,fumble_recovery_yards_own,fumble_recovery_opp,fumble_recovery_yards_opp,fumble_recovery_tds,penalties,penalty_yards,punt_returns,punt_return_yards,kickoff_returns,kickoff_return_yards,fg_made,fg_att,fg_missed,fg_blocked,fg_long,fg_pct,fg_made_0_19,fg_made_20_29,fg_made_30_39,fg_made_40_49,fg_made_50_59,fg_made_60_,fg_missed_0_19,fg_missed_20_29,fg_missed_30_39,fg_missed_40_49,fg_missed_50_59,fg_missed_60_,fg_made_list,fg_missed_list,fg_blocked_list,fg_made_distance,fg_missed_distance,fg_blocked_distance,pat_made,pat_att,pat_missed,pat_blocked,pat_pct,gwfg_made,gwfg_att,gwfg_missed,gwfg_blocked,gwfg_distance,fantasy_points,fantasy_points_ppr
00-0026498,M.Stafford,Matthew Stafford,QB,QB,"https://static.www.nfl.com/image/upload/f_auto,q_auto/league/svxl2pk2cuqf26zrhii4",2025,1,REG,LA,HOU,21,29,245,1,0,3,-21,0,0,226,68,13,6.090108856966253,5.381516899381365,0,1.084070796460177,4,-2,0,1,0,1,-6.176066547748633,0,0,0,0,0,0,0,0,0,0,,0,,0.0,0.0,0.0,0,0,0,0,0,0,0,0.0,0.0,0,0,0,0,0,0,0,0,1,2,0,0,0,0,0,0,0,0,0,0,0,0,0,,,0,0,0,0,0,0,0,0,0,0,0,0,,,,0,0,0,0,0,0,0,,0,0,0,0,0,13.600000000000001,13.600000000000001
00-0031381,D.Adams,Davante Adams,WR,WR,"https://static.www.nfl.com/image/upload/f_auto,q_auto/league/qtonvcqpixixqhc6lhnc",2025,1,REG,LA,HOU,0,0,0,0,0,0,0,0,0,0,0,0,,,0,,0,0,0,0,0,0,,0,4,8,51,0,0,0,70,8,4,3.7512083055917174,0,0.7285714285714285,0.2857142857142857,0.30973451327433627,0.6453855878634639,0,0,0,0,0,0,0,0.0,0.0,0,0,0,0,0,0,0,0,0,0,0,0,0,0,0,0,0,0,0,0,0,0,0,,,0,0,0,0,0,0,0,0,0,0,0,0,,,,0,0,0,0,0,0,0,,0,0,0,0,0,5.1000000000000005,9.100000000000001
00-0033110,T.Higbee,Tyler Higbee,TE,TE,"https://static.www.nfl.com/image/upload/f_auto,q_auto/league/x1d4osiefibd04df6gow",2025,1,REG,LA,HOU,0,0,0,0,0,0,0,0,0,0,0,0,,,0,,0,0,0,0,0,0,,0,0,0,0,0,0,0,0,0,0,,0,,0.0,0.0,0.0,0,0,0,0,0,0,0,0.0,0.0,0,0,0,0,0,0,0,0,0,0,0,0,0,1,10,0,0,0,0,0,0,0,0,,,0,0,0,0,0,0,0,0,0,0,0,0,,,,0,0,0,0,0,0,0,,0,0,0,0,0,0.0,0.0
00-0033783,A.Witherspoon,Ahkello Witherspoon,CB,DB,"https://static.www.nfl.com/image/upload/f_auto,q_auto/league/ub7code8rbhomboifmob",2025,1,REG,LA,HOU,0,0,0,0,0,0,0,0,0,0,0,0,,,0,,0,0,0,0,0,0,,0,0,0,0,0,0,0,0,0,0,,0,,0.0,0.0,0.0,0,2,0,0,0,0,0,0.0,0.0,0,0,0,1,0,0,0,0,0,0,0,0,0,1,5,0,0,0,0,0,0,0,0,,,0,0,0,0,0,0,0,0,0,0,0,0,,,,0,0,0,0,0,0,0,,0,0,0,0,0,0.0,0.0
00-0034234,P.Ford,Poona Ford,DT,DL,"https://static.www.nfl.com/image/upload/f_auto,q_auto/league/z6bvartiturag8gtidcz",2025,1,REG,LA,HOU,0,0,0,0,0,0,0,0,0,0,0,0,,,0,,0,0,0,0,0,0,,0,0,0,0,0,0,0,0,0,0,,0,,0.0,0.0,0.0,0,0,0,0,0,0,0,0.0,0.0,1,0,0,0,0,0,0,0,0,0,0,0,0,0,0,0,0,0,0,0,0,0,0,,,0,0,0,0,0,0,0,0,0,0,0,0,,,,0,0,0,0,0,0,0,,0,0,0,0,0,0.0,0.0
00-0035617,T.Reeder,Troy Reeder,LB,LB,"https://static.www.nfl.com/image/upload/f_auto,q_auto/league/laiuwnorvmneuwvav61k",2025,1,REG,LA,HOU,0,0,0,0,0,0,0,0,0,0,0,0,,,0,,0,0,0,0,0,0,,0,0,0,0,0,0,0,0,0,0,,0,,0.0,0.0,0.0,0,1,0,0,0,0,0,0.0,0.0,0,0,0,0,0,0,0,0,0,0,0,0,0,1,10,0,0,0,0,0,0,0,0,,,0,0,0,0,0,0,0,0,0,0,0,0,,,,0,0,0,0,0,0,0,,0,0,0,0,0,0.0,0.0
00-0036244,C.Parkinson,Colby Parkinson,TE,TE,"https://static.www.nfl.com/image/upload/f_auto,q_auto/league/b1qzivnz0zqa8cjgah8r",2025,1,REG,LA,HOU,0,0,0,0,0,0,0,0,0,0,0,0,,,0,,0,0,0,0,0,0,,0,2,2,-6,0,1,1,0,-6,0,-6.220357841462828,0,0.0,0.07142857142857142,0.0,0.10714285714285714,0,0,0,0,0,0,0,0.0,0.0,0,0,0,0,0,0,0,0,0,0,0,0,0,0,0,0,0,0,0,0,0,0,0,,,0,0,0,0,0,0,0,0,0,0,0,0,,,,0,0,0,0,0,0,0,,0,0,0,0,0,-2.6,-0.6000000000000001
00-0036349,K.Curl,Kam Curl,SAF,DB,"https://static.www.nfl.com/image/upload/f_auto,q_auto/league/tm9ahrg1kvnyyghpj5sy",2025,1,REG,LA,HOU,0,0,0,0,0,0,0,0,0,0,0,0,,,0,,0,0,0,0,0,0,,0,0,0,0,0,0,0,0,0,0,,0,,0.0,0.0,0.0,0,7,1,2,0,0,0,0.0,0.0,0,0,0,0,0,0,0,0,0,0,0,0,0,0,0,0,0,0,0,0,0,0,0,,,0,0,0,0,0,0,0,0,0,0,0,0,,,,0,0,0,0,0,0,0,,0,0,0,0,0,0.0,0.0
00-0036849,T.Atwell,Tutu Atwell,WR,WR,"https://static.www.nfl.com/image/upload/f_auto,q_auto/league/twlslcaa7c2wblveaafu",2025,1,REG,LA,HOU,0,0,0,0,0,0,0,0,0,0,0,0,,,0,,0,0,0,0,0,0,,0,1,1,4,0,0,0,4,0,0,-0.18934263149276376,0,1.0,0.03571428571428571,0.017699115044247787,0.06596080910240201,0,0,0,0,0,0,0,0.0,0.0,0,0,0,0,0,0,0,0,0,0,0,0,0,0,0,0,0,0,0,0,0,0,0,,,0,0,0,0,0,0,0,0,0,0,0,0,,,,0,0,0,0,0,0,0,,0,0,0,0,0,0.4,1.4
00-0037587,N.Landman,Nate Landman,LB,LB,"https://static.www.nfl.com/image/upload/f_auto,q_auto/league/s9kvdztegpkmihjpwj0q",2025,1,REG,LA,HOU,0,0,0,0,0,0,0,0,0,0,0,0,,,0,,0,0,0,0,0,0,,0,0,0,0,0,0,0,0,0,0,,0,,0.0,0.0,0.0,0,6,0,4,0,0,1,0.0,0.0,1,0,0,0,0,0,0,0,0,0,0,0,0,0,0,0,0,0,0,0,0,0,0,,,0,0,0,0,0,0,0,0,0,0,0,0,,,,0,0,0,0,0,0,0,,0,0,0,0,0,0.0,0.0
00-0037839,C.Durant,Cobie Durant,CB,DB,"https://static.www.nfl.com/image/upload/f_auto,q_auto/league/vkte59jemwhdeuobis0e",2025,1,REG,LA,HOU,0,0,0,0,0,0,0,0,0,0,0,0,,,0,,0,0,0,0,0,0,,0,0,0,0,0,0,0,0,0,0,,0,,0.0,0.0,0.0,0,2,0,0,0,0,0,0.0,0.0,0,1,0,1,0,0,0,0,0,0,0,0,0,0,0,0,0,0,0,0,0,0,0,,,0,0,0,0,0,0,0,0,0,0,0,0,,,,0,0,0,0,0,0,0,,0,0,0,0,0,0.0,0.0
00-0037840,K.Williams,Kyren Williams,RB,RB,"https://static.www.nfl.com/image/upload/f_auto,q_auto/league/smsyrjrwy0lf0hu9hkvg",2025,1,REG,LA,HOU,0,0,0,0,0,0,0,0,0,0,0,0,,,0,,18,66,1,0,0,3,0.7494457498542033,0,1,2,3,0,0,0,-12,7,0,-1.1248215534724295,0,-0.25,0.07142857142857142,-0.05309734513274336,0.06997471554993678,0,0,0,0,0,0,0,0.0,0.0,0,0,0,0,0,0,0,0,0,0,0,0,0,0,0,0,0,0,0,0,0,0,0,,,0,0,0,0,0,0,0,0,0,0,0,0,,,,0,0,0,0,0,0,0,,0,0,0,0,0,12.9,13.9
00-0037841,Q.Lake,Quentin Lake,SAF,DB,"https://static.www.nfl.com/image/upload/f_auto,q_auto/league/rhyy4y6kh7kbnuglf7jp",2025,1,REG,LA,HOU,0,0,0,0,0,0,0,0,0,0,0,0,,,0,,0,0,0,0,0,0,,0,0,0,0,0,0,0,0,0,0,,0,,0.0,0.0,0.0,0,1,0,1,0,0,0,0.0,0.0,0,0,0,0,0,0,0,0,0,0,0,0,0,1,5,0,0,0,0,0,0,0,0,,,0,0,0,0,0,0,0,0,0,0,0,0,,,,0,0,0,0,0,0,0,,0,0,0,0,0,0.0,0.0
00-0038359,X.Smith,Xavier Smith,WR,WR,"https://static.www.nfl.com/image/upload/f_auto,q_auto/league/fk4gtziqefw5etqfylbe",2025,1,REG,LA,HOU,0,0,0,0,0,0,0,0,0,0,0,0,,,0,,0,0,0,0,0,0,,0,1,1,36,0,0,0,36,0,1,2.6934891070704907,0,1.0,0.03571428571428571,0.1592920353982301,0.16507585335018962,0,0,0,0,0,0,0,0.0,0.0,0,0,0,0,0,0,0,0,0,0,0,0,0,0,0,2,21,0,0,0,0,0,0,,,0,0,0,0,0,0,0,0,0,0,0,0,,,,0,0,0,0,0,0,0,,0,0,0,0,0,3.6,4.6
00-0039059,E.Evans,Ethan Evans,P,SPEC,"https://static.www.nfl.com/image/upload/f_auto,q_auto/league/xqev6nqi3dzbwf6q5xkg",2025,1,REG,LA,HOU,0,0,0,0,0,0,0,0,0,0,0,0,,,0,,0,0,0,0,0,0,,0,0,0,0,0,0,0,0,0,0,,0,,0.0,0.0,0.0,0,0,0,0,0,0,0,0.0,0.0,0,0,0,0,0,0,0,0,0,0,0,0,0,0,0,0,0,0,0,0,0,0,0,,,0,0,0,0,0,0,0,0,0,0,0,0,,,,0,0,0,0,0,0,0,,0,0,0,0,0,0.0,0.0
00-0039074,D.Allen,Davis Allen,TE,TE,"https://static.www.nfl.com/image/upload/f_auto,q_auto/league/knzujvs0ge3lozkyilsf",2025,1,REG,LA,HOU,0,0,0,0,0,0,0,0,0,0,0,0,,,0,,0,0,0,0,0,0,,0,1,2,13,1,0,0,35,0,1,0.72216375998687,0,0.37142857142857144,0.07142857142857142,0.15486725663716813,0.21554993678887482,0,0,0,0,0,0,0,0.0,0.0,0,0,0,0,0,0,0,0,0,0,0,0,0,1,10,0,0,0,0,0,0,0,0,,,0,0,0,0,0,0,0,0,0,0,0,0,,,,0,0,0,0,0,0,0,,0,0,0,0,0,7.3,8.3
00-0039075,P.Nacua,Puka Nacua,WR,WR,"https://static.www.nfl.com/image/upload/f_auto,q_auto/league/zvi4hdm6fywcekfe7ceb",2025,1,REG,LA,HOU,0,0,0,0,0,0,0,0,0,0,0,0,,,0,,1,1,0,0,0,0,-0.869297122117132,0,10,11,130,0,0,0,98,43,7,9.47001931752311,0,1.3265306122448979,0.39285714285714285,0.4336283185840708,0.8928255372945638,0,0,0,0,0,0,0,0.0,0.0,0,0,0,0,0,0,0,0,0,0,0,0,0,0,0,0,0,0,0,0,0,0,0,,,0,0,0,0,0,0,0,0,0,0,0,0,,,,0,0,0,0,0,0,0,,0,0,0,0,0,13.100000000000001,23.1
00-0039076,N.Hampton,Nick Hampton,LB,LB,"https://static.www.nfl.com/image/upload/f_auto,q_auto/league/pyouk6br5ca950zlofia",2025,1,REG,LA,HOU,0,0,0,0,0,0,0,0,0,0,0,0,,,0,,0,0,0,0,0,0,,0,0,0,0,0,0,0,0,0,0,,0,,0.0,0.0,0.0,0,0,0,1,0,0,0,0.0,0.0,0,0,0,0,0,0,0,0,0,0,0,0,0,0,0,0,0,0,0,0,0,0,0,,,0,0,0,0,0,0,0,0,0,0,0,0,,,,0,0,0,0,0,0,0,,0,0,0,0,0,0.0,0.0
00-0039137,B.Young,Byron Young,LB,LB,"https://static.www.nfl.com/image/upload/f_auto,q_auto/league/q68ctteciw57fgxh8c4u",2025,1,REG,LA,HOU,0,0,0,0,0,0,0,0,0,0,0,0,,,0,,0,0,0,0,0,0,,0,0,0,0,0,0,0,0,0,0,,0,,0.0,0.0,0.0,0,5,0,4,1,13,0,1.0,13.0,2,0,0,0,0,0,0,0,0,0,0,0,0,0,0,0,0,0,0,0,0,0,0,,,0,0,0,0,0,0,0,0,0,0,0,0,,,,0,0,0,0,0,0,0,,0,0,0,0,0,0.0,0.0
00-0039138,K.Turner,Kobie Turner,DE,DL,"https://static.www.nfl.com/image/upload/f_auto,q_auto/league/tmifh6zibjgxpesgp7bf",2025,1,REG,LA,HOU,0,0,0,0,0,0,0,0,0,0,0,0,,,0,,0,0,0,0,0,0,,0,0,0,0,0,0,0,0,0,0,,0,,0.0,0.0,0.0,0,1,0,2,0,0,0,0.0,0.0,0,0,0,0,0,0,0,0,0,0,0,0,0,1,15,0,0,0,0,0,0,0,0,,,0,0,0,0,0,0,0,0,0,0,0,0,,,,0,0,0,0,0,0,0,,0,0,0,0,0,0.0,0.0
00-0039151,E.Forbes,Emmanuel Forbes,CB,DB,"https://static.www.nfl.com/image/upload/f_auto,q_auto/league/zuqfigu7eadzoeo0uymt",2025,1,REG,LA,HOU,0,0,0,0,0,0,0,0,0,0,0,0,,,0,,0,0,0,0,0,0,,0,0,0,0,0,0,0,0,0,0,,0,,0.0,0.0,0.0,0,2,0,1,0,0,0,0.0,0.0,0,0,0,0,0,0,0,0,0,0,0,0,0,0,0,0,0,0,0,0,0,0,0,,,0,0,0,0,0,0,0,0,0,0,0,0,,,,0,0,0,0,0,0,0,,0,0,0,0,0,0.0,0.0
00-0039734,B.Fiske,Braden Fiske,DE,DL,"https://static.www.nfl.com/image/upload/f_auto,q_auto/league/eviqsptyuqhpsxjcann2",2025,1,REG,LA,HOU,0,0,0,0,0,0,0,0,0,0,0,0,,,0,,0,0,0,0,0,0,,0,0,0,0,0,0,0,0,0,0,,0,,0.0,0.0,0.0,0,1,0,2,0,0,0,0.0,0.0,0,0,0,0,0,0,0,0,0,0,1,1,0,0,0,0,0,0,0,0,0,0,0,,,0,0,0,0,0,0,0,0,0,0,0,0,,,,0,0,0,0,0,0,0,,0,0,0,0,0,0.0,0.0
00-0039738,B.Corum,Blake Corum,RB,RB,"https://static.www.nfl.com/image/upload/f_auto,q_auto/league/gytdgnrjj3jk8rlfxz85",2025,1,REG,LA,HOU,0,0,0,0,0,0,0,0,0,0,0,0,,,0,,1,2,0,0,0,0,-0.4683106420561671,0,1,1,14,0,0,0,-2,16,0,0.2733785614836961,0,-7.0,0.03571428571428571,-0.008849557522123894,0.04737673830594184,0,0,0,0,0,0,0,0.0,0.0,0,0,0,0,0,0,0,0,0,0,0,0,0,0,0,0,0,0,0,0,0,0,0,,,0,0,0,0,0,0,0,0,0,0,0,0,,,,0,0,0,0,0,0,0,,0,0,0,0,0,1.6,2.6
00-0039749,T.Davis,Tyler Davis,DE,DL,"https://static.www.nfl.com/image/upload/f_auto,q_auto/league/jbwaqwv5imuhydw4vkzc",2025,1,REG,LA,HOU,0,0,0,0,0,0,0,0,0,0,0,0,,,0,,0,0,0,0,0,0,,0,0,0,0,0,0,0,0,0,0,,0,,0.0,0.0,0.0,0,1,0,3,1,12,0,1.0,12.0,1,0,0,0,0,0,0,0,0,0,0,0,0,0,0,0,0,0,0,0,0,0,0,,,0,0,0,0,0,0,0,0,0,0,0,0,,,,0,0,0,0,0,0,0,,0,0,0,0,0,0.0,0.0
00-0039750,J.Karty,Joshua Karty,K,SPEC,"https://static.www.nfl.com/image/upload/f_auto,q_auto/league/j51z79en8vs3qdgkvnn5",2025,1,REG,LA,HOU,0,0,0,0,0,0,0,0,0,0,0,0,,,0,,0,0,0,0,0,0,,0,0,0,0,0,0,0,0,0,0,,0,,0.0,0.0,0.0,0,0,0,0,0,0,0,0.0,0.0,0,0,0,0,0,0,0,0,0,0,0,0,0,0,0,0,0,0,0,0,0,0,0,,,0,0,0,0,0,0,0,0,0,0,0,0,,,,0,0,0,2,2,0,0,1.0,0,0,0,0,0,0.0,0.0
00-0039751,J.Whittington,Jordan Whittington,WR,WR,"https://static.www.nfl.com/image/upload/f_auto,q_auto/league/w5h5q9jwyaimdjlnracx",2025,1,REG,LA,HOU,0,0,0,0,0,0,0,0,0,0,0,0,,,0,,1,5,0,0,0,0,0.48140602139756083,0,0,0,0,0,0,0,0,0,0,,0,,0.0,0.0,0.0,0,0,0,0,0,0,0,0.0,0.0,0,0,0,0,0,0,0,0,0,0,0,0,0,0,0,0,0,2,60,0,0,0,0,,,0,0,0,0,0,0,0,0,0,0,0,0,,,,0,0,0,0,0,0,0,,0,0,0,0,0,0.5,0.5
00-0039753,B.Limmer,Beaux Limmer,G,OL,"https://static.www.nfl.com/image/upload/f_auto,q_auto/league/bopewz77rbml5wtk6k9g",2025,1,REG,LA,HOU,0,0,0,0,0,0,0,0,0,0,0,0,,,0,,0,0,0,0,0,0,,0,0,0,0,0,0,0,0,0,0,,0,,0.0,0.0,0.0,0,0,0,0,0,0,0,0.0,0.0,0,0,0,0,0,0,0,0,0,0,0,0,0,1,5,0,0,0,0,0,0,0,0,,,0,0,0,0,0,0,0,0,0,0,0,0,,,,0,0,0,0,0,0,0,,0,0,0,0,0,0.0,0.0
00-0039774,O.Speights,Omar Speights,LB,LB,"https://static.www.nfl.com/image/upload/f_auto,q_auto/league/amlicxegqeiqvmg9gko0",2025,1,REG,LA,HOU,0,0,0,0,0,0,0,0,0,0,0,0,,,0,,0,0,0,0,0,0,,0,0,0,0,0,0,0,0,0,0,,0,,0.0,0.0,0.0,0,3,0,1,0,0,0,0.0,0.0,0,0,0,0,0,0,0,0,0,0,0,0,0,0,0,0,0,0,0,0,0,0,0,,,0,0,0,0,0,0,0,0,0,0,0,0,,,,0,0,0,0,0,0,0,,0,0,0,0,0,0.0,0.0
00-0039776,J.McCollough,Jaylen McCollough,SAF,DB,"https://static.www.nfl.com/image/upload/f_auto,q_auto/league/ofhqho42cem1dxzez96u",2025,1,REG,LA,HOU,0,0,0,0,0,0,0,0,0,0,0,0,,,0,,0,0,0,0,0,0,,0,0,0,0,0,0,0,0,0,0,,0,,0.0,0.0,0.0,0,2,1,0,1,12,0,1.0,12.0,1,0,0,0,0,0,0,0,0,0,0,0,0,0,0,0,0,0,0,0,0,0,0,,,0,0,0,0,0,0,0,0,0,0,0,0,,,,0,0,0,0,0,0,0,,0,0,0,0,0,0.0,0.0
00-0039834,K.Kinchens,Kamren Kinchens,SAF,DB,"https://static.www.nfl.com/image/upload/f_auto,q_auto/league/ixanabxmodk5m1xp8u8s",2025,1,REG,LA,HOU,0,0,0,0,0,0,0,0,0,0,0,0,,,0,,0,0,0,0,0,0,,0,0,0,0,0,0,0,0,0,0,,0,,0.0,0.0,0.0,0,2,0,2,0,0,0,0.0,0.0,0,0,0,1,0,0,0,0,0,0,0,0,0,0,0,0,0,0,0,0,0,0,0,,,0,0,0,0,0,0,0,0,0,0,0,0,,,,0,0,0,0,0,0,0,,0,0,0,0,0,0.0,0.0
00-0039852,J.Verse,Jared Verse,LB,LB,"https://static.www.nfl.com/image/upload/f_auto,q_auto/league/rapkhulnj8vsblkkgcca",2025,1,REG,LA,HOU,0,0,0,0,0,0,0,0,0,0,0,0,,,0,,0,0,0,0,0,0,,0,0,0,0,0,0,0,0,0,0,,0,,0.0,0.0,0.0,0,1,0,2,0,0,0,0.0,0.0,1,0,0,0,0,0,0,0,0,0,0,0,0,0,0,0,0,0,0,0,0,0,0,,,0,0,0,0,0,0,0,0,0,0,0,0,,,,0,0,0,0,0,0,0,,0,0,0,0,0,0.0,0.0
00-0040580,J.Stewart,Josaiah Stewart,LB,LB,"https://static.www.nfl.com/image/upload/f_auto,q_auto/league/xuhdmqisxil9rvhurdpn",2025,1,REG,LA,HOU,0,0,0,0,0,0,0,0,0,0,0,0,,,0,,0,0,0,0,0,0,,0,0,0,0,0,0,0,0,0,0,,0,,0.0,0.0,0.0,0,0,0,0,0,0,0,0.0,0.0,0,0,0,1,0,0,0,0,0,0,0,0,0,0,0,0,0,0,0,0,0,0,0,,,0,0,0,0,0,0,0,0,0,0,0,0,,,,0,0,0,0,0,0,0,,0,0,0,0,0,0.0,0.0
00-0040613,S.Dolac,Shaun Dolac,LB,LB,"https://static.www.nfl.com/image/upload/f_auto,q_auto/league/f7nr5g6gntkjbnybt14c",2025,1,REG,LA,HOU,0,0,0,0,0,0,0,0,0,0,0,0,,,0,,0,0,0,0,0,0,,0,0,0,0,0,0,0,0,0,0,,0,,0.0,0.0,0.0,0,1,0,1,0,0,0,0.0,0.0,0,0,0,0,0,0,0,0,0,0,0,0,0,0,0,0,0,0,0,0,0,0,0,,,0,0,0,0,0,0,0,0,0,0,0,0,,,,0,0,0,0,0,0,0,,0,0,0,0,0,0.0,0.0
00-0026498,M.Stafford,Matthew Stafford,QB,QB,"https://static.www.nfl.com/image/upload/f_auto,q_auto/league/svxl2pk2cuqf26zrhii4",2025,2,REG,LA,TEN,23,33,298,2,1,1,-8,0,0,262,132,12,9.779970589626963,10.765356570482254,0,1.1374045801526718,2,-6,0,0,0,0,-3.352748881239677,0,0,0,0,0,0,0,0,0,0,,0,,0.0,0.0,0.0,0,0,0,0,0,0,0,0.0,0.0,0,0,0,0,0,0,0,0,1,1,0,0,0,0,0,0,0,0,0,0,0,0,0,,,0,0,0,0,0,0,0,0,0,0,0,0,,,,0,0,0,0,0,0,0,,0,0,0,0,0,17.32,17.32
00-0031381,D.Adams,Davante Adams,WR,WR,"https://static.www.nfl.com/image/upload/f_auto,q_auto/league/qtonvcqpixixqhc6lhnc",2025,2,REG,LA,TEN,0,0,0,0,0,0,0,0,0,0,0,0,,,0,,0,0,0,0,0,0,,0,6,13,106,1,0,0,138,31,4,3.0396647706021653,0,0.7681159420289855,0.40625,0.5267175572519084,0.9780772900763359,0,0,0,0,0,0,0,0.0,0.0,0,0,0,0,0,0,0,0,0,0,0,0,0,0,0,0,0,0,0,0,0,0,0,,,0,0,0,0,0,0,0,0,0,0,0,0,,,,0,0,0,0,0,0,0,,0,0,0,0,0,16.6,22.6
00-0033110,T.Higbee,Tyler Higbee,TE,TE,"https://static.www.nfl.com/image/upload/f_auto,q_auto/league/x1d4osiefibd04df6gow",2025,2,REG,LA,TEN,0,0,0,0,0,0,0,0,0,0,0,0,,,0,,0,0,0,0,0,0,,0,4,4,37,0,0,0,-4,41,2,2.0191659295232967,0,0.0,0.125,-0.015267175572519083,0.17681297709923666,0,0,0,0,0,0,0,0.0,0.0,0,0,0,0,0,0,0,0,0,0,0,0,0,1,5,0,0,0,0,0,0,0,0,,,0,0,0,0,0,0,0,0,0,0,0,0,,,,0,0,0,0,0,0,0,,0,0,0,0,0,3.7,7.7
00-0033783,A.Witherspoon,Ahkello Witherspoon,CB,DB,"https://static.www.nfl.com/image/upload/f_auto,q_auto/league/ub7code8rbhomboifmob",2025,2,REG,LA,TEN,0,0,0,0,0,0,0,0,0,0,0,0,,,0,,0,0,0,0,0,0,,0,0,0,0,0,0,0,0,0,0,,0,,0.0,0.0,0.0,0,1,0,0,0,0,0,0.0,0.0,0,0,0,0,0,0,0,0,0,0,0,0,0,0,0,0,0,0,0,0,0,0,0,,,0,0,0,0,0,0,0,0,0,0,0,0,,,,0,0,0,0,0,0,0,,0,0,0,0,0,0.0,0.0
00-0034203,D.Williams,Darious Williams,CB,DB,"https://static.www.nfl.com/image/upload/f_auto,q_auto/league/nzrgn9doxy57s7si8uyf",2025,2,REG,LA,TEN,0,0,0,0,0,0,0,0,0,0,0,0,,,0,,0,0,0,0,0,0,,0,0,0,0,0,0,0,0,0,0,,0,,0.0,0.0,0.0,0,0,0,0,0,0,0,0.0,0.0,0,0,0,1,0,0,0,0,0,0,0,0,0,0,0,0,0,0,0,0,0,0,0,,,0,0,0,0,0,0,0,0,0,0,0,0,,,,0,0,0,0,0,0,0,,0,0,0,0,0,0.0,0.0
00-0034234,P.Ford,Poona Ford,DT,DL,"https://static.www.nfl.com/image/upload/f_auto,q_auto/league/z6bvartiturag8gtidcz",2025,2,REG,LA,TEN,0,0,0,0,0,0,0,0,0,0,0,0,,,0,,0,0,0,0,0,0,,0,0,0,0,0,0,0,0,0,0,,0,,0.0,0.0,0.0,0,0,0,1,0,0,0,0.0,0.0,0,0,0,0,0,0,0,0,0,0,0,0,0,0,0,0,0,0,0,0,0,0,0,,,0,0,0,0,0,0,0,0,0,0,0,0,,,,0,0,0,0,0,0,0,,0,0,0,0,0,0.0,0.0
00-0035617,T.Reeder,Troy Reeder,LB,LB,"https://static.www.nfl.com/image/upload/f_auto,q_auto/league/laiuwnorvmneuwvav61k",2025,2,REG,LA,TEN,0,0,0,0,0,0,0,0,0,0,0,0,,,0,,0,0,0,0,0,0,,0,0,0,0,0,0,0,0,0,0,,0,,0.0,0.0,0.0,0,1,0,0,0,0,0,0.0,0.0,0,0,0,0,0,0,0,0,0,0,0,0,0,0,0,0,0,0,0,0,0,0,0,,,0,0,0,0,0,0,0,0,0,0,0,0,,,,0,0,0,0,0,0,0,,0,0,0,0,0,0.0,0.0
00-0036237,L.Murchison,Larrell Murchison,DE,DL,"https://static.www.nfl.com/image/upload/f_auto,q_auto/league/b0h5qpz02cuycf85isw4",2025,2,REG,LA,TEN,0,0,0,0,0,0,0,0,0,0,0,0,,,0,,0,0,0,0,0,0,,0,0,0,0,0,0,0,0,0,0,,0,,0.0,0.0,0.0,0,0,0,1,0,0,0,0.0,0.0,0,0,0,0,0,0,0,0,0,0,0,0,0,0,0,0,0,0,0,0,0,0,0,,,0,0,0,0,0,0,0,0,0,0,0,0,,,,0,0,0,0,0,0,0,,0,0,0,0,0,0.0,0.0
00-0036349,K.Curl,Kam Curl,SAF,DB,"https://static.www.nfl.com/image/upload/f_auto,q_auto/league/tm9ahrg1kvnyyghpj5sy",2025,2,REG,LA,TEN,0,0,0,0,0,0,0,0,0,0,0,0,,,0,,0,0,0,0,0,0,,0,0,0,0,0,0,0,0,0,0,,0,,0.0,0.0,0.0,0,4,1,2,2,3,0,1.0,2.0,0,0,0,0,0,0,0,0,0,0,0,0,0,0,0,0,0,0,0,0,0,0,0,,,0,0,0,0,0,0,0,0,0,0,0,0,,,,0,0,0,0,0,0,0,,0,0,0,0,0,0.0,0.0
00-0036849,T.Atwell,Tutu Atwell,WR,WR,"https://static.www.nfl.com/image/upload/f_auto,q_auto/league/twlslcaa7c2wblveaafu",2025,2,REG,LA,TEN,0,0,0,0,0,0,0,0,0,0,0,0,,,0,,0,0,0,0,0,0,,0,0,1,0,0,0,0,11,0,0,-2.1970730769680813,0,0.0,0.03125,0.04198473282442748,0.07626431297709924,0,0,0,0,0,0,0,0.0,0.0,0,0,0,0,0,0,0,0,0,0,0,0,0,0,0,0,0,0,0,0,0,0,0,,,0,0,0,0,0,0,0,0,0,0,0,0,,,,0,0,0,0,0,0,0,,0,0,0,0,0,0.0,0.0
00-0037587,N.Landman,Nate Landman,LB,LB,"https://static.www.nfl.com/image/upload/f_auto,q_auto/league/s9kvdztegpkmihjpwj0q",2025,2,REG,LA,TEN,0,0,0,0,0,0,0,0,0,0,0,0,,,0,,0,0,0,0,0,0,,0,0,0,0,0,0,0,0,0,0,,0,,0.0,0.0,0.0,0,4,0,4,0,0,0,0.0,0.0,0,0,0,0,0,0,0,0,0,0,1,1,0,0,0,0,0,0,0,0,0,0,0,,,0,0,0,0,0,0,0,0,0,0,0,0,,,,0,0,0,0,0,0,0,,0,0,0,0,0,0.0,0.0
00-0037839,C.Durant,Cobie Durant,CB,DB,"https://static.www.nfl.com/image/upload/f_auto,q_auto/league/vkte59jemwhdeuobis0e",2025,2,REG,LA,TEN,0,0,0,0,0,0,0,0,0,0,0,0,,,0,,0,0,0,0,0,0,,0,0,0,0,0,0,0,0,0,0,,0,,0.0,0.0,0.0,0,2,0,0,0,0,0,0.0,0.0,0,0,0,1,0,0,0,0,0,0,0,0,0,1,14,0,0,0,0,0,0,0,0,,,0,0,0,0,0,0,0,0,0,0,0,0,,,,0,0,0,0,0,0,0,,0,0,0,0,0,0.0,0.0
00-0037840,K.Williams,Kyren Williams,RB,RB,"https://static.www.nfl.com/image/upload/f_auto,q_auto/league/smsyrjrwy0lf0hu9hkvg",2025,2,REG,LA,TEN,0,0,0,0,0,0,0,0,0,0,0,0,,,0,,17,66,0,0,0,3,-1.4281412790587638,0,2,2,14,0,0,0,7,7,0,-0.5163423157646321,0,2.0,0.0625,0.026717557251908396,0.11245229007633588,0,0,0,0,0,0,0,0.0,0.0,0,0,0,0,0,0,0,0,0,0,0,0,0,0,0,0,0,0,0,0,0,0,0,,,0,0,0,0,0,0,0,0,0,0,0,0,,,,0,0,0,0,0,0,0,,0,0,0,0,0,8.0,10.0
00-0037841,Q.Lake,Quentin Lake,SAF,DB,"https://static.www.nfl.com/image/upload/f_auto,q_auto/league/rhyy4y6kh7kbnuglf7jp",2025,2,REG,LA,TEN,0,0,0,0,0,0,0,0,0,0,0,0,,,0,,0,0,0,0,0,0,,0,0,0,0,0,0,0,0,0,0,,0,,0.0,0.0,0.0,0,4,0,1,0,0,0,0.0,0.0,0,0,0,1,0,0,0,0,0,0,0,0,0,0,0,0,0,0,0,0,0,0,0,,,0,0,0,0,0,0,0,0,0,0,0,0,,,,0,0,0,0,0,0,0,,0,0,0,0,0,0.0,0.0
00-0038359,X.Smith,Xavier Smith,WR,WR,"https://static.www.nfl.com/image/upload/f_auto,q_auto/league/fk4gtziqefw5etqfylbe",2025,2,REG,LA,TEN,0,0,0,0,0,0,0,0,0,0,0,0,,,0,,0,0,0,0,0,0,,0,0,0,0,0,0,0,0,0,0,,0,,0.0,0.0,0.0,0,1,0,0,0,0,0,0.0,0.0,0,0,0,0,0,0,0,0,0,0,0,0,0,0,0,2,14,0,0,0,0,0,0,,,0,0,0,0,0,0,0,0,0,0,0,0,,,,0,0,0,0,0,0,0,,0,0,0,0,0,0.0,0.0
00-0039059,E.Evans,Ethan Evans,P,SPEC,"https://static.www.nfl.com/image/upload/f_auto,q_auto/league/xqev6nqi3dzbwf6q5xkg",2025,2,REG,LA,TEN,0,0,0,0,0,0,0,0,0,0,0,0,,,0,,0,0,0,0,0,0,,0,0,0,0,0,0,0,0,0,0,,0,,0.0,0.0,0.0,0,0,0,0,0,0,0,0.0,0.0,0,0,0,0,0,0,0,0,0,0,0,0,0,0,0,0,0,0,0,0,0,0,0,,,0,0,0,0,0,0,0,0,0,0,0,0,,,,0,0,0,0,0,0,0,,0,0,0,0,0,0.0,0.0
00-0039074,D.Allen,Davis Allen,TE,TE,"https://static.www.nfl.com/image/upload/f_auto,q_auto/league/knzujvs0ge3lozkyilsf",2025,2,REG,LA,TEN,0,0,0,0,0,0,0,0,0,0,0,0,,,0,,0,0,0,0,0,0,,0,1,1,8,1,0,0,5,3,1,1.5621323832892813,0,1.6,0.03125,0.019083969465648856,0.0602337786259542,0,0,0,0,0,0,0,0.0,0.0,0,0,0,0,0,0,0,0,0,0,0,0,0,0,0,0,0,0,0,0,0,0,0,,,0,0,0,0,0,0,0,0,0,0,0,0,,,,0,0,0,0,0,0,0,,0,0,0,0,0,6.8,7.8
00-0039075,P.Nacua,Puka Nacua,WR,WR,"https://static.www.nfl.com/image/upload/f_auto,q_auto/league/zvi4hdm6fywcekfe7ceb",2025,2,REG,LA,TEN,0,0,0,0,0,0,0,0,0,0,0,0,,,0,,1,45,1,0,0,1,6.221031085122377,0,8,9,91,0,0,0,68,37,4,6.231636454933323,0,1.338235294117647,0.28125,0.2595419847328244,0.6035543893129771,0,0,0,0,0,0,0,0.0,0.0,0,0,0,0,0,0,0,0,0,0,0,0,0,0,0,0,0,0,0,0,0,0,0,,,0,0,0,0,0,0,0,0,0,0,0,0,,,,0,0,0,0,0,0,0,,0,0,0,0,0,19.6,27.6
00-0039137,B.Young,Byron Young,LB,LB,"https://static.www.nfl.com/image/upload/f_auto,q_auto/league/q68ctteciw57fgxh8c4u",2025,2,REG,LA,TEN,0,0,0,0,0,0,0,0,0,0,0,0,,,0,,0,0,0,0,0,0,,0,0,0,0,0,0,0,0,0,0,,0,,0.0,0.0,0.0,0,3,1,1,2,18,1,2.0,18.0,2,0,0,0,0,0,0,0,0,0,0,0,0,0,0,0,0,0,0,0,0,0,0,,,0,0,0,0,0,0,0,0,0,0,0,0,,,,0,0,0,0,0,0,0,,0,0,0,0,0,0.0,0.0
00-0039138,K.Turner,Kobie Turner,DE,DL,"https://static.www.nfl.com/image/upload/f_auto,q_auto/league/tmifh6zibjgxpesgp7bf",2025,2,REG,LA,TEN,0,0,0,0,0,0,0,0,0,0,0,0,,,0,,0,0,0,0,0,0,,0,0,0,0,0,0,0,0,0,0,,0,,0.0,0.0,0.0,0,3,0,0,1,6,0,1.0,6.0,2,0,0,0,0,0,0,0,0,0,0,0,0,1,5,0,0,0,0,0,0,0,0,,,0,0,0,0,0,0,0,0,0,0,0,0,,,,0,0,0,0,0,0,0,,0,0,0,0,0,0.0,0.0
00-0039151,E.Forbes,Emmanuel Forbes,CB,DB,"https://static.www.nfl.com/image/upload/f_auto,q_auto/league/zuqfigu7eadzoeo0uymt",2025,2,REG,LA,TEN,0,0,0,0,0,0,0,0,0,0,0,0,,,0,,0,0,0,0,0,0,,0,0,0,0,0,0,0,0,0,0,,0,,0.0,0.0,0.0,0,3,0,0,0,0,0,0.0,0.0,0,0,0,1,0,0,0,0,0,0,0,0,0,0,0,0,0,0,0,0,0,0,0,,,0,0,0,0,0,0,0,0,0,0,0,0,,,,0,0,0,0,0,0,0,,0,0,0,0,0,0.0,0.0
00-0039738,B.Corum,Blake Corum,RB,RB,"https://static.www.nfl.com/image/upload/f_auto,q_auto/league/gytdgnrjj3jk8rlfxz85",2025,2,REG,LA,TEN,0,0,0,0,0,0,0,0,0,0,0,0,,,0,,5,44,1,0,0,4,5.001030864747008,0,0,0,0,0,0,0,0,0,0,,0,,0.0,0.0,0.0,0,0,0,0,0,0,0,0.0,0.0,0,0,0,0,0,0,0,0,0,0,0,0,0,0,0,0,0,3,80,0,0,0,0,,,0,0,0,0,0,0,0,0,0,0,0,0,,,,0,0,0,0,0,0,0,,0,0,0,0,0,10.4,10.4
00-0039749,T.Davis,Tyler Davis,DE,DL,"https://static.www.nfl.com/image/upload/f_auto,q_auto/league/jbwaqwv5imuhydw4vkzc",2025,2,REG,LA,TEN,0,0,0,0,0,0,0,0,0,0,0,0,,,0,,0,0,0,0,0,0,,0,0,0,0,0,0,0,0,0,0,,0,,0.0,0.0,0.0,0,2,0,3,0,0,0,0.0,0.0,0,0,0,0,0,0,0,0,0,0,0,0,0,0,0,0,0,0,0,0,0,0,0,,,0,0,0,0,0,0,0,0,0,0,0,0,,,,0,0,0,0,0,0,0,,0,0,0,0,0,0.0,0.0
00-0039750,J.Karty,Joshua Karty,K,SPEC,"https://static.www.nfl.com/image/upload/f_auto,q_auto/league/j51z79en8vs3qdgkvnn5",2025,2,REG,LA,TEN,0,0,0,0,0,0,0,0,0,0,0,0,,,0,,0,0,0,0,0,0,,0,0,0,0,0,0,0,0,0,0,,0,,0.0,0.0,0.0,0,0,0,0,0,0,0,0.0,0.0,0,0,0,0,0,0,0,0,0,0,0,0,0,0,0,0,0,0,0,2,2,0,0,21.0,1.0,0,2,0,0,0,0,0,0,0,0,0,0,21;21,,,42,0,0,3,4,0,1,0.75,0,0,0,0,0,0.0,0.0
00-0039751,J.Whittington,Jordan Whittington,WR,WR,"https://static.www.nfl.com/image/upload/f_auto,q_auto/league/w5h5q9jwyaimdjlnracx",2025,2,REG,LA,TEN,0,0,0,0,0,0,0,0,0,0,0,0,,,0,,0,0,0,0,0,0,,0,2,2,42,0,0,0,29,13,1,1.8002665622043423,0,1.4482758620689655,0.0625,0.11068702290076336,0.17123091603053436,0,0,0,0,0,0,0,0.0,0.0,0,0,0,0,0,0,0,0,0,0,0,0,0,0,0,0,0,0,0,0,0,0,0,,,0,0,0,0,0,0,0,0,0,0,0,0,,,,0,0,0,0,0,0,0,,0,0,0,0,0,4.2,6.2
00-0039774,O.Speights,Omar Speights,LB,LB,"https://static.www.nfl.com/image/upload/f_auto,q_auto/league/amlicxegqeiqvmg9gko0",2025,2,REG,LA,TEN,0,0,0,0,0,0,0,0,0,0,0,0,,,0,,0,0,0,0,0,0,,0,0,0,0,0,0,0,0,0,0,,0,,0.0,0.0,0.0,0,1,1,2,0,0,0,0.0,0.0,0,0,0,0,0,0,0,0,0,0,0,0,0,0,0,0,0,0,0,0,0,0,0,,,0,0,0,0,0,0,0,0,0,0,0,0,,,,0,0,0,0,0,0,0,,0,0,0,0,0,0.0,0.0
00-0039776,J.McCollough,Jaylen McCollough,SAF,DB,"https://static.www.nfl.com/image/upload/f_auto,q_auto/league/ofhqho42cem1dxzez96u",2025,2,REG,LA,TEN,0,0,0,0,0,0,0,0,0,0,0,0,,,0,,0,0,0,0,0,0,,0,0,0,0,0,0,0,0,0,0,,0,,0.0,0.0,0.0,0,2,0,2,0,0,0,0.0,0.0,0,0,0,0,0,0,0,0,0,0,0,0,0,0,0,0,0,0,0,0,0,0,0,,,0,0,0,0,0,0,0,0,0,0,0,0,,,,0,0,0,0,0,0,0,,0,0,0,0,0,0.0,0.0
00-0039834,K.Kinchens,Kamren Kinchens,SAF,DB,"https://static.www.nfl.com/image/upload/f_auto,q_auto/league/ixanabxmodk5m1xp8u8s",2025,2,REG,LA,TEN,0,0,0,0,0,0,0,0,0,0,0,0,,,0,,0,0,0,0,0,0,,0,0,0,0,0,0,0,0,0,0,,0,,0.0,0.0,0.0,0,5,2,3,0,0,0,0.0,0.0,0,0,0,0,0,0,0,0,0,0,0,0,0,0,0,0,0,0,0,0,0,0,0,,,0,0,0,0,0,0,0,0,0,0,0,0,,,,0,0,0,0,0,0,0,,0,0,0,0,0,0.0,0.0
00-0039852,J.Verse,Jared Verse,LB,LB,"https://static.www.nfl.com/image/upload/f_auto,q_auto/league/rapkhulnj8vsblkkgcca",2025,2,REG,LA,TEN,0,0,0,0,0,0,0,0,0,0,0,0,,,0,,0,0,0,0,0,0,,0,0,0,0,0,0,0,0,0,0,,0,,0.0,0.0,0.0,0,1,0,1,0,0,0,0.0,0.0,2,0,0,0,0,0,0,0,0,0,0,0,0,0,0,0,0,0,0,0,0,0,0,,,0,0,0,0,0,0,0,0,0,0,0,0,,,,0,0,0,0,0,0,0,,0,0,0,0,0,0.0,0.0
00-0040580,J.Stewart,Josaiah Stewart,LB,LB,"https://static.www.nfl.com/image/upload/f_auto,q_auto/league/xuhdmqisxil9rvhurdpn",2025,2,REG,LA,TEN,0,0,0,0,0,0,0,0,0,0,0,0,,,0,,0,0,0,0,0,0,,0,0,0,0,0,0,0,0,0,0,,0,,0.0,0.0,0.0,0,2,0,0,1,6,0,1.0,6.0,2,0,0,0,0,0,0,0,0,0,0,0,0,0,0,0,0,0,0,0,0,0,0,,,0,0,0,0,0,0,0,0,0,0,0,0,,,,0,0,0,0,0,0,0,,0,0,0,0,0,0.0,0.0
00-0040585,T.Hamilton,Ty Hamilton,DT,DL,"https://static.www.nfl.com/image/upload/f_auto,q_auto/league/ehyuqjfrgtdsallsvoo0",2025,2,REG,LA,TEN,0,0,0,0,0,0,0,0,0,0,0,0,,,0,,0,0,0,0,0,0,,0,0,0,0,0,0,0,0,0,0,,0,,0.0,0.0,0.0,0,0,0,2,0,0,0,0.0,0.0,0,0,0,0,0,0,0,0,0,0,0,0,0,0,0,0,0,0,0,0,0,0,0,,,0,0,0,0,0,0,0,0,0,0,0,0,,,,0,0,0,0,0,0,0,,0,0,0,0,0,0.0,0.0
00-0040613,S.Dolac,Shaun Dolac,LB,LB,"https://static.www.nfl.com/image/upload/f_auto,q_auto/league/f7nr5g6gntkjbnybt14c",2025,2,REG,LA,TEN,0,0,0,0,0,0,0,0,0,0,0,0,,,0,,0,0,0,0,0,0,,0,0,0,0,0,0,0,0,0,0,,0,,0.0,0.0,0.0,0,2,0,0,0,0,0,0.0,0.0,0,0,0,0,0,0,0,0,0,0,0,0,0,0,0,0,0,0,0,0,0,0,0,,,0,0,0,0,0,0,0,0,0,0,0,0,,,,0,0,0,0,0,0,0,,0,0,0,0,0,0.0,0.0
00-0026498,M.Stafford,Matthew Stafford,QB,QB,"https://static.www.nfl.com/image/upload/f_auto,q_auto/league/svxl2pk2cuqf26zrhii4",2025,3,REG,LA,PHI,19,33,196,2,1,1,0,0,0,173,57,10,-2.479092506006727,-4.212788213044405,0,1.1329479768786128,0,0,0,0,0,0,,0,0,0,0,0,0,0,0,0,0,,0,,0.0,0.0,0.0,0,0,0,0,0,0,0,0.0,0.0,0,0,0,0,0,0,0,0,0,0,0,0,0,0,0,0,0,0,0,0,0,0,0,,,0,0,0,0,0,0,0,0,0,0,0,0,,,,0,0,0,0,0,0,0,,0,0,0,0,0,13.84,13.84
00-0031381,D.Adams,Davante Adams,WR,WR,"https://static.www.nfl.com/image/upload/f_auto,q_auto/league/qtonvcqpixixqhc6lhnc",2025,3,REG,LA,PHI,0,0,0,0,0,0,0,0,0,0,0,0,,,0,,0,0,0,0,0,0,,0,3,8,56,1,0,0,125,0,1,-5.095475657567655,0,0.448,0.24242424242424243,0.7225433526011561,0.8694167104571728,0,1,0,0,0,0,0,0.0,0.0,0,0,0,0,0,0,0,0,0,0,0,0,0,0,0,0,0,0,0,0,0,0,0,,,0,0,0,0,0,0,0,0,0,0,0,0,,,,0,0,0,0,0,0,0,,0,0,0,0,0,11.600000000000001,14.600000000000001
00-0033110,T.Higbee,Tyler Higbee,TE,TE,"https://static.www.nfl.com/image/upload/f_auto,q_auto/league/x1d4osiefibd04df6gow",2025,3,REG,LA,PHI,0,0,0,0,0,0,0,0,0,0,0,0,,,0,,0,0,0,0,0,0,,0,0,2,0,0,0,0,-92,0,0,-1.3695074715697113,0,0.0,0.06060606060606061,-0.5317919075144508,-0.2813452443510246,0,0,0,0,0,0,0,0.0,0.0,0,0,0,0,0,0,0,0,0,0,0,0,0,0,0,0,0,0,0,0,0,0,0,,,0,0,0,0,0,0,0,0,0,0,0,0,,,,0,0,0,0,0,0,0,,0,0,0,0,0,0.0,0.0
00-0034114,C.Shelton,Coleman Shelton,C,OL,"https://static.www.nfl.com/image/upload/f_auto,q_auto/league/fbmh9dwdvja6yeu3pmj3",2025,3,REG,LA,PHI,0,0,0,0,0,0,0,0,0,0,0,0,,,0,,0,0,0,0,0,0,,0,0,0,0,0,0,0,0,0,0,,0,,0.0,0.0,0.0,0,0,0,0,0,0,0,0.0,0.0,0,0,0,0,0,0,0,0,0,0,0,0,0,1,10,0,0,0,0,0,0,0,0,,,0,0,0,0,0,0,0,0,0,0,0,0,,,,0,0,0,0,0,0,0,,0,0,0,0,0,0.0,0.0
00-0034203,D.Williams,Darious Williams,CB,DB,"https://static.www.nfl.com/image/upload/f_auto,q_auto/league/nzrgn9doxy57s7si8uyf",2025,3,REG,LA,PHI,0,0,0,0,0,0,0,0,0,0,0,0,,,0,,0,0,0,0,0,0,,0,0,0,0,0,0,0,0,0,0,,0,,0.0,0.0,0.0,0,2,0,0,0,0,0,0.0,0.0,0,0,0,0,0,0,0,0,0,0,0,0,0,0,0,0,0,0,0,0,0,0,0,,,0,0,0,0,0,0,0,0,0,0,0,0,,,,0,0,0,0,0,0,0,,0,0,0,0,0,0.0,0.0
00-0034234,P.Ford,Poona Ford,DT,DL,"https://static.www.nfl.com/image/upload/f_auto,q_auto/league/z6bvartiturag8gtidcz",2025,3,REG,LA,PHI,0,0,0,0,0,0,0,0,0,0,0,0,,,0,,0,0,0,0,0,0,,0,0,0,0,0,0,0,0,0,0,,0,,0.0,0.0,0.0,0,2,0,1,1,8,0,1.0,8.0,1,0,0,0,0,0,0,0,0,0,0,0,0,0,0,0,0,0,0,0,0,0,0,,,0,0,0,0,0,0,0,0,0,0,0,0,,,,0,0,0,0,0,0,0,,0,0,0,0,0,0.0,0.0
00-0035617,T.Reeder,Troy Reeder,LB,LB,"https://static.www.nfl.com/image/upload/f_auto,q_auto/league/laiuwnorvmneuwvav61k",2025,3,REG,LA,PHI,0,0,0,0,0,0,0,0,0,0,0,0,,,0,,0,0,0,0,0,0,,0,0,0,0,0,0,0,0,0,0,,0,,0.0,0.0,0.0,0,1,0,1,0,0,0,0.0,0.0,0,0,0,0,0,0,0,0,0,0,0,0,0,0,0,0,0,0,0,0,0,0,0,,,0,0,0,0,0,0,0,0,0,0,0,0,,,,0,0,0,0,0,0,0,,0,0,0,0,0,0.0,0.0
00-0036349,K.Curl,Kam Curl,SAF,DB,"https://static.www.nfl.com/image/upload/f_auto,q_auto/league/tm9ahrg1kvnyyghpj5sy",2025,3,REG,LA,PHI,0,0,0,0,0,0,0,0,0,0,0,0,,,0,,0,0,0,0,0,0,,0,0,0,0,0,0,0,0,0,0,,0,,0.0,0.0,0.0,0,5,1,3,0,0,0,0.0,0.0,0,0,0,0,0,0,0,0,0,0,0,0,0,0,0,0,0,0,0,0,0,0,0,,,0,0,0,0,0,0,0,0,0,0,0,0,,,,0,0,0,0,0,0,0,,0,0,0,0,0,0.0,0.0
00-0036849,T.Atwell,Tutu Atwell,WR,WR,"https://static.www.nfl.com/image/upload/f_auto,q_auto/league/twlslcaa7c2wblveaafu",2025,3,REG,LA,PHI,0,0,0,0,0,0,0,0,0,0,0,0,,,0,,0,0,0,0,0,0,,0,0,1,0,0,0,0,3,0,0,-1.390777767334294,0,0.0,0.030303030303030304,0.017341040462427744,0.05759327377824487,0,0,0,0,0,0,0,0.0,0.0,0,0,0,0,0,0,0,0,0,0,0,0,0,0,0,0,0,0,0,0,0,0,0,,,0,0,0,0,0,0,0,0,0,0,0,0,,,,0,0,0,0,0,0,0,,0,0,0,0,0,0.0,0.0
00-0037587,N.Landman,Nate Landman,LB,LB,"https://static.www.nfl.com/image/upload/f_auto,q_auto/league/s9kvdztegpkmihjpwj0q",2025,3,REG,LA,PHI,0,0,0,0,0,0,0,0,0,0,0,0,,,0,,0,0,0,0,0,0,,0,0,0,0,0,0,0,0,0,0,,0,,0.0,0.0,0.0,0,1,0,2,0,0,0,0.0,0.0,0,0,0,0,0,0,0,0,0,0,1,1,0,0,0,0,0,0,0,0,0,0,0,,,0,0,0,0,0,0,0,0,0,0,0,0,,,,0,0,0,0,0,0,0,,0,0,0,0,0,0.0,0.0
00-0037839,C.Durant,Cobie Durant,CB,DB,"https://static.www.nfl.com/image/upload/f_auto,q_auto/league/vkte59jemwhdeuobis0e",2025,3,REG,LA,PHI,0,0,0,0,0,0,0,0,0,0,0,0,,,0,,0,0,0,0,0,0,,0,0,0,0,0,0,0,0,0,0,,0,,0.0,0.0,0.0,0,2,0,1,0,0,0,0.0,0.0,0,0,0,0,0,0,0,0,0,0,0,0,0,0,0,0,0,0,0,0,0,0,0,,,0,0,0,0,0,0,0,0,0,0,0,0,,,,0,0,0,0,0,0,0,,0,0,0,0,0,0.0,0.0
00-0037840,K.Williams,Kyren Williams,RB,RB,"https://static.www.nfl.com/image/upload/f_auto,q_auto/league/smsyrjrwy0lf0hu9hkvg",2025,3,REG,LA,PHI,0,0,0,0,0,0,0,0,0,0,0,0,,,0,,20,94,0,0,0,8,-2.605365528764965,0,2,3,18,1,0,0,-5,17,2,2.3823641358176246,0,-3.6,0.09090909090909091,-0.028901734104046242,0.116132422490804,0,0,0,0,0,0,0,0.0,0.0,0,0,0,0,0,0,0,0,0,0,0,0,0,0,0,0,0,0,0,0,0,0,0,,,0,0,0,0,0,0,0,0,0,0,0,0,,,,0,0,0,0,0,0,0,,0,0,0,0,0,17.200000000000003,19.200000000000003
00-0037841,Q.Lake,Quentin Lake,SAF,DB,"https://static.www.nfl.com/image/upload/f_auto,q_auto/league/rhyy4y6kh7kbnuglf7jp",2025,3,REG,LA,PHI,0,0,0,0,0,0,0,0,0,0,0,0,,,0,,0,0,0,0,0,0,,0,0,0,0,0,0,0,0,0,0,,0,,0.0,0.0,0.0,0,2,0,4,0,0,0,0.0,0.0,0,0,0,4,0,0,0,0,0,0,0,0,0,1,1,0,0,0,0,0,0,0,0,,,0,0,0,0,0,0,0,0,0,0,0,0,,,,0,0,0,0,0,0,0,,0,0,0,0,0,0.0,0.0
00-0038359,X.Smith,Xavier Smith,WR,WR,"https://static.www.nfl.com/image/upload/f_auto,q_auto/league/fk4gtziqefw5etqfylbe",2025,3,REG,LA,PHI,0,0,0,0,0,0,0,0,0,0,0,0,,,0,,0,0,0,0,0,0,,0,0,0,0,0,0,0,0,0,0,,0,,0.0,0.0,0.0,0,0,0,1,0,0,0,0.0,0.0,0,0,0,0,0,0,0,0,0,0,0,0,0,0,0,4,53,0,0,0,0,0,0,,,0,0,0,0,0,0,0,0,0,0,0,0,,,,0,0,0,0,0,0,0,,0,0,0,0,0,0.0,0.0
00-0039059,E.Evans,Ethan Evans,P,SPEC,"https://static.www.nfl.com/image/upload/f_auto,q_auto/league/xqev6nqi3dzbwf6q5xkg",2025,3,REG,LA,PHI,0,0,0,0,0,0,0,0,0,0,0,0,,,0,,0,0,0,0,0,0,,0,0,0,0,0,0,0,0,0,0,,0,,0.0,0.0,0.0,0,0,0,0,0,0,0,0.0,0.0,0,0,0,0,0,0,0,0,0,0,0,0,0,0,0,0,0,0,0,0,0,0,0,,,0,0,0,0,0,0,0,0,0,0,0,0,,,,0,0,0,0,0,0,0,,0,0,0,0,0,0.0,0.0
00-0039074,D.Allen,Davis Allen,TE,TE,"https://static.www.nfl.com/image/upload/f_auto,q_auto/league/knzujvs0ge3lozkyilsf",2025,3,REG,LA,PHI,0,0,0,0,0,0,0,0,0,0,0,0,,,0,,0,0,0,0,0,0,,0,1,1,3,0,0,0,0,3,0,-0.043242280604317784,0,0.0,0.030303030303030304,0.0,0.045454545454545456,0,0,0,0,0,0,0,0.0,0.0,0,0,0,0,0,0,0,0,0,0,0,0,0,0,0,0,0,0,0,0,0,0,0,,,0,0,0,0,0,0,0,0,0,0,0,0,,,,0,0,0,0,0,0,0,,0,0,0,0,0,0.30000000000000004,1.3
00-0039075,P.Nacua,Puka Nacua,WR,WR,"https://static.www.nfl.com/image/upload/f_auto,q_auto/league/zvi4hdm6fywcekfe7ceb",2025,3,REG,LA,PHI,0,0,0,0,0,0,0,0,0,0,0,0,,,0,,1,6,0,0,0,0,0.2866294828709215,0,11,15,112,0,0,0,136,37,7,6.380283648028003,0,0.8235294117647058,0.45454545454545453,0.7861271676300579,1.232107199159222,0,0,0,0,0,0,0,0.0,0.0,0,0,0,0,0,0,0,0,0,0,0,0,0,1,15,0,0,0,0,0,0,0,0,,,0,0,0,0,0,0,0,0,0,0,0,0,,,,0,0,0,0,0,0,0,,0,0,0,0,0,11.8,22.8
00-0039137,B.Young,Byron Young,LB,LB,"https://static.www.nfl.com/image/upload/f_auto,q_auto/league/q68ctteciw57fgxh8c4u",2025,3,REG,LA,PHI,0,0,0,0,0,0,0,0,0,0,0,0,,,0,,0,0,0,0,0,0,,0,0,0,0,0,0,0,0,0,0,,0,,0.0,0.0,0.0,0,4,0,2,3,15,0,1.0,3.0,1,0,0,0,0,0,0,0,0,0,0,0,0,0,0,0,0,0,0,0,0,0,0,,,0,0,0,0,0,0,0,0,0,0,0,0,,,,0,0,0,0,0,0,0,,0,0,0,0,0,0.0,0.0
00-0039138,K.Turner,Kobie Turner,DE,DL,"https://static.www.nfl.com/image/upload/f_auto,q_auto/league/tmifh6zibjgxpesgp7bf",2025,3,REG,LA,PHI,0,0,0,0,0,0,0,0,0,0,0,0,,,0,,0,0,0,0,0,0,,0,0,0,0,0,0,0,0,0,0,,0,,0.0,0.0,0.0,0,1,0,1,0,0,0,0.0,0.0,0,0,0,0,0,0,0,0,0,0,0,0,0,0,0,0,0,0,0,0,0,0,0,,,0,0,0,0,0,0,0,0,0,0,0,0,,,,0,0,0,0,0,0,0,,0,0,0,0,0,0.0,0.0
00-0039151,E.Forbes,Emmanuel Forbes,CB,DB,"https://static.www.nfl.com/image/upload/f_auto,q_auto/league/zuqfigu7eadzoeo0uymt",2025,3,REG,LA,PHI,0,0,0,0,0,0,0,0,0,0,0,0,,,0,,0,0,0,0,0,0,,0,0,0,0,0,0,0,0,0,0,,0,,0.0,0.0,0.0,0,1,0,2,0,0,0,0.0,0.0,0,0,0,1,0,0,0,0,0,0,0,0,0,0,0,0,0,0,0,0,0,0,0,,,0,0,0,0,0,0,0,0,0,0,0,0,,,,0,0,0,0,0,0,0,,0,0,0,0,0,0.0,0.0
00-0039734,B.Fiske,Braden Fiske,DE,DL,"https://static.www.nfl.com/image/upload/f_auto,q_auto/league/eviqsptyuqhpsxjcann2",2025,3,REG,LA,PHI,0,0,0,0,0,0,0,0,0,0,0,0,,,0,,0,0,0,0,0,0,,0,0,0,0,0,0,0,0,0,0,,0,,0.0,0.0,0.0,0,1,0,1,0,0,0,0.0,0.0,0,0,0,0,0,0,0,0,0,0,0,0,0,0,0,0,0,0,0,0,0,0,0,,,0,0,0,0,0,0,0,0,0,0,0,0,,,,0,0,0,0,0,0,0,,0,0,0,0,0,0.0,0.0
00-0039738,B.Corum,Blake Corum,RB,RB,"https://static.www.nfl.com/image/upload/f_auto,q_auto/league/gytdgnrjj3jk8rlfxz85",2025,3,REG,LA,PHI,0,0,0,0,0,0,0,0,0,0,0,0,,,0,,8,53,0,0,0,4,2.7791015785187483,0,0,0,0,0,0,0,0,0,0,,0,,0.0,0.0,0.0,0,0,0,0,0,0,0,0.0,0.0,0,0,0,0,0,0,0,0,0,0,0,0,0,0,0,0,0,5,115,0,0,0,0,,,0,0,0,0,0,0,0,0,0,0,0,0,,,,0,0,0,0,0,0,0,,0,0,0,0,0,5.300000000000001,5.300000000000001
00-0039749,T.Davis,Tyler Davis,DE,DL,"https://static.www.nfl.com/image/upload/f_auto,q_auto/league/jbwaqwv5imuhydw4vkzc",2025,3,REG,LA,PHI,0,0,0,0,0,0,0,0,0,0,0,0,,,0,,0,0,0,0,0,0,,0,0,0,0,0,0,0,0,0,0,,0,,0.0,0.0,0.0,0,0,0,2,0,0,0,0.0,0.0,0,0,0,0,0,0,0,0,0,0,0,0,0,0,0,0,0,0,0,0,0,0,0,,,0,0,0,0,0,0,0,0,0,0,0,0,,,,0,0,0,0,0,0,0,,0,0,0,0,0,0.0,0.0
00-0039750,J.Karty,Joshua Karty,K,SPEC,"https://static.www.nfl.com/image/upload/f_auto,q_auto/league/j51z79en8vs3qdgkvnn5",2025,3,REG,LA,PHI,0,1,0,0,0,0,0,0,0,0,0,0,,,0,,0,0,0,0,0,0,,0,0,0,0,0,0,0,0,0,0,,0,,0.0,0.0,0.0,0,0,0,0,0,0,0,0.0,0.0,0,0,0,0,0,0,0,0,0,0,0,0,0,0,0,0,0,0,0,4,6,0,2,51.0,0.6666666666666666,0,1,1,1,1,0,0,0,0,0,0,0,51;28;33;46,,36;44,158,0,80,2,2,0,0,1.0,0,0,0,0,0,0.0,0.0
00-0039751,J.Whittington,Jordan Whittington,WR,WR,"https://static.www.nfl.com/image/upload/f_auto,q_auto/league/w5h5q9jwyaimdjlnracx",2025,3,REG,LA,PHI,0,0,0,0,0,0,0,0,0,0,0,0,,,0,,2,7,0,0,0,0,-0.245392614742741,0,2,3,7,0,0,0,6,0,0,-1.4474647234892473,0,1.1666666666666667,0.09090909090909091,0.03468208092485549,0.16064109301103519,0,0,0,0,0,0,0,0.0,0.0,0,0,0,0,0,0,0,0,0,0,0,0,0,0,0,0,0,0,0,0,0,0,0,,,0,0,0,0,0,0,0,0,0,0,0,0,,,,0,0,0,0,0,0,0,,0,0,0,0,0,1.4000000000000001,3.4000000000000004
00-0039774,O.Speights,Omar Speights,LB,LB,"https://static.www.nfl.com/image/upload/f_auto,q_auto/league/amlicxegqeiqvmg9gko0",2025,3,REG,LA,PHI,0,0,0,0,0,0,0,0,0,0,0,0,,,0,,0,0,0,0,0,0,,0,0,0,0,0,0,0,0,0,0,,0,,0.0,0.0,0.0,0,4,0,0,0,0,0,0.0,0.0,0,0,0,0,0,0,0,0,0,0,0,0,0,0,0,0,0,0,0,0,0,0,0,,,0,0,0,0,0,0,0,0,0,0,0,0,,,,0,0,0,0,0,0,0,,0,0,0,0,0,0.0,0.0
00-0039776,J.McCollough,Jaylen McCollough,SAF,DB,"https://static.www.nfl.com/image/upload/f_auto,q_auto/league/ofhqho42cem1dxzez96u",2025,3,REG,LA,PHI,0,0,0,0,0,0,0,0,0,0,0,0,,,0,,0,0,0,0,0,0,,0,0,0,0,0,0,0,0,0,0,,0,,0.0,0.0,0.0,0,2,0,1,1,10,0,1.0,10.0,1,0,0,0,0,0,0,0,0,0,0,0,0,0,0,0,0,0,0,0,0,0,0,,,0,0,0,0,0,0,0,0,0,0,0,0,,,,0,0,0,0,0,0,0,,0,0,0,0,0,0.0,0.0
00-0039834,K.Kinchens,Kamren Kinchens,SAF,DB,"https://static.www.nfl.com/image/upload/f_auto,q_auto/league/ixanabxmodk5m1xp8u8s",2025,3,REG,LA,PHI,0,0,0,0,0,0,0,0,0,0,0,0,,,0,,0,0,0,0,0,0,,0,0,0,0,0,0,0,0,0,0,,0,,0.0,0.0,0.0,0,4,0,3,0,0,0,0.0,0.0,0,0,0,1,0,0,0,0,0,0,0,0,0,1,15,0,0,0,0,0,0,0,0,,,0,0,0,0,0,0,0,0,0,0,0,0,,,,0,0,0,0,0,0,0,,0,0,0,0,0,0.0,0.0
00-0039852,J.Verse,Jared Verse,LB,LB,"https://static.www.nfl.com/image/upload/f_auto,q_auto/league/rapkhulnj8vsblkkgcca",2025,3,REG,LA,PHI,0,0,0,0,0,0,0,0,0,0,0,0,,,0,,0,0,0,0,0,0,,0,0,0,0,0,0,0,0,0,0,,0,,0.0,0.0,0.0,0,3,1,2,2,5,1,1.0,3.0,1,0,0,0,0,0,0,0,0,0,0,0,0,0,0,0,0,0,0,0,0,0,0,,,0,0,0,0,0,0,0,0,0,0,0,0,,,,0,0,0,0,0,0,0,,0,0,0,0,0,0.0,0.0
00-0040613,S.Dolac,Shaun Dolac,LB,LB,"https://static.www.nfl.com/image/upload/f_auto,q_auto/league/f7nr5g6gntkjbnybt14c",2025,3,REG,LA,PHI,0,0,0,0,0,0,0,0,0,0,0,0,,,0,,0,0,0,0,0,0,,0,0,0,0,0,0,0,0,0,0,,0,,0.0,0.0,0.0,0,0,0,1,0,0,0,0.0,0.0,0,0,0,0,0,0,0,0,0,0,0,0,0,0,0,0,0,0,0,0,0,0,0,,,0,0,0,0,0,0,0,0,0,0,0,0,,,,0,0,0,0,0,0,0,,0,0,0,0,0,0.0,0.0
