player_id,player_name,player_display_name,position,position_group,headshot_url,season,week,season_type,team,opponent_team,completions,attempts,passing_yards,passing_tds,passing_interceptions,sacks_suffered,sack_yards_lost,sack_fumbles,sack_fumbles_lost,passing_air_yards,passing_yards_after_catch,passing_first_downs,passing_epa,passing_cpoe,passing_2pt_conversions,pacr,carries,rushing_yards,rushing_tds,rushing_fumbles,rushing_fumbles_lost,rushing_first_downs,rushing_epa,rushing_2pt_conversions,receptions,targets,receiving_yards,receiving_tds,receiving_fumbles,receiving_fumbles_lost,receiving_air_yards,receiving_yards_after_catch,receiving_first_downs,receiving_epa,receiving_2pt_conversions,racr,target_share,air_yards_share,wopr,special_teams_tds,def_tackles_solo,def_tackles_with_assist,def_tackle_assists,def_tackles_for_loss,def_tackles_for_loss_yards,def_fumbles_forced,def_sacks,def_sack_yards,def_qb_hits,def_interceptions,def_interception_yards,def_pass_defended,def_tds,def_fumbles,def_safeties,misc_yards,fumble_recovery_own,fumble_recovery_yards_own,fumble_recovery_opp,fumble_recovery_yards_opp,fumble_recovery_tds,penalties,penalty_yards,punt_returns,punt_return_yards,kickoff_returns,kickoff_return_yards,fg_made,fg_att,fg_missed,fg_blocked,fg_long,fg_pct,fg_made_0_19,fg_made_20_29,fg_made_30_39,fg_made_40_49,fg_made_50_59,fg_made_60_,fg_missed_0_19,fg_missed_20_29,fg_missed_30_39,fg_missed_40_49,fg_missed_50_59,fg_missed_60_,fg_made_list,fg_missed_list,fg_blocked_list,fg_made_distance,fg_missed_distance,fg_blocked_distance,pat_made,pat_att,pat_missed,pat_blocked,pat_pct,gwfg_made,gwfg_att,gwfg_missed,gwfg_blocked,gwfg_distance,fantasy_points,fantasy_points_ppr
00-0032164,A.Armstead,Arik Armstead,DT,DL,"https://static.www.nfl.com/image/upload/f_auto,q_auto/league/z6e5xcslnlyaz2egeke3",2025,1,REG,JAX,CAR,0,0,0,0,0,0,0,0,0,0,0,0,,,0,,0,0,0,0,0,0,,0,0,0,0,0,0,0,0,0,0,,0,,0.0,0.0,0.0,0,0,0,1,0,0,0,0.0,0.0,1,0,0,0,0,0,0,0,0,0,0,0,0,0,0,0,0,0,0,0,0,0,0,,,0,0,0,0,0,0,0,0,0,0,0,0,,,,0,0,0,0,0,0,0,,0,0,0,0,0,0.0,0.0
00-0032763,Au.Johnson,Austin Johnson,NT,DL,"https://static.www.nfl.com/image/upload/f_auto,q_auto/league/ggb026caft3iv7codtxe",2025,1,REG,JAX,CAR,0,0,0,0,0,0,0,0,0,0,0,0,,,0,,0,0,0,0,0,0,,0,0,0,0,0,0,0,0,0,0,,0,,0.0,0.0,0.0,0,0,0,0,0,0,0,0.0,0.0,0,0,0,1,0,0,0,0,0,0,0,0,0,0,0,0,0,0,0,0,0,0,0,,,0,0,0,0,0,0,0,0,0,0,0,0,,,,0,0,0,0,0,0,0,,0,0,0,0,0,0.0,0.0
00-0033038,E.Murray,Eric Murray,S,DB,"https://static.www.nfl.com/image/upload/f_auto,q_auto/league/owvt87ldq6ygpyq7ub4h",2025,1,REG,JAX,CAR,0,0,0,0,0,0,0,0,0,0,0,0,,,0,,0,0,0,0,0,0,,0,0,0,0,0,0,0,0,0,0,,0,,0.0,0.0,0.0,0,3,0,4,0,0,0,0.0,0.0,1,0,0,2,0,0,0,0,0,0,0,0,0,0,0,0,0,0,0,0,0,0,0,,,0,0,0,0,0,0,0,0,0,0,0,0,,,,0,0,0,0,0,0,0,,0,0,0,0,0,0.0,0.0
00-0033073,E.Ogbah,Emmanuel Ogbah,DE,DL,"https://static.www.nfl.com/image/upload/f_auto,q_auto/league/uaj08gf9lrokgxgrbgcn",2025,1,REG,JAX,CAR,0,0,0,0,0,0,0,0,0,0,0,0,,,0,,0,0,0,0,0,0,,0,0,0,0,0,0,0,0,0,0,,0,,0.0,0.0,0.0,0,0,0,1,0,0,0,0.0,0.0,0,0,0,0,0,0,0,0,0,0,0,0,0,0,0,0,0,0,0,0,0,0,0,,,0,0,0,0,0,0,0,0,0,0,0,0,,,,0,0,0,0,0,0,0,,0,0,0,0,0,0.0,0.0
00-0033246,J.Mundt,Johnny Mundt,TE,TE,"https://static.www.nfl.com/image/upload/f_auto,q_auto/league/dnvrns7mliks2ptijfo0",2025,1,REG,JAX,CAR,0,0,0,0,0,0,0,0,0,0,0,0,,,0,,0,0,0,0,0,0,,0,0,1,0,0,0,0,-3,0,0,-0.563763843732886,0,0.0,0.034482758620689655,-0.013452914798206279,0.042307097572290085,0,1,0,0,0,0,0,0.0,0.0,0,0,0,0,0,0,0,0,0,0,0,0,0,1,10,0,0,0,0,0,0,0,0,,,0,0,0,0,0,0,0,0,0,0,0,0,,,,0,0,0,0,0,0,0,,0,0,0,0,0,0.0,0.0
00-0033907,D.Smoot,Dawuane Smoot,DE,DL,"https://static.www.nfl.com/image/upload/f_auto,q_auto/league/gmwsx9fddqfaqsm6dx0a",2025,1,REG,JAX,CAR,0,0,0,0,0,0,0,0,0,0,0,0,,,0,,0,0,0,0,0,0,,0,0,0,0,0,0,0,0,0,0,,0,,0.0,0.0,0.0,0,1,0,1,1,12,0,1.0,12.0,1,0,0,0,0,0,0,0,0,0,0,0,0,0,0,0,0,0,0,0,0,0,0,,,0,0,0,0,0,0,0,0,0,0,0,0,,,,0,0,0,0,0,0,0,,0,0,0,0,0,0.0,0.0
00-0033928,J.Lewis,Jourdan Lewis,CB,DB,"https://static.www.nfl.com/image/upload/f_auto,q_auto/league/tba0nqjehzlrgwtvlvvf",2025,1,REG,JAX,CAR,0,0,0,0,0,0,0,0,0,0,0,0,,,0,,0,0,0,0,0,0,,0,0,0,0,0,0,0,0,0,0,,0,,0.0,0.0,0.0,0,3,0,2,0,0,0,0.0,0.0,1,1,0,3,0,0,0,0,0,0,1,1,0,1,5,0,0,0,0,0,0,0,0,,,0,0,0,0,0,0,0,0,0,0,0,0,,,,0,0,0,0,0,0,0,,0,0,0,0,0,0.0,0.0
00-0034413,F.Oluokun,Foye Oluokun,LB,LB,"https://static.www.nfl.com/image/private/f_auto,q_auto/league/ldsewkhf1k2uxwcud0bj",2025,1,REG,JAX,CAR,0,0,0,0,0,0,0,0,0,0,0,0,,,0,,0,0,0,0,0,0,,0,0,0,0,0,0,0,0,0,0,,0,,0.0,0.0,0.0,0,5,0,5,0,0,1,0.0,0.0,0,1,0,1,0,0,0,0,0,0,0,0,0,0,0,0,0,0,0,0,0,0,0,,,0,0,0,0,0,0,0,0,0,0,0,0,,,,0,0,0,0,0,0,0,,0,0,0,0,0,0.0,0.0
00-0034437,L.Cooke,Logan Cooke,P,SPEC,"https://static.www.nfl.com/image/upload/f_auto,q_auto/league/tm0qrnirdvbhshxsfhg2",2025,1,REG,JAX,CAR,0,0,0,0,0,0,0,0,0,0,0,0,,,0,,0,0,0,0,0,0,,0,0,0,0,0,0,0,0,0,0,,0,,0.0,0.0,0.0,0,0,0,0,0,0,0,0.0,0.0,0,0,0,0,0,0,0,0,0,0,0,0,0,0,0,0,0,0,0,0,0,0,0,,,0,0,0,0,0,0,0,0,0,0,0,0,,,,0,0,0,0,0,0,0,,0,0,0,0,0,0.0,0.0
00-0034473,D.Gardeck,Dennis Gardeck,LB,LB,"https://static.www.nfl.com/image/upload/f_auto,q_auto/league/n7dgy1vckfce4ynxeoil",2025,1,REG,JAX,CAR,0,0,0,0,0,0,0,0,0,0,0,0,,,0,,0,0,0,0,0,0,,0,0,0,0,0,0,0,0,0,0,,0,,0.0,0.0,0.0,0,2,0,0,0,0,0,0.0,0.0,0,0,0,0,0,0,0,0,0,0,0,0,0,0,0,0,0,0,0,0,0,0,0,,,0,0,0,0,0,0,0,0,0,0,0,0,,,,0,0,0,0,0,0,0,,0,0,0,0,0,0.0,0.0
00-0035112,P.Mekari,Patrick Mekari,OT,OL,"https://static.www.nfl.com/image/upload/f_auto,q_auto/league/vvvuokcp8hwm8i9j9ctb",2025,1,REG,JAX,CAR,0,0,0,0,0,0,0,0,0,0,0,0,,,0,,0,0,0,0,0,0,,0,0,0,0,0,0,0,0,0,0,,0,,0.0,0.0,0.0,0,0,0,0,0,0,0,0.0,0.0,0,0,0,0,0,0,0,0,0,0,0,0,0,1,10,0,0,0,0,0,0,0,0,,,0,0,0,0,0,0,0,0,0,0,0,0,,,,0,0,0,0,0,0,0,,0,0,0,0,0,0.0,0.0
00-0035378,A.Wingard,Andrew Wingard,SAF,DB,"https://static.www.nfl.com/image/upload/f_auto,q_auto/league/vumoaka528nab6au7caj",2025,1,REG,JAX,CAR,0,0,0,0,0,0,0,0,0,0,0,0,,,0,,0,0,0,0,0,0,,0,0,0,0,0,0,0,0,0,0,,0,,0.0,0.0,0.0,0,3,0,6,0,0,0,0.0,0.0,0,0,0,0,0,0,0,0,0,0,0,0,0,0,0,0,0,0,0,0,0,0,0,,,0,0,0,0,0,0,0,0,0,0,0,0,,,,0,0,0,0,0,0,0,,0,0,0,0,0,0.0,0.0
00-0035642,J.Hines-Allen,Josh Hines-Allen,DE,DL,"https://static.www.nfl.com/image/upload/f_auto,q_auto/league/frooc3vy4adlwpkdnyks",2025,1,REG,JAX,CAR,0,0,0,0,0,0,0,0,0,0,0,0,,,0,,0,0,0,0,0,0,,0,0,0,0,0,0,0,0,0,0,,0,,0.0,0.0,0.0,0,0,0,0,0,0,0,0.0,0.0,1,0,0,0,0,0,0,0,0,0,0,0,0,0,0,0,0,0,0,0,0,0,0,,,0,0,0,0,0,0,0,0,0,0,0,0,,,,0,0,0,0,0,0,0,,0,0,0,0,0,0.0,0.0
00-0035656,K.Saunders,Khalen Saunders,DT,DL,"https://static.www.nfl.com/image/upload/f_auto,q_auto/league/z9u175bmqffwqtlfzbtw",2025,1,REG,JAX,CAR,0,0,0,0,0,0,0,0,0,0,0,0,,,0,,0,0,0,0,0,0,,0,0,0,0,0,0,0,0,0,0,,0,,0.0,0.0,0.0,0,0,0,2,0,0,0,0.0,0.0,0,0,0,0,0,0,0,0,0,0,0,0,0,0,0,0,0,0,0,0,0,0,0,,,0,0,0,0,0,0,0,0,0,0,0,0,,,,0,0,0,0,0,0,0,,0,0,0,0,0,0.0,0.0
00-0036626,D.Brown,Dyami Brown,WR,WR,"https://static.www.nfl.com/image/upload/f_auto,q_auto/league/wwl9s886olkkvu67qktp",2025,1,REG,JAX,CAR,0,0,0,0,0,0,0,0,0,0,0,0,,,0,,2,6,0,0,0,1,1.8613790995441377,0,3,4,52,0,0,0,54,5,3,4.931041412134835,0,0.9629629629629629,0.13793103448275862,0.242152466367713,0.376403278181537,0,0,0,0,0,0,0,0.0,0.0,0,0,0,0,0,0,0,0,0,0,0,0,0,1,10,0,0,0,0,0,0,0,0,,,0,0,0,0,0,0,0,0,0,0,0,0,,,,0,0,0,0,0,0,0,,0,0,0,0,0,5.800000000000001,8.8
00-0036971,T.Lawrence,Trevor Lawrence,QB,QB,"https://static.www.nfl.com/image/upload/f_auto,q_auto/league/d75srntioly7fq0z8vip",2025,1,REG,JAX,CAR,19,31,178,1,1,0,0,0,0,223,80,9,1.3131129483738126,-4.054062428145573,0,0.7982062780269058,4,12,0,0,0,2,0.5615603704936802,0,0,0,0,0,0,0,0,0,0,,0,,0.0,0.0,0.0,0,0,0,0,0,0,0,0.0,0.0,0,0,0,0,0,0,0,0,0,0,0,0,0,1,12,0,0,0,0,0,0,0,0,,,0,0,0,0,0,0,0,0,0,0,0,0,,,,0,0,0,0,0,0,0,,0,0,0,0,0,10.32,10.32
00-0036973,T.Etienne,Travis Etienne,RB,RB,"https://static.www.nfl.com/image/upload/f_auto,q_auto/league/gc0iljgj34piecyfueyd",2025,1,REG,JAX,CAR,0,0,0,0,0,0,0,0,0,0,0,0,,,0,,16,143,0,0,0,3,1.702370225219056,0,3,3,13,0,0,0,-10,23,1,0.0952835219213739,0,-1.3,0.10344827586206896,-0.04484304932735426,0.12378227926395548,0,0,0,0,0,0,0,0.0,0.0,0,0,0,0,0,0,0,0,0,0,0,0,0,0,0,0,0,0,0,0,0,0,0,,,0,0,0,0,0,0,0,0,0,0,0,0,,,,0,0,0,0,0,0,0,,0,0,0,0,0,15.600000000000001,18.6
00-0036974,T.Campbell,Tyson Campbell,CB,DB,"https://static.www.nfl.com/image/upload/f_auto,q_auto/league/v3limnd5hwq7tvjnnjnn",2025,1,REG,JAX,CAR,0,0,0,0,0,0,0,0,0,0,0,0,,,0,,0,0,0,0,0,0,,0,0,0,0,0,0,0,0,0,0,,0,,0.0,0.0,0.0,0,4,0,2,1,1,0,0.0,0.0,0,0,0,1,0,0,0,0,0,0,0,0,0,0,0,0,0,0,0,0,0,0,0,,,0,0,0,0,0,0,0,0,0,0,0,0,,,,0,0,0,0,0,0,0,,0,0,0,0,0,0.0,0.0
00-0036975,W.Little,Walker Little,OT,OL,"https://static.www.nfl.com/image/upload/f_auto,q_auto/league/rcvi4hvhzassjkeya7z9",2025,1,REG,JAX,CAR,0,0,0,0,0,0,0,0,0,0,0,0,,,0,,0,0,0,0,0,0,,0,0,0,0,0,0,0,0,0,0,,0,,0.0,0.0,0.0,0,0,0,0,0,0,0,0.0,0.0,0,0,0,0,0,0,0,0,0,0,0,0,0,1,5,0,0,0,0,0,0,0,0,,,0,0,0,0,0,0,0,0,0,0,0,0,,,,0,0,0,0,0,0,0,,0,0,0,0,0,0.0,0.0
00-0036985,R.Hainsey,Robert Hainsey,C,OL,"https://static.www.nfl.com/image/upload/f_auto,q_auto/league/gaphcunqg5idsedj7rjv",2025,1,REG,JAX,CAR,0,0,0,0,0,0,0,0,0,0,0,0,,,0,,0,0,0,0,0,0,,0,0,0,0,0,0,0,0,0,0,,0,,0.0,0.0,0.0,0,0,0,0,0,0,0,0.0,0.0,0,0,0,0,0,0,0,0,0,0,0,0,0,1,10,0,0,0,0,0,0,0,0,,,0,0,0,0,0,0,0,0,0,0,0,0,,,,0,0,0,0,0,0,0,,0,0,0,0,0,0.0,0.0
00-0037004,H.Long,Hunter Long,TE,TE,"https://static.www.nfl.com/image/upload/f_auto,q_auto/league/n1kvmijdfpyv1dwlwqa6",2025,1,REG,JAX,CAR,0,0,0,0,0,0,0,0,0,0,0,0,,,0,,0,0,0,0,0,0,,0,1,1,6,1,0,0,6,0,1,1.9653206147486344,0,1.0,0.034482758620689655,0.026905829596412557,0.07055821864852327,0,0,0,0,0,0,0,0.0,0.0,0,0,0,0,0,0,0,0,0,0,0,0,0,0,0,0,0,0,0,0,0,0,0,,,0,0,0,0,0,0,0,0,0,0,0,0,,,,0,0,0,0,0,0,0,,0,0,0,0,0,6.6,7.6
00-0037235,T.Walker,Travon Walker,DE,DL,"https://static.www.nfl.com/image/upload/f_auto,q_auto/league/dg4shgrhcxlmhrdaifiu",2025,1,REG,JAX,CAR,0,0,0,0,0,0,0,0,0,0,0,0,,,0,,0,0,0,0,0,0,,0,0,0,0,0,0,0,0,0,0,,0,,0.0,0.0,0.0,0,1,0,1,0,0,0,0.0,0.0,0,0,0,0,0,0,0,0,0,0,0,0,0,0,0,0,0,0,0,0,0,0,0,,,0,0,0,0,0,0,0,0,0,0,0,0,,,,0,0,0,0,0,0,0,,0,0,0,0,0,0.0,0.0
00-0037244,D.Lloyd,Devin Lloyd,LB,LB,"https://static.www.nfl.com/image/upload/f_auto,q_auto/league/f4iyy3k80fzfzsgavxon",2025,1,REG,JAX,CAR,0,0,0,0,0,0,0,0,0,0,0,0,,,0,,0,0,0,0,0,0,,0,0,0,0,0,0,0,0,0,0,,0,,0.0,0.0,0.0,0,0,0,4,0,0,0,0.0,0.0,0,0,0,0,0,0,0,0,0,0,0,0,0,0,0,0,0,0,0,0,0,0,0,,,0,0,0,0,0,0,0,0,0,0,0,0,,,,0,0,0,0,0,0,0,,0,0,0,0,0,0.0,0.0
00-0038555,T.Bigsby,Tank Bigsby,RB,RB,"https://static.www.nfl.com/image/upload/f_auto,q_auto/league/pbdmvxgc4qymtkmeegxr",2025,1,REG,JAX,CAR,0,0,0,0,0,0,0,0,0,0,0,0,,,0,,5,12,0,0,0,2,-0.2930140635854017,0,0,0,0,0,0,0,0,0,0,,0,,0.0,0.0,0.0,0,0,0,0,0,0,0,0.0,0.0,0,0,0,0,0,0,0,0,0,0,0,0,0,0,0,0,0,1,20,0,0,0,0,,,0,0,0,0,0,0,0,0,0,0,0,0,,,,0,0,0,0,0,0,0,,0,0,0,0,0,1.2000000000000002,1.2000000000000002
00-0038570,V.Miller,Ventrell Miller,LB,LB,"https://static.www.nfl.com/image/upload/f_auto,q_auto/league/gmxgq1mjnbdjjpcggamn",2025,1,REG,JAX,CAR,0,0,0,0,0,0,0,0,0,0,0,0,,,0,,0,0,0,0,0,0,,0,0,0,0,0,0,0,0,0,0,,0,,0.0,0.0,0.0,0,1,0,1,0,0,0,0.0,0.0,0,0,0,1,0,0,0,0,0,0,0,0,0,0,0,0,0,0,0,0,0,0,0,,,0,0,0,0,0,0,0,0,0,0,0,0,,,,0,0,0,0,0,0,0,,0,0,0,0,0,0.0,0.0
00-0038596,An.Johnson,Antonio Johnson,SAF,DB,"https://static.www.nfl.com/image/upload/f_auto,q_auto/league/zpd9kentvqmeamoeg6g1",2025,1,REG,JAX,CAR,0,0,0,0,0,0,0,0,0,0,0,0,,,0,,0,0,0,0,0,0,,0,0,0,0,0,0,0,0,0,0,,0,,0.0,0.0,0.0,0,1,0,0,0,0,0,0.0,0.0,0,0,0,0,0,0,0,0,0,0,0,0,0,0,0,0,0,0,0,0,0,0,0,,,0,0,0,0,0,0,0,0,0,0,0,0,,,,0,0,0,0,0,0,0,,0,0,0,0,0,0.0,0.0
00-0038606,P.Washington,Parker Washington,WR,WR,"https://static.www.nfl.com/image/upload/f_auto,q_auto/league/sqgxayp6nrrpvwonksdm",2025,1,REG,JAX,CAR,0,0,0,0,0,0,0,0,0,0,0,0,,,0,,0,0,0,0,0,0,,0,0,0,0,0,0,0,0,0,0,,0,,0.0,0.0,0.0,0,0,0,0,0,0,0,0.0,0.0,0,0,0,0,0,0,0,0,0,0,0,0,0,0,0,1,7,0,0,0,0,0,0,,,0,0,0,0,0,0,0,0,0,0,0,0,,,,0,0,0,0,0,0,0,,0,0,0,0,0,0.0,0.0
00-0038935,B.Strange,Brenton Strange,TE,TE,"https://static.www.nfl.com/image/upload/f_auto,q_auto/league/yabpcvadjlrkxzducv7k",2025,1,REG,JAX,CAR,0,0,0,0,0,0,0,0,0,0,0,0,,,0,,0,0,0,0,0,0,,0,4,4,59,0,0,0,36,23,3,6.984373695217073,0,1.6388888888888888,0.13793103448275862,0.16143497757847533,0.31990103602907066,0,0,0,0,0,0,0,0.0,0.0,0,0,0,0,0,0,0,0,0,0,0,0,0,0,0,0,0,0,0,0,0,0,0,,,0,0,0,0,0,0,0,0,0,0,0,0,,,,0,0,0,0,0,0,0,,0,0,0,0,0,5.9,9.9
00-0039353,J.Jones,Jarrian Jones,CB,DB,"https://static.www.nfl.com/image/upload/f_auto,q_auto/league/h7p71pyzltv3nco6ktkj",2025,1,REG,JAX,CAR,0,0,0,0,0,0,0,0,0,0,0,0,,,0,,0,0,0,0,0,0,,0,0,0,0,0,0,0,0,0,0,,0,,0.0,0.0,0.0,0,4,0,0,0,0,0,0.0,0.0,0,0,0,0,0,0,0,0,0,0,0,0,0,1,26,0,0,0,0,0,0,0,0,,,0,0,0,0,0,0,0,0,0,0,0,0,,,,0,0,0,0,0,0,0,,0,0,0,0,0,0.0,0.0
00-0039409,C.Little,Cam Little,K,SPEC,"https://static.www.nfl.com/image/upload/f_auto,q_auto/league/pfdod5cds77uznkotipk",2025,1,REG,JAX,CAR,0,0,0,0,0,0,0,0,0,0,0,0,,,0,,0,0,0,0,0,0,,0,0,0,0,0,0,0,0,0,0,,0,,0.0,0.0,0.0,0,0,0,0,0,0,0,0.0,0.0,0,0,0,0,0,0,0,0,0,0,0,0,0,2,0,0,0,0,0,4,4,0,0,47.0,1.0,0,1,2,1,0,0,0,0,0,0,0,0,35;47;36;28,,,146,0,0,2,2,0,0,1.0,0,0,0,0,0,0.0,0.0
00-0039893,B.Thomas,Brian Thomas Jr.,WR,WR,"https://static.www.nfl.com/image/upload/f_auto,q_auto/league/plnekkriys4cm11rnxwl",2025,1,REG,JAX,CAR,0,0,0,0,0,0,0,0,0,0,0,0,,,0,,1,9,1,0,0,1,2.478325978387147,0,1,7,11,0,0,0,92,0,1,-4.2779213224421255,0,0.11956521739130435,0.2413793103448276,0.4125560538116592,0.6508582031854029,0,0,0,0,0,0,0,0.0,0.0,0,0,0,0,0,0,0,0,0,0,0,0,0,0,0,0,0,0,0,0,0,0,0,,,0,0,0,0,0,0,0,0,0,0,0,0,,,,0,0,0,0,0,0,0,,0,0,0,0,0,8.0,9.0
00-0040213,R.Lane,Rayuan Lane III,SAF,DB,"https://static.www.nfl.com/image/upload/f_auto,q_auto/league/emzamsuwuuxtpw4natjw",2025,1,REG,JAX,CAR,0,0,0,0,0,0,0,0,0,0,0,0,,,0,,0,0,0,0,0,0,,0,0,0,0,0,0,0,0,0,0,,0,,0.0,0.0,0.0,0,0,0,1,0,0,0,0.0,0.0,0,0,0,0,0,0,0,0,0,0,0,0,0,0,0,0,0,0,0,0,0,0,0,,,0,0,0,0,0,0,0,0,0,0,0,0,,,,0,0,0,0,0,0,0,,0,0,0,0,0,0.0,0.0
00-0040238,L.Allen,LeQuint Allen Jr.,RB,RB,"https://static.www.nfl.com/image/upload/f_auto,q_auto/league/i0utigksuuvo2njb9wtk",2025,1,REG,JAX,CAR,0,0,0,0,0,0,0,0,0,0,0,0,,,0,,1,7,0,0,0,1,1.1942497497657314,0,1,1,4,0,0,0,-4,8,0,-0.7187779803828285,0,-1.0,0.034482758620689655,-0.017937219730941704,0.03916808411937529,0,0,0,0,0,0,0,0.0,0.0,0,0,0,0,0,0,0,0,0,0,0,0,0,0,0,0,0,0,0,0,0,0,0,,,0,0,0,0,0,0,0,0,0,0,0,0,,,,0,0,0,0,0,0,0,,0,0,0,0,0,1.1,2.1
00-0040718,T.Hunter,Travis Hunter,WR,WR,"https://static.www.nfl.com/image/upload/f_auto,q_auto/league/apfzii6u8pwj9ntvyfkk",2025,1,REG,JAX,CAR,0,0,0,0,0,0,0,0,0,0,0,0,,,0,,0,0,0,0,0,0,,0,6,8,33,0,0,0,59,21,0,-5.21736198414395,0,0.559322033898305,0.27586206896551724,0.2645739910313901,0.5989948971702489,0,0,0,1,0,0,0,0.0,0.0,0,0,0,0,0,0,0,0,0,0,0,0,0,0,0,0,0,0,0,0,0,0,0,,,0,0,0,0,0,0,0,0,0,0,0,0,,,,0,0,0,0,0,0,0,,0,0,0,0,0,3.3000000000000003,9.3
00-0040719,B.Tuten,Bhayshul Tuten,RB,RB,"https://static.www.nfl.com/image/upload/f_auto,q_auto/league/uf6bidyfjeemrlgsibiz",2025,1,REG,JAX,CAR,0,0,0,0,0,0,0,0,0,0,0,0,,,0,,3,11,0,0,0,1,-0.9226908488199115,0,0,0,0,0,0,0,0,0,0,,0,,0.0,0.0,0.0,0,0,0,0,0,0,0,0.0,0.0,0,0,0,0,0,0,0,0,0,0,0,0,0,0,0,0,0,1,12,0,0,0,0,,,0,0,0,0,0,0,0,0,0,0,0,0,,,,0,0,0,0,0,0,0,,0,0,0,0,0,1.1,1.1
00-0032164,A.Armstead,Arik Armstead,DT,DL,"https://static.www.nfl.com/image/upload/f_auto,q_auto/league/z6e5xcslnlyaz2egeke3",2025,2,REG,JAX,CIN,0,0,0,0,0,0,0,0,0,0,0,0,,,0,,0,0,0,0,0,0,,0,0,0,0,0,0,0,0,0,0,,0,,0.0,0.0,0.0,0,1,0,1,1,5,0,1.0,5.0,1,0,0,0,0,0,0,0,0,0,0,0,0,0,0,0,0,0,0,0,0,0,0,,,0,0,0,0,0,0,0,0,0,0,0,0,,,,0,0,0,0,0,0,0,,0,0,0,0,0,0.0,0.0
00-0032763,Au.Johnson,Austin Johnson,NT,DL,"https://static.www.nfl.com/image/upload/f_auto,q_auto/league/ggb026caft3iv7codtxe",2025,2,REG,JAX,CIN,0,0,0,0,0,0,0,0,0,0,0,0,,,0,,0,0,0,0,0,0,,0,0,0,0,0,0,0,0,0,0,,0,,0.0,0.0,0.0,0,0,0,1,0,0,0,0.0,0.0,0,0,0,0,0,0,0,0,0,0,0,0,0,0,0,0,0,0,0,0,0,0,0,,,0,0,0,0,0,0,0,0,0,0,0,0,,,,0,0,0,0,0,0,0,,0,0,0,0,0,0.0,0.0
00-0033038,E.Murray,Eric Murray,S,DB,"https://static.www.nfl.com/image/upload/f_auto,q_auto/league/owvt87ldq6ygpyq7ub4h",2025,2,REG,JAX,CIN,0,0,0,0,0,0,0,0,0,0,0,0,,,0,,0,0,0,0,0,0,,0,0,0,0,0,0,0,0,0,0,,0,,0.0,0.0,0.0,0,5,1,1,0,0,0,0.0,0.0,0,1,12,1,0,0,0,0,0,0,0,0,0,0,0,0,0,0,0,0,0,0,0,,,0,0,0,0,0,0,0,0,0,0,0,0,,,,0,0,0,0,0,0,0,,0,0,0,0,0,0.0,0.0
00-0033375,T.Patrick,Tim Patrick,WR,WR,"https://static.www.nfl.com/image/upload/f_auto,q_auto/league/ovltsc9sdoo5e62fpa9b",2025,2,REG,JAX,CIN,0,0,0,0,0,0,0,0,0,0,0,0,,,0,,0,0,0,0,0,0,,0,0,1,0,0,0,0,10,0,0,-0.43833448900841177,0,0.0,0.024390243902439025,0.032467532467532464,0.05931263858093126,0,0,0,0,0,0,0,0.0,0.0,0,0,0,0,0,0,0,0,0,0,0,0,0,0,0,0,0,0,0,0,0,0,0,,,0,0,0,0,0,0,0,0,0,0,0,0,,,,0,0,0,0,0,0,0,,0,0,0,0,0,0.0,0.0
00-0033928,J.Lewis,Jourdan Lewis,CB,DB,"https://static.www.nfl.com/image/upload/f_auto,q_auto/league/tba0nqjehzlrgwtvlvvf",2025,2,REG,JAX,CIN,0,0,0,0,0,0,0,0,0,0,0,0,,,0,,0,0,0,0,0,0,,0,0,0,0,0,0,0,0,0,0,,0,,0.0,0.0,0.0,0,5,0,3,2,2,0,0.0,0.0,0,0,0,1,0,0,0,0,0,0,0,0,0,0,0,0,0,0,0,0,0,0,0,,,0,0,0,0,0,0,0,0,0,0,0,0,,,,0,0,0,0,0,0,0,,0,0,0,0,0,0.0,0.0
00-0034413,F.Oluokun,Foye Oluokun,LB,LB,"https://static.www.nfl.com/image/private/f_auto,q_auto/league/ldsewkhf1k2uxwcud0bj",2025,2,REG,JAX,CIN,0,0,0,0,0,0,0,0,0,0,0,0,,,0,,0,0,0,0,0,0,,0,0,0,0,0,0,0,0,0,0,,0,,0.0,0.0,0.0,0,3,0,4,2,5,0,1.0,3.0,1,0,0,1,0,0,0,0,0,0,0,0,0,0,0,0,0,0,0,0,0,0,0,,,0,0,0,0,0,0,0,0,0,0,0,0,,,,0,0,0,0,0,0,0,,0,0,0,0,0,0.0,0.0
00-0034437,L.Cooke,Logan Cooke,P,SPEC,"https://static.www.nfl.com/image/upload/f_auto,q_auto/league/tm0qrnirdvbhshxsfhg2",2025,2,REG,JAX,CIN,0,0,0,0,0,0,0,0,0,0,0,0,,,0,,0,0,0,0,0,0,,0,0,0,0,0,0,0,0,0,0,,0,,0.0,0.0,0.0,0,0,0,0,0,0,0,0.0,0.0,0,0,0,0,0,0,0,0,0,0,0,0,0,0,0,0,0,0,0,0,0,0,0,,,0,0,0,0,0,0,0,0,0,0,0,0,,,,0,0,0,0,0,0,0,,0,0,0,0,0,0.0,0.0
00-0034968,D.Savage,Darnell Savage,SAF,DB,"https://static.www.nfl.com/image/upload/f_auto,q_auto/league/due6pv7gv7hbo7pllpmj",2025,2,REG,JAX,CIN,0,0,0,0,0,0,0,0,0,0,0,0,,,0,,0,0,0,0,0,0,,0,0,0,0,0,0,0,0,0,0,,0,,0.0,0.0,0.0,0,1,0,0,0,0,0,0.0,0.0,0,0,0,0,0,0,0,0,0,0,0,0,0,0,0,0,0,0,0,0,0,0,0,,,0,0,0,0,0,0,0,0,0,0,0,0,,,,0,0,0,0,0,0,0,,0,0,0,0,0,0.0,0.0
00-0035112,P.Mekari,Patrick Mekari,OT,OL,"https://static.www.nfl.com/image/upload/f_auto,q_auto/league/vvvuokcp8hwm8i9j9ctb",2025,2,REG,JAX,CIN,0,0,0,0,0,0,0,0,0,0,0,0,,,0,,0,0,0,0,0,0,,0,0,0,0,0,0,0,0,0,0,,0,,0.0,0.0,0.0,0,0,0,0,0,0,0,0.0,0.0,0,0,0,0,0,0,0,0,0,0,0,0,0,1,5,0,0,0,0,0,0,0,0,,,0,0,0,0,0,0,0,0,0,0,0,0,,,,0,0,0,0,0,0,0,,0,0,0,0,0,0.0,0.0
00-0035378,A.Wingard,Andrew Wingard,SAF,DB,"https://static.www.nfl.com/image/upload/f_auto,q_auto/league/vumoaka528nab6au7caj",2025,2,REG,JAX,CIN,0,0,0,0,0,0,0,0,0,0,0,0,,,0,,0,0,0,0,0,0,,0,0,0,0,0,0,0,0,0,0,,0,,0.0,0.0,0.0,0,2,0,0,0,0,0,0.0,0.0,0,1,39,1,0,0,0,0,0,0,0,0,0,0,0,0,0,0,0,0,0,0,0,,,0,0,0,0,0,0,0,0,0,0,0,0,,,,0,0,0,0,0,0,0,,0,0,0,0,0,0.0,0.0
00-0035642,J.Hines-Allen,Josh Hines-Allen,DE,DL,"https://static.www.nfl.com/image/upload/f_auto,q_auto/league/frooc3vy4adlwpkdnyks",2025,2,REG,JAX,CIN,0,0,0,0,0,0,0,0,0,0,0,0,,,0,,0,0,0,0,0,0,,0,0,0,0,0,0,0,0,0,0,,0,,0.0,0.0,0.0,0,3,1,2,0,0,0,0.0,0.0,3,0,0,0,0,0,0,0,0,0,0,0,0,0,0,0,0,0,0,0,0,0,0,,,0,0,0,0,0,0,0,0,0,0,0,0,,,,0,0,0,0,0,0,0,,0,0,0,0,0,0.0,0.0
00-0036262,D.Hamilton,DaVon Hamilton,DT,DL,"https://static.www.nfl.com/image/upload/f_auto,q_auto/league/ncq2nx5rlstdnbaokw76",2025,2,REG,JAX,CIN,0,0,0,0,0,0,0,0,0,0,0,0,,,0,,0,0,0,0,0,0,,0,0,0,0,0,0,0,0,0,0,,0,,0.0,0.0,0.0,0,2,0,2,0,0,0,0.0,0.0,0,0,0,0,0,0,0,0,0,0,0,0,0,0,0,0,0,0,0,0,0,0,0,,,0,0,0,0,0,0,0,0,0,0,0,0,,,,0,0,0,0,0,0,0,,0,0,0,0,0,0.0,0.0
00-0036590,Q.Morris,Quintin Morris,TE,TE,"https://static.www.nfl.com/image/upload/f_auto,q_auto/league/lvmccekmoj82dzw00xcl",2025,2,REG,JAX,CIN,0,0,0,0,0,0,0,0,0,0,0,0,,,0,,0,0,0,0,0,0,,0,0,0,0,0,0,0,0,0,0,,0,,0.0,0.0,0.0,0,1,0,0,0,0,0,0.0,0.0,0,0,0,0,0,0,0,0,0,0,0,0,0,0,0,0,0,0,0,0,0,0,0,,,0,0,0,0,0,0,0,0,0,0,0,0,,,,0,0,0,0,0,0,0,,0,0,0,0,0,0.0,0.0
00-0036626,D.Brown,Dyami Brown,WR,WR,"https://static.www.nfl.com/image/upload/f_auto,q_auto/league/wwl9s886olkkvu67qktp",2025,2,REG,JAX,CIN,0,0,0,0,0,0,0,0,0,0,0,0,,,0,,1,9,0,0,0,0,0.8092816586140543,0,5,7,57,1,0,0,57,12,4,5.38410111356643,0,1.0,0.17073170731707318,0.18506493506493507,0.3856430155210643,0,0,0,0,0,0,0,0.0,0.0,0,0,0,0,0,0,0,0,0,0,0,0,0,0,0,0,0,0,0,0,0,0,0,,,0,0,0,0,0,0,0,0,0,0,0,0,,,,0,0,0,0,0,0,0,,0,0,0,0,0,12.600000000000001,17.6
00-0036971,T.Lawrence,Trevor Lawrence,QB,QB,"https://static.www.nfl.com/image/upload/f_auto,q_auto/league/d75srntioly7fq0z8vip",2025,2,REG,JAX,CIN,24,42,271,3,2,1,-10,0,0,308,153,15,5.005488552057198,-4.982346514376198,0,0.8798701298701299,2,4,0,1,0,2,-1.2270142603753418,0,0,0,0,0,0,0,0,0,0,,0,,0.0,0.0,0.0,0,0,0,0,0,0,0,0.0,0.0,0,0,0,0,0,0,0,0,1,1,0,0,0,1,5,0,0,0,0,0,0,0,0,,,0,0,0,0,0,0,0,0,0,0,0,0,,,,0,0,0,0,0,0,0,,0,0,0,0,0,19.24,19.24
00-0036973,T.Etienne,Travis Etienne,RB,RB,"https://static.www.nfl.com/image/upload/f_auto,q_auto/league/gc0iljgj34piecyfueyd",2025,2,REG,JAX,CIN,0,0,0,0,0,0,0,0,0,0,0,0,,,0,,14,71,0,0,0,3,-0.6023884942987934,0,2,3,18,1,0,0,-10,25,1,1.286370741436258,0,-1.8,0.07317073170731707,-0.032467532467532464,0.08702882483370288,0,0,0,0,0,0,0,0.0,0.0,0,0,0,0,0,0,0,0,0,0,0,0,0,0,0,0,0,0,0,0,0,0,0,,,0,0,0,0,0,0,0,0,0,0,0,0,,,,0,0,0,0,0,0,0,,0,0,0,0,0,14.9,16.9
00-0036974,T.Campbell,Tyson Campbell,CB,DB,"https://static.www.nfl.com/image/upload/f_auto,q_auto/league/v3limnd5hwq7tvjnnjnn",2025,2,REG,JAX,CIN,0,0,0,0,0,0,0,0,0,0,0,0,,,0,,0,0,0,0,0,0,,0,0,0,0,0,0,0,0,0,0,,0,,0.0,0.0,0.0,0,3,0,2,0,0,0,0.0,0.0,0,0,0,3,0,0,0,0,0,0,0,0,0,0,0,0,0,0,0,0,0,0,0,,,0,0,0,0,0,0,0,0,0,0,0,0,,,,0,0,0,0,0,0,0,,0,0,0,0,0,0.0,0.0
00-0037235,T.Walker,Travon Walker,DE,DL,"https://static.www.nfl.com/image/upload/f_auto,q_auto/league/dg4shgrhcxlmhrdaifiu",2025,2,REG,JAX,CIN,0,0,0,0,0,0,0,0,0,0,0,0,,,0,,0,0,0,0,0,0,,0,0,0,0,0,0,0,0,0,0,,0,,0.0,0.0,0.0,0,3,0,2,1,7,0,1.0,7.0,3,0,0,1,0,0,0,0,0,0,0,0,0,0,0,0,0,0,0,0,0,0,0,,,0,0,0,0,0,0,0,0,0,0,0,0,,,,0,0,0,0,0,0,0,,0,0,0,0,0,0.0,0.0
00-0037244,D.Lloyd,Devin Lloyd,LB,LB,"https://static.www.nfl.com/image/upload/f_auto,q_auto/league/f4iyy3k80fzfzsgavxon",2025,2,REG,JAX,CIN,0,0,0,0,0,0,0,0,0,0,0,0,,,0,,0,0,0,0,0,0,,0,0,0,0,0,0,0,0,0,0,,0,,0.0,0.0,0.0,0,2,0,3,0,0,0,0.0,0.0,1,1,22,1,0,0,0,0,0,0,0,0,0,0,0,0,0,0,0,0,0,0,0,,,0,0,0,0,0,0,0,0,0,0,0,0,,,,0,0,0,0,0,0,0,,0,0,0,0,0,0.0,0.0
00-0038570,V.Miller,Ventrell Miller,LB,LB,"https://static.www.nfl.com/image/upload/f_auto,q_auto/league/gmxgq1mjnbdjjpcggamn",2025,2,REG,JAX,CIN,0,0,0,0,0,0,0,0,0,0,0,0,,,0,,0,0,0,0,0,0,,0,0,0,0,0,0,0,0,0,0,,0,,0.0,0.0,0.0,0,0,0,0,0,0,0,0.0,0.0,0,0,0,1,0,0,0,0,0,0,0,0,0,0,0,0,0,0,0,0,0,0,0,,,0,0,0,0,0,0,0,0,0,0,0,0,,,,0,0,0,0,0,0,0,,0,0,0,0,0,0.0,0.0
00-0038580,Y.Abdullah,Yasir Abdullah,LB,LB,"https://static.www.nfl.com/image/upload/f_auto,q_auto/league/xcqrvdytgfa12io99n2w",2025,2,REG,JAX,CIN,0,0,0,0,0,0,0,0,0,0,0,0,,,0,,0,0,0,0,0,0,,0,0,0,0,0,0,0,0,0,0,,0,,0.0,0.0,0.0,0,0,0,1,0,0,0,0.0,0.0,0,0,0,0,0,0,0,0,0,0,0,0,0,1,15,0,0,0,0,0,0,0,0,,,0,0,0,0,0,0,0,0,0,0,0,0,,,,0,0,0,0,0,0,0,,0,0,0,0,0,0.0,0.0
00-0038596,An.Johnson,Antonio Johnson,SAF,DB,"https://static.www.nfl.com/image/upload/f_auto,q_auto/league/zpd9kentvqmeamoeg6g1",2025,2,REG,JAX,CIN,0,0,0,0,0,0,0,0,0,0,0,0,,,0,,0,0,0,0,0,0,,0,0,0,0,0,0,0,0,0,0,,0,,0.0,0.0,0.0,0,0,0,1,0,0,0,0.0,0.0,0,0,0,0,0,0,0,0,0,0,0,0,0,0,0,0,0,0,0,0,0,0,0,,,0,0,0,0,0,0,0,0,0,0,0,0,,,,0,0,0,0,0,0,0,,0,0,0,0,0,0.0,0.0
00-0038606,P.Washington,Parker Washington,WR,WR,"https://static.www.nfl.com/image/upload/f_auto,q_auto/league/sqgxayp6nrrpvwonksdm",2025,2,REG,JAX,CIN,0,0,0,0,0,0,0,0,0,0,0,0,,,0,,0,0,0,0,0,0,,0,5,5,76,0,0,0,33,43,3,7.15622499526944,0,2.303030303030303,0.12195121951219512,0.10714285714285714,0.2579268292682927,0,0,0,0,0,0,0,0.0,0.0,0,0,0,0,0,0,0,0,0,0,0,0,0,0,0,2,19,3,75,0,0,0,0,,,0,0,0,0,0,0,0,0,0,0,0,0,,,,0,0,0,0,0,0,0,,0,0,0,0,0,7.6000000000000005,12.600000000000001
00-0038935,B.Strange,Brenton Strange,TE,TE,"https://static.www.nfl.com/image/upload/f_auto,q_auto/league/yabpcvadjlrkxzducv7k",2025,2,REG,JAX,CIN,0,0,0,0,0,0,0,0,0,0,0,0,,,0,,0,0,0,0,0,0,,0,3,5,17,0,0,0,31,7,1,0.12332191650057212,0,0.5483870967741935,0.12195121951219512,0.10064935064935066,0.2533813747228381,0,0,0,0,0,0,0,0.0,0.0,0,0,0,0,0,0,0,0,0,0,0,0,0,1,0,0,0,0,0,0,0,0,0,,,0,0,0,0,0,0,0,0,0,0,0,0,,,,0,0,0,0,0,0,0,,0,0,0,0,0,1.7000000000000002,4.7
00-0039353,J.Jones,Jarrian Jones,CB,DB,"https://static.www.nfl.com/image/upload/f_auto,q_auto/league/h7p71pyzltv3nco6ktkj",2025,2,REG,JAX,CIN,0,0,0,0,0,0,0,0,0,0,0,0,,,0,,0,0,0,0,0,0,,0,0,0,0,0,0,0,0,0,0,,0,,0.0,0.0,0.0,0,2,0,0,0,0,0,0.0,0.0,0,0,0,1,0,0,0,0,0,0,0,0,0,0,0,0,0,0,0,0,0,0,0,,,0,0,0,0,0,0,0,0,0,0,0,0,,,,0,0,0,0,0,0,0,,0,0,0,0,0,0.0,0.0
00-0039409,C.Little,Cam Little,K,SPEC,"https://static.www.nfl.com/image/upload/f_auto,q_auto/league/pfdod5cds77uznkotipk",2025,2,REG,JAX,CIN,0,0,0,0,0,0,0,0,0,0,0,0,,,0,,0,0,0,0,0,0,,0,0,0,0,0,0,0,0,0,0,,0,,0.0,0.0,0.0,0,0,0,0,0,0,0,0.0,0.0,0,0,0,0,0,0,0,0,0,0,0,0,0,0,0,0,0,0,0,2,2,0,0,42.0,1.0,0,1,0,1,0,0,0,0,0,0,0,0,42;25,,,67,0,0,3,3,0,0,1.0,0,0,0,0,0,0.0,0.0
00-0039889,M.Smith,Maason Smith,DT,DL,"https://static.www.nfl.com/image/upload/f_auto,q_auto/league/zornbxwkgz44oi2jwts8",2025,2,REG,JAX,CIN,0,0,0,0,0,0,0,0,0,0,0,0,,,0,,0,0,0,0,0,0,,0,0,0,0,0,0,0,0,0,0,,0,,0.0,0.0,0.0,0,0,0,1,0,0,0,0.0,0.0,0,0,0,0,0,0,0,0,0,0,0,0,0,0,0,0,0,0,0,0,0,0,0,,,0,0,0,0,0,0,0,0,0,0,0,0,,,,0,0,0,0,0,0,0,,0,0,0,0,0,0.0,0.0
00-0039893,B.Thomas,Brian Thomas Jr.,WR,WR,"https://static.www.nfl.com/image/upload/f_auto,q_auto/league/plnekkriys4cm11rnxwl",2025,2,REG,JAX,CIN,0,0,0,0,0,0,0,0,0,0,0,0,,,0,,0,0,0,0,0,0,,0,4,12,49,0,0,0,166,1,3,-7.098175629370832,0,0.29518072289156627,0.2926829268292683,0.538961038961039,0.8162971175166296,0,1,0,0,0,0,0,0.0,0.0,0,0,0,0,0,0,0,0,0,0,0,0,0,0,0,0,0,0,0,0,0,0,0,,,0,0,0,0,0,0,0,0,0,0,0,0,,,,0,0,0,0,0,0,0,,0,0,0,0,0,4.9,8.9
00-0040213,R.Lane,Rayuan Lane III,SAF,DB,"https://static.www.nfl.com/image/upload/f_auto,q_auto/league/emzamsuwuuxtpw4natjw",2025,2,REG,JAX,CIN,0,0,0,0,0,0,0,0,0,0,0,0,,,0,,0,0,0,0,0,0,,0,0,0,0,0,0,0,0,0,0,,0,,0.0,0.0,0.0,0,1,0,0,0,0,0,0.0,0.0,0,0,0,0,0,0,0,0,0,0,0,0,0,0,0,0,0,0,0,0,0,0,0,,,0,0,0,0,0,0,0,0,0,0,0,0,,,,0,0,0,0,0,0,0,,0,0,0,0,0,0.0,0.0
00-0040238,L.Allen,LeQuint Allen Jr.,RB,RB,"https://static.www.nfl.com/image/upload/f_auto,q_auto/league/i0utigksuuvo2njb9wtk",2025,2,REG,JAX,CIN,0,0,0,0,0,0,0,0,0,0,0,0,,,0,,2,13,0,0,0,1,0.6530191640486009,0,0,0,0,0,0,0,0,0,0,,0,,0.0,0.0,0.0,0,0,0,0,0,0,0,0.0,0.0,0,0,0,0,0,0,0,0,0,0,0,0,0,0,0,0,0,0,0,0,0,0,0,,,0,0,0,0,0,0,0,0,0,0,0,0,,,,0,0,0,0,0,0,0,,0,0,0,0,0,1.3,1.3
00-0040718,T.Hunter,Travis Hunter,WR,WR,"https://static.www.nfl.com/image/upload/f_auto,q_auto/league/apfzii6u8pwj9ntvyfkk",2025,2,REG,JAX,CIN,0,0,0,0,0,0,0,0,0,0,0,0,,,0,,0,0,0,0,0,0,,0,3,6,22,0,0,0,30,22,1,-4.852371914545074,0,0.7333333333333333,0.14634146341463414,0.09740259740259741,0.28769401330376937,0,2,0,0,0,0,0,0.0,0.0,0,0,0,1,0,0,0,0,0,0,0,0,0,2,30,0,0,0,0,0,0,0,0,,,0,0,0,0,0,0,0,0,0,0,0,0,,,,0,0,0,0,0,0,0,,0,0,0,0,0,2.2,5.2
00-0040719,B.Tuten,Bhayshul Tuten,RB,RB,"https://static.www.nfl.com/image/upload/f_auto,q_auto/league/uf6bidyfjeemrlgsibiz",2025,2,REG,JAX,CIN,0,0,0,0,0,0,0,0,0,0,0,0,,,0,,8,42,0,0,0,0,1.8672788109397516,0,2,2,32,1,0,0,-11,43,2,4.113236081728246,0,-2.909090909090909,0.04878048780487805,-0.03571428571428571,0.04817073170731709,0,0,0,0,0,0,0,0.0,0.0,0,0,0,0,0,0,0,0,0,0,0,0,0,0,0,0,0,1,26,0,0,0,0,,,0,0,0,0,0,0,0,0,0,0,0,0,,,,0,0,0,0,0,0,0,,0,0,0,0,0,13.4,15.4
00-0032164,A.Armstead,Arik Armstead,DT,DL,"https://static.www.nfl.com/image/upload/f_auto,q_auto/league/z6e5xcslnlyaz2egeke3",2025,3,REG,JAX,HOU,0,0,0,0,0,0,0,0,0,0,0,0,,,0,,0,0,0,0,0,0,,0,0,0,0,0,0,0,0,0,0,,0,,0.0,0.0,0.0,0,0,0,1,0,0,0,0.5,4.0,1,0,0,0,0,0,0,0,0,0,0,0,0,0,0,0,0,0,0,0,0,0,0,,,0,0,0,0,0,0,0,0,0,0,0,0,,,,0,0,0,0,0,0,0,,0,0,0,0,0,0.0,0.0
00-0033038,E.Murray,Eric Murray,S,DB,"https://static.www.nfl.com/image/upload/f_auto,q_auto/league/owvt87ldq6ygpyq7ub4h",2025,3,REG,JAX,HOU,0,0,0,0,0,0,0,0,0,0,0,0,,,0,,0,0,0,0,0,0,,0,0,0,0,0,0,0,0,0,0,,0,,0.0,0.0,0.0,0,2,0,2,0,0,0,0.0,0.0,0,0,0,0,0,0,0,0,0,0,0,0,0,1,15,0,0,0,0,0,0,0,0,,,0,0,0,0,0,0,0,0,0,0,0,0,,,,0,0,0,0,0,0,0,,0,0,0,0,0,0.0,0.0
00-0033246,J.Mundt,Johnny Mundt,TE,TE,"https://static.www.nfl.com/image/upload/f_auto,q_auto/league/dnvrns7mliks2ptijfo0",2025,3,REG,JAX,HOU,0,0,0,0,0,0,0,0,0,0,0,0,,,0,,0,0,0,0,0,0,,0,1,1,7,0,0,0,2,5,0,0.35786503180861473,0,3.5,0.02631578947368421,0.006349206349206349,0.04391812865497076,0,0,0,0,0,0,0,0.0,0.0,0,0,0,0,0,0,0,0,0,0,0,0,0,1,5,0,0,0,0,0,0,0,0,,,0,0,0,0,0,0,0,0,0,0,0,0,,,,0,0,0,0,0,0,0,,0,0,0,0,0,0.7000000000000001,1.7000000000000002
00-0033375,T.Patrick,Tim Patrick,WR,WR,"https://static.www.nfl.com/image/upload/f_auto,q_auto/league/ovltsc9sdoo5e62fpa9b",2025,3,REG,JAX,HOU,0,0,0,0,0,0,0,0,0,0,0,0,,,0,,0,0,0,0,0,0,,0,1,1,16,0,0,0,3,13,1,0.8782143597491086,0,5.333333333333333,0.02631578947368421,0.009523809523809525,0.04614035087719298,0,0,0,0,0,0,0,0.0,0.0,0,0,0,0,0,0,0,0,0,0,0,0,0,0,0,0,0,0,0,0,0,0,0,,,0,0,0,0,0,0,0,0,0,0,0,0,,,,0,0,0,0,0,0,0,,0,0,0,0,0,1.6,2.6
00-0033907,D.Smoot,Dawuane Smoot,DE,DL,"https://static.www.nfl.com/image/upload/f_auto,q_auto/league/gmwsx9fddqfaqsm6dx0a",2025,3,REG,JAX,HOU,0,0,0,0,0,0,0,0,0,0,0,0,,,0,,0,0,0,0,0,0,,0,0,0,0,0,0,0,0,0,0,,0,,0.0,0.0,0.0,0,2,0,2,0,0,0,0.0,0.0,0,0,0,0,0,0,0,0,0,0,0,0,0,0,0,0,0,0,0,0,0,0,0,,,0,0,0,0,0,0,0,0,0,0,0,0,,,,0,0,0,0,0,0,0,,0,0,0,0,0,0.0,0.0
00-0033928,J.Lewis,Jourdan Lewis,CB,DB,"https://static.www.nfl.com/image/upload/f_auto,q_auto/league/tba0nqjehzlrgwtvlvvf",2025,3,REG,JAX,HOU,0,0,0,0,0,0,0,0,0,0,0,0,,,0,,0,0,0,0,0,0,,0,0,0,0,0,0,0,0,0,0,,0,,0.0,0.0,0.0,0,3,0,1,1,1,0,0.0,0.0,0,1,6,2,0,0,0,0,0,0,0,0,0,0,0,0,0,0,0,0,0,0,0,,,0,0,0,0,0,0,0,0,0,0,0,0,,,,0,0,0,0,0,0,0,,0,0,0,0,0,0.0,0.0
00-0034413,F.Oluokun,Foye Oluokun,LB,LB,"https://static.www.nfl.com/image/private/f_auto,q_auto/league/ldsewkhf1k2uxwcud0bj",2025,3,REG,JAX,HOU,0,0,0,0,0,0,0,0,0,0,0,0,,,0,,0,0,0,0,0,0,,0,0,0,0,0,0,0,0,0,0,,0,,0.0,0.0,0.0,0,5,0,1,0,0,0,0.0,0.0,0,0,0,0,0,0,0,0,0,0,0,0,0,0,0,0,0,0,0,0,0,0,0,,,0,0,0,0,0,0,0,0,0,0,0,0,,,,0,0,0,0,0,0,0,,0,0,0,0,0,0.0,0.0
00-0034437,L.Cooke,Logan Cooke,P,SPEC,"https://static.www.nfl.com/image/upload/f_auto,q_auto/league/tm0qrnirdvbhshxsfhg2",2025,3,REG,JAX,HOU,0,0,0,0,0,0,0,0,0,0,0,0,,,0,,0,0,0,0,0,0,,0,0,0,0,0,0,0,0,0,0,,0,,0.0,0.0,0.0,0,0,0,0,0,0,0,0.0,0.0,0,0,0,0,0,0,0,0,0,0,0,0,0,0,0,0,0,0,0,0,0,0,0,,,0,0,0,0,0,0,0,0,0,0,0,0,,,,0,0,0,0,0,0,0,,0,0,0,0,0,0.0,0.0
00-0034473,D.Gardeck,Dennis Gardeck,LB,LB,"https://static.www.nfl.com/image/upload/f_auto,q_auto/league/n7dgy1vckfce4ynxeoil",2025,3,REG,JAX,HOU,0,0,0,0,0,0,0,0,0,0,0,0,,,0,,0,0,0,0,0,0,,0,0,0,0,0,0,0,0,0,0,,0,,0.0,0.0,0.0,0,3,0,1,1,2,0,0.0,0.0,0,0,0,1,0,0,0,0,0,0,0,0,0,1,5,0,0,0,0,0,0,0,0,,,0,0,0,0,0,0,0,0,0,0,0,0,,,,0,0,0,0,0,0,0,,0,0,0,0,0,0.0,0.0
00-0035112,P.Mekari,Patrick Mekari,OT,OL,"https://static.www.nfl.com/image/upload/f_auto,q_auto/league/vvvuokcp8hwm8i9j9ctb",2025,3,REG,JAX,HOU,0,0,0,0,0,0,0,0,0,0,0,0,,,0,,0,0,0,0,0,0,,0,0,0,0,0,0,0,0,0,0,,0,,0.0,0.0,0.0,0,0,0,0,0,0,0,0.0,0.0,0,0,0,0,0,0,0,0,0,0,0,0,0,1,10,0,0,0,0,0,0,0,0,,,0,0,0,0,0,0,0,0,0,0,0,0,,,,0,0,0,0,0,0,0,,0,0,0,0,0,0.0,0.0
00-0035378,A.Wingard,Andrew Wingard,SAF,DB,"https://static.www.nfl.com/image/upload/f_auto,q_auto/league/vumoaka528nab6au7caj",2025,3,REG,JAX,HOU,0,0,0,0,0,0,0,0,0,0,0,0,,,0,,0,0,0,0,0,0,,0,0,0,0,0,0,0,0,0,0,,0,,0.0,0.0,0.0,0,4,0,2,0,0,0,0.0,0.0,0,0,0,0,0,0,0,0,0,0,0,0,0,0,0,0,0,0,0,0,0,0,0,,,0,0,0,0,0,0,0,0,0,0,0,0,,,,0,0,0,0,0,0,0,,0,0,0,0,0,0.0,0.0
00-0035642,J.Hines-Allen,Josh Hines-Allen,DE,DL,"https://static.www.nfl.com/image/upload/f_auto,q_auto/league/frooc3vy4adlwpkdnyks",2025,3,REG,JAX,HOU,0,0,0,0,0,0,0,0,0,0,0,0,,,0,,0,0,0,0,0,0,,0,0,0,0,0,0,0,0,0,0,,0,,0.0,0.0,0.0,0,1,0,1,0,0,0,0.5,4.0,3,0,0,1,0,0,0,0,0,0,0,0,0,0,0,0,0,0,0,0,0,0,0,,,0,0,0,0,0,0,0,0,0,0,0,0,,,,0,0,0,0,0,0,0,,0,0,0,0,0,0.0,0.0
00-0036262,D.Hamilton,DaVon Hamilton,DT,DL,"https://static.www.nfl.com/image/upload/f_auto,q_auto/league/ncq2nx5rlstdnbaokw76",2025,3,REG,JAX,HOU,0,0,0,0,0,0,0,0,0,0,0,0,,,0,,0,0,0,0,0,0,,0,0,0,0,0,0,0,0,0,0,,0,,0.0,0.0,0.0,0,0,0,0,0,0,0,0.0,0.0,1,0,0,0,0,0,0,0,0,0,0,0,0,0,0,0,0,0,0,0,0,0,0,,,0,0,0,0,0,0,0,0,0,0,0,0,,,,0,0,0,0,0,0,0,,0,0,0,0,0,0.0,0.0
00-0036626,D.Brown,Dyami Brown,WR,WR,"https://static.www.nfl.com/image/upload/f_auto,q_auto/league/wwl9s886olkkvu67qktp",2025,3,REG,JAX,HOU,0,0,0,0,0,0,0,0,0,0,0,0,,,0,,0,0,0,0,0,0,,0,2,3,7,0,0,0,51,2,1,0.21993677300633863,0,0.13725490196078433,0.07894736842105263,0.1619047619047619,0.23175438596491227,0,0,0,0,0,0,0,0.0,0.0,0,0,0,0,0,0,0,0,0,0,0,0,0,1,5,0,0,0,0,0,0,0,0,,,0,0,0,0,0,0,0,0,0,0,0,0,,,,0,0,0,0,0,0,0,,0,0,0,0,0,0.7000000000000001,2.7
00-0036971,T.Lawrence,Trevor Lawrence,QB,QB,"https://static.www.nfl.com/image/upload/f_auto,q_auto/league/d75srntioly7fq0z8vip",2025,3,REG,JAX,HOU,20,40,222,0,1,2,-17,0,0,315,119,10,-9.546405788773784,-17.02903438555567,0,0.7047619047619048,2,9,0,0,0,1,1.6229719686089084,0,0,0,0,0,0,0,0,0,0,,0,,0.0,0.0,0.0,0,0,0,0,0,0,0,0.0,0.0,0,0,0,0,0,0,0,0,0,0,0,0,0,0,0,0,0,0,0,0,0,0,0,,,0,0,0,0,0,0,0,0,0,0,0,0,,,,0,0,0,0,0,0,0,,0,0,0,0,0,7.780000000000001,7.780000000000001
00-0036973,T.Etienne,Travis Etienne,RB,RB,"https://static.www.nfl.com/image/upload/f_auto,q_auto/league/gc0iljgj34piecyfueyd",2025,3,REG,JAX,HOU,0,0,0,0,0,0,0,0,0,0,0,0,,,0,,16,56,1,0,0,2,-1.761041485820897,0,0,2,0,0,0,0,-10,0,0,-1.255432094214484,0,-0.0,0.05263157894736842,-0.031746031746031744,0.05672514619883041,0,0,0,0,0,0,0,0.0,0.0,0,0,0,0,0,0,0,0,0,0,0,0,0,0,0,0,0,0,0,0,0,0,0,,,0,0,0,0,0,0,0,0,0,0,0,0,,,,0,0,0,0,0,0,0,,0,0,0,0,0,11.600000000000001,11.600000000000001
00-0036974,T.Campbell,Tyson Campbell,CB,DB,"https://static.www.nfl.com/image/upload/f_auto,q_auto/league/v3limnd5hwq7tvjnnjnn",2025,3,REG,JAX,HOU,0,0,0,0,0,0,0,0,0,0,0,0,,,0,,0,0,0,0,0,0,,0,0,0,0,0,0,0,0,0,0,,0,,0.0,0.0,0.0,0,7,0,0,0,0,1,0.0,0.0,0,0,0,1,0,0,0,0,0,0,0,0,0,1,5,0,0,0,0,0,0,0,0,,,0,0,0,0,0,0,0,0,0,0,0,0,,,,0,0,0,0,0,0,0,,0,0,0,0,0,0.0,0.0
00-0036975,W.Little,Walker Little,OT,OL,"https://static.www.nfl.com/image/upload/f_auto,q_auto/league/rcvi4hvhzassjkeya7z9",2025,3,REG,JAX,HOU,0,0,0,0,0,0,0,0,0,0,0,0,,,0,,0,0,0,0,0,0,,0,0,0,0,0,0,0,0,0,0,,0,,0.0,0.0,0.0,0,0,0,0,0,0,0,0.0,0.0,0,0,0,0,0,0,0,0,0,0,0,0,0,1,10,0,0,0,0,0,0,0,0,,,0,0,0,0,0,0,0,0,0,0,0,0,,,,0,0,0,0,0,0,0,,0,0,0,0,0,0.0,0.0
00-0037004,H.Long,Hunter Long,TE,TE,"https://static.www.nfl.com/image/upload/f_auto,q_auto/league/n1kvmijdfpyv1dwlwqa6",2025,3,REG,JAX,HOU,0,0,0,0,0,0,0,0,0,0,0,0,,,0,,0,0,0,0,0,0,,0,2,3,12,0,0,0,9,6,0,-0.530964853533078,0,1.3333333333333333,0.07894736842105263,0.02857142857142857,0.13842105263157894,0,0,0,0,0,0,0,0.0,0.0,0,0,0,0,0,0,0,0,0,0,0,0,0,0,0,0,0,0,0,0,0,0,0,,,0,0,0,0,0,0,0,0,0,0,0,0,,,,0,0,0,0,0,0,0,,0,0,0,0,0,1.2000000000000002,3.2
00-0037235,T.Walker,Travon Walker,DE,DL,"https://static.www.nfl.com/image/upload/f_auto,q_auto/league/dg4shgrhcxlmhrdaifiu",2025,3,REG,JAX,HOU,0,0,0,0,0,0,0,0,0,0,0,0,,,0,,0,0,0,0,0,0,,0,0,0,0,0,0,0,0,0,0,,0,,0.0,0.0,0.0,0,1,0,2,1,12,0,1.0,12.0,1,0,0,0,0,0,0,0,0,0,0,0,0,0,0,0,0,0,0,0,0,0,0,,,0,0,0,0,0,0,0,0,0,0,0,0,,,,0,0,0,0,0,0,0,,0,0,0,0,0,0.0,0.0
00-0037244,D.Lloyd,Devin Lloyd,LB,LB,"https://static.www.nfl.com/image/upload/f_auto,q_auto/league/f4iyy3k80fzfzsgavxon",2025,3,REG,JAX,HOU,0,0,0,0,0,0,0,0,0,0,0,0,,,0,,0,0,0,0,0,0,,0,0,0,0,0,0,0,0,0,0,,0,,0.0,0.0,0.0,0,4,0,2,1,1,0,0.0,0.0,0,0,0,0,0,0,0,0,0,0,1,1,0,0,0,0,0,0,0,0,0,0,0,,,0,0,0,0,0,0,0,0,0,0,0,0,,,,0,0,0,0,0,0,0,,0,0,0,0,0,0.0,0.0
00-0038570,V.Miller,Ventrell Miller,LB,LB,"https://static.www.nfl.com/image/upload/f_auto,q_auto/league/gmxgq1mjnbdjjpcggamn",2025,3,REG,JAX,HOU,0,0,0,0,0,0,0,0,0,0,0,0,,,0,,0,0,0,0,0,0,,0,0,0,0,0,0,0,0,0,0,,0,,0.0,0.0,0.0,0,0,0,1,0,0,0,0.0,0.0,0,0,0,0,0,0,0,0,0,0,0,0,0,1,10,0,0,0,0,0,0,0,0,,,0,0,0,0,0,0,0,0,0,0,0,0,,,,0,0,0,0,0,0,0,,0,0,0,0,0,0.0,0.0
00-0038596,An.Johnson,Antonio Johnson,SAF,DB,"https://static.www.nfl.com/image/upload/f_auto,q_auto/league/zpd9kentvqmeamoeg6g1",2025,3,REG,JAX,HOU,0,0,0,0,0,0,0,0,0,0,0,0,,,0,,0,0,0,0,0,0,,0,0,0,0,0,0,0,0,0,0,,0,,0.0,0.0,0.0,0,1,0,3,0,0,0,0.0,0.0,0,1,0,1,0,0,0,0,0,0,0,0,0,0,0,0,0,0,0,0,0,0,0,,,0,0,0,0,0,0,0,0,0,0,0,0,,,,0,0,0,0,0,0,0,,0,0,0,0,0,0.0,0.0
00-0038606,P.Washington,Parker Washington,WR,WR,"https://static.www.nfl.com/image/upload/f_auto,q_auto/league/sqgxayp6nrrpvwonksdm",2025,3,REG,JAX,HOU,0,0,0,0,0,0,0,0,0,0,0,0,,,0,,0,0,0,0,0,0,,0,4,11,34,0,0,0,137,12,2,-8.022860305849463,0,0.24817518248175183,0.2894736842105263,0.43492063492063493,0.7386549707602339,0,1,0,0,0,0,0,0.0,0.0,0,0,0,0,0,0,0,0,0,0,0,0,0,0,0,2,17,0,0,0,0,0,0,,,0,0,0,0,0,0,0,0,0,0,0,0,,,,0,0,0,0,0,0,0,,0,0,0,0,0,3.4000000000000004,7.4
00-0038935,B.Strange,Brenton Strange,TE,TE,"https://static.www.nfl.com/image/upload/f_auto,q_auto/league/yabpcvadjlrkxzducv7k",2025,3,REG,JAX,HOU,0,0,0,0,0,0,0,0,0,0,0,0,,,0,,0,0,0,0,0,0,,0,6,7,61,0,0,0,41,25,3,2.102258466940839,0,1.4878048780487805,0.18421052631578946,0.13015873015873017,0.3674269005847953,0,0,0,0,0,0,0,0.0,0.0,0,0,0,0,0,0,0,0,0,0,0,0,0,1,5,0,0,0,0,0,0,0,0,,,0,0,0,0,0,0,0,0,0,0,0,0,,,,0,0,0,0,0,0,0,,0,0,0,0,0,6.1000000000000005,12.100000000000001
00-0039409,C.Little,Cam Little,K,SPEC,"https://static.www.nfl.com/image/upload/f_auto,q_auto/league/pfdod5cds77uznkotipk",2025,3,REG,JAX,HOU,0,0,0,0,0,0,0,0,0,0,0,0,,,0,,0,0,0,0,0,0,,0,0,0,0,0,0,0,0,0,0,,0,,0.0,0.0,0.0,0,0,0,0,0,0,0,0.0,0.0,0,0,0,0,0,0,0,0,0,0,0,0,0,0,0,0,0,0,0,1,2,1,0,39.0,0.5,0,0,1,0,0,0,0,0,0,1,0,0,39,47,,39,47,0,2,2,0,0,1.0,0,0,0,0,0,0.0,0.0
00-0039893,B.Thomas,Brian Thomas Jr.,WR,WR,"https://static.www.nfl.com/image/upload/f_auto,q_auto/league/plnekkriys4cm11rnxwl",2025,3,REG,JAX,HOU,0,0,0,0,0,0,0,0,0,0,0,0,,,0,,0,0,0,0,0,0,,0,2,6,55,0,0,0,64,32,2,0.363088831392004,0,0.859375,0.15789473684210525,0.20317460317460317,0.3790643274853801,0,0,0,0,0,0,0,0.0,0.0,0,0,0,0,0,0,0,0,0,0,0,0,0,0,0,0,0,0,0,0,0,0,0,,,0,0,0,0,0,0,0,0,0,0,0,0,,,,0,0,0,0,0,0,0,,0,0,0,0,0,5.5,7.5
00-0040213,R.Lane,Rayuan Lane III,SAF,DB,"https://static.www.nfl.com/image/upload/f_auto,q_auto/league/emzamsuwuuxtpw4natjw",2025,3,REG,JAX,HOU,0,0,0,0,0,0,0,0,0,0,0,0,,,0,,0,0,0,0,0,0,,0,0,0,0,0,0,0,0,0,0,,0,,0.0,0.0,0.0,0,1,0,0,0,0,0,0.0,0.0,0,0,0,0,0,0,0,0,0,0,0,0,0,0,0,0,0,0,0,0,0,0,0,,,0,0,0,0,0,0,0,0,0,0,0,0,,,,0,0,0,0,0,0,0,,0,0,0,0,0,0.0,0.0
00-0040238,L.Allen,LeQuint Allen Jr.,RB,RB,"https://static.www.nfl.com/image/upload/f_auto,q_auto/league/i0utigksuuvo2njb9wtk",2025,3,REG,JAX,HOU,0,0,0,0,0,0,0,0,0,0,0,0,,,0,,0,0,0,0,0,0,,0,1,1,9,0,0,0,3,6,0,-0.5053749969229102,0,3.0,0.02631578947368421,0.009523809523809525,0.04614035087719298,0,0,0,0,0,0,0,0.0,0.0,0,0,0,0,0,0,0,0,0,0,0,0,0,0,0,0,0,2,48,0,0,0,0,,,0,0,0,0,0,0,0,0,0,0,0,0,,,,0,0,0,0,0,0,0,,0,0,0,0,0,0.9,1.9
00-0040718,T.Hunter,Travis Hunter,WR,WR,"https://static.www.nfl.com/image/upload/f_auto,q_auto/league/apfzii6u8pwj9ntvyfkk",2025,3,REG,JAX,HOU,0,0,0,0,0,0,0,0,0,0,0,0,,,0,,0,0,0,0,0,0,,0,1,2,21,0,0,0,16,18,1,1.3208696078509092,0,1.3125,0.05263157894736842,0.050793650793650794,0.11450292397660819,0,3,1,2,0,0,0,0.0,0.0,0,0,0,0,0,0,0,0,0,0,0,0,0,0,0,0,0,0,0,0,0,0,0,,,0,0,0,0,0,0,0,0,0,0,0,0,,,,0,0,0,0,0,0,0,,0,0,0,0,0,2.1,3.1
00-0040719,B.Tuten,Bhayshul Tuten,RB,RB,"https://static.www.nfl.com/image/upload/f_auto,q_auto/league/uf6bidyfjeemrlgsibiz",2025,3,REG,JAX,HOU,0,0,0,0,0,0,0,0,0,0,0,0,,,0,,6,21,1,0,0,2,-0.9276938750129293,0,0,1,0,0,0,0,3,0,0,-0.7154975464800373,0,0.0,0.02631578947368421,0.009523809523809525,0.04614035087719298,0,0,0,0,0,0,0,0.0,0.0,0,0,0,0,0,0,0,0,0,0,0,0,0,0,0,0,0,0,0,0,0,0,0,,,0,0,0,0,0,0,0,0,0,0,0,0,,,,0,0,0,0,0,0,0,,0,0,0,0,0,8.1,8.1
