player_id,player_name,player_display_name,position,position_group,headshot_url,season,week,season_type,team,opponent_team,completions,attempts,passing_yards,passing_tds,passing_interceptions,sacks_suffered,sack_yards_lost,sack_fumbles,sack_fumbles_lost,passing_air_yards,passing_yards_after_catch,passing_first_downs,passing_epa,passing_cpoe,passing_2pt_conversions,pacr,carries,rushing_yards,rushing_tds,rushing_fumbles,rushing_fumbles_lost,rushing_first_downs,rushing_epa,rushing_2pt_conversions,receptions,targets,receiving_yards,receiving_tds,receiving_fumbles,receiving_fumbles_lost,receiving_air_yards,receiving_yards_after_catch,receiving_first_downs,receiving_epa,receiving_2pt_conversions,racr,target_share,air_yards_share,wopr,special_teams_tds,def_tackles_solo,def_tackles_with_assist,def_tackle_assists,def_tackles_for_loss,def_tackles_for_loss_yards,def_fumbles_forced,def_sacks,def_sack_yards,def_qb_hits,def_interceptions,def_interception_yards,def_pass_defended,def_tds,def_fumbles,def_safeties,misc_yards,fumble_recovery_own,fumble_recovery_yards_own,fumble_recovery_opp,fumble_recovery_yards_opp,fumble_recovery_tds,penalties,penalty_yards,punt_returns,punt_return_yards,kickoff_returns,kickoff_return_yards,fg_made,fg_att,fg_missed,fg_blocked,fg_long,fg_pct,fg_made_0_19,fg_made_20_29,fg_made_30_39,fg_made_40_49,fg_made_50_59,fg_made_60_,fg_missed_0_19,fg_missed_20_29,fg_missed_30_39,fg_missed_40_49,fg_missed_50_59,fg_missed_60_,fg_made_list,fg_missed_list,fg_blocked_list,fg_made_distance,fg_missed_distance,fg_blocked_distance,pat_made,pat_att,pat_missed,pat_blocked,pat_pct,gwfg_made,gwfg_att,gwfg_missed,gwfg_blocked,gwfg_distance,fantasy_points,fantasy_points_ppr
00-0025565,N.Folk,Nick Folk,K,SPEC,"https://static.www.nfl.com/image/upload/f_auto,q_auto/league/qcfiv2cc7ky37yq9iklp",2025,1,REG,NYJ,PIT,0,0,0,0,0,0,0,0,0,0,0,0,,,0,,0,0,0,0,0,0,,0,0,0,0,0,0,0,0,0,0,,0,,0.0,0.0,0.0,0,0,0,0,0,0,0,0.0,0.0,0,0,0,0,0,0,0,0,0,0,0,0,0,0,0,0,0,0,0,2,2,0,0,51.0,1.0,0,0,1,0,1,0,0,0,0,0,0,0,35;51,,,86,0,0,2,2,0,0,1.0,0,0,0,0,0,0.0,0.0
00-0033943,J.Reynolds,Josh Reynolds,WR,WR,"https://static.www.nfl.com/image/upload/f_auto,q_auto/league/lf1fjsagcsvxmktl0bbn",2025,1,REG,NYJ,PIT,0,0,0,0,0,0,0,0,0,0,0,0,,,0,,0,0,0,0,0,0,,0,2,3,18,0,0,0,30,2,0,0.9393312151078135,0,0.6,0.14285714285714285,0.17751479289940827,0.33854606931530007,0,0,0,0,0,0,0,0.0,0.0,0,0,0,0,0,0,0,0,0,0,0,0,0,0,0,0,0,0,0,0,0,0,0,,,0,0,0,0,0,0,0,0,0,0,0,0,,,,0,0,0,0,0,0,0,,0,0,0,0,0,1.8,3.8
00-0034782,H.Phillips,Harrison Phillips,DT,DL,"https://static.www.nfl.com/image/upload/f_auto,q_auto/league/znophhdzukalwuwsx6vx",2025,1,REG,NYJ,PIT,0,0,0,0,0,0,0,0,0,0,0,0,,,0,,0,0,0,0,0,0,,0,0,0,0,0,0,0,0,0,0,,0,,0.0,0.0,0.0,0,2,0,0,0,0,0,0.0,0.0,0,0,0,0,0,0,0,0,0,0,0,0,0,0,0,0,0,0,0,0,0,0,0,,,0,0,0,0,0,0,0,0,0,0,0,0,,,,0,0,0,0,0,0,0,,0,0,0,0,0,0.0,0.0
00-0035680,Qu.Williams,Quincy Williams,LB,LB,"https://static.www.nfl.com/image/upload/f_auto,q_auto/league/ukxxxlah4iappss0ro9e",2025,1,REG,NYJ,PIT,0,0,0,0,0,0,0,0,0,0,0,0,,,0,,0,0,0,0,0,0,,0,0,0,0,0,0,0,0,0,0,,0,,0.0,0.0,0.0,0,4,0,2,1,9,0,1.0,9.0,1,0,0,0,0,0,0,0,0,0,0,0,0,1,15,0,0,0,0,0,0,0,0,,,0,0,0,0,0,0,0,0,0,0,0,0,,,,0,0,0,0,0,0,0,,0,0,0,0,0,0.0,0.0
00-0035718,Q.Williams,Quinnen Williams,DT,DL,"https://static.www.nfl.com/image/upload/f_auto,q_auto/league/jawdo0a9miiqz8lqctvh",2025,1,REG,NYJ,PIT,0,0,0,0,0,0,0,0,0,0,0,0,,,0,,0,0,0,0,0,0,,0,0,0,0,0,0,0,0,0,0,,0,,0.0,0.0,0.0,0,4,0,1,2,6,1,1.0,4.0,3,0,0,0,0,0,0,0,0,0,0,0,0,0,0,0,0,0,0,0,0,0,0,,,0,0,0,0,0,0,0,0,0,0,0,0,,,,0,0,0,0,0,0,0,,0,0,0,0,0,0.0,0.0
00-0036369,J.Simpson,John Simpson,G,OL,"https://static.www.nfl.com/image/upload/f_auto,q_auto/league/wv8eiewgjjgiedjzsnmh",2025,1,REG,NYJ,PIT,0,0,0,0,0,0,0,0,0,0,0,0,,,0,,0,0,0,0,0,0,,0,0,0,0,0,0,0,0,0,0,,0,,0.0,0.0,0.0,0,0,0,0,0,0,0,0.0,0.0,0,0,0,0,0,0,0,0,0,0,0,0,0,1,15,0,0,0,0,0,0,0,0,,,0,0,0,0,0,0,0,0,0,0,0,0,,,,0,0,0,0,0,0,0,,0,0,0,0,0,0.0,0.0
00-0036427,T.Johnson,Tyler Johnson,WR,WR,"https://static.www.nfl.com/image/upload/f_auto,q_auto/league/s6fg2hapxwa9efbrygxf",2025,1,REG,NYJ,PIT,0,0,0,0,0,0,0,0,0,0,0,0,,,0,,0,0,0,0,0,0,,0,2,2,31,0,0,0,20,11,1,2.8432018449530005,0,1.55,0.09523809523809523,0.11834319526627218,0.22569737954353336,0,0,0,0,0,0,0,0.0,0.0,0,0,0,0,0,0,0,0,0,0,0,0,0,1,5,0,0,0,0,0,0,0,0,,,0,0,0,0,0,0,0,0,0,0,0,0,,,,0,0,0,0,0,0,0,,0,0,0,0,0,3.1,5.1
00-0036500,J.Sherwood,Jamien Sherwood,LB,LB,"https://static.www.nfl.com/image/upload/f_auto,q_auto/league/fvyykbueuzcivau5d9qq",2025,1,REG,NYJ,PIT,0,0,0,0,0,0,0,0,0,0,0,0,,,0,,0,0,0,0,0,0,,0,0,0,0,0,0,0,0,0,0,,0,,0.0,0.0,0.0,0,3,0,3,1,5,0,0.0,0.0,0,0,0,0,0,0,0,0,0,0,0,0,0,0,0,0,0,0,0,0,0,0,0,,,0,0,0,0,0,0,0,0,0,0,0,0,,,,0,0,0,0,0,0,0,,0,0,0,0,0,0.0,0.0
00-0036501,M.Carter,Michael Carter II,CB,DB,"https://static.www.nfl.com/image/upload/f_auto,q_auto/league/w4cxxdut9kjfowpssmse",2025,1,REG,NYJ,PIT,0,0,0,0,0,0,0,0,0,0,0,0,,,0,,0,0,0,0,0,0,,0,0,0,0,0,0,0,0,0,0,,0,,0.0,0.0,0.0,0,3,0,1,1,1,0,0.0,0.0,0,0,0,1,0,0,0,0,0,0,0,0,0,0,0,0,0,0,0,0,0,0,0,,,0,0,0,0,0,0,0,0,0,0,0,0,,,,0,0,0,0,0,0,0,,0,0,0,0,0,0.0,0.0
00-0036842,K.Nwangwu,Kene Nwangwu,RB,RB,"https://static.www.nfl.com/image/upload/f_auto,q_auto/league/rlnqgz517fsohrndgjrb",2025,1,REG,NYJ,PIT,0,0,0,0,0,0,0,0,0,0,0,0,,,0,,0,0,0,0,0,0,,0,0,0,0,0,0,0,0,0,0,,0,,0.0,0.0,0.0,0,0,0,0,0,0,0,0.0,0.0,0,0,0,0,0,0,0,0,0,0,0,0,0,0,0,0,0,1,33,0,0,0,0,,,0,0,0,0,0,0,0,0,0,0,0,0,,,,0,0,0,0,0,0,0,,0,0,0,0,0,0.0,0.0
00-0036881,J.Tufele,Jay Tufele,DT,DL,"https://static.www.nfl.com/image/upload/f_auto,q_auto/league/w0b0txntjiv6diob9u5k",2025,1,REG,NYJ,PIT,0,0,0,0,0,0,0,0,0,0,0,0,,,0,,0,0,0,0,0,0,,0,0,0,0,0,0,0,0,0,0,,0,,0.0,0.0,0.0,0,2,0,1,0,0,0,0.0,0.0,0,0,0,0,0,0,0,0,0,0,0,0,0,0,0,0,0,0,0,0,0,0,0,,,0,0,0,0,0,0,0,0,0,0,0,0,,,,0,0,0,0,0,0,0,,0,0,0,0,0,0.0,0.0
00-0036941,A.Cisco,Andre Cisco,SAF,DB,"https://static.www.nfl.com/image/upload/f_auto,q_auto/league/sdk8jvmv30mvetujj7bs",2025,1,REG,NYJ,PIT,0,0,0,0,0,0,0,0,0,0,0,0,,,0,,0,0,0,0,0,0,,0,0,0,0,0,0,0,0,0,0,,0,,0.0,0.0,0.0,0,2,0,3,0,0,0,0.0,0.0,0,0,0,0,0,0,0,0,0,0,0,0,0,0,0,0,0,0,0,0,0,0,0,,,0,0,0,0,0,0,0,0,0,0,0,0,,,,0,0,0,0,0,0,0,,0,0,0,0,0,0.0,0.0
00-0036945,J.Fields,Justin Fields,QB,QB,"https://static.www.nfl.com/image/upload/f_auto,q_auto/league/fbteankooq2c33yquq2j",2025,1,REG,NYJ,PIT,16,22,218,1,0,1,-6,0,0,169,76,9,10.05393822364579,10.396403358096169,0,1.2899408284023668,12,48,2,0,0,5,3.605799711584015,0,0,0,0,0,0,0,0,0,0,,0,,0.0,0.0,0.0,0,0,0,0,0,0,0,0.0,0.0,0,0,0,0,0,0,0,0,0,0,0,0,0,0,0,0,0,0,0,0,0,0,0,,,0,0,0,0,0,0,0,0,0,0,0,0,,,,0,0,0,0,0,0,0,,0,0,0,0,0,29.520000000000003,29.520000000000003
00-0036987,B.Stephens,Brandon Stephens,CB,DB,"https://static.www.nfl.com/image/upload/f_auto,q_auto/league/xvwpf9u0s2yj7ldppaen",2025,1,REG,NYJ,PIT,0,0,0,0,0,0,0,0,0,0,0,0,,,0,,0,0,0,0,0,0,,0,0,0,0,0,0,0,0,0,0,,0,,0.0,0.0,0.0,0,3,0,1,0,0,0,0.0,0.0,0,0,0,1,0,0,0,0,0,0,0,0,0,1,19,0,0,0,0,0,0,0,0,,,0,0,0,0,0,0,0,0,0,0,0,0,,,,0,0,0,0,0,0,0,,0,0,0,0,0,0.0,0.0
00-0037155,T.Adams,Tony Adams,SAF,DB,"https://static.www.nfl.com/image/upload/f_auto,q_auto/league/lajc14lel9fjm8p6flnc",2025,1,REG,NYJ,PIT,0,0,0,0,0,0,0,0,0,0,0,0,,,0,,0,0,0,0,0,0,,0,0,0,0,0,0,0,0,0,0,,0,,0.0,0.0,0.0,0,3,0,3,0,0,0,0.0,0.0,0,0,0,0,0,0,0,0,0,0,0,0,0,0,0,0,0,0,0,0,0,0,0,,,0,0,0,0,0,0,0,0,0,0,0,0,,,,0,0,0,0,0,0,0,,0,0,0,0,0,0.0,0.0
00-0037190,A.Gardner,Sauce Gardner,CB,DB,"https://static.www.nfl.com/image/upload/f_auto,q_auto/league/vpwiytfdvaptwbtparmo",2025,1,REG,NYJ,PIT,0,0,0,0,0,0,0,0,0,0,0,0,,,0,,0,0,0,0,0,0,,0,0,0,0,0,0,0,0,0,0,,0,,0.0,0.0,0.0,0,0,0,2,0,0,0,0.0,0.0,0,0,0,2,0,0,0,0,0,0,0,0,0,0,0,0,0,0,0,0,0,0,0,,,0,0,0,0,0,0,0,0,0,0,0,0,,,,0,0,0,0,0,0,0,,0,0,0,0,0,0.0,0.0
00-0037526,M.McCrary-Ball,Marcelino McCrary-Ball,LB,LB,"https://static.www.nfl.com/image/upload/f_auto,q_auto/league/q0ik6bvofk4zrgsartd2",2025,1,REG,NYJ,PIT,0,0,0,0,0,0,0,0,0,0,0,0,,,0,,0,0,0,0,0,0,,0,0,0,0,0,0,0,0,0,0,,0,,0.0,0.0,0.0,0,4,0,1,0,0,1,0.0,0.0,0,0,0,0,0,0,0,0,0,0,0,0,0,0,0,0,0,0,0,0,0,0,0,,,0,0,0,0,0,0,0,0,0,0,0,0,,,,0,0,0,0,0,0,0,,0,0,0,0,0,0.0,0.0
00-0037663,J.Johnson,Jermaine Johnson II,LB,LB,"https://static.www.nfl.com/image/upload/f_auto,q_auto/league/kihqeivcgubenrrjopew",2025,1,REG,NYJ,PIT,0,0,0,0,0,0,0,0,0,0,0,0,,,0,,0,0,0,0,0,0,,0,0,0,0,0,0,0,0,0,0,,0,,0.0,0.0,0.0,0,0,0,3,0,0,0,0.0,0.0,0,0,0,0,0,0,0,0,0,0,0,0,0,0,0,0,0,0,0,0,0,0,0,,,0,0,0,0,0,0,0,0,0,0,0,0,,,,0,0,0,0,0,0,0,,0,0,0,0,0,0.0,0.0
00-0037740,G.Wilson,Garrett Wilson,WR,WR,"https://static.www.nfl.com/image/upload/f_auto,q_auto/league/kbijsheobhwej7lh8mvf",2025,1,REG,NYJ,PIT,0,0,0,0,0,0,0,0,0,0,0,0,,,0,,0,0,0,0,0,0,,0,7,9,95,1,0,0,86,17,4,3.1994361040270887,0,1.1046511627906976,0.42857142857142855,0.5088757396449705,0.9990701606086221,0,0,0,0,0,0,0,0.0,0.0,0,0,0,0,0,0,0,0,0,0,0,0,0,0,0,0,0,0,0,0,0,0,0,,,0,0,0,0,0,0,0,0,0,0,0,0,,,,0,0,0,0,0,0,0,,0,0,0,0,0,15.5,22.5
00-0037805,J.Ruckert,Jeremy Ruckert,TE,TE,"https://static.www.nfl.com/image/upload/f_auto,q_auto/league/jnwpnpbukmzrsuutpufx",2025,1,REG,NYJ,PIT,0,0,0,0,0,0,0,0,0,0,0,0,,,0,,0,0,0,0,0,0,,0,2,2,16,0,0,0,14,2,2,3.114740255055949,0,1.1428571428571428,0.09523809523809523,0.08284023668639054,0.20084530853761623,0,0,0,0,0,0,0,0.0,0.0,0,0,0,0,0,0,0,0,0,0,0,0,0,0,0,0,0,0,0,0,0,0,0,,,0,0,0,0,0,0,0,0,0,0,0,0,,,,0,0,0,0,0,0,0,,0,0,0,0,0,1.6,3.6
00-0038120,B.Hall,Breece Hall,RB,RB,"https://static.www.nfl.com/image/upload/f_auto,q_auto/league/m3dviruymtm2wl2zcpmr",2025,1,REG,NYJ,PIT,0,0,0,0,0,0,0,0,0,0,0,0,,,0,,19,107,0,0,0,7,2.702978243411053,0,2,4,38,0,0,0,-13,42,1,0.8257289103930816,0,-2.923076923076923,0.19047619047619047,-0.07692307692307693,0.23186813186813185,0,0,0,0,0,0,0,0.0,0.0,0,0,0,0,0,0,0,0,0,0,0,0,0,0,0,0,0,0,0,0,0,0,0,,,0,0,0,0,0,0,0,0,0,0,0,0,,,,0,0,0,0,0,0,0,,0,0,0,0,0,14.5,16.5
00-0038496,X.Gipson,Xavier Gipson,WR,WR,"https://static.www.nfl.com/image/upload/f_auto,q_auto/league/nkkrvgof3jtrrwidklcr",2025,1,REG,NYJ,PIT,0,0,0,0,0,0,0,0,0,0,0,0,,,0,,0,0,0,0,0,0,,0,0,0,0,0,0,0,0,0,0,,0,,0.0,0.0,0.0,0,1,0,0,0,0,0,0.0,0.0,0,0,0,0,0,0,0,0,0,0,0,0,0,0,0,2,19,5,142,0,0,0,0,,,0,0,0,0,0,0,0,0,0,0,0,0,,,,0,0,0,0,0,0,0,,0,0,0,0,0,0.0,0.0
00-0038513,C.Jones,Cam Jones,LB,LB,"https://static.www.nfl.com/image/upload/f_auto,q_auto/league/hu5ays6cwy6vlibjuscy",2025,1,REG,NYJ,PIT,0,0,0,0,0,0,0,0,0,0,0,0,,,0,,0,0,0,0,0,0,,0,0,0,0,0,0,0,0,0,0,,0,,0.0,0.0,0.0,0,0,0,2,0,0,0,0.0,0.0,0,0,0,0,0,0,0,0,0,0,0,0,0,0,0,0,0,0,0,0,0,0,0,,,0,0,0,0,0,0,0,0,0,0,0,0,,,,0,0,0,0,0,0,0,,0,0,0,0,0,0.0,0.0
00-0039142,W.McDonald,Will McDonald IV,DE,DL,"https://static.www.nfl.com/image/private/f_auto,q_auto/league/nw8aiicw9bjhxaqwbeo9",2025,1,REG,NYJ,PIT,0,0,0,0,0,0,0,0,0,0,0,0,,,0,,0,0,0,0,0,0,,0,0,0,0,0,0,0,0,0,0,,0,,0.0,0.0,0.0,0,2,0,1,2,13,0,2.0,13.0,3,0,0,0,0,0,0,0,0,0,0,0,0,0,0,0,0,0,0,0,0,0,0,,,0,0,0,0,0,0,0,0,0,0,0,0,,,,0,0,0,0,0,0,0,,0,0,0,0,0,0.0,0.0
00-0039431,J.Briggs,Jowon Briggs,DE,DL,"https://static.www.nfl.com/image/upload/f_auto,q_auto/league/emqn6acxlbepnozv0cll",2025,1,REG,NYJ,PIT,0,0,0,0,0,0,0,0,0,0,0,0,,,0,,0,0,0,0,0,0,,0,0,0,0,0,0,0,0,0,0,,0,,0.0,0.0,0.0,0,0,0,1,0,0,0,0.0,0.0,0,0,0,0,0,0,0,0,0,0,0,0,0,0,0,0,0,0,0,0,0,0,0,,,0,0,0,0,0,0,0,0,0,0,0,0,,,,0,0,0,0,0,0,0,,0,0,0,0,0,0.0,0.0
00-0039634,A.McNamara,Austin McNamara,P,SPEC,"https://static.www.nfl.com/image/upload/f_auto,q_auto/league/d1jzdrpscex7eoxlha6o",2025,1,REG,NYJ,PIT,0,0,0,0,0,0,0,0,0,0,0,0,,,0,,0,0,0,0,0,0,,0,0,0,0,0,0,0,0,0,0,,0,,0.0,0.0,0.0,0,0,0,0,0,0,0,0.0,0.0,0,0,0,0,0,0,0,0,0,0,0,0,0,0,0,0,0,0,0,0,0,0,0,,,0,0,0,0,0,0,0,0,0,0,0,0,,,,0,0,0,0,0,0,0,,0,0,0,0,0,0.0,0.0
00-0039789,Q.Stiggers,Qwan'tez Stiggers,CB,DB,"https://static.www.nfl.com/image/upload/f_auto,q_auto/league/yiiqa5sbaclz4bvnpvul",2025,1,REG,NYJ,PIT,0,0,0,0,0,0,0,0,0,0,0,0,,,0,,0,0,0,0,0,0,,0,0,0,0,0,0,0,0,0,0,,0,,0.0,0.0,0.0,0,0,0,2,0,0,0,0.0,0.0,0,0,0,0,0,0,0,0,0,0,0,0,0,1,10,0,0,0,0,0,0,0,0,,,0,0,0,0,0,0,0,0,0,0,0,0,,,,0,0,0,0,0,0,0,,0,0,0,0,0,0.0,0.0
00-0039794,B.Allen,Braelon Allen,RB,RB,"https://static.www.nfl.com/image/upload/f_auto,q_auto/league/pdaa8u0x2qepyklabdr3",2025,1,REG,NYJ,PIT,0,0,0,0,0,0,0,0,0,0,0,0,,,0,,6,9,1,0,0,1,-2.029729448855389,0,0,0,0,0,0,0,0,0,0,,0,,0.0,0.0,0.0,0,0,0,0,0,0,0,0.0,0.0,0,0,0,0,0,0,0,0,0,0,0,0,0,0,0,0,0,0,0,0,0,0,0,,,0,0,0,0,0,0,0,0,0,0,0,0,,,,0,0,0,0,0,0,0,,0,0,0,0,0,6.9,6.9
00-0039798,I.Davis,Isaiah Davis,RB,RB,"https://static.www.nfl.com/image/upload/f_auto,q_auto/league/hsozhwgsuffsfrc4qdp2",2025,1,REG,NYJ,PIT,0,0,0,0,0,0,0,0,0,0,0,0,,,0,,2,18,0,0,0,0,-0.7665795058578686,0,0,0,0,0,0,0,0,0,0,,0,,0.0,0.0,0.0,0,0,0,1,0,0,0,0.0,0.0,0,0,0,0,0,0,0,0,0,0,0,0,0,0,0,0,0,0,0,0,0,0,0,,,0,0,0,0,0,0,0,0,0,0,0,0,,,,0,0,0,0,0,0,0,,0,0,0,0,0,1.8,1.8
00-0040165,M.Moore,Malachi Moore,SAF,DB,"https://static.www.nfl.com/image/upload/f_auto,q_auto/league/p8qkvfe7fk7yst0mne5m",2025,1,REG,NYJ,PIT,0,0,0,0,0,0,0,0,0,0,0,0,,,0,,0,0,0,0,0,0,,0,0,0,0,0,0,0,0,0,0,,0,,0.0,0.0,0.0,0,0,0,1,0,0,0,0.0,0.0,0,0,0,0,0,0,0,0,0,0,0,0,0,0,0,0,0,0,0,0,0,0,0,,,0,0,0,0,0,0,0,0,0,0,0,0,,,,0,0,0,0,0,0,0,,0,0,0,0,0,0.0,0.0
00-0040186,F.Mauigoa,Francisco Mauigoa,LB,LB,"https://static.www.nfl.com/image/upload/f_auto,q_auto/league/e9v5ipktxb3yepsq0abj",2025,1,REG,NYJ,PIT,0,0,0,0,0,0,0,0,0,0,0,0,,,0,,0,0,0,0,0,0,,0,0,0,0,0,0,0,0,0,0,,0,,0.0,0.0,0.0,0,0,0,1,0,0,0,0.0,0.0,0,0,0,0,0,0,0,0,0,0,0,0,0,0,0,0,0,0,0,0,0,0,0,,,0,0,0,0,0,0,0,0,0,0,0,0,,,,0,0,0,0,0,0,0,,0,0,0,0,0,0.0,0.0
00-0040582,Ar.Smith,Arian Smith,WR,WR,"https://static.www.nfl.com/image/upload/f_auto,q_auto/league/asywvwrn6zhlidxothqn",2025,1,REG,NYJ,PIT,0,0,0,0,0,0,0,0,0,0,0,0,,,0,,0,0,0,0,0,0,,0,0,0,0,0,0,0,0,0,0,,0,,0.0,0.0,0.0,0,0,0,0,0,0,0,0.0,0.0,0,0,0,0,0,0,0,0,0,0,0,0,0,0,0,0,0,1,31,0,0,0,0,,,0,0,0,0,0,0,0,0,0,0,0,0,,,,0,0,0,0,0,0,0,,0,0,0,0,0,0.0,0.0
00-0040736,M.Taylor,Mason Taylor,TE,TE,"https://static.www.nfl.com/image/upload/f_auto,q_auto/league/bk7wjtjt7dpc5qsuil4z",2025,1,REG,NYJ,PIT,0,0,0,0,0,0,0,0,0,0,0,0,,,0,,0,0,0,0,0,0,,0,1,1,20,0,0,0,18,2,1,1.4617584267398342,0,1.1111111111111112,0.047619047619047616,0.10650887573964497,0.1459847844463229,0,0,0,0,0,0,0,0.0,0.0,0,0,0,0,0,0,0,0,0,0,0,0,0,0,0,0,0,0,0,0,0,0,0,,,0,0,0,0,0,0,0,0,0,0,0,0,,,,0,0,0,0,0,0,0,,0,0,0,0,0,2.0,3.0
00-0025565,N.Folk,Nick Folk,K,SPEC,"https://static.www.nfl.com/image/upload/f_auto,q_auto/league/qcfiv2cc7ky37yq9iklp",2025,2,REG,NYJ,BUF,0,0,0,0,0,0,0,0,0,0,0,0,,,0,,0,0,0,0,0,0,,0,0,0,0,0,0,0,0,0,0,,0,,0.0,0.0,0.0,0,0,0,0,0,0,0,0.0,0.0,0,0,0,0,0,0,0,0,0,0,0,0,0,0,0,0,0,0,0,1,1,0,0,51.0,1.0,0,0,0,0,1,0,0,0,0,0,0,0,51,,,51,0,0,1,1,0,0,1.0,0,0,0,0,0,0.0,0.0
00-0028118,T.Taylor,Tyrod Taylor,QB,QB,"https://static.www.nfl.com/image/upload/f_auto,q_auto/league/nqpyumxuo0e9sitk0a0o",2025,2,REG,NYJ,BUF,7,11,56,1,0,2,-10,0,0,79,15,4,5.397247545304708,1.5594455328854648,0,0.7088607594936709,3,21,0,0,0,1,-0.6146480020252056,0,0,0,0,0,0,0,0,0,0,,0,,0.0,0.0,0.0,0,0,0,0,0,0,0,0.0,0.0,0,0,0,0,0,0,0,0,0,0,0,0,0,0,0,0,0,0,0,0,0,0,0,,,0,0,0,0,0,0,0,0,0,0,0,0,,,,0,0,0,0,0,0,0,,0,0,0,0,0,8.34,8.34
00-0034357,I.Oliver,Isaiah Oliver,SAF,DB,"https://static.www.nfl.com/image/upload/f_auto,q_auto/league/s5m8lnvv8xcidpvkyyd4",2025,2,REG,NYJ,BUF,0,0,0,0,0,0,0,0,0,0,0,0,,,0,,0,0,0,0,0,0,,0,0,0,0,0,0,0,0,0,0,,0,,0.0,0.0,0.0,0,2,0,2,0,0,0,0.0,0.0,0,0,0,0,0,0,0,0,0,0,0,0,0,0,0,0,0,0,0,0,0,0,0,,,0,0,0,0,0,0,0,0,0,0,0,0,,,,0,0,0,0,0,0,0,,0,0,0,0,0,0.0,0.0
00-0034782,H.Phillips,Harrison Phillips,DT,DL,"https://static.www.nfl.com/image/upload/f_auto,q_auto/league/znophhdzukalwuwsx6vx",2025,2,REG,NYJ,BUF,0,0,0,0,0,0,0,0,0,0,0,0,,,0,,0,0,0,0,0,0,,0,0,0,0,0,0,0,0,0,0,,0,,0.0,0.0,0.0,0,1,0,3,0,0,0,0.0,0.0,0,0,0,0,0,0,0,0,0,0,0,0,0,0,0,0,0,0,0,0,0,0,0,,,0,0,0,0,0,0,0,0,0,0,0,0,,,,0,0,0,0,0,0,0,,0,0,0,0,0,0.0,0.0
00-0035680,Qu.Williams,Quincy Williams,LB,LB,"https://static.www.nfl.com/image/upload/f_auto,q_auto/league/ukxxxlah4iappss0ro9e",2025,2,REG,NYJ,BUF,0,0,0,0,0,0,0,0,0,0,0,0,,,0,,0,0,0,0,0,0,,0,0,0,0,0,0,0,0,0,0,,0,,0.0,0.0,0.0,0,1,0,4,0,0,0,0.0,0.0,0,0,0,1,0,0,0,0,0,0,0,0,0,0,0,0,0,0,0,0,0,0,0,,,0,0,0,0,0,0,0,0,0,0,0,0,,,,0,0,0,0,0,0,0,,0,0,0,0,0,0.0,0.0
00-0035718,Q.Williams,Quinnen Williams,DT,DL,"https://static.www.nfl.com/image/upload/f_auto,q_auto/league/jawdo0a9miiqz8lqctvh",2025,2,REG,NYJ,BUF,0,0,0,0,0,0,0,0,0,0,0,0,,,0,,0,0,0,0,0,0,,0,0,0,0,0,0,0,0,0,0,,0,,0.0,0.0,0.0,0,1,1,0,1,5,0,0.0,0.0,0,0,0,0,0,0,0,0,0,0,0,0,0,0,0,0,0,0,0,0,0,0,0,,,0,0,0,0,0,0,0,0,0,0,0,0,,,,0,0,0,0,0,0,0,,0,0,0,0,0,0.0,0.0
00-0036427,T.Johnson,Tyler Johnson,WR,WR,"https://static.www.nfl.com/image/upload/f_auto,q_auto/league/s6fg2hapxwa9efbrygxf",2025,2,REG,NYJ,BUF,0,0,0,0,0,0,0,0,0,0,0,0,,,0,,0,0,0,0,0,0,,0,0,1,0,0,0,0,22,0,0,-0.7032637575175613,0,0.0,0.047619047619047616,0.12790697674418605,0.16096345514950167,0,0,0,0,0,0,0,0.0,0.0,0,0,0,0,0,0,0,0,0,0,0,0,0,0,0,0,0,0,0,0,0,0,0,,,0,0,0,0,0,0,0,0,0,0,0,0,,,,0,0,0,0,0,0,0,,0,0,0,0,0,0.0,0.0
00-0036500,J.Sherwood,Jamien Sherwood,LB,LB,"https://static.www.nfl.com/image/upload/f_auto,q_auto/league/fvyykbueuzcivau5d9qq",2025,2,REG,NYJ,BUF,0,0,0,0,0,0,0,0,0,0,0,0,,,0,,0,0,0,0,0,0,,0,0,0,0,0,0,0,0,0,0,,0,,0.0,0.0,0.0,0,5,1,7,2,3,0,0.0,0.0,0,0,0,0,0,0,0,0,0,0,0,0,0,0,0,0,0,0,0,0,0,0,0,,,0,0,0,0,0,0,0,0,0,0,0,0,,,,0,0,0,0,0,0,0,,0,0,0,0,0,0.0,0.0
00-0036501,M.Carter,Michael Carter II,CB,DB,"https://static.www.nfl.com/image/upload/f_auto,q_auto/league/w4cxxdut9kjfowpssmse",2025,2,REG,NYJ,BUF,0,0,0,0,0,0,0,0,0,0,0,0,,,0,,0,0,0,0,0,0,,0,0,0,0,0,0,0,0,0,0,,0,,0.0,0.0,0.0,0,1,1,0,0,0,0,0.0,0.0,0,0,0,1,0,0,0,0,0,0,0,0,0,1,5,0,0,0,0,0,0,0,0,,,0,0,0,0,0,0,0,0,0,0,0,0,,,,0,0,0,0,0,0,0,,0,0,0,0,0,0.0,0.0
00-0036941,A.Cisco,Andre Cisco,SAF,DB,"https://static.www.nfl.com/image/upload/f_auto,q_auto/league/sdk8jvmv30mvetujj7bs",2025,2,REG,NYJ,BUF,0,0,0,0,0,0,0,0,0,0,0,0,,,0,,0,0,0,0,0,0,,0,0,0,0,0,0,0,0,0,0,,0,,0.0,0.0,0.0,0,4,0,2,0,0,0,0.0,0.0,0,0,0,1,0,0,0,0,0,0,0,0,0,0,0,0,0,0,0,0,0,0,0,,,0,0,0,0,0,0,0,0,0,0,0,0,,,,0,0,0,0,0,0,0,,0,0,0,0,0,0.0,0.0
00-0036945,J.Fields,Justin Fields,QB,QB,"https://static.www.nfl.com/image/upload/f_auto,q_auto/league/fbteankooq2c33yquq2j",2025,2,REG,NYJ,BUF,3,11,27,0,0,2,-19,1,0,93,8,1,-9.524855010502506,-37.60964214801788,0,0.2903225806451613,5,49,0,1,1,2,-4.2540358629217465,0,0,0,0,0,0,0,0,0,0,,0,,0.0,0.0,0.0,0,0,0,0,0,0,0,0.0,0.0,0,0,0,0,0,0,0,0,0,0,0,0,0,0,0,0,0,0,0,0,0,0,0,,,0,0,0,0,0,0,0,0,0,0,0,0,,,,0,0,0,0,0,0,0,,0,0,0,0,0,3.9800000000000004,3.9800000000000004
00-0036987,B.Stephens,Brandon Stephens,CB,DB,"https://static.www.nfl.com/image/upload/f_auto,q_auto/league/xvwpf9u0s2yj7ldppaen",2025,2,REG,NYJ,BUF,0,0,0,0,0,0,0,0,0,0,0,0,,,0,,0,0,0,0,0,0,,0,0,0,0,0,0,0,0,0,0,,0,,0.0,0.0,0.0,0,2,0,1,0,0,0,0.0,0.0,0,0,0,0,0,0,0,0,0,0,0,0,0,0,0,0,0,0,0,0,0,0,0,,,0,0,0,0,0,0,0,0,0,0,0,0,,,,0,0,0,0,0,0,0,,0,0,0,0,0,0.0,0.0
00-0037155,T.Adams,Tony Adams,SAF,DB,"https://static.www.nfl.com/image/upload/f_auto,q_auto/league/lajc14lel9fjm8p6flnc",2025,2,REG,NYJ,BUF,0,0,0,0,0,0,0,0,0,0,0,0,,,0,,0,0,0,0,0,0,,0,0,0,0,0,0,0,0,0,0,,0,,0.0,0.0,0.0,0,4,0,1,0,0,0,0.0,0.0,0,0,0,0,0,0,0,0,0,0,0,0,0,1,5,0,0,0,0,0,0,0,0,,,0,0,0,0,0,0,0,0,0,0,0,0,,,,0,0,0,0,0,0,0,,0,0,0,0,0,0.0,0.0
00-0037190,A.Gardner,Sauce Gardner,CB,DB,"https://static.www.nfl.com/image/upload/f_auto,q_auto/league/vpwiytfdvaptwbtparmo",2025,2,REG,NYJ,BUF,0,0,0,0,0,0,0,0,0,0,0,0,,,0,,0,0,0,0,0,0,,0,0,0,0,0,0,0,0,0,0,,0,,0.0,0.0,0.0,0,3,0,0,0,0,0,0.0,0.0,0,0,0,1,0,0,0,0,0,0,0,0,0,1,5,0,0,0,0,0,0,0,0,,,0,0,0,0,0,0,0,0,0,0,0,0,,,,0,0,0,0,0,0,0,,0,0,0,0,0,0.0,0.0
00-0037526,M.McCrary-Ball,Marcelino McCrary-Ball,LB,LB,"https://static.www.nfl.com/image/upload/f_auto,q_auto/league/q0ik6bvofk4zrgsartd2",2025,2,REG,NYJ,BUF,0,0,0,0,0,0,0,0,0,0,0,0,,,0,,0,0,0,0,0,0,,0,0,0,0,0,0,0,0,0,0,,0,,0.0,0.0,0.0,0,2,0,3,0,0,0,0.0,0.0,0,0,0,0,0,0,0,0,0,0,0,0,0,0,0,0,0,0,0,0,0,0,0,,,0,0,0,0,0,0,0,0,0,0,0,0,,,,0,0,0,0,0,0,0,,0,0,0,0,0,0.0,0.0
00-0037663,J.Johnson,Jermaine Johnson II,LB,LB,"https://static.www.nfl.com/image/upload/f_auto,q_auto/league/kihqeivcgubenrrjopew",2025,2,REG,NYJ,BUF,0,0,0,0,0,0,0,0,0,0,0,0,,,0,,0,0,0,0,0,0,,0,0,0,0,0,0,0,0,0,0,,0,,0.0,0.0,0.0,0,2,0,2,0,0,0,0.0,0.0,0,0,0,1,0,0,0,0,0,0,0,0,0,0,0,0,0,0,0,0,0,0,0,,,0,0,0,0,0,0,0,0,0,0,0,0,,,,0,0,0,0,0,0,0,,0,0,0,0,0,0.0,0.0
00-0037740,G.Wilson,Garrett Wilson,WR,WR,"https://static.www.nfl.com/image/upload/f_auto,q_auto/league/kbijsheobhwej7lh8mvf",2025,2,REG,NYJ,BUF,0,0,0,0,0,0,0,0,0,0,0,0,,,0,,0,0,0,0,0,0,,0,4,8,50,0,1,0,73,8,2,-0.8570834649144672,0,0.684931506849315,0.38095238095238093,0.42441860465116277,0.8685215946843854,0,0,0,0,0,0,0,0.0,0.0,0,0,0,0,0,0,0,0,1,1,0,0,0,0,0,0,0,0,0,0,0,0,0,,,0,0,0,0,0,0,0,0,0,0,0,0,,,,0,0,0,0,0,0,0,,0,0,0,0,0,5.0,9.0
00-0037805,J.Ruckert,Jeremy Ruckert,TE,TE,"https://static.www.nfl.com/image/upload/f_auto,q_auto/league/jnwpnpbukmzrsuutpufx",2025,2,REG,NYJ,BUF,0,0,0,0,0,0,0,0,0,0,0,0,,,0,,0,0,0,0,0,0,,0,1,1,5,1,0,0,5,0,1,4.26400620728964,0,1.0,0.047619047619047616,0.029069767441860465,0.09177740863787374,0,0,0,0,0,0,0,0.0,0.0,0,0,0,0,0,0,0,0,0,0,0,0,0,0,0,0,0,0,0,0,0,0,0,,,0,0,0,0,0,0,0,0,0,0,0,0,,,,0,0,0,0,0,0,0,,0,0,0,0,0,6.5,7.5
00-0038107,M.Clemons,Micheal Clemons,DE,DL,"https://static.www.nfl.com/image/upload/f_auto,q_auto/league/bclys2f80w1v5klsswky",2025,2,REG,NYJ,BUF,0,0,0,0,0,0,0,0,0,0,0,0,,,0,,0,0,0,0,0,0,,0,0,0,0,0,0,0,0,0,0,,0,,0.0,0.0,0.0,0,0,0,2,0,0,0,0.0,0.0,0,0,0,0,0,0,0,0,0,0,0,0,0,1,15,0,0,0,0,0,0,0,0,,,0,0,0,0,0,0,0,0,0,0,0,0,,,,0,0,0,0,0,0,0,,0,0,0,0,0,0.0,0.0
00-0038120,B.Hall,Breece Hall,RB,RB,"https://static.www.nfl.com/image/upload/f_auto,q_auto/league/m3dviruymtm2wl2zcpmr",2025,2,REG,NYJ,BUF,0,0,0,0,0,0,0,0,0,0,0,0,,,0,,10,29,0,0,0,2,-2.7800222487421706,0,2,3,9,0,0,0,-2,5,0,-1.387993112730328,0,-4.5,0.14285714285714285,-0.011627906976744186,0.20614617940199334,0,0,0,0,0,0,0,0.0,0.0,0,0,0,0,0,0,0,0,0,0,0,0,0,0,0,0,0,0,0,0,0,0,0,,,0,0,0,0,0,0,0,0,0,0,0,0,,,,0,0,0,0,0,0,0,,0,0,0,0,0,3.8000000000000003,5.800000000000001
00-0038513,C.Jones,Cam Jones,LB,LB,"https://static.www.nfl.com/image/upload/f_auto,q_auto/league/hu5ays6cwy6vlibjuscy",2025,2,REG,NYJ,BUF,0,0,0,0,0,0,0,0,0,0,0,0,,,0,,0,0,0,0,0,0,,0,0,0,0,0,0,0,0,0,0,,0,,0.0,0.0,0.0,0,0,0,1,0,0,0,0.0,0.0,0,0,0,0,0,0,0,0,0,0,0,0,0,0,0,0,0,0,0,0,0,0,0,,,0,0,0,0,0,0,0,0,0,0,0,0,,,,0,0,0,0,0,0,0,,0,0,0,0,0,0.0,0.0
00-0039145,J.Tippmann,Joe Tippmann,G,OL,"https://static.www.nfl.com/image/upload/f_auto,q_auto/league/q8sbzzwjkyb42gn9shb3",2025,2,REG,NYJ,BUF,0,0,0,0,0,0,0,0,0,0,0,0,,,0,,0,0,0,0,0,0,,0,0,0,0,0,0,0,0,0,0,,0,,0.0,0.0,0.0,0,0,0,0,0,0,0,0.0,0.0,0,0,0,0,0,0,0,0,0,0,0,0,0,1,5,0,0,0,0,0,0,0,0,,,0,0,0,0,0,0,0,0,0,0,0,0,,,,0,0,0,0,0,0,0,,0,0,0,0,0,0.0,0.0
00-0039284,B.McGregor,Braiden McGregor,DE,DL,"https://static.www.nfl.com/image/upload/f_auto,q_auto/league/kk8h8mlhxzthxil6nvrt",2025,2,REG,NYJ,BUF,0,0,0,0,0,0,0,0,0,0,0,0,,,0,,0,0,0,0,0,0,,0,0,0,0,0,0,0,0,0,0,,0,,0.0,0.0,0.0,0,2,0,2,0,0,0,0.0,0.0,0,0,0,0,0,0,0,0,0,0,0,0,0,0,0,0,0,0,0,0,0,0,0,,,0,0,0,0,0,0,0,0,0,0,0,0,,,,0,0,0,0,0,0,0,,0,0,0,0,0,0.0,0.0
00-0039289,L.Taylor,Leonard Taylor III,DT,DL,"https://static.www.nfl.com/image/upload/f_auto,q_auto/league/qfnjnvom3evftnkgwcqg",2025,2,REG,NYJ,BUF,0,0,0,0,0,0,0,0,0,0,0,0,,,0,,0,0,0,0,0,0,,0,0,0,0,0,0,0,0,0,0,,0,,0.0,0.0,0.0,0,0,1,1,0,0,0,0.0,0.0,0,0,0,1,0,0,0,0,0,0,0,0,0,0,0,0,0,0,0,0,0,0,0,,,0,0,0,0,0,0,0,0,0,0,0,0,,,,0,0,0,0,0,0,0,,0,0,0,0,0,0.0,0.0
00-0039431,J.Briggs,Jowon Briggs,DE,DL,"https://static.www.nfl.com/image/upload/f_auto,q_auto/league/emqn6acxlbepnozv0cll",2025,2,REG,NYJ,BUF,0,0,0,0,0,0,0,0,0,0,0,0,,,0,,0,0,0,0,0,0,,0,0,0,0,0,0,0,0,0,0,,0,,0.0,0.0,0.0,0,4,0,1,1,1,1,1.0,1.0,2,0,0,0,0,0,0,0,0,0,0,0,0,0,0,0,0,0,0,0,0,0,0,,,0,0,0,0,0,0,0,0,0,0,0,0,,,,0,0,0,0,0,0,0,,0,0,0,0,0,0.0,0.0
00-0039451,I.Williams,Isaiah Williams,WR,WR,"https://static.www.nfl.com/image/upload/f_auto,q_auto/league/gfizlaq4sf0szcwadqhk",2025,2,REG,NYJ,BUF,0,0,0,0,0,0,0,0,0,0,0,0,,,0,,0,0,0,0,0,0,,0,0,0,0,0,0,0,0,0,0,,0,,0.0,0.0,0.0,0,0,0,0,0,0,0,0.0,0.0,0,0,0,0,0,0,0,0,0,0,0,0,0,0,0,1,11,2,40,0,0,0,0,,,0,0,0,0,0,0,0,0,0,0,0,0,,,,0,0,0,0,0,0,0,,0,0,0,0,0,0.0,0.0
00-0039634,A.McNamara,Austin McNamara,P,SPEC,"https://static.www.nfl.com/image/upload/f_auto,q_auto/league/d1jzdrpscex7eoxlha6o",2025,2,REG,NYJ,BUF,0,0,0,0,0,0,0,0,0,0,0,0,,,0,,0,0,0,0,0,0,,0,0,0,0,0,0,0,0,0,0,,0,,0.0,0.0,0.0,0,0,0,0,0,0,0,0.0,0.0,0,0,0,0,0,0,0,0,0,0,0,0,0,0,0,0,0,0,0,0,0,0,0,,,0,0,0,0,0,0,0,0,0,0,0,0,,,,0,0,0,0,0,0,0,,0,0,0,0,0,0.0,0.0
00-0039789,Q.Stiggers,Qwan'tez Stiggers,CB,DB,"https://static.www.nfl.com/image/upload/f_auto,q_auto/league/yiiqa5sbaclz4bvnpvul",2025,2,REG,NYJ,BUF,0,0,0,0,0,0,0,0,0,0,0,0,,,0,,0,0,0,0,0,0,,0,0,0,0,0,0,0,0,0,0,,0,,0.0,0.0,0.0,0,1,0,0,0,0,0,0.0,0.0,0,0,0,0,0,0,0,0,0,0,0,0,0,0,0,0,0,0,0,0,0,0,0,,,0,0,0,0,0,0,0,0,0,0,0,0,,,,0,0,0,0,0,0,0,,0,0,0,0,0,0.0,0.0
00-0039794,B.Allen,Braelon Allen,RB,RB,"https://static.www.nfl.com/image/upload/f_auto,q_auto/league/pdaa8u0x2qepyklabdr3",2025,2,REG,NYJ,BUF,0,0,0,0,0,0,0,0,0,0,0,0,,,0,,2,11,0,0,0,0,-0.7079176148981787,0,0,1,0,0,0,0,0,0,0,-1.298591100901831,0,,0.047619047619047616,0.0,0.07142857142857142,0,0,0,0,0,0,0,0.0,0.0,0,0,0,0,0,0,0,0,0,0,0,0,0,0,0,0,0,0,0,0,0,0,0,,,0,0,0,0,0,0,0,0,0,0,0,0,,,,0,0,0,0,0,0,0,,0,0,0,0,0,1.1,1.1
00-0039798,I.Davis,Isaiah Davis,RB,RB,"https://static.www.nfl.com/image/upload/f_auto,q_auto/league/hsozhwgsuffsfrc4qdp2",2025,2,REG,NYJ,BUF,0,0,0,0,0,0,0,0,0,0,0,0,,,0,,0,0,0,0,0,0,,0,1,3,6,0,0,0,25,6,1,0.949193949229084,0,0.24,0.14285714285714285,0.14534883720930233,0.3160299003322259,0,0,0,0,0,0,0,0.0,0.0,0,0,0,0,0,0,0,0,0,0,0,0,0,0,0,0,0,5,134,0,0,0,0,,,0,0,0,0,0,0,0,0,0,0,0,0,,,,0,0,0,0,0,0,0,,0,0,0,0,0,0.6000000000000001,1.6
00-0040133,A.Thomas,Azareye'h Thomas,CB,DB,"https://static.www.nfl.com/image/upload/f_auto,q_auto/league/yects9qe1kkzkmiunvok",2025,2,REG,NYJ,BUF,0,0,0,0,0,0,0,0,0,0,0,0,,,0,,0,0,0,0,0,0,,0,0,0,0,0,0,0,0,0,0,,0,,0.0,0.0,0.0,0,0,0,1,0,0,0,0.0,0.0,0,0,0,0,0,0,0,0,0,0,0,0,0,0,0,0,0,0,0,0,0,0,0,,,0,0,0,0,0,0,0,0,0,0,0,0,,,,0,0,0,0,0,0,0,,0,0,0,0,0,0.0,0.0
00-0040165,M.Moore,Malachi Moore,SAF,DB,"https://static.www.nfl.com/image/upload/f_auto,q_auto/league/p8qkvfe7fk7yst0mne5m",2025,2,REG,NYJ,BUF,0,0,0,0,0,0,0,0,0,0,0,0,,,0,,0,0,0,0,0,0,,0,0,0,0,0,0,0,0,0,0,,0,,0.0,0.0,0.0,0,1,0,4,0,0,0,0.0,0.0,0,0,0,0,0,0,0,0,0,0,0,0,0,0,0,0,0,0,0,0,0,0,0,,,0,0,0,0,0,0,0,0,0,0,0,0,,,,0,0,0,0,0,0,0,,0,0,0,0,0,0.0,0.0
00-0040186,F.Mauigoa,Francisco Mauigoa,LB,LB,"https://static.www.nfl.com/image/upload/f_auto,q_auto/league/e9v5ipktxb3yepsq0abj",2025,2,REG,NYJ,BUF,0,0,0,0,0,0,0,0,0,0,0,0,,,0,,0,0,0,0,0,0,,0,0,0,0,0,0,0,0,0,0,,0,,0.0,0.0,0.0,0,0,0,3,0,0,0,0.0,0.0,0,0,0,0,0,0,0,0,0,0,0,0,0,0,0,0,0,0,0,0,0,0,0,,,0,0,0,0,0,0,0,0,0,0,0,0,,,,0,0,0,0,0,0,0,,0,0,0,0,0,0.0,0.0
00-0040582,A.Smith,Arian Smith,WR,WR,"https://static.www.nfl.com/image/upload/f_auto,q_auto/league/asywvwrn6zhlidxothqn",2025,2,REG,NYJ,BUF,0,0,0,0,0,0,0,0,0,0,0,0,,,0,,1,-10,0,0,0,0,-1.3960612476803362,0,1,2,8,0,0,0,22,4,1,1.6124316456262022,0,0.36363636363636365,0.09523809523809523,0.12790697674418605,0.23239202657807306,0,0,0,0,0,0,0,0.0,0.0,0,0,0,0,0,0,0,0,0,0,0,0,0,0,0,0,0,0,0,0,0,0,0,,,0,0,0,0,0,0,0,0,0,0,0,0,,,,0,0,0,0,0,0,0,,0,0,0,0,0,-0.2,0.8
00-0040736,M.Taylor,Mason Taylor,TE,TE,"https://static.www.nfl.com/image/upload/f_auto,q_auto/league/bk7wjtjt7dpc5qsuil4z",2025,2,REG,NYJ,BUF,0,0,0,0,0,0,0,0,0,0,0,0,,,0,,0,0,0,0,0,0,,0,1,2,5,0,0,0,8,0,0,-0.08752833615290001,0,0.625,0.09523809523809523,0.046511627906976744,0.17541528239202658,0,0,0,0,0,0,0,0.0,0.0,0,0,0,0,0,0,0,0,1,1,0,0,0,0,0,0,0,0,0,0,0,0,0,,,0,0,0,0,0,0,0,0,0,0,0,0,,,,0,0,0,0,0,0,0,,0,0,0,0,0,0.5,1.5
00-0025565,N.Folk,Nick Folk,K,SPEC,"https://static.www.nfl.com/image/upload/f_auto,q_auto/league/qcfiv2cc7ky37yq9iklp",2025,3,REG,NYJ,TB,0,0,0,0,0,0,0,0,0,0,0,0,,,0,,0,0,0,0,0,0,,0,0,0,0,0,0,0,0,0,0,,0,,0.0,0.0,0.0,0,0,0,0,0,0,0,0.0,0.0,0,0,0,0,0,0,0,0,0,0,0,0,0,0,0,0,0,0,0,2,2,0,0,42.0,1.0,0,0,1,1,0,0,0,0,0,0,0,0,38;42,,,80,0,0,3,3,0,0,1.0,0,0,0,0,0,0.0,0.0
00-0028118,T.Taylor,Tyrod Taylor,QB,QB,"https://static.www.nfl.com/image/upload/f_auto,q_auto/league/nqpyumxuo0e9sitk0a0o",2025,3,REG,NYJ,TB,26,36,197,2,1,4,-29,1,1,161,106,13,-7.886901567328738,7.483880179268973,0,1.2236024844720497,8,48,0,0,0,3,2.165359917737078,0,0,0,0,0,0,0,0,0,0,,0,,0.0,0.0,0.0,0,0,0,0,0,0,0,0.0,0.0,0,0,0,0,0,0,0,0,0,0,0,0,0,0,0,0,0,0,0,0,0,0,0,,,0,0,0,0,0,0,0,0,0,0,0,0,,,,0,0,0,0,0,0,0,,0,0,0,0,0,16.68,16.68
00-0034357,I.Oliver,Isaiah Oliver,SAF,DB,"https://static.www.nfl.com/image/upload/f_auto,q_auto/league/s5m8lnvv8xcidpvkyyd4",2025,3,REG,NYJ,TB,0,0,0,0,0,0,0,0,0,0,0,0,,,0,,0,0,0,0,0,0,,0,0,0,0,0,0,0,0,0,0,,0,,0.0,0.0,0.0,0,0,0,1,0,0,0,0.0,0.0,0,0,0,0,0,0,0,0,0,0,0,0,0,0,0,0,0,0,0,0,0,0,0,,,0,0,0,0,0,0,0,0,0,0,0,0,,,,0,0,0,0,0,0,0,,0,0,0,0,0,0.0,0.0
00-0034521,A.Lazard,Allen Lazard,WR,WR,"https://static.www.nfl.com/image/upload/f_auto,q_auto/league/b05f33npu1zjtpozfgdk",2025,3,REG,NYJ,TB,0,0,0,0,0,0,0,0,0,0,0,0,,,0,,0,0,0,0,0,0,,0,2,3,13,1,0,0,12,5,1,0.923552600084804,0,1.0833333333333333,0.08571428571428572,0.07453416149068323,0.18074534161490682,0,0,0,0,0,0,0,0.0,0.0,0,0,0,0,0,0,0,0,0,0,0,0,0,0,0,0,0,0,0,0,0,0,0,,,0,0,0,0,0,0,0,0,0,0,0,0,,,,0,0,0,0,0,0,0,,0,0,0,0,0,7.3,9.3
00-0034782,H.Phillips,Harrison Phillips,DT,DL,"https://static.www.nfl.com/image/upload/f_auto,q_auto/league/znophhdzukalwuwsx6vx",2025,3,REG,NYJ,TB,0,0,0,0,0,0,0,0,0,0,0,0,,,0,,0,0,0,0,0,0,,0,0,0,0,0,0,0,0,0,0,,0,,0.0,0.0,0.0,0,1,0,4,0,0,1,0.5,4.0,0,0,0,0,0,0,0,0,0,0,0,0,0,0,0,0,0,0,0,0,0,0,0,,,0,0,0,0,0,0,0,0,0,0,0,0,,,,0,0,0,0,0,0,0,,0,0,0,0,0,0.0,0.0
00-0034959,A.Beck,Andrew Beck,RB,RB,"https://static.www.nfl.com/image/upload/f_auto,q_auto/league/cgfleml3vlakevf285n3",2025,3,REG,NYJ,TB,0,0,0,0,0,0,0,0,0,0,0,0,,,0,,0,0,0,0,0,0,,0,0,0,0,0,0,0,0,0,0,,0,,0.0,0.0,0.0,0,0,0,1,0,0,0,0.0,0.0,0,0,0,0,0,0,0,0,0,0,0,0,0,0,0,0,0,0,0,0,0,0,0,,,0,0,0,0,0,0,0,0,0,0,0,0,,,,0,0,0,0,0,0,0,,0,0,0,0,0,0.0,0.0
00-0035680,Qu.Williams,Quincy Williams,LB,LB,"https://static.www.nfl.com/image/upload/f_auto,q_auto/league/ukxxxlah4iappss0ro9e",2025,3,REG,NYJ,TB,0,0,0,0,0,0,0,0,0,0,0,0,,,0,,0,0,0,0,0,0,,0,0,0,0,0,0,0,0,0,0,,0,,0.0,0.0,0.0,0,3,0,1,1,2,0,0.5,4.0,2,0,0,1,0,0,0,0,0,0,0,0,0,0,0,0,0,0,0,0,0,0,0,,,0,0,0,0,0,0,0,0,0,0,0,0,,,,0,0,0,0,0,0,0,,0,0,0,0,0,0.0,0.0
00-0035718,Q.Williams,Quinnen Williams,DT,DL,"https://static.www.nfl.com/image/upload/f_auto,q_auto/league/jawdo0a9miiqz8lqctvh",2025,3,REG,NYJ,TB,0,0,0,0,0,0,0,0,0,0,0,0,,,0,,0,0,0,0,0,0,,0,0,0,0,0,0,0,0,0,0,,0,,0.0,0.0,0.0,0,3,0,3,1,3,0,0.0,0.0,0,0,0,0,0,0,0,0,0,0,0,0,0,1,15,0,0,0,0,0,0,0,0,,,0,0,0,0,0,0,0,0,0,0,0,0,,,,0,0,0,0,0,0,0,,0,0,0,0,0,0.0,0.0
00-0036427,T.Johnson,Tyler Johnson,WR,WR,"https://static.www.nfl.com/image/upload/f_auto,q_auto/league/s6fg2hapxwa9efbrygxf",2025,3,REG,NYJ,TB,0,0,0,0,0,0,0,0,0,0,0,0,,,0,,0,0,0,0,0,0,,0,2,3,32,0,0,0,36,18,2,1.2842764736851677,0,0.8888888888888888,0.08571428571428572,0.2236024844720497,0.2850931677018633,0,0,0,0,0,0,0,0.0,0.0,0,0,0,0,0,0,0,0,0,0,0,0,0,0,0,0,0,0,0,0,0,0,0,,,0,0,0,0,0,0,0,0,0,0,0,0,,,,0,0,0,0,0,0,0,,0,0,0,0,0,3.2,5.2
00-0036500,J.Sherwood,Jamien Sherwood,LB,LB,"https://static.www.nfl.com/image/upload/f_auto,q_auto/league/fvyykbueuzcivau5d9qq",2025,3,REG,NYJ,TB,0,0,0,0,0,0,0,0,0,0,0,0,,,0,,0,0,0,0,0,0,,0,0,0,0,0,0,0,0,0,0,,0,,0.0,0.0,0.0,0,4,1,6,0,0,0,0.0,0.0,0,0,0,0,0,0,0,0,0,0,0,0,0,0,0,0,0,0,0,0,0,0,0,,,0,0,0,0,0,0,0,0,0,0,0,0,,,,0,0,0,0,0,0,0,,0,0,0,0,0,0.0,0.0
00-0036501,M.Carter,Michael Carter II,CB,DB,"https://static.www.nfl.com/image/upload/f_auto,q_auto/league/w4cxxdut9kjfowpssmse",2025,3,REG,NYJ,TB,0,0,0,0,0,0,0,0,0,0,0,0,,,0,,0,0,0,0,0,0,,0,0,0,0,0,0,0,0,0,0,,0,,0.0,0.0,0.0,0,4,1,1,0,0,0,0.0,0.0,0,0,0,0,0,0,0,0,0,0,0,0,0,0,0,0,0,0,0,0,0,0,0,,,0,0,0,0,0,0,0,0,0,0,0,0,,,,0,0,0,0,0,0,0,,0,0,0,0,0,0.0,0.0
00-0036941,A.Cisco,Andre Cisco,SAF,DB,"https://static.www.nfl.com/image/upload/f_auto,q_auto/league/sdk8jvmv30mvetujj7bs",2025,3,REG,NYJ,TB,0,0,0,0,0,0,0,0,0,0,0,0,,,0,,0,0,0,0,0,0,,0,0,0,0,0,0,0,0,0,0,,0,,0.0,0.0,0.0,0,2,1,2,1,1,0,0.0,0.0,0,0,0,0,0,0,0,0,0,0,0,0,0,0,0,0,0,0,0,0,0,0,0,,,0,0,0,0,0,0,0,0,0,0,0,0,,,,0,0,0,0,0,0,0,,0,0,0,0,0,0.0,0.0
00-0036987,B.Stephens,Brandon Stephens,CB,DB,"https://static.www.nfl.com/image/upload/f_auto,q_auto/league/xvwpf9u0s2yj7ldppaen",2025,3,REG,NYJ,TB,0,0,0,0,0,0,0,0,0,0,0,0,,,0,,0,0,0,0,0,0,,0,0,0,0,0,0,0,0,0,0,,0,,0.0,0.0,0.0,0,6,0,1,2,4,0,0.0,0.0,0,0,0,0,0,0,0,0,0,0,0,0,0,0,0,0,0,0,0,0,0,0,0,,,0,0,0,0,0,0,0,0,0,0,0,0,,,,0,0,0,0,0,0,0,,0,0,0,0,0,0.0,0.0
00-0037190,A.Gardner,Sauce Gardner,CB,DB,"https://static.www.nfl.com/image/upload/f_auto,q_auto/league/vpwiytfdvaptwbtparmo",2025,3,REG,NYJ,TB,0,0,0,0,0,0,0,0,0,0,0,0,,,0,,0,0,0,0,0,0,,0,0,0,0,0,0,0,0,0,0,,0,,0.0,0.0,0.0,0,4,0,1,0,0,0,0.0,0.0,0,0,0,0,0,0,0,0,0,0,0,0,0,1,26,0,0,0,0,0,0,0,0,,,0,0,0,0,0,0,0,0,0,0,0,0,,,,0,0,0,0,0,0,0,,0,0,0,0,0,0.0,0.0
00-0037526,M.McCrary-Ball,Marcelino McCrary-Ball,LB,LB,"https://static.www.nfl.com/image/upload/f_auto,q_auto/league/q0ik6bvofk4zrgsartd2",2025,3,REG,NYJ,TB,0,0,0,0,0,0,0,0,0,0,0,0,,,0,,0,0,0,0,0,0,,0,0,0,0,0,0,0,0,0,0,,0,,0.0,0.0,0.0,0,2,0,5,0,0,0,0.0,0.0,0,0,0,0,0,0,0,0,0,0,0,0,0,0,0,0,0,0,0,0,0,0,0,,,0,0,0,0,0,0,0,0,0,0,0,0,,,,0,0,0,0,0,0,0,,0,0,0,0,0,0.0,0.0
00-0037740,G.Wilson,Garrett Wilson,WR,WR,"https://static.www.nfl.com/image/upload/f_auto,q_auto/league/kbijsheobhwej7lh8mvf",2025,3,REG,NYJ,TB,0,0,0,0,0,0,0,0,0,0,0,0,,,0,,0,0,0,0,0,0,,0,10,13,84,1,0,0,75,34,4,-1.2688585194438975,0,1.12,0.37142857142857144,0.4658385093167702,0.8832298136645962,0,0,0,0,0,0,0,0.0,0.0,0,0,0,0,0,0,0,0,0,0,0,0,0,0,0,0,0,0,0,0,0,0,0,,,0,0,0,0,0,0,0,0,0,0,0,0,,,,0,0,0,0,0,0,0,,0,0,0,0,0,14.4,24.4
00-0038107,M.Clemons,Micheal Clemons,DE,DL,"https://static.www.nfl.com/image/upload/f_auto,q_auto/league/bclys2f80w1v5klsswky",2025,3,REG,NYJ,TB,0,0,0,0,0,0,0,0,0,0,0,0,,,0,,0,0,0,0,0,0,,0,0,0,0,0,0,0,0,0,0,,0,,0.0,0.0,0.0,0,1,0,1,1,6,0,0.0,0.0,0,0,0,0,0,0,0,0,0,0,0,0,0,1,15,0,0,0,0,0,0,0,0,,,0,0,0,0,0,0,0,0,0,0,0,0,,,,0,0,0,0,0,0,0,,0,0,0,0,0,0.0,0.0
00-0038120,B.Hall,Breece Hall,RB,RB,"https://static.www.nfl.com/image/upload/f_auto,q_auto/league/m3dviruymtm2wl2zcpmr",2025,3,REG,NYJ,TB,0,0,0,0,0,0,0,0,0,0,0,0,,,0,,9,21,0,0,0,1,-3.437145115749445,0,4,6,31,0,0,0,12,26,2,-0.1699594384408556,0,2.5833333333333335,0.17142857142857143,0.07453416149068323,0.30931677018633535,0,0,0,0,0,0,0,0.0,0.0,0,0,0,0,0,0,0,0,0,0,0,0,0,0,0,0,0,0,0,0,0,0,0,,,0,0,0,0,0,0,0,0,0,0,0,0,,,,0,0,0,0,0,0,0,,0,0,0,0,0,5.2,9.2
00-0039142,W.McDonald,Will McDonald IV,DE,DL,"https://static.www.nfl.com/image/private/f_auto,q_auto/league/nw8aiicw9bjhxaqwbeo9",2025,3,REG,NYJ,TB,0,0,0,0,0,0,0,0,0,0,0,0,,,0,,0,0,0,0,0,0,,0,0,0,0,0,0,0,0,0,0,,0,,0.0,0.0,0.0,1,0,0,0,0,0,0,0.0,0.0,0,0,0,0,0,0,0,50,0,0,0,0,0,0,0,0,0,0,0,0,0,0,0,,,0,0,0,0,0,0,0,0,0,0,0,0,,,,0,0,0,0,0,0,0,,0,0,0,0,0,6.0,6.0
00-0039284,B.McGregor,Braiden McGregor,DE,DL,"https://static.www.nfl.com/image/upload/f_auto,q_auto/league/kk8h8mlhxzthxil6nvrt",2025,3,REG,NYJ,TB,0,0,0,0,0,0,0,0,0,0,0,0,,,0,,0,0,0,0,0,0,,0,0,0,0,0,0,0,0,0,0,,0,,0.0,0.0,0.0,0,0,0,1,0,0,0,0.0,0.0,0,0,0,0,0,0,0,0,0,0,0,0,0,0,0,0,0,0,0,0,0,0,0,,,0,0,0,0,0,0,0,0,0,0,0,0,,,,0,0,0,0,0,0,0,,0,0,0,0,0,0.0,0.0
00-0039289,L.Taylor,Leonard Taylor III,DT,DL,"https://static.www.nfl.com/image/upload/f_auto,q_auto/league/qfnjnvom3evftnkgwcqg",2025,3,REG,NYJ,TB,0,0,0,0,0,0,0,0,0,0,0,0,,,0,,0,0,0,0,0,0,,0,0,0,0,0,0,0,0,0,0,,0,,0.0,0.0,0.0,0,1,0,0,1,5,0,0.0,0.0,0,0,0,0,0,0,0,0,0,0,0,0,0,0,0,0,0,0,0,0,0,0,0,,,0,0,0,0,0,0,0,0,0,0,0,0,,,,0,0,0,0,0,0,0,,0,0,0,0,0,0.0,0.0
00-0039451,I.Williams,Isaiah Williams,WR,WR,"https://static.www.nfl.com/image/upload/f_auto,q_auto/league/gfizlaq4sf0szcwadqhk",2025,3,REG,NYJ,TB,0,0,0,0,0,0,0,0,0,0,0,0,,,0,,0,0,0,0,0,0,,0,0,0,0,0,0,0,0,0,0,,0,,0.0,0.0,0.0,0,0,0,0,0,0,0,0.0,0.0,0,0,0,0,0,0,0,0,0,0,0,0,0,0,0,0,0,0,0,0,0,0,0,,,0,0,0,0,0,0,0,0,0,0,0,0,,,,0,0,0,0,0,0,0,,0,0,0,0,0,0.0,0.0
00-0039634,A.McNamara,Austin McNamara,P,SPEC,"https://static.www.nfl.com/image/upload/f_auto,q_auto/league/d1jzdrpscex7eoxlha6o",2025,3,REG,NYJ,TB,0,0,0,0,0,0,0,0,0,0,0,0,,,0,,0,0,0,0,0,0,,0,0,0,0,0,0,0,0,0,0,,0,,0.0,0.0,0.0,0,0,0,0,0,0,0,0.0,0.0,0,0,0,0,0,0,0,0,0,0,0,0,0,0,0,0,0,0,0,0,0,0,0,,,0,0,0,0,0,0,0,0,0,0,0,0,,,,0,0,0,0,0,0,0,,0,0,0,0,0,0.0,0.0
00-0039789,Q.Stiggers,Qwan'tez Stiggers,CB,DB,"https://static.www.nfl.com/image/upload/f_auto,q_auto/league/yiiqa5sbaclz4bvnpvul",2025,3,REG,NYJ,TB,0,0,0,0,0,0,0,0,0,0,0,0,,,0,,0,0,0,0,0,0,,0,0,0,0,0,0,0,0,0,0,,0,,0.0,0.0,0.0,0,1,0,0,0,0,0,0.0,0.0,0,0,0,0,0,0,0,0,0,0,0,0,0,0,0,0,0,0,0,0,0,0,0,,,0,0,0,0,0,0,0,0,0,0,0,0,,,,0,0,0,0,0,0,0,,0,0,0,0,0,0.0,0.0
00-0039790,O.Fashanu,Olumuyiwa Fashanu,OT,OL,"https://static.www.nfl.com/image/upload/f_auto,q_auto/league/clf1wkkpzzsrnffv8wew",2025,3,REG,NYJ,TB,0,0,0,0,0,0,0,0,0,0,0,0,,,0,,0,0,0,0,0,0,,0,0,0,0,0,0,0,0,0,0,,0,,0.0,0.0,0.0,0,0,0,0,0,0,0,0.0,0.0,0,0,0,0,0,0,0,0,0,0,0,0,0,2,15,0,0,0,0,0,0,0,0,,,0,0,0,0,0,0,0,0,0,0,0,0,,,,0,0,0,0,0,0,0,,0,0,0,0,0,0.0,0.0
00-0039794,B.Allen,Braelon Allen,RB,RB,"https://static.www.nfl.com/image/upload/f_auto,q_auto/league/pdaa8u0x2qepyklabdr3",2025,3,REG,NYJ,TB,0,0,0,0,0,0,0,0,0,0,0,0,,,0,,6,30,0,0,0,1,-2.266611744533293,0,2,2,17,0,0,0,8,9,1,1.0840646746219136,0,2.125,0.05714285714285714,0.049689440993788817,0.12049689440993788,0,0,0,0,0,0,0,0.0,0.0,0,0,0,0,0,0,0,0,0,0,0,0,0,0,0,0,0,3,76,0,0,0,0,,,0,0,0,0,0,0,0,0,0,0,0,0,,,,0,0,0,0,0,0,0,,0,0,0,0,0,4.7,6.7
00-0039798,I.Davis,Isaiah Davis,RB,RB,"https://static.www.nfl.com/image/upload/f_auto,q_auto/league/hsozhwgsuffsfrc4qdp2",2025,3,REG,NYJ,TB,0,0,0,0,0,0,0,0,0,0,0,0,,,0,,0,0,0,0,0,0,,0,0,0,0,0,0,0,0,0,0,,0,,0.0,0.0,0.0,0,0,0,2,0,0,0,0.0,0.0,0,0,0,0,0,0,0,0,0,0,0,0,0,0,0,0,0,3,81,0,0,0,0,,,0,0,0,0,0,0,0,0,0,0,0,0,,,,0,0,0,0,0,0,0,,0,0,0,0,0,0.0,0.0
00-0040133,A.Thomas,Azareye'h Thomas,CB,DB,"https://static.www.nfl.com/image/upload/f_auto,q_auto/league/yects9qe1kkzkmiunvok",2025,3,REG,NYJ,TB,0,0,0,0,0,0,0,0,0,0,0,0,,,0,,0,0,0,0,0,0,,0,0,0,0,0,0,0,0,0,0,,0,,0.0,0.0,0.0,0,0,0,0,0,0,0,0.0,0.0,0,0,0,1,0,0,0,0,0,0,0,0,0,0,0,0,0,0,0,0,0,0,0,,,0,0,0,0,0,0,0,0,0,0,0,0,,,,0,0,0,0,0,0,0,,0,0,0,0,0,0.0,0.0
00-0040165,M.Moore,Malachi Moore,SAF,DB,"https://static.www.nfl.com/image/upload/f_auto,q_auto/league/p8qkvfe7fk7yst0mne5m",2025,3,REG,NYJ,TB,0,0,0,0,0,0,0,0,0,0,0,0,,,0,,0,0,0,0,0,0,,0,0,0,0,0,0,0,0,0,0,,0,,0.0,0.0,0.0,0,2,0,2,0,0,0,0.0,0.0,0,0,0,0,0,0,0,0,0,0,0,0,0,0,0,0,0,0,0,0,0,0,0,,,0,0,0,0,0,0,0,0,0,0,0,0,,,,0,0,0,0,0,0,0,,0,0,0,0,0,0.0,0.0
00-0040186,F.Mauigoa,Francisco Mauigoa,LB,LB,"https://static.www.nfl.com/image/upload/f_auto,q_auto/league/e9v5ipktxb3yepsq0abj",2025,3,REG,NYJ,TB,0,0,0,0,0,0,0,0,0,0,0,0,,,0,,0,0,0,0,0,0,,0,0,0,0,0,0,0,0,0,0,,0,,0.0,0.0,0.0,0,3,0,0,0,0,0,0.0,0.0,0,0,0,0,0,0,0,0,0,0,0,0,0,0,0,0,0,0,0,0,0,0,0,,,0,0,0,0,0,0,0,0,0,0,0,0,,,,0,0,0,0,0,0,0,,0,0,0,0,0,0.0,0.0
00-0040196,T.Baron,Tyler Baron,DE,DL,"https://static.www.nfl.com/image/upload/f_auto,q_auto/league/v9mbzoaeie7jm6jt4gdx",2025,3,REG,NYJ,TB,0,0,0,0,0,0,0,0,0,0,0,0,,,0,,0,0,0,0,0,0,,0,0,0,0,0,0,0,0,0,0,,0,,0.0,0.0,0.0,0,1,0,2,0,0,0,0.0,0.0,0,0,0,0,0,0,0,0,0,0,0,0,0,0,0,0,0,0,0,0,0,0,0,,,0,0,0,0,0,0,0,0,0,0,0,0,,,,0,0,0,0,0,0,0,,0,0,0,0,0,0.0,0.0
00-0040396,D.Clark,Dean Clark,SAF,DB,"https://static.www.nfl.com/image/upload/f_auto,q_auto/league/p6jf4tbfaxal0x71dqvy",2025,3,REG,NYJ,TB,0,0,0,0,0,0,0,0,0,0,0,0,,,0,,0,0,0,0,0,0,,0,0,0,0,0,0,0,0,0,0,,0,,0.0,0.0,0.0,0,1,0,1,0,0,0,0.0,0.0,0,0,0,0,0,0,0,0,0,0,0,0,0,0,0,0,0,0,0,0,0,0,0,,,0,0,0,0,0,0,0,0,0,0,0,0,,,,0,0,0,0,0,0,0,,0,0,0,0,0,0.0,0.0
00-0040582,A.Smith,Arian Smith,WR,WR,"https://static.www.nfl.com/image/upload/f_auto,q_auto/league/asywvwrn6zhlidxothqn",2025,3,REG,NYJ,TB,0,0,0,0,0,0,0,0,0,0,0,0,,,0,,0,0,0,0,0,0,,0,2,2,2,0,0,0,1,1,1,-0.615443027112633,0,2.0,0.05714285714285714,0.006211180124223602,0.09006211180124224,0,1,0,0,0,0,0,0.0,0.0,0,0,0,0,0,0,0,0,0,0,0,0,0,0,0,0,0,0,0,0,0,0,0,,,0,0,0,0,0,0,0,0,0,0,0,0,,,,0,0,0,0,0,0,0,,0,0,0,0,0,0.2,2.2
00-0040736,M.Taylor,Mason Taylor,TE,TE,"https://static.www.nfl.com/image/upload/f_auto,q_auto/league/bk7wjtjt7dpc5qsuil4z",2025,3,REG,NYJ,TB,0,0,0,0,0,0,0,0,0,0,0,0,,,0,,0,0,0,0,0,0,,0,4,6,18,0,0,0,17,13,2,-1.6533359238960665,0,1.0588235294117647,0.17142857142857143,0.10559006211180125,0.331055900621118,0,0,0,0,0,0,0,0.0,0.0,0,0,0,0,0,0,0,0,0,0,0,0,0,0,0,0,0,0,0,0,0,0,0,,,0,0,0,0,0,0,0,0,0,0,0,0,,,,0,0,0,0,0,0,0,,0,0,0,0,0,1.8,5.8
