player_id,player_name,player_display_name,position,position_group,headshot_url,season,week,season_type,team,opponent_team,completions,attempts,passing_yards,passing_tds,passing_interceptions,sacks_suffered,sack_yards_lost,sack_fumbles,sack_fumbles_lost,passing_air_yards,passing_yards_after_catch,passing_first_downs,passing_epa,passing_cpoe,passing_2pt_conversions,pacr,carries,rushing_yards,rushing_tds,rushing_fumbles,rushing_fumbles_lost,rushing_first_downs,rushing_epa,rushing_2pt_conversions,receptions,targets,receiving_yards,receiving_tds,receiving_fumbles,receiving_fumbles_lost,receiving_air_yards,receiving_yards_after_catch,receiving_first_downs,receiving_epa,receiving_2pt_conversions,racr,target_share,air_yards_share,wopr,special_teams_tds,def_tackles_solo,def_tackles_with_assist,def_tackle_assists,def_tackles_for_loss,def_tackles_for_loss_yards,def_fumbles_forced,def_sacks,def_sack_yards,def_qb_hits,def_interceptions,def_interception_yards,def_pass_defended,def_tds,def_fumbles,def_safeties,misc_yards,fumble_recovery_own,fumble_recovery_yards_own,fumble_recovery_opp,fumble_recovery_yards_opp,fumble_recovery_tds,penalties,penalty_yards,punt_returns,punt_return_yards,kickoff_returns,kickoff_return_yards,fg_made,fg_att,fg_missed,fg_blocked,fg_long,fg_pct,fg_made_0_19,fg_made_20_29,fg_made_30_39,fg_made_40_49,fg_made_50_59,fg_made_60_,fg_missed_0_19,fg_missed_20_29,fg_missed_30_39,fg_missed_40_49,fg_missed_50_59,fg_missed_60_,fg_made_list,fg_missed_list,fg_blocked_list,fg_made_distance,fg_missed_distance,fg_blocked_distance,pat_made,pat_att,pat_missed,pat_blocked,pat_pct,gwfg_made,gwfg_att,gwfg_missed,gwfg_blocked,gwfg_distance,fantasy_points,fantasy_points_ppr
00-0026158,J.Flacco,Joe Flacco,QB,QB,"https://static.www.nfl.com/image/upload/f_auto,q_auto/league/vbqptn8emdlbeaz1kvmx",2025,1,REG,CLE,CIN,31,45,290,1,2,2,-12,0,0,273,173,13,-1.8421275162300694,2.374263036818731,0,1.0622710622710623,2,6,0,0,0,1,0.13438333320664242,0,0,0,0,0,0,0,0,0,0,,0,,0.0,0.0,0.0,0,0,0,0,0,0,0,0.0,0.0,0,0,0,0,0,0,0,0,0,0,0,0,0,0,0,0,0,0,0,0,0,0,0,,,0,0,0,0,0,0,0,0,0,0,0,0,,,,0,0,0,0,0,0,0,,0,0,0,0,0,12.2,12.2
00-0031270,S.Harris,Shelby Harris,DT,DL,"https://static.www.nfl.com/image/upload/f_auto,q_auto/league/r1lxhltzhpkmfdocupum",2025,1,REG,CLE,CIN,0,0,0,0,0,0,0,0,0,0,0,0,,,0,,0,0,0,0,0,0,,0,0,0,0,0,0,0,0,0,0,,0,,0.0,0.0,0.0,0,0,0,1,0,0,0,0.0,0.0,0,0,0,0,0,0,0,0,0,0,0,0,0,1,5,0,0,0,0,0,0,0,0,,,0,0,0,0,0,0,0,0,0,0,0,0,,,,0,0,0,0,0,0,0,,0,0,0,0,0,0.0,0.0
00-0031763,D.Carter,DeAndre Carter,WR,WR,"https://static.www.nfl.com/image/upload/f_auto,q_auto/league/jx4io3owliw3l5xve6ta",2025,1,REG,CLE,CIN,0,0,0,0,0,0,0,0,0,0,0,0,,,0,,0,0,0,0,0,0,,0,0,0,0,0,0,0,0,0,0,,0,,0.0,0.0,0.0,0,0,0,0,0,0,0,0.0,0.0,0,0,0,0,0,0,0,0,0,0,0,0,0,0,0,3,41,4,105,0,0,0,0,,,0,0,0,0,0,0,0,0,0,0,0,0,,,,0,0,0,0,0,0,0,,0,0,0,0,0,0.0,0.0
00-0033868,M.Garrett,Myles Garrett,DE,DL,"https://static.www.nfl.com/image/private/f_auto,q_auto/league/y33rmtjxhgil7cjcftlc",2025,1,REG,CLE,CIN,0,0,0,0,0,0,0,0,0,0,0,0,,,0,,0,0,0,0,0,0,,0,0,0,0,0,0,0,0,0,0,,0,,0.0,0.0,0.0,0,5,0,0,4,15,0,2.0,11.0,3,0,0,0,0,0,0,0,0,0,0,0,0,1,5,0,0,0,0,0,0,0,0,,,0,0,0,0,0,0,0,0,0,0,0,0,,,,0,0,0,0,0,0,0,,0,0,0,0,0,0.0,0.0
00-0033885,D.Njoku,David Njoku,TE,TE,"https://static.www.nfl.com/image/upload/f_auto,q_auto/league/gdwtgcfz3mxj6codxdpn",2025,1,REG,CLE,CIN,0,0,0,0,0,0,0,0,0,0,0,0,,,0,,0,0,0,0,0,0,,0,3,6,37,0,0,0,41,23,1,0.4488460258580744,0,0.9024390243902439,0.14285714285714285,0.15018315018315018,0.3194139194139194,0,0,0,0,0,0,0,0.0,0.0,0,0,0,0,0,0,0,0,0,0,0,0,0,0,0,0,0,0,0,0,0,0,0,,,0,0,0,0,0,0,0,0,0,0,0,0,,,,0,0,0,0,0,0,0,,0,0,0,0,0,3.7,6.7
00-0034721,C.Bojorquez,Corey Bojorquez,P,SPEC,"https://static.www.nfl.com/image/private/f_auto,q_auto/league/eiuli9dmspe6d4cwwa00",2025,1,REG,CLE,CIN,0,0,0,0,0,0,0,0,0,0,0,0,,,0,,0,0,0,0,0,0,,0,0,0,0,0,0,0,0,0,0,,0,,0.0,0.0,0.0,0,0,0,0,0,0,0,0.0,0.0,0,0,0,0,0,0,0,0,0,0,0,0,0,0,0,0,0,0,0,0,0,0,0,,,0,0,0,0,0,0,0,0,0,0,0,0,,,,0,0,0,0,0,0,0,,0,0,0,0,0,0.0,0.0
00-0034797,J.Baker,Jerome Baker,OLB,LB,"https://static.www.nfl.com/image/upload/f_auto,q_auto/league/wdo4k5bdufnhhu8izyj4",2025,1,REG,CLE,CIN,0,0,0,0,0,0,0,0,0,0,0,0,,,0,,0,0,0,0,0,0,,0,0,0,0,0,0,0,0,0,0,,0,,0.0,0.0,0.0,0,0,0,1,0,0,0,0.0,0.0,0,0,0,0,0,0,0,0,0,0,0,0,0,0,0,0,0,0,0,0,0,0,0,,,0,0,0,0,0,0,0,0,0,0,0,0,,,,0,0,0,0,0,0,0,,0,0,0,0,0,0.0,0.0
00-0034856,D.Ward,Denzel Ward,CB,DB,"https://static.www.nfl.com/image/upload/f_auto,q_auto/league/mmp5gacrbeeolrsgg5wm",2025,1,REG,CLE,CIN,0,0,0,0,0,0,0,0,0,0,0,0,,,0,,0,0,0,0,0,0,,0,0,0,0,0,0,0,0,0,0,,0,,0.0,0.0,0.0,0,2,0,0,0,0,0,0.0,0.0,0,0,0,1,0,0,0,0,0,0,0,0,0,0,0,0,0,0,0,0,0,0,0,,,0,0,0,0,0,0,0,0,0,0,0,0,,,,0,0,0,0,0,0,0,,0,0,0,0,0,0.0,0.0
00-0035525,D.Bush,Devin Bush,LB,LB,"https://static.www.nfl.com/image/upload/f_auto,q_auto/league/pgpf5oeyel2jgsz2luaq",2025,1,REG,CLE,CIN,0,0,0,0,0,0,0,0,0,0,0,0,,,0,,0,0,0,0,0,0,,0,0,0,0,0,0,0,0,0,0,,0,,0.0,0.0,0.0,0,3,1,3,1,1,0,0.0,0.0,1,0,0,1,0,0,0,0,0,0,0,0,0,0,0,0,0,0,0,0,0,0,0,,,0,0,0,0,0,0,0,0,0,0,0,0,,,,0,0,0,0,0,0,0,,0,0,0,0,0,0.0,0.0
00-0036282,G.Delpit,Grant Delpit,SAF,DB,"https://static.www.nfl.com/image/upload/f_auto,q_auto/league/vfp5ffmtbfgobosxlxjj",2025,1,REG,CLE,CIN,0,0,0,0,0,0,0,0,0,0,0,0,,,0,,0,0,0,0,0,0,,0,0,0,0,0,0,0,0,0,0,,0,,0.0,0.0,0.0,0,1,1,2,0,0,0,0.0,0.0,0,0,0,0,0,0,0,0,0,0,0,0,0,0,0,0,0,0,0,0,0,0,0,,,0,0,0,0,0,0,0,0,0,0,0,0,,,,0,0,0,0,0,0,0,,0,0,0,0,0,0.0,0.0
00-0036407,J.Jeudy,Jerry Jeudy,WR,WR,"https://static.www.nfl.com/image/upload/f_auto,q_auto/league/szca1v9butuqkjs7ekpm",2025,1,REG,CLE,CIN,0,0,0,0,0,0,0,0,0,0,0,0,,,0,,0,0,0,0,0,0,,0,5,8,66,0,0,0,97,10,4,-3.316123977623647,0,0.6804123711340206,0.19047619047619047,0.3553113553113553,0.5344322344322344,0,1,0,0,0,0,0,0.0,0.0,0,0,0,0,0,0,0,0,0,0,0,0,0,0,0,0,0,0,0,0,0,0,0,,,0,0,0,0,0,0,0,0,0,0,0,0,,,,0,0,0,0,0,0,0,,0,0,0,0,0,6.6000000000000005,11.600000000000001
00-0036996,G.Newsome,Greg Newsome II,CB,DB,"https://static.www.nfl.com/image/private/f_auto,q_auto/league/vnzji51ny0rycaa1aqii",2025,1,REG,CLE,CIN,0,0,0,0,0,0,0,0,0,0,0,0,,,0,,0,0,0,0,0,0,,0,0,0,0,0,0,0,0,0,0,,0,,0.0,0.0,0.0,0,3,0,0,0,0,0,0.0,0.0,0,0,0,2,0,0,0,0,0,0,0,0,0,1,15,0,0,0,0,0,0,0,0,,,0,0,0,0,0,0,0,0,0,0,0,0,,,,0,0,0,0,0,0,0,,0,0,0,0,0,0.0,0.0
00-0037251,A.Wright,Alex Wright,DE,DL,"https://static.www.nfl.com/image/upload/f_auto,q_auto/league/rwvd1sputd9x1dziyznz",2025,1,REG,CLE,CIN,0,0,0,0,0,0,0,0,0,0,0,0,,,0,,0,0,0,0,0,0,,0,0,0,0,0,0,0,0,0,0,,0,,0.0,0.0,0.0,0,0,0,1,0,0,0,0.0,0.0,0,0,0,0,0,0,0,0,0,0,0,0,0,0,0,0,0,0,0,0,0,0,0,,,0,0,0,0,0,0,0,0,0,0,0,0,,,,0,0,0,0,0,0,0,,0,0,0,0,0,0.0,0.0
00-0037267,J.Ford,Jerome Ford,RB,RB,"https://static.www.nfl.com/image/private/f_auto,q_auto/league/djggmwo5v8osoboiseo2",2025,1,REG,CLE,CIN,0,0,0,0,0,0,0,0,0,0,0,0,,,0,,6,8,0,0,0,0,-2.8962730747880414,0,1,1,-3,0,0,0,-5,2,0,-1.0065733536612242,0,0.6,0.023809523809523808,-0.018315018315018316,0.022893772893772892,0,1,0,0,0,0,0,0.0,0.0,0,0,0,0,0,0,0,0,0,0,0,0,0,0,0,0,0,0,0,0,0,0,0,,,0,0,0,0,0,0,0,0,0,0,0,0,,,,0,0,0,0,0,0,0,,0,0,0,0,0,0.5,1.5
00-0038428,A.Szmyt,Andre Szmyt,K,SPEC,"https://static.www.nfl.com/image/upload/f_auto,q_auto/league/tkah6glpysuyq2a54gts",2025,1,REG,CLE,CIN,0,0,0,0,0,0,0,0,0,0,0,0,,,0,,0,0,0,0,0,0,,0,0,0,0,0,0,0,0,0,0,,0,,0.0,0.0,0.0,0,0,0,0,0,0,0,0.0,0.0,0,0,0,0,0,0,0,0,0,0,0,0,0,0,0,0,0,0,0,1,2,1,0,45.0,0.5,0,0,0,1,0,0,0,0,1,0,0,0,45,36,,45,36,0,1,2,1,0,0.5,0,0,0,0,0,0.0,0.0
00-0038574,I.McGuire,Isaiah McGuire,DE,DL,"https://static.www.nfl.com/image/upload/f_auto,q_auto/league/bgay7c5onbqadb4qjguc",2025,1,REG,CLE,CIN,0,0,0,0,0,0,0,0,0,0,0,0,,,0,,0,0,0,0,0,0,,0,0,0,0,0,0,0,0,0,0,,0,,0.0,0.0,0.0,0,4,0,2,2,9,0,1.0,7.0,2,0,0,0,0,0,0,0,0,0,0,0,0,0,0,0,0,0,0,0,0,0,0,,,0,0,0,0,0,0,0,0,0,0,0,0,,,,0,0,0,0,0,0,0,,0,0,0,0,0,0.0,0.0
00-0038711,M.Diabate,Mohamoud Diabate,LB,LB,"https://static.www.nfl.com/image/upload/f_auto,q_auto/league/clvmbgcxk6mw8gqdzyxa",2025,1,REG,CLE,CIN,0,0,0,0,0,0,0,0,0,0,0,0,,,0,,0,0,0,0,0,0,,0,0,0,0,0,0,0,0,0,0,,0,,0.0,0.0,0.0,0,2,0,1,0,0,0,0.0,0.0,0,0,0,0,0,0,0,0,0,0,0,0,0,0,0,0,0,0,0,0,0,0,0,,,0,0,0,0,0,0,0,0,0,0,0,0,,,,0,0,0,0,0,0,0,,0,0,0,0,0,0.0,0.0
00-0038715,R.Hickman,Ronnie Hickman Jr.,SAF,DB,"https://static.www.nfl.com/image/upload/f_auto,q_auto/league/ds24p7j86p9mwshsjvbu",2025,1,REG,CLE,CIN,0,0,0,0,0,0,0,0,0,0,0,0,,,0,,0,0,0,0,0,0,,0,0,0,0,0,0,0,0,0,0,,0,,0.0,0.0,0.0,0,3,0,2,0,0,0,0.0,0.0,0,0,0,1,0,0,0,0,0,0,0,0,0,0,0,0,0,0,0,0,0,0,0,,,0,0,0,0,0,0,0,0,0,0,0,0,,,,0,0,0,0,0,0,0,,0,0,0,0,0,0.0,0.0
00-0038979,C.Tillman,Cedric Tillman,WR,WR,"https://static.www.nfl.com/image/upload/f_auto,q_auto/league/a4mcdjjl1pkxr3etechx",2025,1,REG,CLE,CIN,0,0,0,0,0,0,0,0,0,0,0,0,,,0,,0,0,0,0,0,0,,0,5,8,52,1,0,0,67,12,3,0.7650056117563508,0,0.7761194029850746,0.19047619047619047,0.2454212454212454,0.45750915750915744,0,0,0,0,0,0,0,0.0,0.0,0,0,0,0,0,0,0,0,0,0,0,0,0,0,0,0,0,0,0,0,0,0,0,,,0,0,0,0,0,0,0,0,0,0,0,0,,,,0,0,0,0,0,0,0,,0,0,0,0,0,11.2,16.2
00-0039014,D.Jones,Dawand Jones,OT,OL,"https://static.www.nfl.com/image/upload/f_auto,q_auto/league/tm5zyhltmnhwcqkutc2u",2025,1,REG,CLE,CIN,0,0,0,0,0,0,0,0,0,0,0,0,,,0,,0,0,0,0,0,0,,0,0,0,0,0,0,0,0,0,0,,0,,0.0,0.0,0.0,0,0,0,0,0,0,0,0.0,0.0,0,0,0,0,0,0,0,0,0,0,0,0,0,2,13,0,0,0,0,0,0,0,0,,,0,0,0,0,0,0,0,0,0,0,0,0,,,,0,0,0,0,0,0,0,,0,0,0,0,0,0.0,0.0
00-0039379,J.Thrash,Jamari Thrash,WR,WR,"https://static.www.nfl.com/image/upload/f_auto,q_auto/league/byihyhwwpltzyetas85a",2025,1,REG,CLE,CIN,0,0,0,0,0,0,0,0,0,0,0,0,,,0,,0,0,0,0,0,0,,0,1,1,6,0,0,0,6,0,0,0.07044658370432444,0,1.0,0.023809523809523808,0.02197802197802198,0.0510989010989011,0,0,0,0,0,0,0,0.0,0.0,0,0,0,0,0,0,0,0,0,0,0,0,0,0,0,0,0,0,0,0,0,0,0,,,0,0,0,0,0,0,0,0,0,0,0,0,,,,0,0,0,0,0,0,0,,0,0,0,0,0,0.6000000000000001,1.6
00-0039417,M.Harden,Myles Harden,CB,DB,"https://static.www.nfl.com/image/upload/f_auto,q_auto/league/r8uhacjplbkmlg2uoeou",2025,1,REG,CLE,CIN,0,0,0,0,0,0,0,0,0,0,0,0,,,0,,0,0,0,0,0,0,,0,0,0,0,0,0,0,0,0,0,,0,,0.0,0.0,0.0,0,2,1,0,0,0,0,0.0,0.0,0,0,0,0,0,0,0,0,0,0,0,0,0,0,0,0,0,0,0,0,0,0,0,,,0,0,0,0,0,0,0,0,0,0,0,0,,,,0,0,0,0,0,0,0,,0,0,0,0,0,0.0,0.0
00-0040162,D.Sampson,Dylan Sampson,RB,RB,"https://static.www.nfl.com/image/upload/f_auto,q_auto/league/den1hzzomdxfcsgk88o5",2025,1,REG,CLE,CIN,0,0,0,0,0,0,0,0,0,0,0,0,,,0,,12,29,0,0,0,2,-2.1254995110211894,0,8,8,64,0,0,0,-25,89,2,5.004098262579646,0,-2.56,0.19047619047619047,-0.09157509157509157,0.2216117216117216,0,0,0,0,0,0,0,0.0,0.0,0,0,0,0,0,0,0,0,0,0,0,0,0,0,0,0,0,0,0,0,0,0,0,,,0,0,0,0,0,0,0,0,0,0,0,0,,,,0,0,0,0,0,0,0,,0,0,0,0,0,9.3,17.3
00-0040255,A.Huntington,Adin Huntington,DE,DL,"https://static.www.nfl.com/image/upload/f_auto,q_auto/league/zqevui8ikmsi20blzgot",2025,1,REG,CLE,CIN,0,0,0,0,0,0,0,0,0,0,0,0,,,0,,0,0,0,0,0,0,,0,0,0,0,0,0,0,0,0,0,,0,,0.0,0.0,0.0,0,1,0,1,0,0,0,0.0,0.0,0,0,0,0,0,0,0,0,0,0,0,0,0,0,0,0,0,0,0,0,0,0,0,,,0,0,0,0,0,0,0,0,0,0,0,0,,,,0,0,0,0,0,0,0,,0,0,0,0,0,0.0,0.0
00-0040263,D.McMillon,Donovan McMillon,SAF,DB,"https://static.www.nfl.com/image/upload/f_auto,q_auto/league/fbnuqvyuya1btewfzslw",2025,1,REG,CLE,CIN,0,0,0,0,0,0,0,0,0,0,0,0,,,0,,0,0,0,0,0,0,,0,0,0,0,0,0,0,0,0,0,,0,,0.0,0.0,0.0,0,1,0,0,0,0,0,0.0,0.0,0,0,0,0,0,0,0,0,0,0,0,0,0,0,0,0,0,0,0,0,0,0,0,,,0,0,0,0,0,0,0,0,0,0,0,0,,,,0,0,0,0,0,0,0,,0,0,0,0,0,0.0,0.0
00-0040466,R.Sanders,Raheim Sanders,RB,RB,"https://static.www.nfl.com/image/upload/f_auto,q_auto/league/jkty8m7iqcjjfmrxhfub",2025,1,REG,CLE,CIN,0,0,0,0,0,0,0,0,0,0,0,0,,,0,,3,3,1,0,0,2,3.384374301356729,0,0,0,0,0,0,0,0,0,0,,0,,0.0,0.0,0.0,0,0,0,0,0,0,0,0.0,0.0,0,0,0,0,0,0,0,0,0,0,0,0,0,0,0,0,0,0,0,0,0,0,0,,,0,0,0,0,0,0,0,0,0,0,0,0,,,,0,0,0,0,0,0,0,,0,0,0,0,0,6.3,6.3
00-0040579,C.Schwesinger,Carson Schwesinger,LB,LB,"https://static.www.nfl.com/image/upload/f_auto,q_auto/league/ga2yg6qhxs12sqo6jvfz",2025,1,REG,CLE,CIN,0,0,0,0,0,0,0,0,0,0,0,0,,,0,,0,0,0,0,0,0,,0,0,0,0,0,0,0,0,0,0,,0,,0.0,0.0,0.0,0,2,1,5,1,5,0,0.0,0.0,1,0,0,0,0,0,0,0,0,0,0,0,0,0,0,0,0,0,0,0,0,0,0,,,0,0,0,0,0,0,0,0,0,0,0,0,,,,0,0,0,0,0,0,0,,0,0,0,0,0,0.0,0.0
00-0040663,H.Fannin,Harold Fannin Jr.,TE,TE,"https://static.www.nfl.com/image/upload/f_auto,q_auto/league/fxublmpnxx9uggsddwik",2025,1,REG,CLE,CIN,0,0,0,0,0,0,0,0,0,0,0,0,,,0,,1,3,0,0,0,0,-0.290209224622231,0,7,9,63,0,0,0,65,28,3,0.4488569176173769,0,0.9692307692307692,0.21428571428571427,0.23809523809523808,0.488095238095238,0,0,0,0,0,0,0,0.0,0.0,0,0,0,0,0,0,0,0,0,0,0,0,0,1,10,0,0,0,0,0,0,0,0,,,0,0,0,0,0,0,0,0,0,0,0,0,,,,0,0,0,0,0,0,0,,0,0,0,0,0,6.6000000000000005,13.600000000000001
00-0040685,M.Graham,Mason Graham,DT,DL,"https://static.www.nfl.com/image/upload/f_auto,q_auto/league/fizf7lkmgqhpg9o8vu92",2025,1,REG,CLE,CIN,0,0,0,0,0,0,0,0,0,0,0,0,,,0,,0,0,0,0,0,0,,0,0,0,0,0,0,0,0,0,0,,0,,0.0,0.0,0.0,0,0,0,3,0,0,0,0.0,0.0,0,0,0,0,0,0,0,0,0,0,0,0,0,0,0,0,0,0,0,0,0,0,0,,,0,0,0,0,0,0,0,0,0,0,0,0,,,,0,0,0,0,0,0,0,,0,0,0,0,0,0.0,0.0
00-0040782,I.Bond,Isaiah Bond,WR,WR,"https://static.www.nfl.com/image/upload/f_auto,q_auto/league/piv889pkizjvgrtpfkxm",2025,1,REG,CLE,CIN,0,0,0,0,0,0,0,0,0,0,0,0,,,0,,0,0,0,0,0,0,,0,1,1,5,0,0,0,-4,9,0,0.04239805811084807,0,0.0,0.023809523809523808,-0.014652014652014652,0.025457875457875458,0,0,0,0,0,0,0,0.0,0.0,0,0,0,0,0,0,0,0,0,0,0,0,0,0,0,0,0,0,0,0,0,0,0,,,0,0,0,0,0,0,0,0,0,0,0,0,,,,0,0,0,0,0,0,0,,0,0,0,0,0,0.5,1.5
00-0026158,J.Flacco,Joe Flacco,QB,QB,"https://static.www.nfl.com/image/upload/f_auto,q_auto/league/vbqptn8emdlbeaz1kvmx",2025,2,REG,CLE,BAL,25,45,199,1,1,2,-11,1,1,307,82,7,-26.738699900731607,-3.0992530678447925,0,0.6482084690553745,1,8,0,0,0,1,1.3432667991146445,0,0,0,0,0,0,0,0,0,0,,0,,0.0,0.0,0.0,0,0,0,0,0,0,0,0.0,0.0,0,0,0,0,0,0,0,0,0,0,0,0,0,0,0,0,0,0,0,0,0,0,0,,,0,0,0,0,0,0,0,0,0,0,0,0,,,,0,0,0,0,0,0,0,,0,0,0,0,0,8.760000000000002,8.760000000000002
00-0031270,S.Harris,Shelby Harris,DT,DL,"https://static.www.nfl.com/image/upload/f_auto,q_auto/league/r1lxhltzhpkmfdocupum",2025,2,REG,CLE,BAL,0,0,0,0,0,0,0,0,0,0,0,0,,,0,,0,0,0,0,0,0,,0,0,0,0,0,0,0,0,0,0,,0,,0.0,0.0,0.0,0,0,0,0,0,0,0,0.0,0.0,0,0,0,1,0,0,0,0,0,0,0,0,0,0,0,0,0,0,0,0,0,0,0,,,0,0,0,0,0,0,0,0,0,0,0,0,,,,0,0,0,0,0,0,0,,0,0,0,0,0,0.0,0.0
00-0031426,J.Bitonio,Joel Bitonio,G,OL,"https://static.www.nfl.com/image/upload/f_auto,q_auto/league/il9yy0bjrowrwhxk9ard",2025,2,REG,CLE,BAL,0,0,0,0,0,0,0,0,0,0,0,0,,,0,,0,0,0,0,0,0,,0,0,0,0,0,0,0,0,0,0,,0,,0.0,0.0,0.0,0,1,0,0,0,0,0,0.0,0.0,0,0,0,0,0,0,0,0,0,0,0,0,0,0,0,0,0,0,0,0,0,0,0,,,0,0,0,0,0,0,0,0,0,0,0,0,,,,0,0,0,0,0,0,0,,0,0,0,0,0,0.0,0.0
00-0031763,D.Carter,DeAndre Carter,WR,WR,"https://static.www.nfl.com/image/upload/f_auto,q_auto/league/jx4io3owliw3l5xve6ta",2025,2,REG,CLE,BAL,0,0,0,0,0,0,0,0,0,0,0,0,,,0,,0,0,0,0,0,0,,0,0,0,0,0,0,0,0,0,0,,0,,0.0,0.0,0.0,0,0,0,0,0,0,0,0.0,0.0,0,0,0,0,0,0,0,0,0,0,0,0,0,0,0,0,0,1,13,0,0,0,0,,,0,0,0,0,0,0,0,0,0,0,0,0,,,,0,0,0,0,0,0,0,,0,0,0,0,0,0.0,0.0
00-0033131,M.Collins,Maliek Collins,DT,DL,"https://static.www.nfl.com/image/upload/f_auto,q_auto/league/tjyv74ytq62fprrfnjrv",2025,2,REG,CLE,BAL,0,0,0,0,0,0,0,0,0,0,0,0,,,0,,0,0,0,0,0,0,,0,0,0,0,0,0,0,0,0,0,,0,,0.0,0.0,0.0,0,0,0,0,0,0,0,0.0,0.0,1,0,0,0,0,0,0,0,0,0,0,0,0,0,0,0,0,0,0,0,0,0,0,,,0,0,0,0,0,0,0,0,0,0,0,0,,,,0,0,0,0,0,0,0,,0,0,0,0,0,0.0,0.0
00-0033868,M.Garrett,Myles Garrett,DE,DL,"https://static.www.nfl.com/image/private/f_auto,q_auto/league/y33rmtjxhgil7cjcftlc",2025,2,REG,CLE,BAL,0,0,0,0,0,0,0,0,0,0,0,0,,,0,,0,0,0,0,0,0,,0,0,0,0,0,0,0,0,0,0,,0,,0.0,0.0,0.0,0,1,1,3,2,10,0,1.5,14.0,2,0,0,0,0,0,0,0,0,0,0,0,0,1,5,0,0,0,0,0,0,0,0,,,0,0,0,0,0,0,0,0,0,0,0,0,,,,0,0,0,0,0,0,0,,0,0,0,0,0,0.0,0.0
00-0033885,D.Njoku,David Njoku,TE,TE,"https://static.www.nfl.com/image/upload/f_auto,q_auto/league/gdwtgcfz3mxj6codxdpn",2025,2,REG,CLE,BAL,0,0,0,0,0,0,0,0,0,0,0,0,,,0,,0,0,0,0,0,0,,0,4,5,40,0,0,0,48,12,1,-5.237794226838905,0,0.8333333333333334,0.12195121951219512,0.15384615384615385,0.2906191369606004,0,0,0,0,0,0,0,0.0,0.0,0,0,0,0,0,0,0,0,0,0,0,0,0,0,0,0,0,0,0,0,0,0,0,,,0,0,0,0,0,0,0,0,0,0,0,0,,,,0,0,0,0,0,0,0,,0,0,0,0,0,4.0,8.0
00-0033941,R.Jenkins,Rayshawn Jenkins,SAF,DB,"https://static.www.nfl.com/image/upload/f_auto,q_auto/league/e3tppqrhd6bpipfn2k4z",2025,2,REG,CLE,BAL,0,0,0,0,0,0,0,0,0,0,0,0,,,0,,0,0,0,0,0,0,,0,0,0,0,0,0,0,0,0,0,,0,,0.0,0.0,0.0,0,2,0,2,0,0,0,0.0,0.0,0,0,0,0,0,0,0,0,0,0,0,0,0,0,0,0,0,0,0,0,0,0,0,,,0,0,0,0,0,0,0,0,0,0,0,0,,,,0,0,0,0,0,0,0,,0,0,0,0,0,0.0,0.0
00-0034721,C.Bojorquez,Corey Bojorquez,P,SPEC,"https://static.www.nfl.com/image/private/f_auto,q_auto/league/eiuli9dmspe6d4cwwa00",2025,2,REG,CLE,BAL,0,0,0,0,0,0,0,0,0,0,0,0,,,0,,0,0,0,0,0,0,,0,0,0,0,0,0,0,0,0,0,,0,,0.0,0.0,0.0,0,0,0,0,0,0,0,0.0,0.0,0,0,0,0,0,0,0,0,0,0,0,0,0,0,0,0,0,0,0,0,0,0,0,,,0,0,0,0,0,0,0,0,0,0,0,0,,,,0,0,0,0,0,0,0,,0,0,0,0,0,0.0,0.0
00-0034797,J.Baker,Jerome Baker,OLB,LB,"https://static.www.nfl.com/image/upload/f_auto,q_auto/league/wdo4k5bdufnhhu8izyj4",2025,2,REG,CLE,BAL,0,0,0,0,0,0,0,0,0,0,0,0,,,0,,0,0,0,0,0,0,,0,0,0,0,0,0,0,0,0,0,,0,,0.0,0.0,0.0,0,0,0,2,0,0,0,0.0,0.0,0,0,0,0,0,0,0,0,0,0,0,0,0,0,0,0,0,0,0,0,0,0,0,,,0,0,0,0,0,0,0,0,0,0,0,0,,,,0,0,0,0,0,0,0,,0,0,0,0,0,0.0,0.0
00-0034856,D.Ward,Denzel Ward,CB,DB,"https://static.www.nfl.com/image/upload/f_auto,q_auto/league/mmp5gacrbeeolrsgg5wm",2025,2,REG,CLE,BAL,0,0,0,0,0,0,0,0,0,0,0,0,,,0,,0,0,0,0,0,0,,0,0,0,0,0,0,0,0,0,0,,0,,0.0,0.0,0.0,0,0,0,1,0,0,0,0.0,0.0,0,0,0,0,0,0,0,0,0,0,0,0,0,0,0,0,0,0,0,0,0,0,0,,,0,0,0,0,0,0,0,0,0,0,0,0,,,,0,0,0,0,0,0,0,,0,0,0,0,0,0.0,0.0
00-0035525,D.Bush,Devin Bush,LB,LB,"https://static.www.nfl.com/image/upload/f_auto,q_auto/league/pgpf5oeyel2jgsz2luaq",2025,2,REG,CLE,BAL,0,0,0,0,0,0,0,0,0,0,0,0,,,0,,0,0,0,0,0,0,,0,0,0,0,0,0,0,0,0,0,,0,,0.0,0.0,0.0,0,4,0,4,1,9,0,1.0,9.0,1,0,0,2,0,0,0,0,0,0,0,0,0,0,0,0,0,0,0,0,0,0,0,,,0,0,0,0,0,0,0,0,0,0,0,0,,,,0,0,0,0,0,0,0,,0,0,0,0,0,0.0,0.0
00-0036282,G.Delpit,Grant Delpit,SAF,DB,"https://static.www.nfl.com/image/upload/f_auto,q_auto/league/vfp5ffmtbfgobosxlxjj",2025,2,REG,CLE,BAL,0,0,0,0,0,0,0,0,0,0,0,0,,,0,,0,0,0,0,0,0,,0,0,0,0,0,0,0,0,0,0,,0,,0.0,0.0,0.0,0,3,0,2,0,0,0,0.0,0.0,0,0,0,1,0,0,0,0,0,0,0,0,0,0,0,0,0,0,0,0,0,0,0,,,0,0,0,0,0,0,0,0,0,0,0,0,,,,0,0,0,0,0,0,0,,0,0,0,0,0,0.0,0.0
00-0036407,J.Jeudy,Jerry Jeudy,WR,WR,"https://static.www.nfl.com/image/upload/f_auto,q_auto/league/szca1v9butuqkjs7ekpm",2025,2,REG,CLE,BAL,0,0,0,0,0,0,0,0,0,0,0,0,,,0,,0,0,0,0,0,0,,0,4,8,51,0,0,0,105,9,2,-1.431483883294277,0,0.4857142857142857,0.1951219512195122,0.33653846153846156,0.5282598499061915,0,0,0,0,0,0,0,0.0,0.0,0,0,0,0,0,0,0,0,0,0,0,0,0,0,0,0,0,0,0,0,0,0,0,,,0,0,0,0,0,0,0,0,0,0,0,0,,,,0,0,0,0,0,0,0,,0,0,0,0,0,5.1000000000000005,9.100000000000001
00-0036996,G.Newsome,Greg Newsome II,CB,DB,"https://static.www.nfl.com/image/private/f_auto,q_auto/league/vnzji51ny0rycaa1aqii",2025,2,REG,CLE,BAL,0,0,0,0,0,0,0,0,0,0,0,0,,,0,,0,0,0,0,0,0,,0,0,0,0,0,0,0,0,0,0,,0,,0.0,0.0,0.0,0,5,1,1,1,2,0,0.0,0.0,0,0,0,0,0,0,0,0,0,0,0,0,0,0,0,0,0,0,0,0,0,0,0,,,0,0,0,0,0,0,0,0,0,0,0,0,,,,0,0,0,0,0,0,0,,0,0,0,0,0,0.0,0.0
00-0037251,A.Wright,Alex Wright,DE,DL,"https://static.www.nfl.com/image/upload/f_auto,q_auto/league/rwvd1sputd9x1dziyznz",2025,2,REG,CLE,BAL,0,0,0,0,0,0,0,0,0,0,0,0,,,0,,0,0,0,0,0,0,,0,0,0,0,0,0,0,0,0,0,,0,,0.0,0.0,0.0,0,0,0,1,0,0,0,0.0,0.0,0,0,0,0,0,0,0,0,0,0,0,0,0,0,0,0,0,0,0,0,0,0,0,,,0,0,0,0,0,0,0,0,0,0,0,0,,,,0,0,0,0,0,0,0,,0,0,0,0,0,0.0,0.0
00-0037267,J.Ford,Jerome Ford,RB,RB,"https://static.www.nfl.com/image/private/f_auto,q_auto/league/djggmwo5v8osoboiseo2",2025,2,REG,CLE,BAL,0,0,0,0,0,0,0,0,0,0,0,0,,,0,,6,31,0,0,0,1,1.6154434105264954,0,5,6,23,0,0,0,-8,27,0,-2.129856492159888,0,-2.875,0.14634146341463414,-0.02564102564102564,0.20156347717323325,0,0,0,0,0,0,0,0.0,0.0,0,0,0,0,0,0,0,0,0,0,0,0,0,0,0,0,0,4,81,0,0,0,0,,,0,0,0,0,0,0,0,0,0,0,0,0,,,,0,0,0,0,0,0,0,,0,0,0,0,0,5.4,10.4
00-0037815,C.Thomas,Cameron Thomas,DE,DL,"https://static.www.nfl.com/image/upload/f_auto,q_auto/league/pjqi76adcm3i9xkbbepg",2025,2,REG,CLE,BAL,0,0,0,0,0,0,0,0,0,0,0,0,,,0,,0,0,0,0,0,0,,0,0,0,0,0,0,0,0,0,0,,0,,0.0,0.0,0.0,0,1,0,2,0,0,0,0.5,5.0,1,0,0,0,0,0,0,0,0,0,0,0,0,0,0,0,0,0,0,0,0,0,0,,,0,0,0,0,0,0,0,0,0,0,0,0,,,,0,0,0,0,0,0,0,,0,0,0,0,0,0.0,0.0
00-0038428,A.Szmyt,Andre Szmyt,K,SPEC,"https://static.www.nfl.com/image/upload/f_auto,q_auto/league/tkah6glpysuyq2a54gts",2025,2,REG,CLE,BAL,0,0,0,0,0,0,0,0,0,0,0,0,,,0,,0,0,0,0,0,0,,0,0,0,0,0,0,0,0,0,0,,0,,0.0,0.0,0.0,0,0,0,0,0,0,0,0.0,0.0,0,0,0,0,0,0,0,0,0,0,0,0,0,0,0,0,0,0,0,1,1,0,0,38.0,1.0,0,0,1,0,0,0,0,0,0,0,0,0,38,,,38,0,0,2,2,0,0,1.0,0,0,0,0,0,0.0,0.0
00-0038574,I.McGuire,Isaiah McGuire,DE,DL,"https://static.www.nfl.com/image/upload/f_auto,q_auto/league/bgay7c5onbqadb4qjguc",2025,2,REG,CLE,BAL,0,0,0,0,0,0,0,0,0,0,0,0,,,0,,0,0,0,0,0,0,,0,0,0,0,0,0,0,0,0,0,,0,,0.0,0.0,0.0,0,0,0,1,0,0,0,0.0,0.0,0,0,0,0,0,0,0,0,0,0,0,0,0,0,0,0,0,0,0,0,0,0,0,,,0,0,0,0,0,0,0,0,0,0,0,0,,,,0,0,0,0,0,0,0,,0,0,0,0,0,0.0,0.0
00-0038585,C.Mitchell,Cameron Mitchell,CB,DB,"https://static.www.nfl.com/image/upload/f_auto,q_auto/league/znifedup7ag9jd05cvme",2025,2,REG,CLE,BAL,0,0,0,0,0,0,0,0,0,0,0,0,,,0,,0,0,0,0,0,0,,0,0,0,0,0,0,0,0,0,0,,0,,0.0,0.0,0.0,0,0,0,1,0,0,1,0.0,0.0,0,0,0,0,0,0,0,0,0,0,0,0,0,1,12,0,0,0,0,0,0,0,0,,,0,0,0,0,0,0,0,0,0,0,0,0,,,,0,0,0,0,0,0,0,,0,0,0,0,0,0.0,0.0
00-0038711,M.Diabate,Mohamoud Diabate,LB,LB,"https://static.www.nfl.com/image/upload/f_auto,q_auto/league/clvmbgcxk6mw8gqdzyxa",2025,2,REG,CLE,BAL,0,0,0,0,0,0,0,0,0,0,0,0,,,0,,0,0,0,0,0,0,,0,0,0,0,0,0,0,0,0,0,,0,,0.0,0.0,0.0,0,0,0,1,0,0,0,0.0,0.0,0,0,0,0,0,0,0,0,0,0,0,0,0,0,0,0,0,0,0,0,0,0,0,,,0,0,0,0,0,0,0,0,0,0,0,0,,,,0,0,0,0,0,0,0,,0,0,0,0,0,0.0,0.0
00-0038715,R.Hickman,Ronnie Hickman Jr.,SAF,DB,"https://static.www.nfl.com/image/upload/f_auto,q_auto/league/ds24p7j86p9mwshsjvbu",2025,2,REG,CLE,BAL,0,0,0,0,0,0,0,0,0,0,0,0,,,0,,0,0,0,0,0,0,,0,0,0,0,0,0,0,0,0,0,,0,,0.0,0.0,0.0,0,2,0,2,0,0,0,0.0,0.0,0,0,0,0,0,0,0,0,0,0,0,0,0,0,0,0,0,0,0,0,0,0,0,,,0,0,0,0,0,0,0,0,0,0,0,0,,,,0,0,0,0,0,0,0,,0,0,0,0,0,0.0,0.0
00-0038979,C.Tillman,Cedric Tillman,WR,WR,"https://static.www.nfl.com/image/upload/f_auto,q_auto/league/a4mcdjjl1pkxr3etechx",2025,2,REG,CLE,BAL,0,0,0,0,0,0,0,0,0,0,0,0,,,0,,0,0,0,0,0,0,,0,2,7,22,1,0,0,72,-1,1,-0.35951217595720664,0,0.3055555555555556,0.17073170731707318,0.23076923076923078,0.4176360225140713,0,0,0,0,0,0,0,0.0,0.0,0,0,0,0,0,0,0,0,0,0,0,0,0,0,0,0,0,0,0,0,0,0,0,,,0,0,0,0,0,0,0,0,0,0,0,0,,,,0,0,0,0,0,0,0,,0,0,0,0,0,8.2,10.2
00-0039014,D.Jones,Dawand Jones,OT,OL,"https://static.www.nfl.com/image/upload/f_auto,q_auto/league/tm5zyhltmnhwcqkutc2u",2025,2,REG,CLE,BAL,0,0,0,0,0,0,0,0,0,0,0,0,,,0,,0,0,0,0,0,0,,0,0,0,0,0,0,0,0,0,0,,0,,0.0,0.0,0.0,0,0,0,0,0,0,0,0.0,0.0,0,0,0,0,0,0,0,0,0,0,0,0,0,1,5,0,0,0,0,0,0,0,0,,,0,0,0,0,0,0,0,0,0,0,0,0,,,,0,0,0,0,0,0,0,,0,0,0,0,0,0.0,0.0
00-0039379,J.Thrash,Jamari Thrash,WR,WR,"https://static.www.nfl.com/image/upload/f_auto,q_auto/league/byihyhwwpltzyetas85a",2025,2,REG,CLE,BAL,0,0,0,0,0,0,0,0,0,0,0,0,,,0,,0,0,0,0,0,0,,0,1,1,5,0,0,0,3,2,1,1.0336045001167804,0,1.6666666666666667,0.024390243902439025,0.009615384615384616,0.043316135084427776,0,0,0,0,0,0,0,0.0,0.0,0,0,0,0,0,0,0,0,0,0,0,0,0,0,0,0,0,0,0,0,0,0,0,,,0,0,0,0,0,0,0,0,0,0,0,0,,,,0,0,0,0,0,0,0,,0,0,0,0,0,0.5,1.5
00-0039417,M.Harden,Myles Harden,CB,DB,"https://static.www.nfl.com/image/upload/f_auto,q_auto/league/r8uhacjplbkmlg2uoeou",2025,2,REG,CLE,BAL,0,0,0,0,0,0,0,0,0,0,0,0,,,0,,0,0,0,0,0,0,,0,0,0,0,0,0,0,0,0,0,,0,,0.0,0.0,0.0,0,1,1,0,0,0,0,0.0,0.0,0,0,0,1,0,0,0,0,0,0,0,0,0,1,5,0,0,0,0,0,0,0,0,,,0,0,0,0,0,0,0,0,0,0,0,0,,,,0,0,0,0,0,0,0,,0,0,0,0,0,0.0,0.0
00-0039755,K.Leveston,KT Leveston,OT,OL,"https://static.www.nfl.com/image/upload/f_auto,q_auto/league/rxb4bdtphlyualqund7c",2025,2,REG,CLE,BAL,0,0,0,0,0,0,0,0,0,0,0,0,,,0,,0,0,0,0,0,0,,0,0,0,0,0,0,0,0,0,0,,0,,0.0,0.0,0.0,0,0,0,0,0,0,0,0.0,0.0,0,0,0,0,0,0,0,0,0,0,0,0,0,1,10,0,0,0,0,0,0,0,0,,,0,0,0,0,0,0,0,0,0,0,0,0,,,,0,0,0,0,0,0,0,,0,0,0,0,0,0.0,0.0
00-0040162,D.Sampson,Dylan Sampson,RB,RB,"https://static.www.nfl.com/image/upload/f_auto,q_auto/league/den1hzzomdxfcsgk88o5",2025,2,REG,CLE,BAL,0,0,0,0,0,0,0,0,0,0,0,0,,,0,,4,6,0,0,0,2,-0.7909888979047537,0,3,3,13,1,0,0,7,6,2,1.7630426394171081,0,1.8571428571428572,0.07317073170731707,0.022435897435897436,0.1254612257661038,0,0,0,0,0,0,0,0.0,0.0,0,0,0,0,0,0,0,0,0,0,0,0,0,0,0,0,0,0,0,0,0,0,0,,,0,0,0,0,0,0,0,0,0,0,0,0,,,,0,0,0,0,0,0,0,,0,0,0,0,0,7.9,10.9
00-0040255,A.Huntington,Adin Huntington,DE,DL,"https://static.www.nfl.com/image/upload/f_auto,q_auto/league/zqevui8ikmsi20blzgot",2025,2,REG,CLE,BAL,0,0,0,0,0,0,0,0,0,0,0,0,,,0,,0,0,0,0,0,0,,0,0,0,0,0,0,0,0,0,0,,0,,0.0,0.0,0.0,0,0,0,1,0,0,0,0.0,0.0,0,0,0,0,0,0,0,0,0,0,0,0,0,0,0,0,0,0,0,0,0,0,0,,,0,0,0,0,0,0,0,0,0,0,0,0,,,,0,0,0,0,0,0,0,,0,0,0,0,0,0.0,0.0
00-0040579,C.Schwesinger,Carson Schwesinger,LB,LB,"https://static.www.nfl.com/image/upload/f_auto,q_auto/league/ga2yg6qhxs12sqo6jvfz",2025,2,REG,CLE,BAL,0,0,0,0,0,0,0,0,0,0,0,0,,,0,,0,0,0,0,0,0,,0,0,0,0,0,0,0,0,0,0,,0,,0.0,0.0,0.0,0,2,0,3,0,0,0,0.0,0.0,0,0,0,0,0,0,0,0,0,0,0,0,0,0,0,0,0,0,0,0,0,0,0,,,0,0,0,0,0,0,0,0,0,0,0,0,,,,0,0,0,0,0,0,0,,0,0,0,0,0,0.0,0.0
00-0040663,H.Fannin,Harold Fannin Jr.,TE,TE,"https://static.www.nfl.com/image/upload/f_auto,q_auto/league/fxublmpnxx9uggsddwik",2025,2,REG,CLE,BAL,0,0,0,0,0,0,0,0,0,0,0,0,,,0,,0,0,0,0,0,0,,0,5,5,48,0,0,0,27,21,2,1.60338336287532,0,1.7777777777777777,0.12195121951219512,0.08653846153846154,0.24350375234521576,0,0,0,0,0,0,0,0.0,0.0,0,0,0,0,0,0,0,0,0,0,0,0,0,0,0,0,0,0,0,0,0,0,0,,,0,0,0,0,0,0,0,0,0,0,0,0,,,,0,0,0,0,0,0,0,,0,0,0,0,0,4.800000000000001,9.8
00-0040685,M.Graham,Mason Graham,DT,DL,"https://static.www.nfl.com/image/upload/f_auto,q_auto/league/fizf7lkmgqhpg9o8vu92",2025,2,REG,CLE,BAL,0,0,0,0,0,0,0,0,0,0,0,0,,,0,,0,0,0,0,0,0,,0,0,0,0,0,0,0,0,0,0,,0,,0.0,0.0,0.0,0,3,0,2,1,4,0,0.0,0.0,0,0,0,0,0,0,0,0,0,0,0,0,0,0,0,0,0,0,0,0,0,0,0,,,0,0,0,0,0,0,0,0,0,0,0,0,,,,0,0,0,0,0,0,0,,0,0,0,0,0,0.0,0.0
00-0040704,D.Gabriel,Dillon Gabriel,QB,QB,"https://static.www.nfl.com/image/upload/f_auto,q_auto/league/szpyvusef9jvoctbnkbk",2025,2,REG,CLE,BAL,3,3,19,1,0,0,0,0,0,5,14,3,3.4221809962182306,36.51205698649088,0,3.8,0,0,0,0,0,0,,0,0,0,0,0,0,0,0,0,0,,0,,0.0,0.0,0.0,0,0,0,0,0,0,0,0.0,0.0,0,0,0,0,0,0,0,0,0,0,0,0,0,0,0,0,0,0,0,0,0,0,0,,,0,0,0,0,0,0,0,0,0,0,0,0,,,,0,0,0,0,0,0,0,,0,0,0,0,0,4.76,4.76
00-0040782,I.Bond,Isaiah Bond,WR,WR,"https://static.www.nfl.com/image/upload/f_auto,q_auto/league/piv889pkizjvgrtpfkxm",2025,2,REG,CLE,BAL,0,0,0,0,0,0,0,0,0,0,0,0,,,0,,1,9,0,0,0,0,0.9413952913600951,0,1,3,6,0,0,0,9,12,1,-1.39738056412898,0,0.6666666666666666,0.07317073170731707,0.028846153846153848,0.1299484052532833,0,0,0,0,0,0,0,0.0,0.0,0,0,0,0,0,0,0,0,0,0,0,0,0,0,0,1,0,0,0,0,0,0,0,,,0,0,0,0,0,0,0,0,0,0,0,0,,,,0,0,0,0,0,0,0,,0,0,0,0,0,1.5,2.5
00-0040784,Q.Judkins,Quinshon Judkins,RB,RB,"https://static.www.nfl.com/image/upload/f_auto,q_auto/league/ojtce2im0wp2ltyel0vc",2025,2,REG,CLE,BAL,0,0,0,0,0,0,0,0,0,0,0,0,,,0,,10,61,0,0,0,3,1.2752153249457479,0,3,3,10,0,0,0,2,8,0,-1.1213017331901938,0,5.0,0.07317073170731707,0.00641025641025641,0.11424327704815508,0,0,0,0,0,0,0,0.0,0.0,0,0,0,0,0,0,0,0,0,0,0,0,0,0,0,0,0,0,0,0,0,0,0,,,0,0,0,0,0,0,0,0,0,0,0,0,,,,0,0,0,0,0,0,0,,0,0,0,0,0,7.1000000000000005,10.100000000000001
00-0026158,J.Flacco,Joe Flacco,QB,QB,"https://static.www.nfl.com/image/upload/f_auto,q_auto/league/vbqptn8emdlbeaz1kvmx",2025,3,REG,CLE,GB,21,36,142,0,1,2,-17,0,0,254,68,7,-8.7097985782642,-3.435839441689578,0,0.5590551181102362,0,0,0,0,0,0,,0,0,0,0,0,0,0,0,0,0,,0,,0.0,0.0,0.0,0,0,0,0,0,0,0,0.0,0.0,0,0,0,0,0,0,0,0,0,0,0,0,0,0,0,0,0,0,0,0,0,0,0,,,0,0,0,0,0,0,0,0,0,0,0,0,,,,0,0,0,0,0,0,0,,0,0,0,0,0,3.6799999999999997,3.6799999999999997
00-0030725,C.Lucas,Cornelius Lucas,OT,OL,"https://static.www.nfl.com/image/upload/f_auto,q_auto/league/ii9b9lb3szz5vehvqh5a",2025,3,REG,CLE,GB,0,0,0,0,0,0,0,0,0,0,0,0,,,0,,0,0,0,0,0,0,,0,0,0,0,0,0,0,0,0,0,,0,,0.0,0.0,0.0,0,0,0,0,0,0,0,0.0,0.0,0,0,0,0,0,0,0,0,0,0,0,0,0,1,10,0,0,0,0,0,0,0,0,,,0,0,0,0,0,0,0,0,0,0,0,0,,,,0,0,0,0,0,0,0,,0,0,0,0,0,0.0,0.0
00-0031270,S.Harris,Shelby Harris,DT,DL,"https://static.www.nfl.com/image/upload/f_auto,q_auto/league/r1lxhltzhpkmfdocupum",2025,3,REG,CLE,GB,0,0,0,0,0,0,0,0,0,0,0,0,,,0,,0,0,0,0,0,0,,0,0,0,0,0,0,0,0,0,0,,0,,0.0,0.0,0.0,0,0,1,1,1,1,0,0.0,0.0,0,0,0,0,0,0,0,0,0,0,0,0,0,0,0,0,0,0,0,0,0,0,0,,,0,0,0,0,0,0,0,0,0,0,0,0,,,,0,0,0,0,0,0,0,,0,0,0,0,0,0.0,0.0
00-0031763,D.Carter,DeAndre Carter,WR,WR,"https://static.www.nfl.com/image/upload/f_auto,q_auto/league/jx4io3owliw3l5xve6ta",2025,3,REG,CLE,GB,0,0,0,0,0,0,0,0,0,0,0,0,,,0,,0,0,0,0,0,0,,0,0,0,0,0,0,0,0,0,0,,0,,0.0,0.0,0.0,0,0,0,0,0,0,0,0.0,0.0,0,0,0,0,0,0,0,0,0,0,0,0,0,0,0,2,15,1,27,0,0,0,0,,,0,0,0,0,0,0,0,0,0,0,0,0,,,,0,0,0,0,0,0,0,,0,0,0,0,0,0.0,0.0
00-0033131,M.Collins,Maliek Collins,DT,DL,"https://static.www.nfl.com/image/upload/f_auto,q_auto/league/tjyv74ytq62fprrfnjrv",2025,3,REG,CLE,GB,0,0,0,0,0,0,0,0,0,0,0,0,,,0,,0,0,0,0,0,0,,0,0,0,0,0,0,0,0,0,0,,0,,0.0,0.0,0.0,0,2,0,3,1,5,0,1.5,7.5,2,0,0,0,0,0,0,0,0,0,0,0,0,0,0,0,0,0,0,0,0,0,0,,,0,0,0,0,0,0,0,0,0,0,0,0,,,,0,0,0,0,0,0,0,,0,0,0,0,0,0.0,0.0
00-0033868,M.Garrett,Myles Garrett,DE,DL,"https://static.www.nfl.com/image/private/f_auto,q_auto/league/y33rmtjxhgil7cjcftlc",2025,3,REG,CLE,GB,0,0,0,0,0,0,0,0,0,0,0,0,,,0,,0,0,0,0,0,0,,0,0,0,0,0,0,0,0,0,0,,0,,0.0,0.0,0.0,0,2,0,4,1,1,0,0.5,4.0,1,0,0,0,0,0,0,0,0,0,0,0,0,1,4,0,0,0,0,0,0,0,0,,,0,0,0,0,0,0,0,0,0,0,0,0,,,,0,0,0,0,0,0,0,,0,0,0,0,0,0.0,0.0
00-0033885,D.Njoku,David Njoku,TE,TE,"https://static.www.nfl.com/image/upload/f_auto,q_auto/league/gdwtgcfz3mxj6codxdpn",2025,3,REG,CLE,GB,0,0,0,0,0,0,0,0,0,0,0,0,,,0,,0,0,0,0,0,0,,0,5,7,40,0,0,0,24,26,2,0.5317974486970343,0,1.6666666666666667,0.21212121212121213,0.09448818897637795,0.38432355046528277,0,0,0,0,0,0,0,0.0,0.0,0,0,0,0,0,0,0,0,0,0,0,0,0,0,0,0,0,0,0,0,0,0,0,,,0,0,0,0,0,0,0,0,0,0,0,0,,,,0,0,0,0,0,0,0,,0,0,0,0,0,4.0,9.0
00-0033941,R.Jenkins,Rayshawn Jenkins,SAF,DB,"https://static.www.nfl.com/image/upload/f_auto,q_auto/league/e3tppqrhd6bpipfn2k4z",2025,3,REG,CLE,GB,0,0,0,0,0,0,0,0,0,0,0,0,,,0,,0,0,0,0,0,0,,0,0,0,0,0,0,0,0,0,0,,0,,0.0,0.0,0.0,0,2,0,1,0,0,0,0.0,0.0,0,0,0,0,0,0,0,0,0,0,0,0,0,0,0,0,0,0,0,0,0,0,0,,,0,0,0,0,0,0,0,0,0,0,0,0,,,,0,0,0,0,0,0,0,,0,0,0,0,0,0.0,0.0
00-0034399,W.Teller,Wyatt Teller,G,OL,"https://static.www.nfl.com/image/upload/f_auto,q_auto/league/cssfbsfmyuubkg0js8ni",2025,3,REG,CLE,GB,0,0,0,0,0,0,0,0,0,0,0,0,,,0,,0,0,0,0,0,0,,0,0,0,0,0,0,0,0,0,0,,0,,0.0,0.0,0.0,0,0,0,0,0,0,0,0.0,0.0,0,0,0,0,0,0,0,0,0,0,0,0,0,2,25,0,0,0,0,0,0,0,0,,,0,0,0,0,0,0,0,0,0,0,0,0,,,,0,0,0,0,0,0,0,,0,0,0,0,0,0.0,0.0
00-0034721,C.Bojorquez,Corey Bojorquez,P,SPEC,"https://static.www.nfl.com/image/private/f_auto,q_auto/league/eiuli9dmspe6d4cwwa00",2025,3,REG,CLE,GB,0,0,0,0,0,0,0,0,0,0,0,0,,,0,,0,0,0,0,0,0,,0,0,0,0,0,0,0,0,0,0,,0,,0.0,0.0,0.0,0,0,0,0,0,0,0,0.0,0.0,0,0,0,0,0,0,0,0,0,0,0,0,0,0,0,0,0,0,0,0,0,0,0,,,0,0,0,0,0,0,0,0,0,0,0,0,,,,0,0,0,0,0,0,0,,0,0,0,0,0,0.0,0.0
00-0034797,J.Baker,Jerome Baker,OLB,LB,"https://static.www.nfl.com/image/upload/f_auto,q_auto/league/wdo4k5bdufnhhu8izyj4",2025,3,REG,CLE,GB,0,0,0,0,0,0,0,0,0,0,0,0,,,0,,0,0,0,0,0,0,,0,0,0,0,0,0,0,0,0,0,,0,,0.0,0.0,0.0,0,1,0,0,0,0,0,0.0,0.0,0,0,0,0,0,0,0,0,0,0,0,0,0,0,0,0,0,0,0,0,0,0,0,,,0,0,0,0,0,0,0,0,0,0,0,0,,,,0,0,0,0,0,0,0,,0,0,0,0,0,0.0,0.0
00-0034856,D.Ward,Denzel Ward,CB,DB,"https://static.www.nfl.com/image/upload/f_auto,q_auto/league/mmp5gacrbeeolrsgg5wm",2025,3,REG,CLE,GB,0,0,0,0,0,0,0,0,0,0,0,0,,,0,,0,0,0,0,0,0,,0,0,0,0,0,0,0,0,0,0,,0,,0.0,0.0,0.0,0,4,0,1,0,0,0,0.0,0.0,0,0,0,1,0,0,0,0,0,0,0,0,0,0,0,0,0,0,0,0,0,0,0,,,0,0,0,0,0,0,0,0,0,0,0,0,,,,0,0,0,0,0,0,0,,0,0,0,0,0,0.0,0.0
00-0035525,D.Bush,Devin Bush,LB,LB,"https://static.www.nfl.com/image/upload/f_auto,q_auto/league/pgpf5oeyel2jgsz2luaq",2025,3,REG,CLE,GB,0,0,0,0,0,0,0,0,0,0,0,0,,,0,,0,0,0,0,0,0,,0,0,0,0,0,0,0,0,0,0,,0,,0.0,0.0,0.0,0,3,0,3,0,0,0,0.0,0.0,0,0,0,0,0,0,0,0,0,0,0,0,0,0,0,0,0,0,0,0,0,0,0,,,0,0,0,0,0,0,0,0,0,0,0,0,,,,0,0,0,0,0,0,0,,0,0,0,0,0,0.0,0.0
00-0036282,G.Delpit,Grant Delpit,SAF,DB,"https://static.www.nfl.com/image/upload/f_auto,q_auto/league/vfp5ffmtbfgobosxlxjj",2025,3,REG,CLE,GB,0,0,0,0,0,0,0,0,0,0,0,0,,,0,,0,0,0,0,0,0,,0,0,0,0,0,0,0,0,0,0,,0,,0.0,0.0,0.0,0,6,0,3,1,3,0,0.0,0.0,0,1,25,1,0,0,0,0,0,0,0,0,0,0,0,0,0,0,0,0,0,0,0,,,0,0,0,0,0,0,0,0,0,0,0,0,,,,0,0,0,0,0,0,0,,0,0,0,0,0,0.0,0.0
00-0036407,J.Jeudy,Jerry Jeudy,WR,WR,"https://static.www.nfl.com/image/upload/f_auto,q_auto/league/szca1v9butuqkjs7ekpm",2025,3,REG,CLE,GB,0,0,0,0,0,0,0,0,0,0,0,0,,,0,,0,0,0,0,0,0,,0,1,5,17,0,0,0,90,0,1,-0.23316486505791545,0,0.18888888888888888,0.15151515151515152,0.3543307086614173,0.4753042233357194,0,0,0,0,0,0,0,0.0,0.0,0,0,0,0,0,0,0,0,0,0,0,0,0,0,0,0,0,0,0,0,0,0,0,,,0,0,0,0,0,0,0,0,0,0,0,0,,,,0,0,0,0,0,0,0,,0,0,0,0,0,1.7000000000000002,2.7
00-0036967,J.Tryon,Joe Tryon-Shoyinka,DE,DL,"https://static.www.nfl.com/image/upload/f_auto,q_auto/league/a9ggom2msswmbavzfxrl",2025,3,REG,CLE,GB,0,0,0,0,0,0,0,0,0,0,0,0,,,0,,0,0,0,0,0,0,,0,0,0,0,0,0,0,0,0,0,,0,,0.0,0.0,0.0,0,1,0,3,0,0,0,0.0,0.0,0,0,0,0,0,0,0,0,0,0,0,0,0,0,0,0,0,0,0,0,0,0,0,,,0,0,0,0,0,0,0,0,0,0,0,0,,,,0,0,0,0,0,0,0,,0,0,0,0,0,0.0,0.0
00-0036996,G.Newsome,Greg Newsome II,CB,DB,"https://static.www.nfl.com/image/private/f_auto,q_auto/league/vnzji51ny0rycaa1aqii",2025,3,REG,CLE,GB,0,0,0,0,0,0,0,0,0,0,0,0,,,0,,0,0,0,0,0,0,,0,0,0,0,0,0,0,0,0,0,,0,,0.0,0.0,0.0,0,3,1,0,0,0,0,0.0,0.0,0,0,0,0,0,0,0,0,0,0,0,0,0,0,0,0,0,0,0,0,0,0,0,,,0,0,0,0,0,0,0,0,0,0,0,0,,,,0,0,0,0,0,0,0,,0,0,0,0,0,0.0,0.0
00-0037251,A.Wright,Alex Wright,DE,DL,"https://static.www.nfl.com/image/upload/f_auto,q_auto/league/rwvd1sputd9x1dziyznz",2025,3,REG,CLE,GB,0,0,0,0,0,0,0,0,0,0,0,0,,,0,,0,0,0,0,0,0,,0,0,0,0,0,0,0,0,0,0,,0,,0.0,0.0,0.0,0,1,0,0,1,5,0,1.0,5.0,1,0,0,0,0,0,0,0,0,0,0,0,0,0,0,0,0,0,0,0,0,0,0,,,0,0,0,0,0,0,0,0,0,0,0,0,,,,0,0,0,0,0,0,0,,0,0,0,0,0,0.0,0.0
00-0037267,J.Ford,Jerome Ford,RB,RB,"https://static.www.nfl.com/image/private/f_auto,q_auto/league/djggmwo5v8osoboiseo2",2025,3,REG,CLE,GB,0,0,0,0,0,0,0,0,0,0,0,0,,,0,,0,0,0,0,0,0,,0,4,4,10,0,0,0,-5,15,0,-1.6804627756191919,0,-2.0,0.12121212121212122,-0.01968503937007874,0.1680386542591267,0,0,0,0,0,0,0,0.0,0.0,0,0,0,0,0,0,0,0,0,0,0,0,0,0,0,0,0,0,0,0,0,0,0,,,0,0,0,0,0,0,0,0,0,0,0,0,,,,0,0,0,0,0,0,0,,0,0,0,0,0,1.0,5.0
00-0037380,K.Davis,Kaden Davis,WR,WR,"https://static.www.nfl.com/image/upload/f_auto,q_auto/league/z8viajevykmyr0utahgl",2025,3,REG,CLE,GB,0,0,0,0,0,0,0,0,0,0,0,0,,,0,,0,0,0,0,0,0,,0,0,0,0,0,0,0,0,0,0,,0,,0.0,0.0,0.0,0,0,0,1,0,0,0,0.0,0.0,0,0,0,0,0,0,0,0,0,0,0,0,0,0,0,0,0,1,28,0,0,0,0,,,0,0,0,0,0,0,0,0,0,0,0,0,,,,0,0,0,0,0,0,0,,0,0,0,0,0,0.0,0.0
00-0038428,A.Szmyt,Andre Szmyt,K,SPEC,"https://static.www.nfl.com/image/upload/f_auto,q_auto/league/tkah6glpysuyq2a54gts",2025,3,REG,CLE,GB,0,0,0,0,0,0,0,0,0,0,0,0,,,0,,0,0,0,0,0,0,,0,0,0,0,0,0,0,0,0,0,,0,,0.0,0.0,0.0,0,0,0,0,0,0,0,0.0,0.0,0,0,0,0,0,0,0,0,0,0,0,0,0,0,0,0,0,0,0,2,2,0,0,55.0,1.0,0,0,1,0,1,0,0,0,0,0,0,0,35;55,,,90,0,0,1,1,0,0,1.0,1,1,0,0,55,0.0,0.0
00-0038574,I.McGuire,Isaiah McGuire,DE,DL,"https://static.www.nfl.com/image/upload/f_auto,q_auto/league/bgay7c5onbqadb4qjguc",2025,3,REG,CLE,GB,0,0,0,0,0,0,0,0,0,0,0,0,,,0,,0,0,0,0,0,0,,0,0,0,0,0,0,0,0,0,0,,0,,0.0,0.0,0.0,0,0,0,1,0,0,0,0.0,0.0,0,0,0,0,0,0,0,0,0,0,0,0,0,0,0,0,0,0,0,0,0,0,0,,,0,0,0,0,0,0,0,0,0,0,0,0,,,,0,0,0,0,0,0,0,,0,0,0,0,0,0.0,0.0
00-0038609,L.Wypler,Luke Wypler,C,OL,"https://static.www.nfl.com/image/upload/f_auto,q_auto/league/alkthyatyuxkudodqhke",2025,3,REG,CLE,GB,0,0,0,0,0,0,0,0,0,0,0,0,,,0,,0,0,0,0,0,0,,0,0,1,0,0,0,0,1,0,0,-0.24714013846823946,0,0.0,0.030303030303030304,0.003937007874015748,0.04821045096635648,0,0,0,0,0,0,0,0.0,0.0,0,0,0,0,0,0,0,0,0,0,0,0,0,0,0,0,0,0,0,0,0,0,0,,,0,0,0,0,0,0,0,0,0,0,0,0,,,,0,0,0,0,0,0,0,,0,0,0,0,0,0.0,0.0
00-0038710,B.Whiteheart,Blake Whiteheart,TE,TE,"https://static.www.nfl.com/image/upload/f_auto,q_auto/league/senw8edxu2ovkg1dbdxs",2025,3,REG,CLE,GB,0,0,0,0,0,0,0,0,0,0,0,0,,,0,,0,0,0,0,0,0,,0,0,0,0,0,0,0,0,0,0,,0,,0.0,0.0,0.0,0,0,0,1,0,0,0,0.0,0.0,0,0,0,0,0,0,0,0,0,0,0,0,0,0,0,0,0,0,0,0,0,0,0,,,0,0,0,0,0,0,0,0,0,0,0,0,,,,0,0,0,0,0,0,0,,0,0,0,0,0,0.0,0.0
00-0038711,M.Diabate,Mohamoud Diabate,LB,LB,"https://static.www.nfl.com/image/upload/f_auto,q_auto/league/clvmbgcxk6mw8gqdzyxa",2025,3,REG,CLE,GB,0,0,0,0,0,0,0,0,0,0,0,0,,,0,,0,0,0,0,0,0,,0,0,0,0,0,0,0,0,0,0,,0,,0.0,0.0,0.0,0,0,0,2,0,0,0,0.0,0.0,0,0,0,0,0,0,0,0,0,0,0,0,0,0,0,0,0,0,0,0,0,0,0,,,0,0,0,0,0,0,0,0,0,0,0,0,,,,0,0,0,0,0,0,0,,0,0,0,0,0,0.0,0.0
00-0038715,R.Hickman,Ronnie Hickman Jr.,SAF,DB,"https://static.www.nfl.com/image/upload/f_auto,q_auto/league/ds24p7j86p9mwshsjvbu",2025,3,REG,CLE,GB,0,0,0,0,0,0,0,0,0,0,0,0,,,0,,0,0,0,0,0,0,,0,0,0,0,0,0,0,0,0,0,,0,,0.0,0.0,0.0,0,4,0,0,0,0,0,0.0,0.0,0,0,0,0,0,0,0,0,0,0,0,0,0,0,0,0,0,0,0,0,0,0,0,,,0,0,0,0,0,0,0,0,0,0,0,0,,,,0,0,0,0,0,0,0,,0,0,0,0,0,0.0,0.0
00-0038979,C.Tillman,Cedric Tillman,WR,WR,"https://static.www.nfl.com/image/upload/f_auto,q_auto/league/a4mcdjjl1pkxr3etechx",2025,3,REG,CLE,GB,0,0,0,0,0,0,0,0,0,0,0,0,,,0,,0,0,0,0,0,0,,0,3,3,26,0,0,0,23,3,3,2.2394587245071307,0,1.1304347826086956,0.09090909090909091,0.09055118110236221,0.1997494631352899,0,0,0,0,0,0,0,0.0,0.0,0,0,0,0,0,0,0,0,0,0,0,0,0,1,10,0,0,0,0,0,0,0,0,,,0,0,0,0,0,0,0,0,0,0,0,0,,,,0,0,0,0,0,0,0,,0,0,0,0,0,2.6,5.6
00-0039379,J.Thrash,Jamari Thrash,WR,WR,"https://static.www.nfl.com/image/upload/f_auto,q_auto/league/byihyhwwpltzyetas85a",2025,3,REG,CLE,GB,0,0,0,0,0,0,0,0,0,0,0,0,,,0,,0,0,0,0,0,0,,0,2,3,7,0,0,0,30,0,0,-0.6420554824871942,0,0.23333333333333334,0.09090909090909091,0.11811023622047244,0.21904080171796705,0,0,0,0,0,0,0,0.0,0.0,0,0,0,0,0,0,0,0,0,0,0,0,0,0,0,0,0,0,0,0,0,0,0,,,0,0,0,0,0,0,0,0,0,0,0,0,,,,0,0,0,0,0,0,0,,0,0,0,0,0,0.7000000000000001,2.7
00-0039417,M.Harden,Myles Harden,CB,DB,"https://static.www.nfl.com/image/upload/f_auto,q_auto/league/r8uhacjplbkmlg2uoeou",2025,3,REG,CLE,GB,0,0,0,0,0,0,0,0,0,0,0,0,,,0,,0,0,0,0,0,0,,0,0,0,0,0,0,0,0,0,0,,0,,0.0,0.0,0.0,0,0,0,2,0,0,0,0.0,0.0,0,0,0,0,0,0,0,0,0,0,0,0,0,1,20,0,0,0,0,0,0,0,0,,,0,0,0,0,0,0,0,0,0,0,0,0,,,,0,0,0,0,0,0,0,,0,0,0,0,0,0.0,0.0
00-0040162,D.Sampson,Dylan Sampson,RB,RB,"https://static.www.nfl.com/image/upload/f_auto,q_auto/league/den1hzzomdxfcsgk88o5",2025,3,REG,CLE,GB,0,0,0,0,0,0,0,0,0,0,0,0,,,0,,1,2,0,0,0,0,-1.3786404328420758,0,0,0,0,0,0,0,0,0,0,,0,,0.0,0.0,0.0,0,0,0,0,0,0,0,0.0,0.0,0,0,0,0,0,0,0,0,0,0,0,0,0,0,0,0,0,0,0,0,0,0,0,,,0,0,0,0,0,0,0,0,0,0,0,0,,,,0,0,0,0,0,0,0,,0,0,0,0,0,0.2,0.2
00-0040255,A.Huntington,Adin Huntington,DE,DL,"https://static.www.nfl.com/image/upload/f_auto,q_auto/league/zqevui8ikmsi20blzgot",2025,3,REG,CLE,GB,0,0,0,0,0,0,0,0,0,0,0,0,,,0,,0,0,0,0,0,0,,0,0,0,0,0,0,0,0,0,0,,0,,0.0,0.0,0.0,0,2,0,2,0,0,0,0.5,4.0,1,0,0,0,0,0,0,0,0,0,0,0,0,0,0,0,0,0,0,0,0,0,0,,,0,0,0,0,0,0,0,0,0,0,0,0,,,,0,0,0,0,0,0,0,,0,0,0,0,0,0.0,0.0
00-0040261,E.Mascarenas-Arnold,Easton Mascarenas-Arnold,LB,LB,"https://static.www.nfl.com/image/upload/f_auto,q_auto/league/ms3shd56ki1juzpdzuly",2025,3,REG,CLE,GB,0,0,0,0,0,0,0,0,0,0,0,0,,,0,,0,0,0,0,0,0,,0,0,0,0,0,0,0,0,0,0,,0,,0.0,0.0,0.0,0,1,0,0,0,0,0,0.0,0.0,0,0,0,0,0,0,0,0,0,0,0,0,0,0,0,0,0,0,0,0,0,0,0,,,0,0,0,0,0,0,0,0,0,0,0,0,,,,0,0,0,0,0,0,0,,0,0,0,0,0,0.0,0.0
00-0040263,D.McMillon,Donovan McMillon,SAF,DB,"https://static.www.nfl.com/image/upload/f_auto,q_auto/league/fbnuqvyuya1btewfzslw",2025,3,REG,CLE,GB,0,0,0,0,0,0,0,0,0,0,0,0,,,0,,0,0,0,0,0,0,,0,0,0,0,0,0,0,0,0,0,,0,,0.0,0.0,0.0,0,0,0,1,0,0,0,0.0,0.0,0,0,0,0,0,0,0,0,0,0,0,0,0,1,15,0,0,0,0,0,0,0,0,,,0,0,0,0,0,0,0,0,0,0,0,0,,,,0,0,0,0,0,0,0,,0,0,0,0,0,0.0,0.0
00-0040579,C.Schwesinger,Carson Schwesinger,LB,LB,"https://static.www.nfl.com/image/upload/f_auto,q_auto/league/ga2yg6qhxs12sqo6jvfz",2025,3,REG,CLE,GB,0,0,0,0,0,0,0,0,0,0,0,0,,,0,,0,0,0,0,0,0,,0,0,0,0,0,0,0,0,0,0,,0,,0.0,0.0,0.0,0,4,3,3,1,11,0,1.0,11.0,1,0,0,0,0,0,0,0,0,0,0,0,0,0,0,0,0,0,0,0,0,0,0,,,0,0,0,0,0,0,0,0,0,0,0,0,,,,0,0,0,0,0,0,0,,0,0,0,0,0,0.0,0.0
00-0040663,H.Fannin,Harold Fannin Jr.,TE,TE,"https://static.www.nfl.com/image/upload/f_auto,q_auto/league/fxublmpnxx9uggsddwik",2025,3,REG,CLE,GB,0,0,0,0,0,0,0,0,0,0,0,0,,,0,,0,0,0,0,0,0,,0,3,4,25,0,0,0,6,22,1,0.26084462366998196,0,4.166666666666667,0.12121212121212122,0.023622047244094488,0.19835361488904796,0,0,0,0,0,0,0,0.0,0.0,0,0,0,0,0,0,0,0,0,0,0,0,0,0,0,0,0,0,0,0,0,0,0,,,0,0,0,0,0,0,0,0,0,0,0,0,,,,0,0,0,0,0,0,0,,0,0,0,0,0,2.5,5.5
00-0040685,M.Graham,Mason Graham,DT,DL,"https://static.www.nfl.com/image/upload/f_auto,q_auto/league/fizf7lkmgqhpg9o8vu92",2025,3,REG,CLE,GB,0,0,0,0,0,0,0,0,0,0,0,0,,,0,,0,0,0,0,0,0,,0,0,0,0,0,0,0,0,0,0,,0,,0.0,0.0,0.0,0,0,0,3,0,0,0,0.5,2.5,1,0,0,0,0,0,0,0,0,0,0,0,0,0,0,0,0,0,0,0,0,0,0,,,0,0,0,0,0,0,0,0,0,0,0,0,,,,0,0,0,0,0,0,0,,0,0,0,0,0,0.0,0.0
00-0040782,I.Bond,Isaiah Bond,WR,WR,"https://static.www.nfl.com/image/upload/f_auto,q_auto/league/piv889pkizjvgrtpfkxm",2025,3,REG,CLE,GB,0,0,0,0,0,0,0,0,0,0,0,0,,,0,,0,0,0,0,0,0,,0,2,4,16,0,0,0,66,2,0,-2.67956817522645,0,0.24242424242424243,0.12121212121212122,0.25984251968503935,0.36370794559770936,0,0,0,0,0,0,0,0.0,0.0,0,0,0,0,0,0,0,0,0,0,0,0,0,0,0,0,0,0,0,0,0,0,0,,,0,0,0,0,0,0,0,0,0,0,0,0,,,,0,0,0,0,0,0,0,,0,0,0,0,0,1.6,3.6
00-0040784,Q.Judkins,Quinshon Judkins,RB,RB,"https://static.www.nfl.com/image/upload/f_auto,q_auto/league/ojtce2im0wp2ltyel0vc",2025,3,REG,CLE,GB,0,0,0,0,0,0,0,0,0,0,0,0,,,0,,18,94,1,0,0,5,2.0624835095222807,0,1,2,1,0,0,0,7,0,0,-1.0077456524595618,0,0.14285714285714285,0.06060606060606061,0.027559055118110236,0.11020042949176807,0,0,0,0,0,0,0,0.0,0.0,0,0,0,0,0,0,0,0,0,0,0,0,0,0,0,0,0,0,0,0,0,0,0,,,0,0,0,0,0,0,0,0,0,0,0,0,,,,0,0,0,0,0,0,0,,0,0,0,0,0,15.5,16.5
