player_id,player_name,player_display_name,position,position_group,headshot_url,season,week,season_type,team,opponent_team,completions,attempts,passing_yards,passing_tds,passing_interceptions,sacks_suffered,sack_yards_lost,sack_fumbles,sack_fumbles_lost,passing_air_yards,passing_yards_after_catch,passing_first_downs,passing_epa,passing_cpoe,passing_2pt_conversions,pacr,carries,rushing_yards,rushing_tds,rushing_fumbles,rushing_fumbles_lost,rushing_first_downs,rushing_epa,rushing_2pt_conversions,receptions,targets,receiving_yards,receiving_tds,receiving_fumbles,receiving_fumbles_lost,receiving_air_yards,receiving_yards_after_catch,receiving_first_downs,receiving_epa,receiving_2pt_conversions,racr,target_share,air_yards_share,wopr,special_teams_tds,def_tackles_solo,def_tackles_with_assist,def_tackle_assists,def_tackles_for_loss,def_tackles_for_loss_yards,def_fumbles_forced,def_sacks,def_sack_yards,def_qb_hits,def_interceptions,def_interception_yards,def_pass_defended,def_tds,def_fumbles,def_safeties,misc_yards,fumble_recovery_own,fumble_recovery_yards_own,fumble_recovery_opp,fumble_recovery_yards_opp,fumble_recovery_tds,penalties,penalty_yards,punt_returns,punt_return_yards,kickoff_returns,kickoff_return_yards,fg_made,fg_att,fg_missed,fg_blocked,fg_long,fg_pct,fg_made_0_19,fg_made_20_29,fg_made_30_39,fg_made_40_49,fg_made_50_59,fg_made_60_,fg_missed_0_19,fg_missed_20_29,fg_missed_30_39,fg_missed_40_49,fg_missed_50_59,fg_missed_60_,fg_made_list,fg_missed_list,fg_blocked_list,fg_made_distance,fg_missed_distance,fg_blocked_distance,pat_made,pat_att,pat_missed,pat_blocked,pat_pct,gwfg_made,gwfg_att,gwfg_missed,gwfg_blocked,gwfg_distance,fantasy_points,fantasy_points_ppr
00-0029714,A.DePaola,Andrew DePaola,LS,SPEC,"https://static.www.nfl.com/image/upload/f_auto,q_auto/league/jcrvuhkivwjhbqmzp5tm",2025,1,REG,MIN,CHI,0,0,0,0,0,0,0,0,0,0,0,0,,,0,,0,0,0,0,0,0,,0,0,0,0,0,0,0,0,0,0,,0,,0.0,0.0,0.0,0,0,0,1,0,0,0,0.0,0.0,0,0,0,0,0,0,0,0,0,0,0,0,0,0,0,0,0,0,0,0,0,0,0,,,0,0,0,0,0,0,0,0,0,0,0,0,,,,0,0,0,0,0,0,0,,0,0,0,0,0,0.0,0.0
00-0030035,A.Thielen,Adam Thielen,WR,WR,"https://static.www.nfl.com/image/upload/f_auto,q_auto/league/pv6gajxtt6zhum2unnsl",2025,1,REG,MIN,CHI,0,0,0,0,0,0,0,0,0,0,0,0,,,0,,0,0,0,0,0,0,,0,0,1,0,0,0,0,7,0,0,-0.6133485898170621,1,0.0,0.05,0.05982905982905983,0.11688034188034188,0,0,0,0,0,0,0,0.0,0.0,0,0,0,0,0,0,0,0,0,0,0,0,0,0,0,0,0,0,0,0,0,0,0,,,0,0,0,0,0,0,0,0,0,0,0,0,,,,0,0,0,0,0,0,0,,0,0,0,0,0,2.0,2.0
00-0033109,J.Hargrave,Javon Hargrave,NT,DL,"https://static.www.nfl.com/image/upload/f_auto,q_auto/league/ql5febs5kjgtrpj555ex",2025,1,REG,MIN,CHI,0,0,0,0,0,0,0,0,0,0,0,0,,,0,,0,0,0,0,0,0,,0,0,0,0,0,0,0,0,0,0,,0,,0.0,0.0,0.0,0,3,0,2,2,12,0,2.0,12.0,1,0,0,0,0,0,0,0,0,0,0,0,0,1,5,0,0,0,0,0,0,0,0,,,0,0,0,0,0,0,0,0,0,0,0,0,,,,0,0,0,0,0,0,0,,0,0,0,0,0,0.0,0.0
00-0033293,A.Jones,Aaron Jones,RB,RB,"https://static.www.nfl.com/image/upload/f_auto,q_auto/league/bktkfvgfwujkdbzkcfim",2025,1,REG,MIN,CHI,0,0,0,0,0,0,0,0,0,0,0,0,,,0,,8,23,0,0,0,1,-1.3980494601419196,0,3,3,44,1,0,0,21,23,2,4.188290114689153,0,2.0952380952380953,0.15,0.1794871794871795,0.3506410256410256,0,0,0,0,0,0,0,0.0,0.0,0,0,0,0,0,0,0,0,0,0,0,0,0,0,0,0,0,0,0,0,0,0,0,,,0,0,0,0,0,0,0,0,0,0,0,0,,,,0,0,0,0,0,0,0,,0,0,0,0,0,12.7,15.7
00-0033336,E.Wilson,Eric Wilson,LB,LB,"https://static.www.nfl.com/image/upload/f_auto,q_auto/league/ita0jmgsuikjagrpuqqb",2025,1,REG,MIN,CHI,0,0,0,0,0,0,0,0,0,0,0,0,,,0,,0,0,0,0,0,0,,0,0,0,0,0,0,0,0,0,0,,0,,0.0,0.0,0.0,0,3,0,2,1,1,0,0.0,0.0,0,0,0,0,0,0,0,0,0,0,0,0,0,0,0,0,0,0,0,0,0,0,0,,,0,0,0,0,0,0,0,0,0,0,0,0,,,,0,0,0,0,0,0,0,,0,0,0,0,0,0.0,0.0
00-0033523,J.Allen,Jonathan Allen,DE,DL,"https://static.www.nfl.com/image/upload/f_auto,q_auto/league/pri0osdjdsziyqrd14ar",2025,1,REG,MIN,CHI,0,0,0,0,0,0,0,0,0,0,0,0,,,0,,0,0,0,0,0,0,,0,0,0,0,0,0,0,0,0,0,,0,,0.0,0.0,0.0,0,1,0,2,0,0,0,0.0,0.0,0,0,0,0,0,0,0,0,0,0,0,0,0,0,0,0,0,0,0,0,0,0,0,,,0,0,0,0,0,0,0,0,0,0,0,0,,,,0,0,0,0,0,0,0,,0,0,0,0,0,0.0,0.0
00-0034488,T.Thomas,Tavierre Thomas,SAF,DB,"https://static.www.nfl.com/image/upload/f_auto,q_auto/league/bbljj6ltlnswmkqjhzfw",2025,1,REG,MIN,CHI,0,0,0,0,0,0,0,0,0,0,0,0,,,0,,0,0,0,0,0,0,,0,0,0,0,0,0,0,0,0,0,,0,,0.0,0.0,0.0,0,0,0,2,0,0,1,0.0,0.0,0,0,0,0,0,0,0,0,0,0,0,0,0,0,0,0,0,0,0,0,0,0,0,,,0,0,0,0,0,0,0,0,0,0,0,0,,,,0,0,0,0,0,0,0,,0,0,0,0,0,0.0,0.0
00-0034989,J.Skule,Justin Skule,OT,OL,"https://static.www.nfl.com/image/upload/f_auto,q_auto/league/qhgittdykajfsjsznegg",2025,1,REG,MIN,CHI,0,0,0,0,0,0,0,0,0,0,0,0,,,0,,0,0,0,0,0,0,,0,0,0,0,0,0,0,0,0,0,,0,,0.0,0.0,0.0,0,0,0,0,0,0,0,0.0,0.0,0,0,0,0,0,0,0,0,0,0,0,0,0,1,10,0,0,0,0,0,0,0,0,,,0,0,0,0,0,0,0,0,0,0,0,0,,,,0,0,0,0,0,0,0,,0,0,0,0,0,0.0,0.0
00-0035229,T.Hockenson,T.J. Hockenson,TE,TE,"https://static.www.nfl.com/image/upload/f_auto,q_auto/league/rs8o65x0u0n9xzde0fd6",2025,1,REG,MIN,CHI,0,0,0,0,0,0,0,0,0,0,0,0,,,0,,0,0,0,0,0,0,,0,3,4,15,0,0,0,13,4,0,-0.2676336143631488,0,1.1538461538461537,0.2,0.1111111111111111,0.3777777777777778,0,0,0,0,0,0,0,0.0,0.0,0,0,0,0,0,0,0,0,0,0,0,0,0,0,0,0,0,0,0,0,0,0,0,,,0,0,0,0,0,0,0,0,0,0,0,0,,,,0,0,0,0,0,0,0,,0,0,0,0,0,1.5,4.5
00-0035236,B.Murphy,Byron Murphy,CB,DB,"https://static.www.nfl.com/image/upload/f_auto,q_auto/league/secfzfwznyhcgiow4rvq",2025,1,REG,MIN,CHI,0,0,0,0,0,0,0,0,0,0,0,0,,,0,,0,0,0,0,0,0,,0,0,0,0,0,0,0,0,0,0,,0,,0.0,0.0,0.0,0,4,0,0,0,0,0,0.0,0.0,0,0,0,0,0,0,0,0,0,0,0,0,0,2,5,0,0,0,0,0,0,0,0,,,0,0,0,0,0,0,0,0,0,0,0,0,,,,0,0,0,0,0,0,0,,0,0,0,0,0,0.0,0.0
00-0035249,J.Oliver,Josh Oliver,TE,TE,"https://static.www.nfl.com/image/upload/f_auto,q_auto/league/pfvhbfguzu6wv9ikluop",2025,1,REG,MIN,CHI,0,0,0,0,0,0,0,0,0,0,0,0,,,0,,0,0,0,0,0,0,,0,1,1,5,0,0,0,-3,8,0,-0.7154584455564618,0,0.0,0.05,-0.02564102564102564,0.057051282051282064,0,0,0,0,0,0,0,0.0,0.0,0,0,0,0,0,0,0,0,0,0,0,0,0,0,0,0,0,0,0,0,0,0,0,,,0,0,0,0,0,0,0,0,0,0,0,0,,,,0,0,0,0,0,0,0,,0,0,0,0,0,0.5,1.5
00-0035272,A.Van Ginkel,Andrew Van Ginkel,OLB,LB,"https://static.www.nfl.com/image/upload/f_auto,q_auto/league/vbpdlib647tcpzz59wyt",2025,1,REG,MIN,CHI,0,0,0,0,0,0,0,0,0,0,0,0,,,0,,0,0,0,0,0,0,,0,0,0,0,0,0,0,0,0,0,,0,,0.0,0.0,0.0,0,3,0,2,1,3,0,0.0,0.0,0,0,0,2,0,0,0,0,0,0,0,0,0,0,0,0,0,0,0,0,0,0,0,,,0,0,0,0,0,0,0,0,0,0,0,0,,,,0,0,0,0,0,0,0,,0,0,0,0,0,0.0,0.0
00-0035276,B.Cashman,Blake Cashman,LB,LB,"https://static.www.nfl.com/image/upload/f_auto,q_auto/league/mvui8tjkoewkupyncbok",2025,1,REG,MIN,CHI,0,0,0,0,0,0,0,0,0,0,0,0,,,0,,0,0,0,0,0,0,,0,0,0,0,0,0,0,0,0,0,,0,,0.0,0.0,0.0,0,2,0,1,0,0,0,0.0,0.0,0,0,0,0,0,0,0,0,0,0,0,0,0,0,0,0,0,0,0,0,0,0,0,,,0,0,0,0,0,0,0,0,0,0,0,0,,,,0,0,0,0,0,0,0,,0,0,0,0,0,0.0,0.0
00-0036222,I.Rodgers,Isaiah Rodgers,CB,DB,"https://static.www.nfl.com/image/upload/f_auto,q_auto/league/uekaq7hovbb6iz95phej",2025,1,REG,MIN,CHI,0,0,0,0,0,0,0,0,0,0,0,0,,,0,,0,0,0,0,0,0,,0,0,0,0,0,0,0,0,0,0,,0,,0.0,0.0,0.0,0,3,0,2,1,4,0,0.0,0.0,0,0,0,0,0,0,0,0,0,0,0,0,0,0,0,0,0,0,0,0,0,0,0,,,0,0,0,0,0,0,0,0,0,0,0,0,,,,0,0,0,0,0,0,0,,0,0,0,0,0,0.0,0.0
00-0036224,J.Greenard,Jonathan Greenard,LB,LB,"https://static.www.nfl.com/image/upload/f_auto,q_auto/league/z49ugsnmbfkldervsiws",2025,1,REG,MIN,CHI,0,0,0,0,0,0,0,0,0,0,0,0,,,0,,0,0,0,0,0,0,,0,0,0,0,0,0,0,0,0,0,,0,,0.0,0.0,0.0,0,2,0,0,0,0,0,0.0,0.0,2,0,0,0,0,0,0,0,0,0,0,0,0,0,0,0,0,0,0,0,0,0,0,,,0,0,0,0,0,0,0,0,0,0,0,0,,,,0,0,0,0,0,0,0,,0,0,0,0,0,0.0,0.0
00-0036274,J.Okudah,Jeff Okudah,CB,DB,"https://static.www.nfl.com/image/upload/f_auto,q_auto/league/spqqvbna344r34sgvpdk",2025,1,REG,MIN,CHI,0,0,0,0,0,0,0,0,0,0,0,0,,,0,,0,0,0,0,0,0,,0,0,0,0,0,0,0,0,0,0,,0,,0.0,0.0,0.0,0,2,0,0,0,0,0,0.0,0.0,0,0,0,0,0,0,0,0,0,0,0,0,0,0,0,0,0,0,0,0,0,0,0,,,0,0,0,0,0,0,0,0,0,0,0,0,,,,0,0,0,0,0,0,0,,0,0,0,0,0,0.0,0.0
00-0036322,J.Jefferson,Justin Jefferson,WR,WR,"https://static.www.nfl.com/image/upload/f_auto,q_auto/league/f0ccavu3ppzcs51e1cuv",2025,1,REG,MIN,CHI,0,0,0,0,0,0,0,0,0,0,0,0,,,0,,1,4,0,0,0,0,-0.06732257106341422,0,4,7,44,1,0,0,69,12,2,-6.757993718566418,0,0.6376811594202898,0.35,0.5897435897435898,0.9378205128205127,0,0,0,0,0,0,0,0.0,0.0,0,0,0,0,0,0,0,0,0,0,0,0,0,0,0,0,0,0,0,0,0,0,0,,,0,0,0,0,0,0,0,0,0,0,0,0,,,,0,0,0,0,0,0,0,,0,0,0,0,0,10.8,14.8
00-0036348,J.Metellus,Josh Metellus,SAF,DB,"https://static.www.nfl.com/image/upload/f_auto,q_auto/league/gmb2ahv4eq0jphammw2h",2025,1,REG,MIN,CHI,0,0,0,0,0,0,0,0,0,0,0,0,,,0,,0,0,0,0,0,0,,0,0,0,0,0,0,0,0,0,0,,0,,0.0,0.0,0.0,0,3,1,2,0,0,0,0.0,0.0,0,0,0,0,0,0,0,0,0,0,0,0,0,0,0,0,0,0,0,0,0,0,0,,,0,0,0,0,0,0,0,0,0,0,0,0,,,,0,0,0,0,0,0,0,,0,0,0,0,0,0.0,0.0
00-0037276,T.Chandler,Ty Chandler,RB,RB,"https://static.www.nfl.com/image/upload/f_auto,q_auto/league/i3urodji7vrb11n4pl06",2025,1,REG,MIN,CHI,0,0,0,0,0,0,0,0,0,0,0,0,,,0,,0,0,0,0,0,0,,0,0,0,0,0,0,0,0,0,0,,0,,0.0,0.0,0.0,0,0,0,0,0,0,0,0.0,0.0,0,0,0,0,0,0,0,0,0,0,0,0,0,0,0,0,0,3,84,0,0,0,0,,,0,0,0,0,0,0,0,0,0,0,0,0,,,,0,0,0,0,0,0,0,,0,0,0,0,0,0.0,0.0
00-0037291,J.Nailor,Jalen Nailor,WR,WR,"https://static.www.nfl.com/image/upload/f_auto,q_auto/league/sdsx2pttiiwbfpyuuwiz",2025,1,REG,MIN,CHI,0,0,0,0,0,0,0,0,0,0,0,0,,,0,,0,0,0,0,0,0,,0,1,3,28,0,0,0,15,9,1,-0.47234429279659707,0,1.8666666666666667,0.15,0.1282051282051282,0.31474358974358974,0,0,0,0,0,0,0,0.0,0.0,0,0,0,0,0,0,0,0,0,0,0,0,0,0,0,0,0,0,0,0,0,0,0,,,0,0,0,0,0,0,0,0,0,0,0,0,,,,0,0,0,0,0,0,0,,0,0,0,0,0,2.8000000000000003,3.8000000000000003
00-0037301,T.Jackson,Theo Jackson,SAF,DB,"https://static.www.nfl.com/image/upload/f_auto,q_auto/league/g9hb4dnu5xp63p5wjvrw",2025,1,REG,MIN,CHI,0,0,0,0,0,0,0,0,0,0,0,0,,,0,,0,0,0,0,0,0,,0,0,0,0,0,0,0,0,0,0,,0,,0.0,0.0,0.0,0,3,0,1,0,0,0,0.0,0.0,0,0,0,0,0,0,0,0,0,0,0,0,0,0,0,0,0,0,0,0,0,0,0,,,0,0,0,0,0,0,0,0,0,0,0,0,,,,0,0,0,0,0,0,0,,0,0,0,0,0,0.0,0.0
00-0037500,R.Wright,Ryan Wright,P,SPEC,"https://static.www.nfl.com/image/upload/f_auto,q_auto/league/n7t34xvfvc2pxgtcwnlw",2025,1,REG,MIN,CHI,0,0,0,0,0,0,0,0,0,0,0,0,,,0,,0,0,0,0,0,0,,0,0,0,0,0,0,0,0,0,0,,0,,0.0,0.0,0.0,0,0,0,0,0,0,0,0.0,0.0,0,0,0,0,0,0,0,0,0,0,0,0,0,0,0,0,0,0,0,0,0,0,0,,,0,0,0,0,0,0,0,0,0,0,0,0,,,,0,0,0,0,0,0,0,,0,0,0,0,0,0.0,0.0
00-0037525,J.Mason,Jordan Mason,RB,RB,"https://static.www.nfl.com/image/upload/f_auto,q_auto/league/ixykwytfrfz1cdxlhj5w",2025,1,REG,MIN,CHI,0,0,0,0,0,0,0,0,0,0,0,0,,,0,,15,68,0,0,0,3,-1.118532745691482,0,1,1,7,0,0,0,-5,12,0,-0.07703274360392243,0,-1.4,0.05,-0.042735042735042736,0.0450854700854701,0,0,0,0,0,0,0,0.0,0.0,0,0,0,0,0,0,0,0,0,0,0,0,0,0,0,0,0,0,0,0,0,0,0,,,0,0,0,0,0,0,0,0,0,0,0,0,,,,0,0,0,0,0,0,0,,0,0,0,0,0,7.5,8.5
00-0038578,J.Ward,Jay Ward,SAF,DB,"https://static.www.nfl.com/image/upload/f_auto,q_auto/league/c3y0kln3tvfhyw5e3nbt",2025,1,REG,MIN,CHI,0,0,0,0,0,0,0,0,0,0,0,0,,,0,,0,0,0,0,0,0,,0,0,0,0,0,0,0,0,0,0,,0,,0.0,0.0,0.0,0,2,0,1,0,0,0,0.0,0.0,0,0,0,0,0,0,0,0,0,0,1,1,0,1,5,0,0,0,0,0,0,0,0,,,0,0,0,0,0,0,0,0,0,0,0,0,,,,0,0,0,0,0,0,0,,0,0,0,0,0,0.0,0.0
00-0038778,J.Redmond,Jalen Redmond,DL,DL,"https://static.www.nfl.com/image/upload/f_auto,q_auto/league/twjqbuybqow2v6zvpluq",2025,1,REG,MIN,CHI,0,0,0,0,0,0,0,0,0,0,0,0,,,0,,0,0,0,0,0,0,,0,0,0,0,0,0,0,0,0,0,,0,,0.0,0.0,0.0,0,1,0,1,0,0,0,0.0,0.0,0,0,0,0,0,0,0,0,0,0,0,0,0,0,0,0,0,0,0,0,0,0,0,,,0,0,0,0,0,0,0,0,0,0,0,0,,,,0,0,0,0,0,0,0,,0,0,0,0,0,0.0,0.0
00-0038807,I.Pace,Ivan Pace Jr.,LB,LB,"https://static.www.nfl.com/image/upload/f_auto,q_auto/league/til1eiumoueha3mnindj",2025,1,REG,MIN,CHI,0,0,0,0,0,0,0,0,0,0,0,0,,,0,,0,0,0,0,0,0,,0,0,0,0,0,0,0,0,0,0,,0,,0.0,0.0,0.0,0,2,0,3,0,0,0,0.0,0.0,0,0,0,0,0,0,0,0,0,0,0,0,0,1,15,0,0,0,0,0,0,0,0,,,0,0,0,0,0,0,0,0,0,0,0,0,,,,0,0,0,0,0,0,0,,0,0,0,0,0,0.0,0.0
00-0039404,W.Reichard,Will Reichard,K,SPEC,"https://static.www.nfl.com/image/upload/f_auto,q_auto/league/r1g0mqxqc23tmqmgdbwm",2025,1,REG,MIN,CHI,0,0,0,0,0,0,0,0,0,0,0,0,,,0,,0,0,0,0,0,0,,0,0,0,0,0,0,0,0,0,0,,0,,0.0,0.0,0.0,0,0,0,0,0,0,0,0.0,0.0,0,0,0,0,0,0,0,0,0,0,0,0,0,0,0,0,0,0,0,2,2,0,0,59.0,1.0,0,0,1,0,1,0,0,0,0,0,0,0,31;59,,,90,0,0,1,1,0,0,1.0,0,0,0,0,0,0.0,0.0
00-0039421,L.Rodriguez,Levi Drake Rodriguez,DL,DL,"https://static.www.nfl.com/image/upload/f_auto,q_auto/league/omsedg4telmr0fvhhegj",2025,1,REG,MIN,CHI,0,0,0,0,0,0,0,0,0,0,0,0,,,0,,0,0,0,0,0,0,,0,0,0,0,0,0,0,0,0,0,,0,,0.0,0.0,0.0,0,1,0,1,1,3,0,0.0,0.0,0,0,0,0,0,0,0,0,0,0,0,0,0,0,0,0,0,0,0,0,0,0,0,,,0,0,0,0,0,0,0,0,0,0,0,0,,,,0,0,0,0,0,0,0,,0,0,0,0,0,0.0,0.0
00-0039923,J.McCarthy,J.J. McCarthy,QB,QB,"https://static.www.nfl.com/image/upload/f_auto,q_auto/league/omybnfokapjw6jwb5dd3",2025,1,REG,MIN,CHI,13,20,143,2,1,3,-9,0,0,117,68,5,-9.816290898994502,-3.2609406113624573,1,1.2222222222222223,2,25,1,0,0,2,3.378993604099378,0,0,0,0,0,0,0,0,0,0,,0,,0.0,0.0,0.0,0,0,0,0,0,0,0,0.0,0.0,0,0,0,0,0,0,0,0,0,0,0,0,0,0,0,0,0,0,0,0,0,0,0,,,0,0,0,0,0,0,0,0,0,0,0,0,,,,0,0,0,0,0,0,0,,0,0,0,0,0,22.22,22.22
00-0039924,D.Turner,Dallas Turner,LB,LB,"https://static.www.nfl.com/image/upload/f_auto,q_auto/league/ytexkn6nluavjbwmknrv",2025,1,REG,MIN,CHI,0,0,0,0,0,0,0,0,0,0,0,0,,,0,,0,0,0,0,0,0,,0,0,0,0,0,0,0,0,0,0,,0,,0.0,0.0,0.0,0,1,0,2,0,0,0,0.0,0.0,0,0,0,0,0,0,0,0,0,0,0,0,0,0,0,0,0,0,0,0,0,0,0,,,0,0,0,0,0,0,0,0,0,0,0,0,,,,0,0,0,0,0,0,0,,0,0,0,0,0,0.0,0.0
00-0040154,T.Felton,Tai Felton,WR,WR,"https://static.www.nfl.com/image/upload/f_auto,q_auto/league/j7vkt74xeefchpraibnx",2025,1,REG,MIN,CHI,0,0,0,0,0,0,0,0,0,0,0,0,,,0,,0,0,0,0,0,0,,0,0,0,0,0,0,0,0,0,0,,0,,0.0,0.0,0.0,0,3,0,0,0,0,0,0.0,0.0,0,0,0,0,0,0,0,0,0,0,0,0,0,0,0,0,0,0,0,0,0,0,0,,,0,0,0,0,0,0,0,0,0,0,0,0,,,,0,0,0,0,0,0,0,,0,0,0,0,0,0.0,0.0
00-0040173,T.Ingram-Dawkins,Tyrion Ingram-Dawkins,DT,DL,"https://static.www.nfl.com/image/upload/f_auto,q_auto/league/lkpgbo1ftwfrp18wrbxv",2025,1,REG,MIN,CHI,0,0,0,0,0,0,0,0,0,0,0,0,,,0,,0,0,0,0,0,0,,0,0,0,0,0,0,0,0,0,0,,0,,0.0,0.0,0.0,0,0,0,0,0,0,0,0.0,0.0,0,0,0,1,0,0,0,0,0,0,0,0,0,0,0,0,0,0,0,0,0,0,0,,,0,0,0,0,0,0,0,0,0,0,0,0,,,,0,0,0,0,0,0,0,,0,0,0,0,0,0.0,0.0
00-0040496,C.Chambliss,Chaz Chambliss,LB,LB,"https://static.www.nfl.com/image/upload/f_auto,q_auto/league/jrt7ihzpzhaqexxcilah",2025,1,REG,MIN,CHI,0,0,0,0,0,0,0,0,0,0,0,0,,,0,,0,0,0,0,0,0,,0,0,0,0,0,0,0,0,0,0,,0,,0.0,0.0,0.0,0,1,0,0,0,0,0,0.0,0.0,0,0,0,0,0,0,0,0,0,0,0,0,0,0,0,0,0,0,0,0,0,0,0,,,0,0,0,0,0,0,0,0,0,0,0,0,,,,0,0,0,0,0,0,0,,0,0,0,0,0,0.0,0.0
00-0040506,M.Price,Myles Price,WR,WR,"https://static.www.nfl.com/image/upload/f_auto,q_auto/league/xd9ciqvi9v0wyvsdh6nc",2025,1,REG,MIN,CHI,0,0,0,0,0,0,0,0,0,0,0,0,,,0,,0,0,0,0,0,0,,0,0,0,0,0,0,0,0,0,0,,0,,0.0,0.0,0.0,0,0,0,0,0,0,0,0.0,0.0,0,0,0,0,0,0,0,0,0,0,0,0,0,0,0,4,68,2,49,0,0,0,0,,,0,0,0,0,0,0,0,0,0,0,0,0,,,,0,0,0,0,0,0,0,,0,0,0,0,0,0.0,0.0
00-0030035,A.Thielen,Adam Thielen,WR,WR,"https://static.www.nfl.com/image/upload/f_auto,q_auto/league/pv6gajxtt6zhum2unnsl",2025,2,REG,MIN,ATL,0,0,0,0,0,0,0,0,0,0,0,0,,,0,,0,0,0,0,0,0,,0,2,3,26,0,0,0,58,0,2,2.871910520363599,0,0.4482758620689655,0.14285714285714285,0.23015873015873015,0.3753968253968254,0,0,0,0,0,0,0,0.0,0.0,0,0,0,0,0,0,0,0,0,0,0,0,0,0,0,0,0,0,0,0,0,0,0,,,0,0,0,0,0,0,0,0,0,0,0,0,,,,0,0,0,0,0,0,0,,0,0,0,0,0,2.6,4.6
00-0033109,J.Hargrave,Javon Hargrave,NT,DL,"https://static.www.nfl.com/image/upload/f_auto,q_auto/league/ql5febs5kjgtrpj555ex",2025,2,REG,MIN,ATL,0,0,0,0,0,0,0,0,0,0,0,0,,,0,,0,0,0,0,0,0,,0,0,0,0,0,0,0,0,0,0,,0,,0.0,0.0,0.0,0,2,0,3,0,0,0,0.0,0.0,0,0,0,0,0,0,0,0,0,0,0,0,0,0,0,0,0,0,0,0,0,0,0,,,0,0,0,0,0,0,0,0,0,0,0,0,,,,0,0,0,0,0,0,0,,0,0,0,0,0,0.0,0.0
00-0033293,A.Jones,Aaron Jones,RB,RB,"https://static.www.nfl.com/image/upload/f_auto,q_auto/league/bktkfvgfwujkdbzkcfim",2025,2,REG,MIN,ATL,0,0,0,0,0,0,0,0,0,0,0,0,,,0,,5,23,0,0,0,0,0.007820036029443145,0,0,1,0,0,0,0,-5,0,0,-0.6057117329910398,0,-0.0,0.047619047619047616,-0.01984126984126984,0.057539682539682536,0,0,0,0,0,0,0,0.0,0.0,0,0,0,0,0,0,0,0,0,0,0,0,0,0,0,0,0,0,0,0,0,0,0,,,0,0,0,0,0,0,0,0,0,0,0,0,,,,0,0,0,0,0,0,0,,0,0,0,0,0,2.3000000000000003,2.3000000000000003
00-0033336,E.Wilson,Eric Wilson,LB,LB,"https://static.www.nfl.com/image/upload/f_auto,q_auto/league/ita0jmgsuikjagrpuqqb",2025,2,REG,MIN,ATL,0,0,0,0,0,0,0,0,0,0,0,0,,,0,,0,0,0,0,0,0,,0,0,0,0,0,0,0,0,0,0,,0,,0.0,0.0,0.0,0,1,0,4,0,0,1,0.0,0.0,0,0,0,0,0,0,0,0,0,0,0,0,0,0,0,0,0,0,0,0,0,0,0,,,0,0,0,0,0,0,0,0,0,0,0,0,,,,0,0,0,0,0,0,0,,0,0,0,0,0,0.0,0.0
00-0033523,J.Allen,Jonathan Allen,DE,DL,"https://static.www.nfl.com/image/upload/f_auto,q_auto/league/pri0osdjdsziyqrd14ar",2025,2,REG,MIN,ATL,0,0,0,0,0,0,0,0,0,0,0,0,,,0,,0,0,0,0,0,0,,0,0,0,0,0,0,0,0,0,0,,0,,0.0,0.0,0.0,0,3,0,4,0,0,0,0.0,0.0,1,0,0,0,0,0,0,0,0,0,0,0,0,0,0,0,0,0,0,0,0,0,0,,,0,0,0,0,0,0,0,0,0,0,0,0,,,,0,0,0,0,0,0,0,,0,0,0,0,0,0.0,0.0
00-0034158,B.O'Neill,Brian O'Neill,OT,OL,"https://static.www.nfl.com/image/upload/f_auto,q_auto/league/ouq6nfernugv9rsvcvwm",2025,2,REG,MIN,ATL,0,0,0,0,0,0,0,0,0,0,0,0,,,0,,0,0,0,0,0,0,,0,0,0,0,0,0,0,0,0,0,,0,,0.0,0.0,0.0,0,0,0,0,0,0,0,0.0,0.0,0,0,0,0,0,0,0,0,0,0,0,0,0,1,5,0,0,0,0,0,0,0,0,,,0,0,0,0,0,0,0,0,0,0,0,0,,,,0,0,0,0,0,0,0,,0,0,0,0,0,0.0,0.0
00-0034488,T.Thomas,Tavierre Thomas,SAF,DB,"https://static.www.nfl.com/image/upload/f_auto,q_auto/league/bbljj6ltlnswmkqjhzfw",2025,2,REG,MIN,ATL,0,0,0,0,0,0,0,0,0,0,0,0,,,0,,0,0,0,0,0,0,,0,0,0,0,0,0,0,0,0,0,,0,,0.0,0.0,0.0,0,1,0,1,0,0,0,0.0,0.0,0,0,0,0,0,0,0,0,0,0,0,0,0,0,0,0,0,0,0,0,0,0,0,,,0,0,0,0,0,0,0,0,0,0,0,0,,,,0,0,0,0,0,0,0,,0,0,0,0,0,0.0,0.0
00-0035229,T.Hockenson,T.J. Hockenson,TE,TE,"https://static.www.nfl.com/image/upload/f_auto,q_auto/league/rs8o65x0u0n9xzde0fd6",2025,2,REG,MIN,ATL,0,0,0,0,0,0,0,0,0,0,0,0,,,0,,0,0,0,0,0,0,,0,1,3,12,0,0,0,19,6,1,-1.8935784645727836,0,0.631578947368421,0.14285714285714285,0.07539682539682539,0.26706349206349206,0,0,0,0,0,0,0,0.0,0.0,0,0,0,0,0,0,0,0,0,0,0,0,0,0,0,0,0,0,0,0,0,0,0,,,0,0,0,0,0,0,0,0,0,0,0,0,,,,0,0,0,0,0,0,0,,0,0,0,0,0,1.2000000000000002,2.2
00-0035236,B.Murphy,Byron Murphy,CB,DB,"https://static.www.nfl.com/image/upload/f_auto,q_auto/league/secfzfwznyhcgiow4rvq",2025,2,REG,MIN,ATL,0,0,0,0,0,0,0,0,0,0,0,0,,,0,,0,0,0,0,0,0,,0,0,0,0,0,0,0,0,0,0,,0,,0.0,0.0,0.0,0,5,0,2,0,0,0,0.0,0.0,0,0,0,0,0,0,0,0,0,0,0,0,0,1,5,0,0,0,0,0,0,0,0,,,0,0,0,0,0,0,0,0,0,0,0,0,,,,0,0,0,0,0,0,0,,0,0,0,0,0,0.0,0.0
00-0036222,I.Rodgers,Isaiah Rodgers,CB,DB,"https://static.www.nfl.com/image/upload/f_auto,q_auto/league/uekaq7hovbb6iz95phej",2025,2,REG,MIN,ATL,0,0,0,0,0,0,0,0,0,0,0,0,,,0,,0,0,0,0,0,0,,0,0,0,0,0,0,0,0,0,0,,0,,0.0,0.0,0.0,0,4,0,0,1,2,0,0.0,0.0,0,0,0,0,0,0,0,0,0,0,0,0,0,0,0,0,0,0,0,0,0,0,0,,,0,0,0,0,0,0,0,0,0,0,0,0,,,,0,0,0,0,0,0,0,,0,0,0,0,0,0.0,0.0
00-0036224,J.Greenard,Jonathan Greenard,LB,LB,"https://static.www.nfl.com/image/upload/f_auto,q_auto/league/z49ugsnmbfkldervsiws",2025,2,REG,MIN,ATL,0,0,0,0,0,0,0,0,0,0,0,0,,,0,,0,0,0,0,0,0,,0,0,0,0,0,0,0,0,0,0,,0,,0.0,0.0,0.0,0,1,0,3,1,8,0,1.0,8.0,2,0,0,0,0,0,0,0,0,0,0,0,0,0,0,0,0,0,0,0,0,0,0,,,0,0,0,0,0,0,0,0,0,0,0,0,,,,0,0,0,0,0,0,0,,0,0,0,0,0,0.0,0.0
00-0036322,J.Jefferson,Justin Jefferson,WR,WR,"https://static.www.nfl.com/image/upload/f_auto,q_auto/league/f0ccavu3ppzcs51e1cuv",2025,2,REG,MIN,ATL,0,0,0,0,0,0,0,0,0,0,0,0,,,0,,0,0,0,0,0,0,,0,3,6,81,0,0,0,102,22,2,-1.5722622162820183,0,0.7941176470588235,0.2857142857142857,0.40476190476190477,0.7119047619047618,0,0,0,0,0,0,0,0.0,0.0,0,0,0,0,0,0,0,0,0,0,0,0,0,0,0,0,0,0,0,0,0,0,0,,,0,0,0,0,0,0,0,0,0,0,0,0,,,,0,0,0,0,0,0,0,,0,0,0,0,0,8.1,11.1
00-0036348,J.Metellus,Josh Metellus,SAF,DB,"https://static.www.nfl.com/image/upload/f_auto,q_auto/league/gmb2ahv4eq0jphammw2h",2025,2,REG,MIN,ATL,0,0,0,0,0,0,0,0,0,0,0,0,,,0,,0,0,0,0,0,0,,0,0,0,0,0,0,0,0,0,0,,0,,0.0,0.0,0.0,0,3,0,0,0,0,0,0.0,0.0,0,0,0,1,0,0,0,0,0,0,0,0,0,0,0,0,0,0,0,0,0,0,0,,,0,0,0,0,0,0,0,0,0,0,0,0,,,,0,0,0,0,0,0,0,,0,0,0,0,0,0.0,0.0
00-0036483,W.Fries,Will Fries,G,OL,"https://static.www.nfl.com/image/upload/f_auto,q_auto/league/lswimbqlz0wdbsuq1wsh",2025,2,REG,MIN,ATL,0,0,0,0,0,0,0,0,0,0,0,0,,,0,,0,0,0,0,0,0,,0,0,0,0,0,0,0,0,0,0,,0,,0.0,0.0,0.0,0,0,0,0,0,0,0,0.0,0.0,0,0,0,0,0,0,0,0,0,0,0,0,0,1,5,0,0,0,0,0,0,0,0,,,0,0,0,0,0,0,0,0,0,0,0,0,,,,0,0,0,0,0,0,0,,0,0,0,0,0,0.0,0.0
00-0037291,J.Nailor,Jalen Nailor,WR,WR,"https://static.www.nfl.com/image/upload/f_auto,q_auto/league/sdsx2pttiiwbfpyuuwiz",2025,2,REG,MIN,ATL,0,0,0,0,0,0,0,0,0,0,0,0,,,0,,0,0,0,0,0,0,,0,3,5,31,0,0,0,82,1,2,-3.207907918433193,0,0.3780487804878049,0.23809523809523808,0.3253968253968254,0.5849206349206348,0,1,0,0,0,0,0,0.0,0.0,0,0,0,0,0,0,0,0,0,0,0,0,0,0,0,0,0,0,0,0,0,0,0,,,0,0,0,0,0,0,0,0,0,0,0,0,,,,0,0,0,0,0,0,0,,0,0,0,0,0,3.1,6.1
00-0037301,T.Jackson,Theo Jackson,SAF,DB,"https://static.www.nfl.com/image/upload/f_auto,q_auto/league/g9hb4dnu5xp63p5wjvrw",2025,2,REG,MIN,ATL,0,0,0,0,0,0,0,0,0,0,0,0,,,0,,0,0,0,0,0,0,,0,0,0,0,0,0,0,0,0,0,,0,,0.0,0.0,0.0,0,5,0,4,0,0,0,0.0,0.0,0,0,0,0,0,0,0,0,0,0,1,1,0,0,0,0,0,0,0,0,0,0,0,,,0,0,0,0,0,0,0,0,0,0,0,0,,,,0,0,0,0,0,0,0,,0,0,0,0,0,0.0,0.0
00-0037500,R.Wright,Ryan Wright,P,SPEC,"https://static.www.nfl.com/image/upload/f_auto,q_auto/league/n7t34xvfvc2pxgtcwnlw",2025,2,REG,MIN,ATL,0,0,0,0,0,0,0,0,0,0,0,0,,,0,,0,0,0,0,0,0,,0,0,0,0,0,0,0,0,0,0,,0,,0.0,0.0,0.0,0,0,0,0,0,0,0,0.0,0.0,0,0,0,0,0,0,0,0,0,0,0,0,0,0,0,0,0,0,0,0,0,0,0,,,0,0,0,0,0,0,0,0,0,0,0,0,,,,0,0,0,0,0,0,0,,0,0,0,0,0,0.0,0.0
00-0037525,J.Mason,Jordan Mason,RB,RB,"https://static.www.nfl.com/image/upload/f_auto,q_auto/league/ixykwytfrfz1cdxlhj5w",2025,2,REG,MIN,ATL,0,0,0,0,0,0,0,0,0,0,0,0,,,0,,9,30,0,0,0,2,-0.8102284134365618,0,2,3,8,0,0,0,-4,13,0,-0.5618780130753294,0,-2.0,0.14285714285714285,-0.015873015873015872,0.20317460317460317,0,0,0,0,0,0,0,0.0,0.0,0,0,0,0,0,0,0,0,0,0,0,0,0,0,0,0,0,0,0,0,0,0,0,,,0,0,0,0,0,0,0,0,0,0,0,0,,,,0,0,0,0,0,0,0,,0,0,0,0,0,3.8000000000000003,5.800000000000001
00-0038578,J.Ward,Jay Ward,SAF,DB,"https://static.www.nfl.com/image/upload/f_auto,q_auto/league/c3y0kln3tvfhyw5e3nbt",2025,2,REG,MIN,ATL,0,0,0,0,0,0,0,0,0,0,0,0,,,0,,0,0,0,0,0,0,,0,0,0,0,0,0,0,0,0,0,,0,,0.0,0.0,0.0,0,1,0,0,0,0,0,0.0,0.0,0,0,0,0,0,0,0,0,0,0,0,0,0,0,0,0,0,0,0,0,0,0,0,,,0,0,0,0,0,0,0,0,0,0,0,0,,,,0,0,0,0,0,0,0,,0,0,0,0,0,0.0,0.0
00-0038778,J.Redmond,Jalen Redmond,DL,DL,"https://static.www.nfl.com/image/upload/f_auto,q_auto/league/twjqbuybqow2v6zvpluq",2025,2,REG,MIN,ATL,0,0,0,0,0,0,0,0,0,0,0,0,,,0,,0,0,0,0,0,0,,0,0,0,0,0,0,0,0,0,0,,0,,0.0,0.0,0.0,0,2,1,3,2,10,0,1.0,9.0,1,0,0,0,0,0,0,0,0,0,0,0,0,1,5,0,0,0,0,0,0,0,0,,,0,0,0,0,0,0,0,0,0,0,0,0,,,,0,0,0,0,0,0,0,,0,0,0,0,0,0.0,0.0
00-0038807,I.Pace,Ivan Pace Jr.,LB,LB,"https://static.www.nfl.com/image/upload/f_auto,q_auto/league/til1eiumoueha3mnindj",2025,2,REG,MIN,ATL,0,0,0,0,0,0,0,0,0,0,0,0,,,0,,0,0,0,0,0,0,,0,0,0,0,0,0,0,0,0,0,,0,,0.0,0.0,0.0,0,6,1,2,1,1,0,0.0,0.0,0,0,0,0,0,0,0,0,0,0,0,0,0,0,0,0,0,0,0,0,0,0,0,,,0,0,0,0,0,0,0,0,0,0,0,0,,,,0,0,0,0,0,0,0,,0,0,0,0,0,0.0,0.0
00-0039404,W.Reichard,Will Reichard,K,SPEC,"https://static.www.nfl.com/image/upload/f_auto,q_auto/league/r1g0mqxqc23tmqmgdbwm",2025,2,REG,MIN,ATL,0,0,0,0,0,0,0,0,0,0,0,0,,,0,,0,0,0,0,0,0,,0,0,0,0,0,0,0,0,0,0,,0,,0.0,0.0,0.0,0,0,0,0,0,0,0,0.0,0.0,0,0,0,0,0,0,0,0,0,0,0,0,0,0,0,0,0,0,0,2,2,0,0,51.0,1.0,0,0,1,0,1,0,0,0,0,0,0,0,33;51,,,84,0,0,0,0,0,0,,0,0,0,0,0,0.0,0.0
00-0039421,L.Rodriguez,Levi Drake Rodriguez,DL,DL,"https://static.www.nfl.com/image/upload/f_auto,q_auto/league/omsedg4telmr0fvhhegj",2025,2,REG,MIN,ATL,0,0,0,0,0,0,0,0,0,0,0,0,,,0,,0,0,0,0,0,0,,0,0,0,0,0,0,0,0,0,0,,0,,0.0,0.0,0.0,0,0,0,2,0,0,0,0.0,0.0,0,0,0,0,0,0,0,0,0,0,0,0,0,0,0,0,0,0,0,0,0,0,0,,,0,0,0,0,0,0,0,0,0,0,0,0,,,,0,0,0,0,0,0,0,,0,0,0,0,0,0.0,0.0
00-0039715,G.Murphy,Gabriel Murphy,LB,LB,"https://static.www.nfl.com/image/upload/f_auto,q_auto/league/ns5f5xol9gjdj22uz3dl",2025,2,REG,MIN,ATL,0,0,0,0,0,0,0,0,0,0,0,0,,,0,,0,0,0,0,0,0,,0,0,0,0,0,0,0,0,0,0,,0,,0.0,0.0,0.0,0,0,0,0,0,0,0,0.0,0.0,0,0,0,0,0,0,0,0,0,0,0,0,0,1,10,0,0,0,0,0,0,0,0,,,0,0,0,0,0,0,0,0,0,0,0,0,,,,0,0,0,0,0,0,0,,0,0,0,0,0,0.0,0.0
00-0039828,W.Rouse,Walter Rouse,OT,OL,"https://static.www.nfl.com/image/upload/f_auto,q_auto/league/orggdqqfg9dnr0sjfo2y",2025,2,REG,MIN,ATL,0,0,0,0,0,0,0,0,0,0,0,0,,,0,,0,0,0,0,0,0,,0,0,0,0,0,0,0,0,0,0,,0,,0.0,0.0,0.0,0,0,0,0,0,0,0,0.0,0.0,0,0,0,0,0,0,0,0,0,0,0,0,0,1,10,0,0,0,0,0,0,0,0,,,0,0,0,0,0,0,0,0,0,0,0,0,,,,0,0,0,0,0,0,0,,0,0,0,0,0,0.0,0.0
00-0039923,J.McCarthy,J.J. McCarthy,QB,QB,"https://static.www.nfl.com/image/upload/f_auto,q_auto/league/omybnfokapjw6jwb5dd3",2025,2,REG,MIN,ATL,11,21,158,0,2,6,-38,1,1,252,42,7,-17.96655729044881,-11.110292020298186,0,0.626984126984127,5,25,0,1,0,2,-1.9413699347060174,0,0,0,0,0,0,0,0,0,0,,0,,0.0,0.0,0.0,0,0,0,0,0,0,0,0.0,0.0,0,0,0,0,0,0,0,0,2,2,0,0,0,0,0,0,0,0,0,0,0,0,0,,,0,0,0,0,0,0,0,0,0,0,0,0,,,,0,0,0,0,0,0,0,,0,0,0,0,0,2.8200000000000003,2.8200000000000003
00-0039924,D.Turner,Dallas Turner,LB,LB,"https://static.www.nfl.com/image/upload/f_auto,q_auto/league/ytexkn6nluavjbwmknrv",2025,2,REG,MIN,ATL,0,0,0,0,0,0,0,0,0,0,0,0,,,0,,0,0,0,0,0,0,,0,0,0,0,0,0,0,0,0,0,,0,,0.0,0.0,0.0,0,3,0,2,1,10,0,1.0,10.0,1,0,0,0,0,0,0,0,0,0,0,0,0,0,0,0,0,0,0,0,0,0,0,,,0,0,0,0,0,0,0,0,0,0,0,0,,,,0,0,0,0,0,0,0,,0,0,0,0,0,0.0,0.0
00-0040173,T.Ingram-Dawkins,Tyrion Ingram-Dawkins,DT,DL,"https://static.www.nfl.com/image/upload/f_auto,q_auto/league/lkpgbo1ftwfrp18wrbxv",2025,2,REG,MIN,ATL,0,0,0,0,0,0,0,0,0,0,0,0,,,0,,0,0,0,0,0,0,,0,0,0,0,0,0,0,0,0,0,,0,,0.0,0.0,0.0,0,0,0,2,0,0,0,0.0,0.0,0,0,0,0,0,0,0,0,0,0,0,0,0,0,0,0,0,0,0,0,0,0,0,,,0,0,0,0,0,0,0,0,0,0,0,0,,,,0,0,0,0,0,0,0,,0,0,0,0,0,0.0,0.0
00-0040506,M.Price,Myles Price,WR,WR,"https://static.www.nfl.com/image/upload/f_auto,q_auto/league/xd9ciqvi9v0wyvsdh6nc",2025,2,REG,MIN,ATL,0,0,0,0,0,0,0,0,0,0,0,0,,,0,,0,0,0,0,0,0,,0,0,0,0,0,0,0,0,0,0,,0,,0.0,0.0,0.0,0,0,0,0,0,0,0,0.0,0.0,0,0,0,0,0,1,0,0,0,0,0,0,0,0,0,3,6,6,135,0,0,0,0,,,0,0,0,0,0,0,0,0,0,0,0,0,,,,0,0,0,0,0,0,0,,0,0,0,0,0,0.0,0.0
00-0040509,B.Yurosek,Ben Yurosek,TE,TE,"https://static.www.nfl.com/image/upload/f_auto,q_auto/league/umrpo7rhywbzctgdb109",2025,2,REG,MIN,ATL,0,0,0,0,0,0,0,0,0,0,0,0,,,0,,0,0,0,0,0,0,,0,0,0,0,0,0,0,0,0,0,,0,,0.0,0.0,0.0,0,0,0,0,0,0,0,0.0,0.0,0,0,0,0,0,0,0,0,0,0,0,0,0,1,5,0,0,0,0,0,0,0,0,,,0,0,0,0,0,0,0,0,0,0,0,0,,,,0,0,0,0,0,0,0,,0,0,0,0,0,0.0,0.0
00-0029606,H.Smith,Harrison Smith,FS,DB,"https://static.www.nfl.com/image/upload/f_auto,q_auto/league/kadw1bk0cxsarjrwbdrq",2025,3,REG,MIN,CIN,0,0,0,0,0,0,0,0,0,0,0,0,,,0,,0,0,0,0,0,0,,0,0,0,0,0,0,0,0,0,0,,0,,0.0,0.0,0.0,0,0,0,0,0,0,0,0.0,0.0,0,0,0,1,0,0,0,0,0,0,0,0,0,0,0,0,0,0,0,0,0,0,0,,,0,0,0,0,0,0,0,0,0,0,0,0,,,,0,0,0,0,0,0,0,,0,0,0,0,0,0.0,0.0
00-0030035,A.Thielen,Adam Thielen,WR,WR,"https://static.www.nfl.com/image/upload/f_auto,q_auto/league/pv6gajxtt6zhum2unnsl",2025,3,REG,MIN,CIN,0,0,0,0,0,0,0,0,0,0,0,0,,,0,,0,0,0,0,0,0,,0,0,2,0,0,0,0,29,0,0,-1.2292029580567032,0,0.0,0.08333333333333333,0.15425531914893617,0.2329787234042553,0,0,0,0,0,0,0,0.0,0.0,0,0,0,0,0,0,0,0,0,0,0,0,0,0,0,0,0,0,0,0,0,0,0,,,0,0,0,0,0,0,0,0,0,0,0,0,,,,0,0,0,0,0,0,0,,0,0,0,0,0,0.0,0.0
00-0032950,C.Wentz,Carson Wentz,QB,QB,"https://static.www.nfl.com/image/upload/f_auto,q_auto/league/ot6wu9gw3cgcdb2cx6is",2025,3,REG,MIN,CIN,14,20,173,2,0,3,-19,0,0,181,81,9,9.443549821281032,3.8360655307769775,0,0.9558011049723757,2,4,0,0,0,0,-2.0862886102404445,0,0,0,0,0,0,0,0,0,0,,0,,0.0,0.0,0.0,0,0,0,0,0,0,0,0.0,0.0,0,0,0,0,0,0,0,0,0,0,0,0,0,0,0,0,0,0,0,0,0,0,0,,,0,0,0,0,0,0,0,0,0,0,0,0,,,,0,0,0,0,0,0,0,,0,0,0,0,0,15.32,15.32
00-0033109,J.Hargrave,Javon Hargrave,NT,DL,"https://static.www.nfl.com/image/upload/f_auto,q_auto/league/ql5febs5kjgtrpj555ex",2025,3,REG,MIN,CIN,0,0,0,0,0,0,0,0,0,0,0,0,,,0,,0,0,0,0,0,0,,0,0,0,0,0,0,0,0,0,0,,0,,0.0,0.0,0.0,0,0,0,1,0,0,0,0.0,0.0,0,0,0,0,0,0,0,0,0,0,0,0,0,0,0,0,0,0,0,0,0,0,0,,,0,0,0,0,0,0,0,0,0,0,0,0,,,,0,0,0,0,0,0,0,,0,0,0,0,0,0.0,0.0
00-0033336,E.Wilson,Eric Wilson,LB,LB,"https://static.www.nfl.com/image/upload/f_auto,q_auto/league/ita0jmgsuikjagrpuqqb",2025,3,REG,MIN,CIN,0,0,0,0,0,0,0,0,0,0,0,0,,,0,,0,0,0,0,0,0,,0,0,0,0,0,0,0,0,0,0,,0,,0.0,0.0,0.0,0,4,1,2,0,0,1,0.0,0.0,0,0,0,0,0,0,0,0,0,0,0,0,0,0,0,0,0,0,0,0,0,0,0,,,0,0,0,0,0,0,0,0,0,0,0,0,,,,0,0,0,0,0,0,0,,0,0,0,0,0,0.0,0.0
00-0033523,J.Allen,Jonathan Allen,DE,DL,"https://static.www.nfl.com/image/upload/f_auto,q_auto/league/pri0osdjdsziyqrd14ar",2025,3,REG,MIN,CIN,0,0,0,0,0,0,0,0,0,0,0,0,,,0,,0,0,0,0,0,0,,0,0,0,0,0,0,0,0,0,0,,0,,0.0,0.0,0.0,0,1,0,2,0,0,0,0.0,0.0,1,0,0,0,0,0,0,0,0,0,1,1,0,1,5,0,0,0,0,0,0,0,0,,,0,0,0,0,0,0,0,0,0,0,0,0,,,,0,0,0,0,0,0,0,,0,0,0,0,0,0.0,0.0
00-0034488,T.Thomas,Tavierre Thomas,SAF,DB,"https://static.www.nfl.com/image/upload/f_auto,q_auto/league/bbljj6ltlnswmkqjhzfw",2025,3,REG,MIN,CIN,0,0,0,0,0,0,0,0,0,0,0,0,,,0,,0,0,0,0,0,0,,0,0,0,0,0,0,0,0,0,0,,0,,0.0,0.0,0.0,0,1,0,2,0,0,0,0.0,0.0,0,0,0,0,0,0,0,0,0,0,0,0,0,1,15,0,0,0,0,0,0,0,0,,,0,0,0,0,0,0,0,0,0,0,0,0,,,,0,0,0,0,0,0,0,,0,0,0,0,0,0.0,0.0
00-0035229,T.Hockenson,T.J. Hockenson,TE,TE,"https://static.www.nfl.com/image/upload/f_auto,q_auto/league/rs8o65x0u0n9xzde0fd6",2025,3,REG,MIN,CIN,0,0,0,0,0,0,0,0,0,0,0,0,,,0,,0,0,0,0,0,0,,0,5,6,49,1,0,0,45,18,4,6.146305150410626,0,1.0888888888888888,0.25,0.2393617021276596,0.5425531914893618,0,0,0,0,0,0,0,0.0,0.0,0,0,0,0,0,0,0,0,0,0,0,0,0,1,5,0,0,0,0,0,0,0,0,,,0,0,0,0,0,0,0,0,0,0,0,0,,,,0,0,0,0,0,0,0,,0,0,0,0,0,10.9,15.9
00-0035236,B.Murphy,Byron Murphy,CB,DB,"https://static.www.nfl.com/image/upload/f_auto,q_auto/league/secfzfwznyhcgiow4rvq",2025,3,REG,MIN,CIN,0,0,0,0,0,0,0,0,0,0,0,0,,,0,,0,0,0,0,0,0,,0,0,0,0,0,0,0,0,0,0,,0,,0.0,0.0,0.0,0,2,0,1,0,0,0,0.0,0.0,0,0,0,1,0,0,0,0,0,0,0,0,0,0,0,0,0,0,0,0,0,0,0,,,0,0,0,0,0,0,0,0,0,0,0,0,,,,0,0,0,0,0,0,0,,0,0,0,0,0,0.0,0.0
00-0035249,J.Oliver,Josh Oliver,TE,TE,"https://static.www.nfl.com/image/upload/f_auto,q_auto/league/pfvhbfguzu6wv9ikluop",2025,3,REG,MIN,CIN,0,0,0,0,0,0,0,0,0,0,0,0,,,0,,0,0,0,0,0,0,,0,1,1,12,1,0,0,6,6,1,2.460818041814491,0,2.0,0.041666666666666664,0.031914893617021274,0.0848404255319149,0,0,0,0,0,0,0,0.0,0.0,0,0,0,0,0,0,0,0,0,0,0,0,0,0,0,0,0,0,0,0,0,0,0,,,0,0,0,0,0,0,0,0,0,0,0,0,,,,0,0,0,0,0,0,0,,0,0,0,0,0,7.2,8.2
00-0035272,A.Van Ginkel,Andrew Van Ginkel,OLB,LB,"https://static.www.nfl.com/image/upload/f_auto,q_auto/league/vbpdlib647tcpzz59wyt",2025,3,REG,MIN,CIN,0,0,0,0,0,0,0,0,0,0,0,0,,,0,,0,0,0,0,0,0,,0,0,0,0,0,0,0,0,0,0,,0,,0.0,0.0,0.0,0,2,0,0,1,9,0,2.0,9.0,1,0,0,0,0,0,0,0,0,0,0,0,0,0,0,0,0,0,0,0,0,0,0,,,0,0,0,0,0,0,0,0,0,0,0,0,,,,0,0,0,0,0,0,0,,0,0,0,0,0,0.0,0.0
00-0036222,I.Rodgers,Isaiah Rodgers,CB,DB,"https://static.www.nfl.com/image/upload/f_auto,q_auto/league/uekaq7hovbb6iz95phej",2025,3,REG,MIN,CIN,0,0,0,0,0,0,0,0,0,0,0,0,,,0,,0,0,0,0,0,0,,0,0,0,0,0,0,0,0,0,0,,0,,0.0,0.0,0.0,0,3,0,0,0,0,2,0.0,0.0,0,1,87,2,1,0,0,0,0,0,1,1,1,0,0,0,0,0,0,0,0,0,0,,,0,0,0,0,0,0,0,0,0,0,0,0,,,,0,0,0,0,0,0,0,,0,0,0,0,0,0.0,0.0
00-0036224,J.Greenard,Jonathan Greenard,LB,LB,"https://static.www.nfl.com/image/upload/f_auto,q_auto/league/z49ugsnmbfkldervsiws",2025,3,REG,MIN,CIN,0,0,0,0,0,0,0,0,0,0,0,0,,,0,,0,0,0,0,0,0,,0,0,0,0,0,0,0,0,0,0,,0,,0.0,0.0,0.0,0,2,0,1,2,2,0,0.0,0.0,1,0,0,0,0,0,0,0,0,0,0,0,0,0,0,0,0,0,0,0,0,0,0,,,0,0,0,0,0,0,0,0,0,0,0,0,,,,0,0,0,0,0,0,0,,0,0,0,0,0,0.0,0.0
00-0036274,J.Okudah,Jeff Okudah,CB,DB,"https://static.www.nfl.com/image/upload/f_auto,q_auto/league/spqqvbna344r34sgvpdk",2025,3,REG,MIN,CIN,0,0,0,0,0,0,0,0,0,0,0,0,,,0,,0,0,0,0,0,0,,0,0,0,0,0,0,0,0,0,0,,0,,0.0,0.0,0.0,0,3,0,0,0,0,0,0.0,0.0,0,0,0,0,0,0,0,0,0,0,1,1,0,1,15,0,0,0,0,0,0,0,0,,,0,0,0,0,0,0,0,0,0,0,0,0,,,,0,0,0,0,0,0,0,,0,0,0,0,0,0.0,0.0
00-0036322,J.Jefferson,Justin Jefferson,WR,WR,"https://static.www.nfl.com/image/upload/f_auto,q_auto/league/f0ccavu3ppzcs51e1cuv",2025,3,REG,MIN,CIN,0,0,0,0,0,0,0,0,0,0,0,0,,,0,,0,0,0,0,0,0,,0,5,7,75,0,0,0,49,44,2,4.762454372679721,0,1.530612244897959,0.2916666666666667,0.26063829787234044,0.6199468085106383,0,0,0,0,0,0,0,0.0,0.0,0,0,0,0,0,0,0,0,0,0,0,0,0,0,0,0,0,0,0,0,0,0,0,,,0,0,0,0,0,0,0,0,0,0,0,0,,,,0,0,0,0,0,0,0,,0,0,0,0,0,7.5,12.5
00-0036347,B.Brandel,Blake Brandel,G,OL,"https://static.www.nfl.com/image/upload/f_auto,q_auto/league/njhqqbqvkymgl8fenuwr",2025,3,REG,MIN,CIN,0,0,0,0,0,0,0,0,0,0,0,0,,,0,,0,0,0,0,0,0,,0,0,0,0,0,0,0,0,0,0,,0,,0.0,0.0,0.0,0,0,0,0,0,0,0,0.0,0.0,0,0,0,0,0,0,0,0,1,1,0,0,0,1,5,0,0,0,0,0,0,0,0,,,0,0,0,0,0,0,0,0,0,0,0,0,,,,0,0,0,0,0,0,0,,0,0,0,0,0,0.0,0.0
00-0036348,J.Metellus,Josh Metellus,SAF,DB,"https://static.www.nfl.com/image/upload/f_auto,q_auto/league/gmb2ahv4eq0jphammw2h",2025,3,REG,MIN,CIN,0,0,0,0,0,0,0,0,0,0,0,0,,,0,,0,0,0,0,0,0,,0,0,0,0,0,0,0,0,0,0,,0,,0.0,0.0,0.0,0,3,1,1,0,0,0,0.0,0.0,0,1,0,1,0,0,0,0,0,0,0,0,0,0,0,0,0,0,0,0,0,0,0,,,0,0,0,0,0,0,0,0,0,0,0,0,,,,0,0,0,0,0,0,0,,0,0,0,0,0,0.0,0.0
00-0036414,C.Akers,Cam Akers,RB,RB,"https://static.www.nfl.com/image/upload/f_auto,q_auto/league/dutj0wamu7giwghnmr4m",2025,3,REG,MIN,CIN,0,0,0,0,0,0,0,0,0,0,0,0,,,0,,5,19,0,0,0,1,-0.9147008640575223,0,0,1,0,0,0,0,-6,0,0,-1.4301598633173853,0,-0.0,0.041666666666666664,-0.031914893617021274,0.04015957446808511,0,0,0,0,0,0,0,0.0,0.0,0,0,0,0,0,0,0,0,0,0,0,0,0,0,0,0,0,0,0,0,0,0,0,,,0,0,0,0,0,0,0,0,0,0,0,0,,,,0,0,0,0,0,0,0,,0,0,0,0,0,1.9000000000000001,1.9000000000000001
00-0036483,W.Fries,Will Fries,G,OL,"https://static.www.nfl.com/image/upload/f_auto,q_auto/league/lswimbqlz0wdbsuq1wsh",2025,3,REG,MIN,CIN,0,0,0,0,0,0,0,0,0,0,0,0,,,0,,0,0,0,0,0,0,,0,0,0,0,0,0,0,0,0,0,,0,,0.0,0.0,0.0,0,0,0,0,0,0,0,0.0,0.0,0,0,0,0,0,0,0,0,0,0,0,0,0,1,10,0,0,0,0,0,0,0,0,,,0,0,0,0,0,0,0,0,0,0,0,0,,,,0,0,0,0,0,0,0,,0,0,0,0,0,0.0,0.0
00-0036616,C.Darrisaw,Christian Darrisaw,OT,OL,"https://static.www.nfl.com/image/upload/f_auto,q_auto/league/i6lajihxkwue0ntawn10",2025,3,REG,MIN,CIN,0,0,0,0,0,0,0,0,0,0,0,0,,,0,,0,0,0,0,0,0,,0,0,0,0,0,0,0,0,0,0,,0,,0.0,0.0,0.0,0,0,0,0,0,0,0,0.0,0.0,0,0,0,0,0,0,0,0,0,0,0,0,0,1,5,0,0,0,0,0,0,0,0,,,0,0,0,0,0,0,0,0,0,0,0,0,,,,0,0,0,0,0,0,0,,0,0,0,0,0,0.0,0.0
00-0037291,J.Nailor,Jalen Nailor,WR,WR,"https://static.www.nfl.com/image/upload/f_auto,q_auto/league/sdsx2pttiiwbfpyuuwiz",2025,3,REG,MIN,CIN,0,0,0,0,0,0,0,0,0,0,0,0,,,0,,0,0,0,0,0,0,,0,3,5,37,0,0,0,64,13,2,1.196292433176906,0,0.578125,0.20833333333333334,0.3404255319148936,0.5507978723404255,0,0,0,0,0,0,0,0.0,0.0,0,0,0,0,0,0,0,0,0,0,0,0,0,0,0,0,0,0,0,0,0,0,0,,,0,0,0,0,0,0,0,0,0,0,0,0,,,,0,0,0,0,0,0,0,,0,0,0,0,0,3.7,6.7
00-0037301,T.Jackson,Theo Jackson,SAF,DB,"https://static.www.nfl.com/image/upload/f_auto,q_auto/league/g9hb4dnu5xp63p5wjvrw",2025,3,REG,MIN,CIN,0,0,0,0,0,0,0,0,0,0,0,0,,,0,,0,0,0,0,0,0,,0,0,0,0,0,0,0,0,0,0,,0,,0.0,0.0,0.0,0,1,0,0,0,0,1,0.0,0.0,0,0,0,0,0,0,0,0,0,0,0,0,0,0,0,0,0,0,0,0,0,0,0,,,0,0,0,0,0,0,0,0,0,0,0,0,,,,0,0,0,0,0,0,0,,0,0,0,0,0,0.0,0.0
00-0037500,R.Wright,Ryan Wright,P,SPEC,"https://static.www.nfl.com/image/upload/f_auto,q_auto/league/n7t34xvfvc2pxgtcwnlw",2025,3,REG,MIN,CIN,0,0,0,0,0,0,0,0,0,0,0,0,,,0,,0,0,0,0,0,0,,0,0,0,0,0,0,0,0,0,0,,0,,0.0,0.0,0.0,0,0,0,0,0,0,0,0.0,0.0,0,0,0,0,0,0,0,0,0,0,0,0,0,0,0,0,0,0,0,0,0,0,0,,,0,0,0,0,0,0,0,0,0,0,0,0,,,,0,0,0,0,0,0,0,,0,0,0,0,0,0.0,0.0
00-0037525,J.Mason,Jordan Mason,RB,RB,"https://static.www.nfl.com/image/upload/f_auto,q_auto/league/ixykwytfrfz1cdxlhj5w",2025,3,REG,MIN,CIN,0,0,0,0,0,0,0,0,0,0,0,0,,,0,,16,116,2,0,0,7,5.110695545328781,0,0,0,0,0,0,0,0,0,0,,0,,0.0,0.0,0.0,0,0,0,0,0,0,0,0.0,0.0,0,0,0,0,0,0,0,0,0,0,0,0,0,0,0,0,0,0,0,0,0,0,0,,,0,0,0,0,0,0,0,0,0,0,0,0,,,,0,0,0,0,0,0,0,,0,0,0,0,0,23.6,23.6
00-0038440,Z.Scott,Zavier Scott,RB,RB,"https://static.www.nfl.com/image/upload/f_auto,q_auto/league/tnpgpzojszbfk8fpt0rb",2025,3,REG,MIN,CIN,0,0,0,0,0,0,0,0,0,0,0,0,,,0,,8,30,0,1,0,3,-0.7088629117351957,0,1,1,20,0,0,0,-6,26,1,-1.101800246105995,0,-3.3333333333333335,0.041666666666666664,-0.031914893617021274,0.04015957446808511,0,0,0,0,0,0,0,0.0,0.0,0,0,0,0,0,0,0,0,0,0,0,0,0,0,0,0,0,0,0,0,0,0,0,,,0,0,0,0,0,0,0,0,0,0,0,0,,,,0,0,0,0,0,0,0,,0,0,0,0,0,5.0,6.0
00-0038778,J.Redmond,Jalen Redmond,DL,DL,"https://static.www.nfl.com/image/upload/f_auto,q_auto/league/twjqbuybqow2v6zvpluq",2025,3,REG,MIN,CIN,0,0,0,0,0,0,0,0,0,0,0,0,,,0,,0,0,0,0,0,0,,0,0,0,0,0,0,0,0,0,0,,0,,0.0,0.0,0.0,0,2,0,0,0,0,1,0.0,0.0,0,0,0,0,0,0,0,0,0,0,0,0,0,0,0,0,0,0,0,0,0,0,0,,,0,0,0,0,0,0,0,0,0,0,0,0,,,,0,0,0,0,0,0,0,,0,0,0,0,0,0.0,0.0
00-0038807,I.Pace,Ivan Pace Jr.,LB,LB,"https://static.www.nfl.com/image/upload/f_auto,q_auto/league/til1eiumoueha3mnindj",2025,3,REG,MIN,CIN,0,0,0,0,0,0,0,0,0,0,0,0,,,0,,0,0,0,0,0,0,,0,0,0,0,0,0,0,0,0,0,,0,,0.0,0.0,0.0,0,6,3,3,0,0,0,0.0,0.0,3,0,0,0,0,0,0,0,0,0,0,0,0,0,0,0,0,0,0,0,0,0,0,,,0,0,0,0,0,0,0,0,0,0,0,0,,,,0,0,0,0,0,0,0,,0,0,0,0,0,0.0,0.0
00-0039404,W.Reichard,Will Reichard,K,SPEC,"https://static.www.nfl.com/image/upload/f_auto,q_auto/league/r1g0mqxqc23tmqmgdbwm",2025,3,REG,MIN,CIN,0,0,0,0,0,0,0,0,0,0,0,0,,,0,,0,0,0,0,0,0,,0,0,0,0,0,0,0,0,0,0,,0,,0.0,0.0,0.0,0,0,0,0,0,0,0,0.0,0.0,0,0,0,0,0,0,0,0,0,0,0,0,0,0,0,0,0,0,0,2,2,0,0,62.0,1.0,0,0,1,0,0,1,0,0,0,0,0,0,35;62,,,97,0,0,6,6,0,0,1.0,0,0,0,0,0,0.0,0.0
00-0039419,M.Jurgens,Michael Jurgens,G,OL,"https://static.www.nfl.com/image/upload/f_auto,q_auto/league/f30ska1lnevapmv8vait",2025,3,REG,MIN,CIN,0,0,0,0,0,0,0,0,0,0,0,0,,,0,,0,0,0,0,0,0,,0,0,0,0,0,0,0,0,0,0,,0,,0.0,0.0,0.0,0,0,0,0,0,0,0,0.0,0.0,0,0,0,0,0,0,0,0,0,0,0,0,0,2,15,0,0,0,0,0,0,0,0,,,0,0,0,0,0,0,0,0,0,0,0,0,,,,0,0,0,0,0,0,0,,0,0,0,0,0,0.0,0.0
00-0039421,L.Rodriguez,Levi Drake Rodriguez,DL,DL,"https://static.www.nfl.com/image/upload/f_auto,q_auto/league/omsedg4telmr0fvhhegj",2025,3,REG,MIN,CIN,0,0,0,0,0,0,0,0,0,0,0,0,,,0,,0,0,0,0,0,0,,0,0,0,0,0,0,0,0,0,0,,0,,0.0,0.0,0.0,0,3,0,1,2,5,0,0.0,0.0,0,0,0,0,0,0,0,0,0,0,0,0,0,0,0,0,0,0,0,0,0,0,0,,,0,0,0,0,0,0,0,0,0,0,0,0,,,,0,0,0,0,0,0,0,,0,0,0,0,0,0.0,0.0
00-0039714,D.McGlothern,Dwight McGlothern,CB,DB,"https://static.www.nfl.com/image/upload/f_auto,q_auto/league/x8pdiatwc5de3xsv2sis",2025,3,REG,MIN,CIN,0,0,0,0,0,0,0,0,0,0,0,0,,,0,,0,0,0,0,0,0,,0,0,0,0,0,0,0,0,0,0,,0,,0.0,0.0,0.0,0,0,0,0,0,0,0,0.0,0.0,0,0,0,0,0,0,0,0,0,0,0,0,0,1,14,0,0,0,0,0,0,0,0,,,0,0,0,0,0,0,0,0,0,0,0,0,,,,0,0,0,0,0,0,0,,0,0,0,0,0,0.0,0.0
00-0039924,D.Turner,Dallas Turner,LB,LB,"https://static.www.nfl.com/image/upload/f_auto,q_auto/league/ytexkn6nluavjbwmknrv",2025,3,REG,MIN,CIN,0,0,0,0,0,0,0,0,0,0,0,0,,,0,,0,0,0,0,0,0,,0,0,0,0,0,0,0,0,0,0,,0,,0.0,0.0,0.0,0,0,0,1,0,0,0,0.0,0.0,1,0,0,0,0,0,0,0,0,0,0,0,0,0,0,0,0,0,0,0,0,0,0,,,0,0,0,0,0,0,0,0,0,0,0,0,,,,0,0,0,0,0,0,0,,0,0,0,0,0,0.0,0.0
00-0040154,T.Felton,Tai Felton,WR,WR,"https://static.www.nfl.com/image/upload/f_auto,q_auto/league/j7vkt74xeefchpraibnx",2025,3,REG,MIN,CIN,0,0,0,0,0,0,0,0,0,0,0,0,,,0,,0,0,0,0,0,0,,0,1,1,9,0,0,0,7,2,0,-0.4868191306013614,0,1.2857142857142858,0.041666666666666664,0.03723404255319149,0.08856382978723404,0,1,0,0,0,0,0,0.0,0.0,0,0,0,0,0,0,0,0,0,0,0,0,0,0,0,0,0,1,34,0,0,0,0,,,0,0,0,0,0,0,0,0,0,0,0,0,,,,0,0,0,0,0,0,0,,0,0,0,0,0,0.9,1.9
00-0040173,T.Ingram-Dawkins,Tyrion Ingram-Dawkins,DT,DL,"https://static.www.nfl.com/image/upload/f_auto,q_auto/league/lkpgbo1ftwfrp18wrbxv",2025,3,REG,MIN,CIN,0,0,0,0,0,0,0,0,0,0,0,0,,,0,,0,0,0,0,0,0,,0,0,0,0,0,0,0,0,0,0,,0,,0.0,0.0,0.0,0,1,0,0,0,0,0,0.0,0.0,0,0,0,0,0,0,0,0,0,0,0,0,0,0,0,0,0,0,0,0,0,0,0,,,0,0,0,0,0,0,0,0,0,0,0,0,,,,0,0,0,0,0,0,0,,0,0,0,0,0,0.0,0.0
00-0040214,K.King,Kobe King,LB,LB,"https://static.www.nfl.com/image/upload/f_auto,q_auto/league/eyinq2ypsxznbraykwtv",2025,3,REG,MIN,CIN,0,0,0,0,0,0,0,0,0,0,0,0,,,0,,0,0,0,0,0,0,,0,0,0,0,0,0,0,0,0,0,,0,,0.0,0.0,0.0,0,0,0,1,0,0,0,0.0,0.0,0,0,0,0,0,0,0,0,0,0,0,0,0,0,0,0,0,0,0,0,0,0,0,,,0,0,0,0,0,0,0,0,0,0,0,0,,,,0,0,0,0,0,0,0,,0,0,0,0,0,0.0,0.0
00-0040494,M.Brosmer,Max Brosmer,QB,QB,"https://static.www.nfl.com/image/upload/f_auto,q_auto/league/sp7hya1uwgvty3grdnjq",2025,3,REG,MIN,CIN,2,4,29,0,0,0,0,0,0,7,28,1,-3.8229817109531723,-29.86959218978882,0,4.142857142857143,0,0,0,0,0,0,,0,0,0,0,0,0,0,0,0,0,,0,,0.0,0.0,0.0,0,0,0,0,0,0,0,0.0,0.0,0,0,0,0,0,0,0,0,0,0,0,0,0,0,0,0,0,0,0,0,0,0,0,,,0,0,0,0,0,0,0,0,0,0,0,0,,,,0,0,0,0,0,0,0,,0,0,0,0,0,1.16,1.16
00-0040496,C.Chambliss,Chaz Chambliss,LB,LB,"https://static.www.nfl.com/image/upload/f_auto,q_auto/league/jrt7ihzpzhaqexxcilah",2025,3,REG,MIN,CIN,0,0,0,0,0,0,0,0,0,0,0,0,,,0,,0,0,0,0,0,0,,0,0,0,0,0,0,0,0,0,0,,0,,0.0,0.0,0.0,0,3,0,1,1,2,0,1.0,2.0,1,0,0,0,0,0,0,0,0,0,0,0,0,0,0,0,0,0,0,0,0,0,0,,,0,0,0,0,0,0,0,0,0,0,0,0,,,,0,0,0,0,0,0,0,,0,0,0,0,0,0.0,0.0
00-0040500,J.Huber,Joe Huber,G,OL,"https://static.www.nfl.com/image/upload/f_auto,q_auto/league/clnwellmhvxparvjkgxi",2025,3,REG,MIN,CIN,0,0,0,0,0,0,0,0,0,0,0,0,,,0,,0,0,0,0,0,0,,0,0,0,0,0,0,0,0,0,0,,0,,0.0,0.0,0.0,0,0,0,0,0,0,0,0.0,0.0,0,0,0,0,0,0,0,0,0,0,0,0,0,1,5,0,0,0,0,0,0,0,0,,,0,0,0,0,0,0,0,0,0,0,0,0,,,,0,0,0,0,0,0,0,,0,0,0,0,0,0.0,0.0
00-0040501,A.Keys,Austin Keys,LB,LB,"https://static.www.nfl.com/image/upload/f_auto,q_auto/league/u4h08rpevr5barwyomuw",2025,3,REG,MIN,CIN,0,0,0,0,0,0,0,0,0,0,0,0,,,0,,0,0,0,0,0,0,,0,0,0,0,0,0,0,0,0,0,,0,,0.0,0.0,0.0,0,1,0,0,1,11,0,1.0,11.0,1,0,0,0,0,0,0,0,0,0,0,0,0,0,0,0,0,0,0,0,0,0,0,,,0,0,0,0,0,0,0,0,0,0,0,0,,,,0,0,0,0,0,0,0,,0,0,0,0,0,0.0,0.0
00-0040506,M.Price,Myles Price,WR,WR,"https://static.www.nfl.com/image/upload/f_auto,q_auto/league/xd9ciqvi9v0wyvsdh6nc",2025,3,REG,MIN,CIN,0,0,0,0,0,0,0,0,0,0,0,0,,,0,,0,0,0,0,0,0,,0,0,0,0,0,0,0,0,0,0,,0,,0.0,0.0,0.0,0,0,0,0,0,0,0,0.0,0.0,0,0,0,0,0,0,0,0,0,0,0,0,0,0,0,5,68,2,50,0,0,0,0,,,0,0,0,0,0,0,0,0,0,0,0,0,,,,0,0,0,0,0,0,0,,0,0,0,0,0,0.0,0.0
00-0040509,B.Yurosek,Ben Yurosek,TE,TE,"https://static.www.nfl.com/image/upload/f_auto,q_auto/league/umrpo7rhywbzctgdb109",2025,3,REG,MIN,CIN,0,0,0,0,0,0,0,0,0,0,0,0,,,0,,0,0,0,0,0,0,,0,0,0,0,0,0,0,0,0,0,,0,,0.0,0.0,0.0,0,1,0,0,0,0,0,0.0,0.0,0,0,0,0,0,0,0,0,0,0,0,0,0,0,0,0,0,0,0,0,0,0,0,,,0,0,0,0,0,0,0,0,0,0,0,0,,,,0,0,0,0,0,0,0,,0,0,0,0,0,0.0,0.0
00-0040661,D.Jackson,Donovan Jackson,G,OL,"https://static.www.nfl.com/image/upload/f_auto,q_auto/league/mkim8wtzxniexhbrobrv",2025,3,REG,MIN,CIN,0,0,0,0,0,0,0,0,0,0,0,0,,,0,,0,0,0,0,0,0,,0,0,0,0,0,0,0,0,0,0,,0,,0.0,0.0,0.0,0,0,0,0,0,0,0,0.0,0.0,0,0,0,0,0,0,0,0,0,0,0,0,0,1,5,0,0,0,0,0,0,0,0,,,0,0,0,0,0,0,0,0,0,0,0,0,,,,0,0,0,0,0,0,0,,0,0,0,0,0,0.0,0.0
