player_id,player_name,player_display_name,position,position_group,headshot_url,season,week,season_type,team,opponent_team,completions,attempts,passing_yards,passing_tds,passing_interceptions,sacks_suffered,sack_yards_lost,sack_fumbles,sack_fumbles_lost,passing_air_yards,passing_yards_after_catch,passing_first_downs,passing_epa,passing_cpoe,passing_2pt_conversions,pacr,carries,rushing_yards,rushing_tds,rushing_fumbles,rushing_fumbles_lost,rushing_first_downs,rushing_epa,rushing_2pt_conversions,receptions,targets,receiving_yards,receiving_tds,receiving_fumbles,receiving_fumbles_lost,receiving_air_yards,receiving_yards_after_catch,receiving_first_downs,receiving_epa,receiving_2pt_conversions,racr,target_share,air_yards_share,wopr,special_teams_tds,def_tackles_solo,def_tackles_with_assist,def_tackle_assists,def_tackles_for_loss,def_tackles_for_loss_yards,def_fumbles_forced,def_sacks,def_sack_yards,def_qb_hits,def_interceptions,def_interception_yards,def_pass_defended,def_tds,def_fumbles,def_safeties,misc_yards,fumble_recovery_own,fumble_recovery_yards_own,fumble_recovery_opp,fumble_recovery_yards_opp,fumble_recovery_tds,penalties,penalty_yards,punt_returns,punt_return_yards,kickoff_returns,kickoff_return_yards,fg_made,fg_att,fg_missed,fg_blocked,fg_long,fg_pct,fg_made_0_19,fg_made_20_29,fg_made_30_39,fg_made_40_49,fg_made_50_59,fg_made_60_,fg_missed_0_19,fg_missed_20_29,fg_missed_30_39,fg_missed_40_49,fg_missed_50_59,fg_missed_60_,fg_made_list,fg_missed_list,fg_blocked_list,fg_made_distance,fg_missed_distance,fg_blocked_distance,pat_made,pat_att,pat_missed,pat_blocked,pat_pct,gwfg_made,gwfg_att,gwfg_missed,gwfg_blocked,gwfg_distance,fantasy_points,fantasy_points_ppr
00-0031203,C.Santos,Cairo Santos,K,SPEC,"https://static.www.nfl.com/image/upload/f_auto,q_auto/league/w5mfvjfuflbitwuji1yx",2025,1,REG,CHI,MIN,0,0,0,0,0,0,0,0,0,0,0,0,,,0,,0,0,0,0,0,0,,0,0,0,0,0,0,0,0,0,0,,0,,0.0,0.0,0.0,0,0,0,0,0,0,0,0.0,0.0,0,0,0,0,0,0,0,0,0,0,0,0,0,0,0,0,0,0,0,1,2,1,0,42.0,0.5,0,0,0,1,0,0,0,0,0,0,1,0,42,50,,42,50,0,3,3,0,0,1.0,0,0,0,0,0,0.0,0.0
00-0031583,G.Jarrett,Grady Jarrett,DT,DL,"https://static.www.nfl.com/image/upload/f_auto,q_auto/league/znqx6ghmgepgcrsfw9gm",2025,1,REG,CHI,MIN,0,0,0,0,0,0,0,0,0,0,0,0,,,0,,0,0,0,0,0,0,,0,0,0,0,0,0,0,0,0,0,,0,,0.0,0.0,0.0,0,1,0,2,0,0,0,0.0,0.0,0,0,0,0,0,0,0,0,0,0,0,0,0,0,0,0,0,0,0,0,0,0,0,,,0,0,0,0,0,0,0,0,0,0,0,0,,,,0,0,0,0,0,0,0,,0,0,0,0,0,0.0,0.0
00-0033132,K.Byard,Kevin Byard,FS,DB,"https://static.www.nfl.com/image/upload/f_auto,q_auto/league/ymu0jcrm7clsyhhvmcki",2025,1,REG,CHI,MIN,0,0,0,0,0,0,0,0,0,0,0,0,,,0,,0,0,0,0,0,0,,0,0,0,0,0,0,0,0,0,0,,0,,0.0,0.0,0.0,0,5,0,0,0,0,0,0.0,0.0,0,0,0,0,0,0,0,0,0,0,0,0,0,0,0,0,0,0,0,0,0,0,0,,,0,0,0,0,0,0,0,0,0,0,0,0,,,,0,0,0,0,0,0,0,,0,0,0,0,0,0.0,0.0
00-0033902,T.Kpassagnon,Tanoh Kpassagnon,DE,DL,"https://static.www.nfl.com/image/private/f_auto,q_auto/league/ilr1bs7qesfq7fryeetc",2025,1,REG,CHI,MIN,0,0,0,0,0,0,0,0,0,0,0,0,,,0,,0,0,0,0,0,0,,0,0,0,0,0,0,0,0,0,0,,0,,0.0,0.0,0.0,0,1,0,1,1,6,0,1.0,6.0,2,0,0,0,0,0,0,0,0,0,0,0,0,0,0,0,0,0,0,0,0,0,0,,,0,0,0,0,0,0,0,0,0,0,0,0,,,,0,0,0,0,0,0,0,,0,0,0,0,0,0.0,0.0
00-0034067,S.Daly,Scott Daly,LS,SPEC,"https://static.www.nfl.com/image/upload/f_auto,q_auto/league/u8klt4zjxkahyhbkwvqp",2025,1,REG,CHI,MIN,0,0,0,0,0,0,0,0,0,0,0,0,,,0,,0,0,0,0,0,0,,0,0,0,0,0,0,0,0,0,0,,0,,0.0,0.0,0.0,0,0,0,1,0,0,0,0.0,0.0,0,0,0,0,0,0,0,0,0,0,0,0,0,0,0,0,0,0,0,0,0,0,0,,,0,0,0,0,0,0,0,0,0,0,0,0,,,,0,0,0,0,0,0,0,,0,0,0,0,0,0.0,0.0
00-0034485,J.Owens,Jonathan Owens,DB,DB,"https://static.www.nfl.com/image/upload/f_auto,q_auto/league/nefkbybdw0icaynztmxk",2025,1,REG,CHI,MIN,0,0,0,0,0,0,0,0,0,0,0,0,,,0,,0,0,0,0,0,0,,0,0,0,0,0,0,0,0,0,0,,0,,0.0,0.0,0.0,0,2,0,0,0,0,0,0.0,0.0,0,0,0,0,0,0,0,0,0,0,0,0,0,0,0,0,0,0,0,0,0,0,0,,,0,0,0,0,0,0,0,0,0,0,0,0,,,,0,0,0,0,0,0,0,,0,0,0,0,0,0.0,0.0
00-0034673,T.Edmunds,Tremaine Edmunds,MLB,LB,"https://static.www.nfl.com/image/upload/f_auto,q_auto/league/unz9o9leinnet5o4qlsr",2025,1,REG,CHI,MIN,0,0,0,0,0,0,0,0,0,0,0,0,,,0,,0,0,0,0,0,0,,0,0,0,0,0,0,0,0,0,0,,0,,0.0,0.0,0.0,0,2,1,4,0,0,0,0.0,0.0,0,0,0,1,0,0,0,0,0,0,0,0,0,0,0,0,0,0,0,0,0,0,0,,,0,0,0,0,0,0,0,0,0,0,0,0,,,,0,0,0,0,0,0,0,,0,0,0,0,0,0.0,0.0
00-0034827,D.Moore,DJ Moore,WR,WR,"https://static.www.nfl.com/image/upload/f_auto,q_auto/league/qphturmeiifnqrnf5pax",2025,1,REG,CHI,MIN,0,0,0,0,0,0,0,0,0,0,0,0,,,0,,3,8,0,0,0,1,-0.5582147871027701,0,3,5,68,0,0,0,94,22,2,0.0012710007722489536,0,0.723404255319149,0.14705882352941177,0.3574144486692015,0.4707783493625587,0,0,0,0,0,0,0,0.0,0.0,0,0,0,0,0,0,0,0,0,0,0,0,0,1,5,0,0,0,0,0,0,0,0,,,0,0,0,0,0,0,0,0,0,0,0,0,,,,0,0,0,0,0,0,0,,0,0,0,0,0,7.6000000000000005,10.600000000000001
00-0035208,O.Zaccheaus,Olamide Zaccheaus,WR,WR,"https://static.www.nfl.com/image/upload/f_auto,q_auto/league/ucpai2odeunecbe6o1dj",2025,1,REG,CHI,MIN,0,0,0,0,0,0,0,0,0,0,0,0,,,0,,0,0,0,0,0,0,,0,4,7,42,0,0,0,59,21,2,0.3976654071172756,0,0.711864406779661,0.20588235294117646,0.22433460076045628,0.46585774994408413,0,0,0,0,0,0,0,0.0,0.0,0,0,0,0,0,0,0,0,0,0,0,0,0,0,0,0,0,0,0,0,0,0,0,,,0,0,0,0,0,0,0,0,0,0,0,0,,,,0,0,0,0,0,0,0,,0,0,0,0,0,4.2,8.2
00-0035647,M.Sweat,Montez Sweat,DE,DL,"https://static.www.nfl.com/image/upload/f_auto,q_auto/league/lmaq9dyixaolzxleqb5e",2025,1,REG,CHI,MIN,0,0,0,0,0,0,0,0,0,0,0,0,,,0,,0,0,0,0,0,0,,0,0,0,0,0,0,0,0,0,0,,0,,0.0,0.0,0.0,0,0,2,0,2,3,0,0.0,0.0,0,0,0,1,0,0,0,0,0,0,0,0,0,0,0,0,0,0,0,0,0,0,0,,,0,0,0,0,0,0,0,0,0,0,0,0,,,,0,0,0,0,0,0,0,,0,0,0,0,0,0.0,0.0
00-0035857,Ch.Williams,Chris Williams,DL,DL,"https://static.www.nfl.com/image/upload/f_auto,q_auto/league/bbjvbvpdww9kquh969zh",2025,1,REG,CHI,MIN,0,0,0,0,0,0,0,0,0,0,0,0,,,0,,0,0,0,0,0,0,,0,0,0,0,0,0,0,0,0,0,,0,,0.0,0.0,0.0,0,1,0,0,0,0,0,0.0,0.0,0,0,0,0,0,0,0,0,0,0,0,0,0,0,0,0,0,0,0,0,0,0,0,,,0,0,0,0,0,0,0,0,0,0,0,0,,,,0,0,0,0,0,0,0,,0,0,0,0,0,0.0,0.0
00-0036258,J.Jackson,Jonah Jackson,G,OL,"https://static.www.nfl.com/image/upload/f_auto,q_auto/league/wm6av5ujifr8uvmdykj7",2025,1,REG,CHI,MIN,0,0,0,0,0,0,0,0,0,0,0,0,,,0,,0,0,0,0,0,0,,0,0,0,0,0,0,0,0,0,0,,0,,0.0,0.0,0.0,0,0,0,0,0,0,0,0.0,0.0,0,0,0,0,0,0,0,0,0,0,0,0,0,2,10,0,0,0,0,0,0,0,0,,,0,0,0,0,0,0,0,0,0,0,0,0,,,,0,0,0,0,0,0,0,,0,0,0,0,0,0.0,0.0
00-0036275,D.Swift,D'Andre Swift,RB,RB,"https://static.www.nfl.com/image/upload/f_auto,q_auto/league/owpmwzoilitcodc6cmxo",2025,1,REG,CHI,MIN,0,0,0,0,0,0,0,0,0,0,0,0,,,0,,17,53,0,0,0,2,-3.5448705061571673,0,3,5,12,0,0,0,-3,17,1,-1.0166889520478435,0,-4.0,0.14705882352941177,-0.011406844106463879,0.21260344441959292,0,0,0,0,0,0,0,0.0,0.0,0,0,0,0,0,0,0,0,0,0,0,0,0,0,0,0,0,0,0,0,0,0,0,,,0,0,0,0,0,0,0,0,0,0,0,0,,,,0,0,0,0,0,0,0,,0,0,0,0,0,6.5,9.5
00-0036290,C.Kmet,Cole Kmet,TE,TE,"https://static.www.nfl.com/image/upload/f_auto,q_auto/league/ysnui8mzlu2fo70ub0yt",2025,1,REG,CHI,MIN,0,0,0,0,0,0,0,0,0,0,0,0,,,0,,0,0,0,0,0,0,,0,1,4,31,0,0,0,57,0,1,-0.9399787918082438,0,0.543859649122807,0.11764705882352941,0.21673003802281368,0.3281816148512637,0,0,0,0,0,0,0,0.0,0.0,0,0,0,0,0,0,0,0,0,0,0,0,0,0,0,0,0,0,0,0,0,0,0,,,0,0,0,0,0,0,0,0,0,0,0,0,,,,0,0,0,0,0,0,0,,0,0,0,0,0,3.1,4.1
00-0036331,D.Duvernay,Devin Duvernay,WR,WR,"https://static.www.nfl.com/image/upload/f_auto,q_auto/league/rhqvgqqfokrv6omkw0lg",2025,1,REG,CHI,MIN,0,0,0,0,0,0,0,0,0,0,0,0,,,0,,0,0,0,0,0,0,,0,0,0,0,0,0,0,0,0,0,,0,,0.0,0.0,0.0,0,0,0,0,0,0,0,0.0,0.0,0,0,0,0,0,0,0,0,0,0,0,0,0,0,0,4,37,3,81,0,0,0,0,,,0,0,0,0,0,0,0,0,0,0,0,0,,,,0,0,0,0,0,0,0,,0,0,0,0,0,0.0,0.0
00-0036480,D.Odeyingbo,Dayo Odeyingbo,DE,DL,"https://static.www.nfl.com/image/upload/f_auto,q_auto/league/h0brx6vrdusdxl6fkxgv",2025,1,REG,CHI,MIN,0,0,0,0,0,0,0,0,0,0,0,0,,,0,,0,0,0,0,0,0,,0,0,0,0,0,0,0,0,0,0,,0,,0.0,0.0,0.0,0,1,0,1,1,2,0,1.0,2.0,2,0,0,1,0,0,0,0,0,0,0,0,0,2,16,0,0,0,0,0,0,0,0,,,0,0,0,0,0,0,0,0,0,0,0,0,,,,0,0,0,0,0,0,0,,0,0,0,0,0,0.0,0.0
00-0036986,N.Wright,Nahshon Wright,CB,DB,"https://static.www.nfl.com/image/upload/f_auto,q_auto/league/muwpbl5yr0o4yvkcxtu3",2025,1,REG,CHI,MIN,0,0,0,0,0,0,0,0,0,0,0,0,,,0,,0,0,0,0,0,0,,0,0,0,0,0,0,0,0,0,0,,0,,0.0,0.0,0.0,0,2,1,1,1,3,0,0.0,0.0,0,1,74,1,1,0,0,0,0,0,0,0,0,1,42,0,0,0,0,0,0,0,0,,,0,0,0,0,0,0,0,0,0,0,0,0,,,,0,0,0,0,0,0,0,,0,0,0,0,0,0.0,0.0
00-0037096,E.Hicks,Elijah Hicks,SAF,DB,"https://static.www.nfl.com/image/upload/f_auto,q_auto/league/uxf5ugo9enwnd8vyxwyv",2025,1,REG,CHI,MIN,0,0,0,0,0,0,0,0,0,0,0,0,,,0,,0,0,0,0,0,0,,0,0,0,0,0,0,0,0,0,0,,0,,0.0,0.0,0.0,0,1,0,1,0,0,0,0.0,0.0,0,0,0,0,0,0,0,0,0,0,0,0,0,0,0,0,0,0,0,0,0,0,0,,,0,0,0,0,0,0,0,0,0,0,0,0,,,,0,0,0,0,0,0,0,,0,0,0,0,0,0.0,0.0
00-0037106,J.Jones,Jaylon Jones,DB,DB,"https://static.www.nfl.com/image/upload/f_auto,q_auto/league/xzmtw9ip1b8psz4u9nd0",2025,1,REG,CHI,MIN,0,0,0,0,0,0,0,0,0,0,0,0,,,0,,0,0,0,0,0,0,,0,0,0,0,0,0,0,0,0,0,,0,,0.0,0.0,0.0,0,0,0,2,0,0,0,0.0,0.0,0,0,0,0,0,0,0,0,0,0,0,0,0,0,0,0,0,0,0,0,0,0,0,,,0,0,0,0,0,0,0,0,0,0,0,0,,,,0,0,0,0,0,0,0,,0,0,0,0,0,0.0,0.0
00-0037843,D.Hardy,Daniel Hardy,DE,DL,"https://static.www.nfl.com/image/upload/f_auto,q_auto/league/z48xtbtdtknk6e3fonre",2025,1,REG,CHI,MIN,0,0,0,0,0,0,0,0,0,0,0,0,,,0,,0,0,0,0,0,0,,0,0,0,0,0,0,0,0,0,0,,0,,0.0,0.0,0.0,0,1,0,2,0,0,0,0.0,0.0,0,0,0,0,0,0,0,0,0,0,0,0,0,0,0,0,0,0,0,0,0,0,0,,,0,0,0,0,0,0,0,0,0,0,0,0,,,,0,0,0,0,0,0,0,,0,0,0,0,0,0.0,0.0
00-0038135,J.Brisker,Jaquan Brisker,SAF,DB,"https://static.www.nfl.com/image/upload/f_auto,q_auto/league/f21nhdemlyjvrtq9j01z",2025,1,REG,CHI,MIN,0,0,0,0,0,0,0,0,0,0,0,0,,,0,,0,0,0,0,0,0,,0,0,0,0,0,0,0,0,0,0,,0,,0.0,0.0,0.0,0,4,0,1,0,0,0,0.0,0.0,0,0,0,0,0,0,0,0,0,0,0,0,0,0,0,0,0,0,0,0,0,0,0,,,0,0,0,0,0,0,0,0,0,0,0,0,,,,0,0,0,0,0,0,0,,0,0,0,0,0,0.0,0.0
00-0038390,N.Sewell,Noah Sewell,LB,LB,"https://static.www.nfl.com/image/upload/f_auto,q_auto/league/sw5wea1zlc1drxoisej0",2025,1,REG,CHI,MIN,0,0,0,0,0,0,0,0,0,0,0,0,,,0,,0,0,0,0,0,0,,0,0,0,0,0,0,0,0,0,0,,0,,0.0,0.0,0.0,0,7,0,2,0,0,0,0.0,0.0,0,0,0,0,0,0,0,0,0,0,0,0,0,0,0,0,0,0,0,0,0,0,0,,,0,0,0,0,0,0,0,0,0,0,0,0,,,,0,0,0,0,0,0,0,,0,0,0,0,0,0.0,0.0
00-0038932,D.Wright,Darnell Wright,OT,OL,"https://static.www.nfl.com/image/upload/f_auto,q_auto/league/ihow3o7fo62p8abdqgn3",2025,1,REG,CHI,MIN,0,0,0,0,0,0,0,0,0,0,0,0,,,0,,0,0,0,0,0,0,,0,0,0,0,0,0,0,0,0,0,,0,,0.0,0.0,0.0,0,0,0,0,0,0,0,0.0,0.0,0,0,0,0,0,0,0,0,0,0,0,0,0,2,15,0,0,0,0,0,0,0,0,,,0,0,0,0,0,0,0,0,0,0,0,0,,,,0,0,0,0,0,0,0,,0,0,0,0,0,0.0,0.0
00-0039070,G.Dexter,Gervon Dexter Sr.,DT,DL,"https://static.www.nfl.com/image/private/f_auto,q_auto/league/vj6m4qixxhqmufrr5ilo",2025,1,REG,CHI,MIN,0,0,0,0,0,0,0,0,0,0,0,0,,,0,,0,0,0,0,0,0,,0,0,0,0,0,0,0,0,0,0,,0,,0.0,0.0,0.0,0,2,0,1,1,1,0,1.0,1.0,1,0,0,0,0,0,0,0,0,0,0,0,0,0,0,0,0,0,0,0,0,0,0,,,0,0,0,0,0,0,0,0,0,0,0,0,,,,0,0,0,0,0,0,0,,0,0,0,0,0,0.0,0.0
00-0039071,T.Stevenson,Tyrique Stevenson,CB,DB,"https://static.www.nfl.com/image/upload/f_auto,q_auto/league/whzeosd28apu5wrlaixk",2025,1,REG,CHI,MIN,0,0,0,0,0,0,0,0,0,0,0,0,,,0,,0,0,0,0,0,0,,0,0,0,0,0,0,0,0,0,0,,0,,0.0,0.0,0.0,0,3,0,0,0,0,0,0.0,0.0,0,0,0,1,0,0,0,0,0,0,0,0,0,1,14,0,0,0,0,0,0,0,0,,,0,0,0,0,0,0,0,0,0,0,0,0,,,,0,0,0,0,0,0,0,,0,0,0,0,0,0.0,0.0
00-0039460,C.Jones,Carl Jones,LB,LB,"https://static.www.nfl.com/image/upload/f_auto,q_auto/league/a4lmh1641vpgogdu5hfy",2025,1,REG,CHI,MIN,0,0,0,0,0,0,0,0,0,0,0,0,,,0,,0,0,0,0,0,0,,0,0,0,0,0,0,0,0,0,0,,0,,0.0,0.0,0.0,0,0,0,1,0,0,0,0.0,0.0,0,0,0,0,0,0,0,0,0,0,0,0,0,1,10,0,0,0,0,0,0,0,0,,,0,0,0,0,0,0,0,0,0,0,0,0,,,,0,0,0,0,0,0,0,,0,0,0,0,0,0.0,0.0
00-0039745,T.Taylor,Tory Taylor,P,SPEC,"https://static.www.nfl.com/image/upload/f_auto,q_auto/league/hzzvpzjiab6znxvkp6la",2025,1,REG,CHI,MIN,0,0,0,0,0,0,0,0,0,0,0,0,,,0,,0,0,0,0,0,0,,0,0,0,0,0,0,0,0,0,0,,0,,0.0,0.0,0.0,0,0,0,0,0,0,0,0.0,0.0,0,0,0,0,0,0,0,0,0,0,0,0,0,0,0,0,0,0,0,0,0,0,0,,,0,0,0,0,0,0,0,0,0,0,0,0,,,,0,0,0,0,0,0,0,,0,0,0,0,0,0.0,0.0
00-0039918,C.Williams,Caleb Williams,QB,QB,"https://static.www.nfl.com/image/upload/f_auto,q_auto/league/h4qs11kutwiw7whekmyt",2025,1,REG,CHI,MIN,21,35,210,1,0,2,-12,0,0,263,77,10,-6.988247807139811,-6.66688496575636,0,0.7984790874524715,6,58,1,0,0,4,6.634274187104893,0,0,0,0,0,0,0,0,0,0,,0,,0.0,0.0,0.0,0,0,0,0,0,0,0,0.0,0.0,0,0,0,0,0,0,0,0,0,0,0,0,0,1,10,0,0,0,0,0,0,0,0,,,0,0,0,0,0,0,0,0,0,0,0,0,,,,0,0,0,0,0,0,0,,0,0,0,0,0,24.200000000000003,24.200000000000003
00-0039919,R.Odunze,Rome Odunze,WR,WR,"https://static.www.nfl.com/image/upload/f_auto,q_auto/league/yqjdhpsno75du0n72u4w",2025,1,REG,CHI,MIN,0,0,0,0,0,0,0,0,0,0,0,0,,,0,,0,0,0,0,0,0,,0,6,9,37,1,0,0,55,2,3,-0.9176329169313955,0,0.6727272727272727,0.2647058823529412,0.20912547528517111,0.5434466562290315,0,0,0,0,0,0,0,0.0,0.0,0,0,0,0,0,0,0,0,0,0,0,0,0,0,0,0,0,0,0,0,0,0,0,,,0,0,0,0,0,0,0,0,0,0,0,0,,,,0,0,0,0,0,0,0,,0,0,0,0,0,9.7,15.7
00-0040126,C.Loveland,Colston Loveland,TE,TE,"https://static.www.nfl.com/image/upload/f_auto,q_auto/league/tyjb6vfug7gaunvcune3",2025,1,REG,CHI,MIN,0,0,0,0,0,0,0,0,0,0,0,0,,,0,,0,0,0,0,0,0,,0,2,2,12,0,0,0,5,7,0,-0.5837995910551399,0,2.4,0.058823529411764705,0.019011406844106463,0.10154327890852158,0,0,0,0,0,0,0,0.0,0.0,0,0,0,0,0,0,0,0,0,0,0,0,0,0,0,0,0,0,0,0,0,0,0,,,0,0,0,0,0,0,0,0,0,0,0,0,,,,0,0,0,0,0,0,0,,0,0,0,0,0,1.2000000000000002,3.2
00-0040167,R.Hyppolite,Ruben Hyppolite II,LB,LB,"https://static.www.nfl.com/image/upload/f_auto,q_auto/league/vnw1vo7so5m4xfhhckc4",2025,1,REG,CHI,MIN,0,0,0,0,0,0,0,0,0,0,0,0,,,0,,0,0,0,0,0,0,,0,0,0,0,0,0,0,0,0,0,,0,,0.0,0.0,0.0,0,1,0,2,0,0,0,0.0,0.0,0,0,0,0,0,0,0,0,0,0,0,0,0,0,0,0,0,0,0,0,0,0,0,,,0,0,0,0,0,0,0,0,0,0,0,0,,,,0,0,0,0,0,0,0,,0,0,0,0,0,0.0,0.0
00-0040236,K.Monangai,Kyle Monangai,RB,RB,"https://static.www.nfl.com/image/upload/f_auto,q_auto/league/cici2wf1walmoluhe95i",2025,1,REG,CHI,MIN,0,0,0,0,0,0,0,0,0,0,0,0,,,0,,0,0,0,0,0,0,,0,1,1,11,0,0,0,5,6,1,1.068297045538202,0,2.2,0.029411764705882353,0.019011406844106463,0.05742563184969805,0,0,0,0,0,0,0,0.0,0.0,0,0,0,0,0,0,0,0,0,0,0,0,0,0,0,0,0,0,0,0,0,0,0,,,0,0,0,0,0,0,0,0,0,0,0,0,,,,0,0,0,0,0,0,0,,0,0,0,0,0,1.1,2.1
00-0040735,L.Burden,Luther Burden III,WR,WR,"https://static.www.nfl.com/image/upload/f_auto,q_auto/league/iyuwdz7pbowdkwzq2tg5",2025,1,REG,CHI,MIN,0,0,0,0,0,0,0,0,0,0,0,0,,,0,,0,0,0,0,0,0,,0,1,1,-3,0,0,0,-5,2,0,-0.9794804314151406,0,0.0,0.029411764705882353,-0.019011406844106463,0.030809662267949,0,0,0,0,0,0,0,0.0,0.0,0,0,0,0,0,0,0,0,0,0,0,0,0,0,0,0,0,1,44,0,0,0,0,,,0,0,0,0,0,0,0,0,0,0,0,0,,,,0,0,0,0,0,0,0,,0,0,0,0,0,-0.30000000000000004,0.7
00-0031203,C.Santos,Cairo Santos,K,SPEC,"https://static.www.nfl.com/image/upload/f_auto,q_auto/league/w5mfvjfuflbitwuji1yx",2025,2,REG,CHI,DET,0,0,0,0,0,0,0,0,0,0,0,0,,,0,,0,0,0,0,0,0,,0,0,0,0,0,0,0,0,0,0,,0,,0.0,0.0,0.0,0,0,0,0,0,0,0,0.0,0.0,0,0,0,0,0,0,0,0,0,0,0,0,0,1,0,0,0,0,0,0,0,0,0,,,0,0,0,0,0,0,0,0,0,0,0,0,,,,0,0,0,3,3,0,0,1.0,0,0,0,0,0,0.0,0.0
00-0031583,G.Jarrett,Grady Jarrett,DT,DL,"https://static.www.nfl.com/image/upload/f_auto,q_auto/league/znqx6ghmgepgcrsfw9gm",2025,2,REG,CHI,DET,0,0,0,0,0,0,0,0,0,0,0,0,,,0,,0,0,0,0,0,0,,0,0,0,0,0,0,0,0,0,0,,0,,0.0,0.0,0.0,0,0,0,1,0,0,0,0.0,0.0,2,0,0,0,0,0,0,0,0,0,0,0,0,0,0,0,0,0,0,0,0,0,0,,,0,0,0,0,0,0,0,0,0,0,0,0,,,,0,0,0,0,0,0,0,,0,0,0,0,0,0.0,0.0
00-0033066,A.Billings,Andrew Billings,DT,DL,"https://static.www.nfl.com/image/upload/f_auto,q_auto/league/rfxthtnhruxgqnofnuzg",2025,2,REG,CHI,DET,0,0,0,0,0,0,0,0,0,0,0,0,,,0,,0,0,0,0,0,0,,0,0,0,0,0,0,0,0,0,0,,0,,0.0,0.0,0.0,0,0,0,3,0,0,0,0.0,0.0,0,0,0,0,0,0,0,0,0,0,0,0,0,0,0,0,0,0,0,0,0,0,0,,,0,0,0,0,0,0,0,0,0,0,0,0,,,,0,0,0,0,0,0,0,,0,0,0,0,0,0.0,0.0
00-0033132,K.Byard,Kevin Byard,FS,DB,"https://static.www.nfl.com/image/upload/f_auto,q_auto/league/ymu0jcrm7clsyhhvmcki",2025,2,REG,CHI,DET,0,0,0,0,0,0,0,0,0,0,0,0,,,0,,0,0,0,0,0,0,,0,0,0,0,0,0,0,0,0,0,,0,,0.0,0.0,0.0,0,3,0,1,0,0,0,0.0,0.0,0,0,0,0,0,0,0,0,0,0,0,0,0,0,0,0,0,0,0,0,0,0,0,,,0,0,0,0,0,0,0,0,0,0,0,0,,,,0,0,0,0,0,0,0,,0,0,0,0,0,0.0,0.0
00-0033902,T.Kpassagnon,Tanoh Kpassagnon,DE,DL,"https://static.www.nfl.com/image/private/f_auto,q_auto/league/ilr1bs7qesfq7fryeetc",2025,2,REG,CHI,DET,0,0,0,0,0,0,0,0,0,0,0,0,,,0,,0,0,0,0,0,0,,0,0,0,0,0,0,0,0,0,0,,0,,0.0,0.0,0.0,0,1,0,0,0,0,0,0.0,0.0,0,0,0,0,0,0,0,0,0,0,0,0,0,0,0,0,0,0,0,0,0,0,0,,,0,0,0,0,0,0,0,0,0,0,0,0,,,,0,0,0,0,0,0,0,,0,0,0,0,0,0.0,0.0
00-0034485,J.Owens,Jonathan Owens,DB,DB,"https://static.www.nfl.com/image/upload/f_auto,q_auto/league/nefkbybdw0icaynztmxk",2025,2,REG,CHI,DET,0,0,0,0,0,0,0,0,0,0,0,0,,,0,,0,0,0,0,0,0,,0,0,0,0,0,0,0,0,0,0,,0,,0.0,0.0,0.0,0,2,0,1,0,0,0,0.0,0.0,0,0,0,0,0,0,0,0,0,0,0,0,0,0,0,0,0,0,0,0,0,0,0,,,0,0,0,0,0,0,0,0,0,0,0,0,,,,0,0,0,0,0,0,0,,0,0,0,0,0,0.0,0.0
00-0034673,T.Edmunds,Tremaine Edmunds,MLB,LB,"https://static.www.nfl.com/image/upload/f_auto,q_auto/league/unz9o9leinnet5o4qlsr",2025,2,REG,CHI,DET,0,0,0,0,0,0,0,0,0,0,0,0,,,0,,0,0,0,0,0,0,,0,0,0,0,0,0,0,0,0,0,,0,,0.0,0.0,0.0,0,6,0,1,1,11,0,0.0,0.0,0,0,0,0,0,0,0,0,0,0,0,0,0,0,0,0,0,0,0,0,0,0,0,,,0,0,0,0,0,0,0,0,0,0,0,0,,,,0,0,0,0,0,0,0,,0,0,0,0,0,0.0,0.0
00-0034827,D.Moore,DJ Moore,WR,WR,"https://static.www.nfl.com/image/upload/f_auto,q_auto/league/qphturmeiifnqrnf5pax",2025,2,REG,CHI,DET,0,0,0,0,0,0,0,0,0,0,0,0,,,0,,0,0,0,0,0,0,,0,5,6,46,0,0,0,38,15,2,2.1555692149559036,0,1.2105263157894737,0.18181818181818182,0.11275964391691394,0.3516590234691125,0,0,0,0,0,0,0,0.0,0.0,0,0,0,0,0,0,0,0,0,0,0,0,0,0,0,0,0,0,0,0,0,0,0,,,0,0,0,0,0,0,0,0,0,0,0,0,,,,0,0,0,0,0,0,0,,0,0,0,0,0,4.6000000000000005,9.600000000000001
00-0035208,O.Zaccheaus,Olamide Zaccheaus,WR,WR,"https://static.www.nfl.com/image/upload/f_auto,q_auto/league/ucpai2odeunecbe6o1dj",2025,2,REG,CHI,DET,0,0,0,0,0,0,0,0,0,0,0,0,,,0,,1,9,0,0,0,0,0.8745329948142171,0,2,5,12,0,0,0,53,2,1,-6.78146821516566,0,0.22641509433962265,0.15151515151515152,0.1572700296735905,0.33736174804424063,0,0,0,0,0,0,0,0.0,0.0,0,0,0,0,0,0,0,0,0,0,0,0,0,0,0,0,0,0,0,0,0,0,0,,,0,0,0,0,0,0,0,0,0,0,0,0,,,,0,0,0,0,0,0,0,,0,0,0,0,0,2.1,4.1
00-0035386,T.Edwards,T.J. Edwards,LB,LB,"https://static.www.nfl.com/image/upload/f_auto,q_auto/league/tqu3uz4nzkcq4crcepj3",2025,2,REG,CHI,DET,0,0,0,0,0,0,0,0,0,0,0,0,,,0,,0,0,0,0,0,0,,0,0,0,0,0,0,0,0,0,0,,0,,0.0,0.0,0.0,0,0,0,4,0,0,0,0.0,0.0,0,0,0,0,0,0,0,0,0,0,0,0,0,0,0,0,0,0,0,0,0,0,0,,,0,0,0,0,0,0,0,0,0,0,0,0,,,,0,0,0,0,0,0,0,,0,0,0,0,0,0.0,0.0
00-0035647,M.Sweat,Montez Sweat,DE,DL,"https://static.www.nfl.com/image/upload/f_auto,q_auto/league/lmaq9dyixaolzxleqb5e",2025,2,REG,CHI,DET,0,0,0,0,0,0,0,0,0,0,0,0,,,0,,0,0,0,0,0,0,,0,0,0,0,0,0,0,0,0,0,,0,,0.0,0.0,0.0,0,3,0,1,0,0,0,0.0,0.0,1,0,0,0,0,0,0,0,0,0,0,0,0,0,0,0,0,0,0,0,0,0,0,,,0,0,0,0,0,0,0,0,0,0,0,0,,,,0,0,0,0,0,0,0,,0,0,0,0,0,0.0,0.0
00-0035857,Ch.Williams,Chris Williams,DL,DL,"https://static.www.nfl.com/image/upload/f_auto,q_auto/league/bbjvbvpdww9kquh969zh",2025,2,REG,CHI,DET,0,0,0,0,0,0,0,0,0,0,0,0,,,0,,0,0,0,0,0,0,,0,0,0,0,0,0,0,0,0,0,,0,,0.0,0.0,0.0,0,0,0,1,0,0,0,0.0,0.0,0,0,0,0,0,0,0,0,0,0,0,0,0,0,0,0,0,0,0,0,0,0,0,,,0,0,0,0,0,0,0,0,0,0,0,0,,,,0,0,0,0,0,0,0,,0,0,0,0,0,0.0,0.0
00-0036258,J.Jackson,Jonah Jackson,G,OL,"https://static.www.nfl.com/image/upload/f_auto,q_auto/league/wm6av5ujifr8uvmdykj7",2025,2,REG,CHI,DET,0,0,0,0,0,0,0,0,0,0,0,0,,,0,,0,0,0,0,0,0,,0,0,0,0,0,0,0,0,0,0,,0,,0.0,0.0,0.0,0,1,0,0,0,0,0,0.0,0.0,0,0,0,0,0,0,0,0,0,0,0,0,0,0,0,0,0,0,0,0,0,0,0,,,0,0,0,0,0,0,0,0,0,0,0,0,,,,0,0,0,0,0,0,0,,0,0,0,0,0,0.0,0.0
00-0036275,D.Swift,D'Andre Swift,RB,RB,"https://static.www.nfl.com/image/upload/f_auto,q_auto/league/owpmwzoilitcodc6cmxo",2025,2,REG,CHI,DET,0,0,0,0,0,0,0,0,0,0,0,0,,,0,,12,63,1,1,1,3,-3.566099109419156,0,3,3,6,0,0,0,-5,11,0,-1.2602954031899571,0,-1.2,0.09090909090909091,-0.01483679525222552,0.1259778796870785,0,0,0,0,0,0,0,0.0,0.0,0,0,0,0,0,0,0,0,0,0,0,0,0,1,5,0,0,0,0,0,0,0,0,,,0,0,0,0,0,0,0,0,0,0,0,0,,,,0,0,0,0,0,0,0,,0,0,0,0,0,10.9,13.9
00-0036290,C.Kmet,Cole Kmet,TE,TE,"https://static.www.nfl.com/image/upload/f_auto,q_auto/league/ysnui8mzlu2fo70ub0yt",2025,2,REG,CHI,DET,0,0,0,0,0,0,0,0,0,0,0,0,,,0,,0,0,0,0,0,0,,0,2,2,29,0,0,0,17,12,2,2.692205388797447,0,1.7058823529411764,0.06060606060606061,0.050445103857566766,0.12622066360938766,0,0,0,0,0,0,0,0.0,0.0,0,0,0,0,0,0,0,0,0,0,0,0,0,0,0,0,0,0,0,0,0,0,0,,,0,0,0,0,0,0,0,0,0,0,0,0,,,,0,0,0,0,0,0,0,,0,0,0,0,0,2.9000000000000004,4.9
00-0036292,J.Johnson,Jaylon Johnson,CB,DB,"https://static.www.nfl.com/image/upload/f_auto,q_auto/league/mee0icza276avcisghdk",2025,2,REG,CHI,DET,0,0,0,0,0,0,0,0,0,0,0,0,,,0,,0,0,0,0,0,0,,0,0,0,0,0,0,0,0,0,0,,0,,0.0,0.0,0.0,0,1,1,0,0,0,0,0.0,0.0,0,0,0,0,0,0,0,0,0,0,0,0,0,0,0,0,0,0,0,0,0,0,0,,,0,0,0,0,0,0,0,0,0,0,0,0,,,,0,0,0,0,0,0,0,,0,0,0,0,0,0.0,0.0
00-0036331,D.Duvernay,Devin Duvernay,WR,WR,"https://static.www.nfl.com/image/upload/f_auto,q_auto/league/rhqvgqqfokrv6omkw0lg",2025,2,REG,CHI,DET,0,0,0,0,0,0,0,0,0,0,0,0,,,0,,0,0,0,0,0,0,,0,0,0,0,0,0,0,0,0,0,,0,,0.0,0.0,0.0,0,1,0,0,0,0,0,0.0,0.0,0,0,0,0,0,0,0,0,0,0,0,0,0,0,0,2,16,4,97,0,0,0,0,,,0,0,0,0,0,0,0,0,0,0,0,0,,,,0,0,0,0,0,0,0,,0,0,0,0,0,0.0,0.0
00-0036480,D.Odeyingbo,Dayo Odeyingbo,DE,DL,"https://static.www.nfl.com/image/upload/f_auto,q_auto/league/h0brx6vrdusdxl6fkxgv",2025,2,REG,CHI,DET,0,0,0,0,0,0,0,0,0,0,0,0,,,0,,0,0,0,0,0,0,,0,0,0,0,0,0,0,0,0,0,,0,,0.0,0.0,0.0,0,0,0,2,0,0,0,0.0,0.0,0,0,0,0,0,0,0,0,0,0,0,0,0,0,0,0,0,0,0,0,0,0,0,,,0,0,0,0,0,0,0,0,0,0,0,0,,,,0,0,0,0,0,0,0,,0,0,0,0,0,0.0,0.0
00-0036589,N.McCloud,Nick McCloud,CB,DB,"https://static.www.nfl.com/image/upload/f_auto,q_auto/league/tktqsmdus8y1alse43j5",2025,2,REG,CHI,DET,0,0,0,0,0,0,0,0,0,0,0,0,,,0,,0,0,0,0,0,0,,0,0,0,0,0,0,0,0,0,0,,0,,0.0,0.0,0.0,0,3,0,0,0,0,0,0.0,0.0,0,0,0,0,0,0,0,0,0,0,0,0,0,0,0,0,0,0,0,0,0,0,0,,,0,0,0,0,0,0,0,0,0,0,0,0,,,,0,0,0,0,0,0,0,,0,0,0,0,0,0.0,0.0
00-0036957,D.Dalman,Drew Dalman,C,OL,"https://static.www.nfl.com/image/upload/f_auto,q_auto/league/dbs2xvntmad015bo7qxe",2025,2,REG,CHI,DET,0,0,0,0,0,0,0,0,0,0,0,0,,,0,,0,0,0,0,0,0,,0,0,0,0,0,0,0,0,0,0,,0,,0.0,0.0,0.0,0,0,0,0,0,0,0,0.0,0.0,0,0,0,0,0,0,0,0,0,0,0,0,0,1,10,0,0,0,0,0,0,0,0,,,0,0,0,0,0,0,0,0,0,0,0,0,,,,0,0,0,0,0,0,0,,0,0,0,0,0,0.0,0.0
00-0036986,N.Wright,Nahshon Wright,CB,DB,"https://static.www.nfl.com/image/upload/f_auto,q_auto/league/muwpbl5yr0o4yvkcxtu3",2025,2,REG,CHI,DET,0,0,0,0,0,0,0,0,0,0,0,0,,,0,,0,0,0,0,0,0,,0,0,0,0,0,0,0,0,0,0,,0,,0.0,0.0,0.0,0,0,0,2,0,0,0,0.0,0.0,0,0,0,0,0,0,0,0,0,0,0,0,0,0,0,0,0,0,0,0,0,0,0,,,0,0,0,0,0,0,0,0,0,0,0,0,,,,0,0,0,0,0,0,0,,0,0,0,0,0,0.0,0.0
00-0037081,B.Jones,Braxton Jones,OT,OL,"https://static.www.nfl.com/image/upload/f_auto,q_auto/league/mjifvwkjowxkcdn61opd",2025,2,REG,CHI,DET,0,0,0,0,0,0,0,0,0,0,0,0,,,0,,0,0,0,0,0,0,,0,0,0,0,0,0,0,0,0,0,,0,,0.0,0.0,0.0,0,0,0,0,0,0,0,0.0,0.0,0,0,0,0,0,0,0,0,0,0,0,0,0,1,15,0,0,0,0,0,0,0,0,,,0,0,0,0,0,0,0,0,0,0,0,0,,,,0,0,0,0,0,0,0,,0,0,0,0,0,0.0,0.0
00-0037082,D.Robinson,Dominique Robinson,DE,DL,"https://static.www.nfl.com/image/upload/f_auto,q_auto/league/ces5sntijczc3q0pabay",2025,2,REG,CHI,DET,0,0,0,0,0,0,0,0,0,0,0,0,,,0,,0,0,0,0,0,0,,0,0,0,0,0,0,0,0,0,0,,0,,0.0,0.0,0.0,0,1,0,0,0,0,0,0.0,0.0,0,0,0,0,0,0,0,0,0,0,0,0,0,0,0,0,0,0,0,0,0,0,0,,,0,0,0,0,0,0,0,0,0,0,0,0,,,,0,0,0,0,0,0,0,,0,0,0,0,0,0.0,0.0
00-0037106,J.Jones,Jaylon Jones,DB,DB,"https://static.www.nfl.com/image/upload/f_auto,q_auto/league/xzmtw9ip1b8psz4u9nd0",2025,2,REG,CHI,DET,0,0,0,0,0,0,0,0,0,0,0,0,,,0,,0,0,0,0,0,0,,0,0,0,0,0,0,0,0,0,0,,0,,0.0,0.0,0.0,0,0,0,1,0,0,0,0.0,0.0,0,0,0,0,0,0,0,0,0,0,0,0,0,0,0,0,0,0,0,0,0,0,0,,,0,0,0,0,0,0,0,0,0,0,0,0,,,,0,0,0,0,0,0,0,,0,0,0,0,0,0.0,0.0
00-0037129,J.Blackwell,Josh Blackwell,CB,DB,"https://static.www.nfl.com/image/upload/f_auto,q_auto/league/cigs4edcf8auxzzv5klc",2025,2,REG,CHI,DET,0,0,0,0,0,0,0,0,0,0,0,0,,,0,,0,0,0,0,0,0,,0,0,0,0,0,0,0,0,0,0,,0,,0.0,0.0,0.0,0,1,0,0,0,0,0,0.0,0.0,0,0,0,0,0,0,0,0,0,0,0,0,0,0,0,0,0,0,0,0,0,0,0,,,0,0,0,0,0,0,0,0,0,0,0,0,,,,0,0,0,0,0,0,0,,0,0,0,0,0,0.0,0.0
00-0038135,J.Brisker,Jaquan Brisker,SAF,DB,"https://static.www.nfl.com/image/upload/f_auto,q_auto/league/f21nhdemlyjvrtq9j01z",2025,2,REG,CHI,DET,0,0,0,0,0,0,0,0,0,0,0,0,,,0,,0,0,0,0,0,0,,0,0,0,0,0,0,0,0,0,0,,0,,0.0,0.0,0.0,0,5,2,2,0,0,0,0.0,0.0,0,0,0,0,0,0,0,0,0,0,0,0,0,0,0,0,0,0,0,0,0,0,0,,,0,0,0,0,0,0,0,0,0,0,0,0,,,,0,0,0,0,0,0,0,,0,0,0,0,0,0.0,0.0
00-0038390,N.Sewell,Noah Sewell,LB,LB,"https://static.www.nfl.com/image/upload/f_auto,q_auto/league/sw5wea1zlc1drxoisej0",2025,2,REG,CHI,DET,0,0,0,0,0,0,0,0,0,0,0,0,,,0,,0,0,0,0,0,0,,0,0,0,0,0,0,0,0,0,0,,0,,0.0,0.0,0.0,0,3,0,2,1,1,0,0.0,0.0,0,0,0,0,0,0,0,0,0,0,0,0,0,0,0,0,0,0,0,0,0,0,0,,,0,0,0,0,0,0,0,0,0,0,0,0,,,,0,0,0,0,0,0,0,,0,0,0,0,0,0.0,0.0
00-0038416,T.Bagent,Tyson Bagent,QB,QB,"https://static.www.nfl.com/image/upload/f_auto,q_auto/league/kfwnayxjfnbfs3sm5a21",2025,2,REG,CHI,DET,2,3,27,0,0,0,0,0,0,35,14,1,0.8962666277075186,-0.5509336789449056,0,0.7714285714285715,2,7,0,1,0,1,-0.3711529092397541,0,0,0,0,0,0,0,0,0,0,,0,,0.0,0.0,0.0,0,0,0,0,0,0,0,0.0,0.0,0,0,0,0,0,0,0,0,0,0,0,0,0,0,0,0,0,0,0,0,0,0,0,,,0,0,0,0,0,0,0,0,0,0,0,0,,,,0,0,0,0,0,0,0,,0,0,0,0,0,1.7800000000000002,1.7800000000000002
00-0038932,D.Wright,Darnell Wright,OT,OL,"https://static.www.nfl.com/image/upload/f_auto,q_auto/league/ihow3o7fo62p8abdqgn3",2025,2,REG,CHI,DET,0,0,0,0,0,0,0,0,0,0,0,0,,,0,,0,0,0,0,0,0,,0,0,0,0,0,0,0,0,0,0,,0,,0.0,0.0,0.0,0,0,0,0,0,0,0,0.0,0.0,0,0,0,0,0,0,0,0,0,0,0,0,0,2,20,0,0,0,0,0,0,0,0,,,0,0,0,0,0,0,0,0,0,0,0,0,,,,0,0,0,0,0,0,0,,0,0,0,0,0,0.0,0.0
00-0039021,R.Johnson,Roschon Johnson,RB,RB,"https://static.www.nfl.com/image/upload/f_auto,q_auto/league/gxzw5kntjivjixre9whh",2025,2,REG,CHI,DET,0,0,0,0,0,0,0,0,0,0,0,0,,,0,,0,0,0,0,0,0,,0,0,0,0,0,0,0,0,0,0,,0,,0.0,0.0,0.0,0,1,0,0,0,0,0,0.0,0.0,0,0,0,0,0,0,0,0,0,0,0,0,0,0,0,0,0,0,0,0,0,0,0,,,0,0,0,0,0,0,0,0,0,0,0,0,,,,0,0,0,0,0,0,0,,0,0,0,0,0,0.0,0.0
00-0039070,G.Dexter,Gervon Dexter Sr.,DT,DL,"https://static.www.nfl.com/image/private/f_auto,q_auto/league/vj6m4qixxhqmufrr5ilo",2025,2,REG,CHI,DET,0,0,0,0,0,0,0,0,0,0,0,0,,,0,,0,0,0,0,0,0,,0,0,0,0,0,0,0,0,0,0,,0,,0.0,0.0,0.0,0,1,0,0,1,1,0,0.0,0.0,1,0,0,0,0,0,0,0,0,0,0,0,0,0,0,0,0,0,0,0,0,0,0,,,0,0,0,0,0,0,0,0,0,0,0,0,,,,0,0,0,0,0,0,0,,0,0,0,0,0,0.0,0.0
00-0039071,T.Stevenson,Tyrique Stevenson,CB,DB,"https://static.www.nfl.com/image/upload/f_auto,q_auto/league/whzeosd28apu5wrlaixk",2025,2,REG,CHI,DET,0,0,0,0,0,0,0,0,0,0,0,0,,,0,,0,0,0,0,0,0,,0,0,0,0,0,0,0,0,0,0,,0,,0.0,0.0,0.0,0,4,1,2,1,2,0,0.0,0.0,0,0,0,0,0,0,0,0,0,0,0,0,0,0,0,0,0,0,0,0,0,0,0,,,0,0,0,0,0,0,0,0,0,0,0,0,,,,0,0,0,0,0,0,0,,0,0,0,0,0,0.0,0.0
00-0039745,T.Taylor,Tory Taylor,P,SPEC,"https://static.www.nfl.com/image/upload/f_auto,q_auto/league/hzzvpzjiab6znxvkp6la",2025,2,REG,CHI,DET,0,0,0,0,0,0,0,0,0,0,0,0,,,0,,0,0,0,0,0,0,,0,0,0,0,0,0,0,0,0,0,,0,,0.0,0.0,0.0,0,0,0,0,0,0,0,0.0,0.0,0,0,0,0,0,0,0,0,0,0,0,0,0,0,0,0,0,0,0,0,0,0,0,,,0,0,0,0,0,0,0,0,0,0,0,0,,,,0,0,0,0,0,0,0,,0,0,0,0,0,0.0,0.0
00-0039918,C.Williams,Caleb Williams,QB,QB,"https://static.www.nfl.com/image/upload/f_auto,q_auto/league/h4qs11kutwiw7whekmyt",2025,2,REG,CHI,DET,19,30,207,2,1,4,-29,0,0,302,73,10,-0.9654794219241012,-5.639583170413971,0,0.6854304635761589,5,27,0,0,0,2,-3.638098270545015,0,0,0,0,0,0,0,0,0,0,,0,,0.0,0.0,0.0,0,0,0,0,0,0,0,0.0,0.0,0,0,0,0,0,0,0,0,0,0,0,0,0,0,0,0,0,0,0,0,0,0,0,,,0,0,0,0,0,0,0,0,0,0,0,0,,,,0,0,0,0,0,0,0,,0,0,0,0,0,16.98,16.98
00-0039919,R.Odunze,Rome Odunze,WR,WR,"https://static.www.nfl.com/image/upload/f_auto,q_auto/league/yqjdhpsno75du0n72u4w",2025,2,REG,CHI,DET,0,0,0,0,0,0,0,0,0,0,0,0,,,0,,0,0,0,0,0,0,,0,7,11,128,2,0,0,200,39,6,12.154256616398925,0,0.64,0.3333333333333333,0.5934718100890207,0.9154302670623145,0,0,0,0,0,0,0,0.0,0.0,0,0,0,0,0,0,0,0,0,0,0,0,0,0,0,0,0,0,0,0,0,0,0,,,0,0,0,0,0,0,0,0,0,0,0,0,,,,0,0,0,0,0,0,0,,0,0,0,0,0,24.8,31.8
00-0040126,C.Loveland,Colston Loveland,TE,TE,"https://static.www.nfl.com/image/upload/f_auto,q_auto/league/tyjb6vfug7gaunvcune3",2025,2,REG,CHI,DET,0,0,0,0,0,0,0,0,0,0,0,0,,,0,,0,0,0,0,0,0,,0,0,1,0,0,0,0,22,0,0,-0.5612612218828872,0,0.0,0.030303030303030304,0.06528189910979229,0.09115187483140005,0,0,0,0,0,0,0,0.0,0.0,0,0,0,0,0,0,0,0,0,0,0,0,0,0,0,0,0,0,0,0,0,0,0,,,0,0,0,0,0,0,0,0,0,0,0,0,,,,0,0,0,0,0,0,0,,0,0,0,0,0,0.0,0.0
00-0040167,R.Hyppolite,Ruben Hyppolite II,LB,LB,"https://static.www.nfl.com/image/upload/f_auto,q_auto/league/vnw1vo7so5m4xfhhckc4",2025,2,REG,CHI,DET,0,0,0,0,0,0,0,0,0,0,0,0,,,0,,0,0,0,0,0,0,,0,0,0,0,0,0,0,0,0,0,,0,,0.0,0.0,0.0,0,1,0,0,0,0,0,0.0,0.0,0,0,0,0,0,0,0,0,0,0,0,0,0,2,0,0,0,0,0,0,0,0,0,,,0,0,0,0,0,0,0,0,0,0,0,0,,,,0,0,0,0,0,0,0,,0,0,0,0,0,0.0,0.0
00-0040236,K.Monangai,Kyle Monangai,RB,RB,"https://static.www.nfl.com/image/upload/f_auto,q_auto/league/cici2wf1walmoluhe95i",2025,2,REG,CHI,DET,0,0,0,0,0,0,0,0,0,0,0,0,,,0,,7,28,0,0,0,2,-3.851594637380913,0,1,3,8,0,0,0,6,4,0,-0.6011654628091492,0,1.3333333333333333,0.09090909090909091,0.017804154302670624,0.1488265443755058,0,0,0,0,0,0,0,0.0,0.0,0,0,0,0,0,0,0,0,1,1,0,0,0,0,0,0,0,0,0,0,0,0,0,,,0,0,0,0,0,0,0,0,0,0,0,0,,,,0,0,0,0,0,0,0,,0,0,0,0,0,3.6,4.6
00-0040735,L.Burden,Luther Burden III,WR,WR,"https://static.www.nfl.com/image/upload/f_auto,q_auto/league/iyuwdz7pbowdkwzq2tg5",2025,2,REG,CHI,DET,0,0,0,0,0,0,0,0,0,0,0,0,,,0,,0,0,0,0,0,0,,0,1,2,5,0,0,0,6,4,0,-1.1992560419021174,0,0.8333333333333334,0.06060606060606061,0.017804154302670624,0.10337199892096034,0,0,0,0,0,0,0,0.0,0.0,0,0,0,0,0,0,0,0,0,0,0,0,0,0,0,0,0,4,118,0,0,0,0,,,0,0,0,0,0,0,0,0,0,0,0,0,,,,0,0,0,0,0,0,0,,0,0,0,0,0,0.5,1.5
00-0031203,C.Santos,Cairo Santos,K,SPEC,"https://static.www.nfl.com/image/upload/f_auto,q_auto/league/w5mfvjfuflbitwuji1yx",2025,3,REG,CHI,DAL,0,0,0,0,0,0,0,0,0,0,0,0,,,0,,0,0,0,0,0,0,,0,0,0,0,0,0,0,0,0,0,,0,,0.0,0.0,0.0,0,0,0,0,0,0,0,0.0,0.0,0,0,0,0,0,0,0,0,0,0,0,0,0,0,0,0,0,0,0,1,1,0,0,30.0,1.0,0,0,1,0,0,0,0,0,0,0,0,0,30,,,30,0,0,4,4,0,0,1.0,0,0,0,0,0,0.0,0.0
00-0031583,G.Jarrett,Grady Jarrett,DT,DL,"https://static.www.nfl.com/image/upload/f_auto,q_auto/league/znqx6ghmgepgcrsfw9gm",2025,3,REG,CHI,DAL,0,0,0,0,0,0,0,0,0,0,0,0,,,0,,0,0,0,0,0,0,,0,0,0,0,0,0,0,0,0,0,,0,,0.0,0.0,0.0,0,0,0,0,0,0,0,0.0,0.0,1,0,0,0,0,0,0,0,0,0,0,0,0,1,6,0,0,0,0,0,0,0,0,,,0,0,0,0,0,0,0,0,0,0,0,0,,,,0,0,0,0,0,0,0,,0,0,0,0,0,0.0,0.0
00-0033066,A.Billings,Andrew Billings,DT,DL,"https://static.www.nfl.com/image/upload/f_auto,q_auto/league/rfxthtnhruxgqnofnuzg",2025,3,REG,CHI,DAL,0,0,0,0,0,0,0,0,0,0,0,0,,,0,,0,0,0,0,0,0,,0,0,0,0,0,0,0,0,0,0,,0,,0.0,0.0,0.0,0,1,0,0,0,0,0,0.0,0.0,0,0,0,0,0,0,0,0,0,0,0,0,0,0,0,0,0,0,0,0,0,0,0,,,0,0,0,0,0,0,0,0,0,0,0,0,,,,0,0,0,0,0,0,0,,0,0,0,0,0,0.0,0.0
00-0033132,K.Byard,Kevin Byard,FS,DB,"https://static.www.nfl.com/image/upload/f_auto,q_auto/league/ymu0jcrm7clsyhhvmcki",2025,3,REG,CHI,DAL,0,0,0,0,0,0,0,0,0,0,0,0,,,0,,0,0,0,0,0,0,,0,0,0,0,0,0,0,0,0,0,,0,,0.0,0.0,0.0,0,5,0,2,0,0,0,0.0,0.0,0,1,0,1,0,0,0,0,0,0,0,0,0,0,0,0,0,0,0,0,0,0,0,,,0,0,0,0,0,0,0,0,0,0,0,0,,,,0,0,0,0,0,0,0,,0,0,0,0,0,0.0,0.0
00-0033902,T.Kpassagnon,Tanoh Kpassagnon,DE,DL,"https://static.www.nfl.com/image/private/f_auto,q_auto/league/ilr1bs7qesfq7fryeetc",2025,3,REG,CHI,DAL,0,0,0,0,0,0,0,0,0,0,0,0,,,0,,0,0,0,0,0,0,,0,0,0,0,0,0,0,0,0,0,,0,,0.0,0.0,0.0,0,1,0,0,0,0,0,0.0,0.0,0,0,0,0,0,0,0,0,0,0,0,0,0,0,0,0,0,0,0,0,0,0,0,,,0,0,0,0,0,0,0,0,0,0,0,0,,,,0,0,0,0,0,0,0,,0,0,0,0,0,0.0,0.0
00-0034485,J.Owens,Jonathan Owens,DB,DB,"https://static.www.nfl.com/image/upload/f_auto,q_auto/league/nefkbybdw0icaynztmxk",2025,3,REG,CHI,DAL,0,0,0,0,0,0,0,0,0,0,0,0,,,0,,0,0,0,0,0,0,,0,0,0,0,0,0,0,0,0,0,,0,,0.0,0.0,0.0,0,2,0,0,0,0,0,0.0,0.0,0,0,0,0,0,0,0,0,0,0,0,0,0,0,0,0,0,0,0,0,0,0,0,,,0,0,0,0,0,0,0,0,0,0,0,0,,,,0,0,0,0,0,0,0,,0,0,0,0,0,0.0,0.0
00-0034673,T.Edmunds,Tremaine Edmunds,MLB,LB,"https://static.www.nfl.com/image/upload/f_auto,q_auto/league/unz9o9leinnet5o4qlsr",2025,3,REG,CHI,DAL,0,0,0,0,0,0,0,0,0,0,0,0,,,0,,0,0,0,0,0,0,,0,0,0,0,0,0,0,0,0,0,,0,,0.0,0.0,0.0,0,3,3,9,0,0,0,0.0,0.0,0,2,0,2,0,0,0,0,0,0,0,0,0,0,0,0,0,0,0,0,0,0,0,,,0,0,0,0,0,0,0,0,0,0,0,0,,,,0,0,0,0,0,0,0,,0,0,0,0,0,0.0,0.0
00-0034827,D.Moore,DJ Moore,WR,WR,"https://static.www.nfl.com/image/upload/f_auto,q_auto/league/qphturmeiifnqrnf5pax",2025,3,REG,CHI,DAL,0,0,0,0,0,0,0,0,0,0,0,0,,,0,,3,7,0,0,0,0,-1.1608540097950026,0,4,5,21,1,0,0,30,7,2,4.5850720353773795,0,0.7,0.17857142857142858,0.12,0.35185714285714287,0,0,0,0,0,0,0,0.0,0.0,0,0,0,0,0,0,0,0,0,0,0,0,0,0,0,0,0,0,0,0,0,0,0,,,0,0,0,0,0,0,0,0,0,0,0,0,,,,0,0,0,0,0,0,0,,0,0,0,0,0,8.8,12.8
00-0035208,O.Zaccheaus,Olamide Zaccheaus,WR,WR,"https://static.www.nfl.com/image/upload/f_auto,q_auto/league/ucpai2odeunecbe6o1dj",2025,3,REG,CHI,DAL,0,0,0,0,0,0,0,0,0,0,0,0,,,0,,1,12,0,0,0,1,0.6008073646808043,0,3,4,24,0,0,0,13,7,1,0.5627457385999151,0,1.8461538461538463,0.14285714285714285,0.052,0.2506857142857143,0,0,0,0,0,0,0,0.0,0.0,0,0,0,0,0,0,0,0,0,0,0,0,0,0,0,0,0,0,0,0,0,0,0,,,0,0,0,0,0,0,0,0,0,0,0,0,,,,0,0,0,0,0,0,0,,0,0,0,0,0,3.6,6.6
00-0035647,M.Sweat,Montez Sweat,DE,DL,"https://static.www.nfl.com/image/upload/f_auto,q_auto/league/lmaq9dyixaolzxleqb5e",2025,3,REG,CHI,DAL,0,0,0,0,0,0,0,0,0,0,0,0,,,0,,0,0,0,0,0,0,,0,0,0,0,0,0,0,0,0,0,,0,,0.0,0.0,0.0,0,2,0,0,1,7,0,1.0,7.0,2,0,0,0,0,0,0,0,0,0,0,0,0,0,0,0,0,0,0,0,0,0,0,,,0,0,0,0,0,0,0,0,0,0,0,0,,,,0,0,0,0,0,0,0,,0,0,0,0,0,0.0,0.0
00-0035857,Ch.Williams,Chris Williams,DL,DL,"https://static.www.nfl.com/image/upload/f_auto,q_auto/league/bbjvbvpdww9kquh969zh",2025,3,REG,CHI,DAL,0,0,0,0,0,0,0,0,0,0,0,0,,,0,,0,0,0,0,0,0,,0,0,0,0,0,0,0,0,0,0,,0,,0.0,0.0,0.0,0,0,0,0,0,0,0,0.0,0.0,1,0,0,0,0,0,0,0,0,0,0,0,0,0,0,0,0,0,0,0,0,0,0,,,0,0,0,0,0,0,0,0,0,0,0,0,,,,0,0,0,0,0,0,0,,0,0,0,0,0,0.0,0.0
00-0036275,D.Swift,D'Andre Swift,RB,RB,"https://static.www.nfl.com/image/upload/f_auto,q_auto/league/owpmwzoilitcodc6cmxo",2025,3,REG,CHI,DAL,0,0,0,0,0,0,0,0,0,0,0,0,,,0,,13,33,0,0,0,4,-0.14133270049933344,0,3,4,45,0,0,0,-9,62,1,1.492619038792327,0,-5.0,0.14285714285714285,-0.036,0.18908571428571427,0,0,0,0,0,0,0,0.0,0.0,0,0,0,0,0,0,0,0,0,0,0,0,0,0,0,0,0,0,0,0,0,0,0,,,0,0,0,0,0,0,0,0,0,0,0,0,,,,0,0,0,0,0,0,0,,0,0,0,0,0,7.800000000000001,10.8
00-0036290,C.Kmet,Cole Kmet,TE,TE,"https://static.www.nfl.com/image/upload/f_auto,q_auto/league/ysnui8mzlu2fo70ub0yt",2025,3,REG,CHI,DAL,0,0,0,0,0,0,0,0,0,0,0,0,,,0,,0,0,0,0,0,0,,0,1,1,10,1,0,0,10,0,1,3.326576870807912,0,1.0,0.03571428571428571,0.04,0.08157142857142857,0,0,0,1,0,0,0,0.0,0.0,0,0,0,0,0,0,0,0,0,0,0,0,0,0,0,0,0,0,0,0,0,0,0,,,0,0,0,0,0,0,0,0,0,0,0,0,,,,0,0,0,0,0,0,0,,0,0,0,0,0,7.0,8.0
00-0036331,D.Duvernay,Devin Duvernay,WR,WR,"https://static.www.nfl.com/image/upload/f_auto,q_auto/league/rhqvgqqfokrv6omkw0lg",2025,3,REG,CHI,DAL,0,0,0,0,0,0,0,0,0,0,0,0,,,0,,0,0,0,0,0,0,,0,0,0,0,0,0,0,0,0,0,,0,,0.0,0.0,0.0,0,0,0,0,0,0,0,0.0,0.0,0,0,0,0,0,0,0,0,0,0,0,0,0,0,0,2,31,1,26,0,0,0,0,,,0,0,0,0,0,0,0,0,0,0,0,0,,,,0,0,0,0,0,0,0,,0,0,0,0,0,0.0,0.0
00-0036480,D.Odeyingbo,Dayo Odeyingbo,DE,DL,"https://static.www.nfl.com/image/upload/f_auto,q_auto/league/h0brx6vrdusdxl6fkxgv",2025,3,REG,CHI,DAL,0,0,0,0,0,0,0,0,0,0,0,0,,,0,,0,0,0,0,0,0,,0,0,0,0,0,0,0,0,0,0,,0,,0.0,0.0,0.0,0,1,0,3,0,0,0,0.0,0.0,1,0,0,0,0,0,0,0,0,0,0,0,0,0,0,0,0,0,0,0,0,0,0,,,0,0,0,0,0,0,0,0,0,0,0,0,,,,0,0,0,0,0,0,0,,0,0,0,0,0,0.0,0.0
00-0036589,N.McCloud,Nick McCloud,CB,DB,"https://static.www.nfl.com/image/upload/f_auto,q_auto/league/tktqsmdus8y1alse43j5",2025,3,REG,CHI,DAL,0,0,0,0,0,0,0,0,0,0,0,0,,,0,,0,0,0,0,0,0,,0,0,0,0,0,0,0,0,0,0,,0,,0.0,0.0,0.0,0,5,0,0,0,0,0,0.0,0.0,0,0,0,0,0,0,0,0,0,0,0,0,0,0,0,0,0,0,0,0,0,0,0,,,0,0,0,0,0,0,0,0,0,0,0,0,,,,0,0,0,0,0,0,0,,0,0,0,0,0,0.0,0.0
00-0036986,N.Wright,Nahshon Wright,CB,DB,"https://static.www.nfl.com/image/upload/f_auto,q_auto/league/muwpbl5yr0o4yvkcxtu3",2025,3,REG,CHI,DAL,0,0,0,0,0,0,0,0,0,0,0,0,,,0,,0,0,0,0,0,0,,0,0,0,0,0,0,0,0,0,0,,0,,0.0,0.0,0.0,0,4,2,3,0,0,0,0.0,0.0,0,0,0,0,0,0,0,0,0,0,0,0,0,0,0,0,0,0,0,0,0,0,0,,,0,0,0,0,0,0,0,0,0,0,0,0,,,,0,0,0,0,0,0,0,,0,0,0,0,0,0.0,0.0
00-0037082,D.Robinson,Dominique Robinson,DE,DL,"https://static.www.nfl.com/image/upload/f_auto,q_auto/league/ces5sntijczc3q0pabay",2025,3,REG,CHI,DAL,0,0,0,0,0,0,0,0,0,0,0,0,,,0,,0,0,0,0,0,0,,0,0,0,0,0,0,0,0,0,0,,0,,0.0,0.0,0.0,0,3,0,1,1,10,0,1.0,10.0,1,0,0,0,0,0,0,0,0,0,0,0,0,0,0,0,0,0,0,0,0,0,0,,,0,0,0,0,0,0,0,0,0,0,0,0,,,,0,0,0,0,0,0,0,,0,0,0,0,0,0.0,0.0
00-0037395,D.Flowers,Dallis Flowers,CB,DB,"https://static.www.nfl.com/image/upload/f_auto,q_auto/league/ejoqt02yk1eubbibnxre",2025,3,REG,CHI,DAL,0,0,0,0,0,0,0,0,0,0,0,0,,,0,,0,0,0,0,0,0,,0,0,0,0,0,0,0,0,0,0,,0,,0.0,0.0,0.0,0,1,0,0,0,0,0,0.0,0.0,0,0,0,0,0,0,0,0,0,0,0,0,0,0,0,0,0,0,0,0,0,0,0,,,0,0,0,0,0,0,0,0,0,0,0,0,,,,0,0,0,0,0,0,0,,0,0,0,0,0,0.0,0.0
00-0037843,D.Hardy,Daniel Hardy,DE,DL,"https://static.www.nfl.com/image/upload/f_auto,q_auto/league/z48xtbtdtknk6e3fonre",2025,3,REG,CHI,DAL,0,0,0,0,0,0,0,0,0,0,0,0,,,0,,0,0,0,0,0,0,,0,0,0,0,0,0,0,0,0,0,,0,,0.0,0.0,0.0,0,2,0,1,0,0,0,0.0,0.0,0,0,0,0,0,0,0,0,0,0,0,0,0,1,5,0,0,0,0,0,0,0,0,,,0,0,0,0,0,0,0,0,0,0,0,0,,,,0,0,0,0,0,0,0,,0,0,0,0,0,0.0,0.0
00-0038135,J.Brisker,Jaquan Brisker,SAF,DB,"https://static.www.nfl.com/image/upload/f_auto,q_auto/league/f21nhdemlyjvrtq9j01z",2025,3,REG,CHI,DAL,0,0,0,0,0,0,0,0,0,0,0,0,,,0,,0,0,0,0,0,0,,0,0,0,0,0,0,0,0,0,0,,0,,0.0,0.0,0.0,0,2,0,1,0,0,0,0.0,0.0,0,0,0,1,0,0,0,0,0,0,0,0,0,0,0,0,0,0,0,0,0,0,0,,,0,0,0,0,0,0,0,0,0,0,0,0,,,,0,0,0,0,0,0,0,,0,0,0,0,0,0.0,0.0
00-0038390,N.Sewell,Noah Sewell,LB,LB,"https://static.www.nfl.com/image/upload/f_auto,q_auto/league/sw5wea1zlc1drxoisej0",2025,3,REG,CHI,DAL,0,0,0,0,0,0,0,0,0,0,0,0,,,0,,0,0,0,0,0,0,,0,0,0,0,0,0,0,0,0,0,,0,,0.0,0.0,0.0,0,6,0,5,0,0,0,0.0,0.0,0,0,0,0,0,0,0,0,0,0,0,0,0,0,0,0,0,0,0,0,0,0,0,,,0,0,0,0,0,0,0,0,0,0,0,0,,,,0,0,0,0,0,0,0,,0,0,0,0,0,0.0,0.0
00-0038932,D.Wright,Darnell Wright,OT,OL,"https://static.www.nfl.com/image/upload/f_auto,q_auto/league/ihow3o7fo62p8abdqgn3",2025,3,REG,CHI,DAL,0,0,0,0,0,0,0,0,0,0,0,0,,,0,,0,0,0,0,0,0,,0,0,0,0,0,0,0,0,0,0,,0,,0.0,0.0,0.0,0,0,0,0,0,0,0,0.0,0.0,0,0,0,0,0,0,0,0,0,0,0,0,0,2,15,0,0,0,0,0,0,0,0,,,0,0,0,0,0,0,0,0,0,0,0,0,,,,0,0,0,0,0,0,0,,0,0,0,0,0,0.0,0.0
00-0039021,R.Johnson,Roschon Johnson,RB,RB,"https://static.www.nfl.com/image/upload/f_auto,q_auto/league/gxzw5kntjivjixre9whh",2025,3,REG,CHI,DAL,0,0,0,0,0,0,0,0,0,0,0,0,,,0,,0,0,0,0,0,0,,0,0,0,0,0,0,0,0,0,0,,0,,0.0,0.0,0.0,0,2,0,0,0,0,0,0.0,0.0,0,0,0,0,0,0,0,0,0,0,0,0,0,1,10,0,0,0,0,0,0,0,0,,,0,0,0,0,0,0,0,0,0,0,0,0,,,,0,0,0,0,0,0,0,,0,0,0,0,0,0.0,0.0
00-0039070,G.Dexter,Gervon Dexter Sr.,DT,DL,"https://static.www.nfl.com/image/private/f_auto,q_auto/league/vj6m4qixxhqmufrr5ilo",2025,3,REG,CHI,DAL,0,0,0,0,0,0,0,0,0,0,0,0,,,0,,0,0,0,0,0,0,,0,0,0,0,0,0,0,0,0,0,,0,,0.0,0.0,0.0,0,0,0,1,0,0,0,0.0,0.0,1,0,0,0,0,0,0,0,0,0,0,0,0,0,0,0,0,0,0,0,0,0,0,,,0,0,0,0,0,0,0,0,0,0,0,0,,,,0,0,0,0,0,0,0,,0,0,0,0,0,0.0,0.0
00-0039071,T.Stevenson,Tyrique Stevenson,CB,DB,"https://static.www.nfl.com/image/upload/f_auto,q_auto/league/whzeosd28apu5wrlaixk",2025,3,REG,CHI,DAL,0,0,0,0,0,0,0,0,0,0,0,0,,,0,,0,0,0,0,0,0,,0,0,0,0,0,0,0,0,0,0,,0,,0.0,0.0,0.0,0,2,0,1,0,0,1,0.0,0.0,0,0,0,2,0,0,0,0,0,0,1,1,0,1,5,0,0,0,0,0,0,0,0,,,0,0,0,0,0,0,0,0,0,0,0,0,,,,0,0,0,0,0,0,0,,0,0,0,0,0,0.0,0.0
00-0039460,C.Jones,Carl Jones,LB,LB,"https://static.www.nfl.com/image/upload/f_auto,q_auto/league/a4lmh1641vpgogdu5hfy",2025,3,REG,CHI,DAL,0,0,0,0,0,0,0,0,0,0,0,0,,,0,,0,0,0,0,0,0,,0,0,0,0,0,0,0,0,0,0,,0,,0.0,0.0,0.0,0,1,0,1,0,0,0,0.0,0.0,0,0,0,0,0,0,0,0,0,0,0,0,0,0,0,0,0,0,0,0,0,0,0,,,0,0,0,0,0,0,0,0,0,0,0,0,,,,0,0,0,0,0,0,0,,0,0,0,0,0,0.0,0.0
00-0039745,T.Taylor,Tory Taylor,P,SPEC,"https://static.www.nfl.com/image/upload/f_auto,q_auto/league/hzzvpzjiab6znxvkp6la",2025,3,REG,CHI,DAL,0,0,0,0,0,0,0,0,0,0,0,0,,,0,,0,0,0,0,0,0,,0,0,0,0,0,0,0,0,0,0,,0,,0.0,0.0,0.0,0,0,0,0,0,0,0,0.0,0.0,0,0,0,0,0,0,0,0,0,0,0,0,0,0,0,0,0,0,0,0,0,0,0,,,0,0,0,0,0,0,0,0,0,0,0,0,,,,0,0,0,0,0,0,0,,0,0,0,0,0,0.0,0.0
00-0039918,C.Williams,Caleb Williams,QB,QB,"https://static.www.nfl.com/image/upload/f_auto,q_auto/league/h4qs11kutwiw7whekmyt",2025,3,REG,CHI,DAL,19,28,298,4,0,0,0,0,0,250,156,11,17.979574728623284,3.6546007863112857,0,1.192,5,12,0,0,0,0,-0.1486020561424084,0,0,0,0,0,0,0,0,0,0,,0,,0.0,0.0,0.0,0,0,0,0,0,0,0,0.0,0.0,0,0,0,0,0,0,0,0,0,0,0,0,0,0,0,0,0,0,0,0,0,0,0,,,0,0,0,0,0,0,0,0,0,0,0,0,,,,0,0,0,0,0,0,0,,0,0,0,0,0,29.12,29.12
00-0039919,R.Odunze,Rome Odunze,WR,WR,"https://static.www.nfl.com/image/upload/f_auto,q_auto/league/yqjdhpsno75du0n72u4w",2025,3,REG,CHI,DAL,0,0,0,0,0,0,0,0,0,0,0,0,,,0,,0,0,0,0,0,0,,0,3,7,62,1,0,0,79,23,3,2.571663144085341,0,0.7848101265822784,0.25,0.316,0.5962,0,0,0,0,0,0,0,0.0,0.0,0,0,0,0,0,0,0,0,0,0,0,0,0,0,0,0,0,0,0,0,0,0,0,,,0,0,0,0,0,0,0,0,0,0,0,0,,,,0,0,0,0,0,0,0,,0,0,0,0,0,12.2,15.2
00-0040126,C.Loveland,Colston Loveland,TE,TE,"https://static.www.nfl.com/image/upload/f_auto,q_auto/league/tyjb6vfug7gaunvcune3",2025,3,REG,CHI,DAL,0,0,0,0,0,0,0,0,0,0,0,0,,,0,,0,0,0,0,0,0,,0,1,3,31,0,0,0,65,14,1,0.616963115055114,0,0.47692307692307695,0.10714285714285714,0.26,0.3427142857142857,0,0,0,0,0,0,0,0.0,0.0,0,0,0,0,0,0,0,0,0,0,0,0,0,0,0,0,0,0,0,0,0,0,0,,,0,0,0,0,0,0,0,0,0,0,0,0,,,,0,0,0,0,0,0,0,,0,0,0,0,0,3.1,4.1
00-0040236,K.Monangai,Kyle Monangai,RB,RB,"https://static.www.nfl.com/image/upload/f_auto,q_auto/league/cici2wf1walmoluhe95i",2025,3,REG,CHI,DAL,0,0,0,0,0,0,0,0,0,0,0,0,,,0,,6,16,0,0,0,1,-1.848057791707106,0,1,1,4,0,0,0,-2,6,0,-0.4838075211737305,0,-2.0,0.03571428571428571,-0.008,0.04797142857142857,0,0,0,0,0,0,0,0.0,0.0,0,0,0,0,0,0,0,0,0,0,0,0,0,0,0,0,0,0,0,0,0,0,0,,,0,0,0,0,0,0,0,0,0,0,0,0,,,,0,0,0,0,0,0,0,,0,0,0,0,0,2.0,3.0
00-0040735,L.Burden,Luther Burden III,WR,WR,"https://static.www.nfl.com/image/upload/f_auto,q_auto/league/iyuwdz7pbowdkwzq2tg5",2025,3,REG,CHI,DAL,0,0,0,0,0,0,0,0,0,0,0,0,,,0,,1,7,0,0,0,1,1.31299523281632,0,3,3,101,1,0,0,64,37,2,5.307742307079025,0,1.578125,0.10714285714285714,0.256,0.3399142857142857,0,0,0,0,0,0,0,0.0,0.0,0,0,0,0,0,0,0,0,0,0,0,0,0,0,0,0,0,1,15,0,0,0,0,,,0,0,0,0,0,0,0,0,0,0,0,0,,,,0,0,0,0,0,0,0,,0,0,0,0,0,16.8,19.8
