player_id,player_name,player_display_name,position,position_group,headshot_url,season,week,season_type,team,opponent_team,completions,attempts,passing_yards,passing_tds,passing_interceptions,sacks_suffered,sack_yards_lost,sack_fumbles,sack_fumbles_lost,passing_air_yards,passing_yards_after_catch,passing_first_downs,passing_epa,passing_cpoe,passing_2pt_conversions,pacr,carries,rushing_yards,rushing_tds,rushing_fumbles,rushing_fumbles_lost,rushing_first_downs,rushing_epa,rushing_2pt_conversions,receptions,targets,receiving_yards,receiving_tds,receiving_fumbles,receiving_fumbles_lost,receiving_air_yards,receiving_yards_after_catch,receiving_first_downs,receiving_epa,receiving_2pt_conversions,racr,target_share,air_yards_share,wopr,special_teams_tds,def_tackles_solo,def_tackles_with_assist,def_tackle_assists,def_tackles_for_loss,def_tackles_for_loss_yards,def_fumbles_forced,def_sacks,def_sack_yards,def_qb_hits,def_interceptions,def_interception_yards,def_pass_defended,def_tds,def_fumbles,def_safeties,misc_yards,fumble_recovery_own,fumble_recovery_yards_own,fumble_recovery_opp,fumble_recovery_yards_opp,fumble_recovery_tds,penalties,penalty_yards,punt_returns,punt_return_yards,kickoff_returns,kickoff_return_yards,fg_made,fg_att,fg_missed,fg_blocked,fg_long,fg_pct,fg_made_0_19,fg_made_20_29,fg_made_30_39,fg_made_40_49,fg_made_50_59,fg_made_60_,fg_missed_0_19,fg_missed_20_29,fg_missed_30_39,fg_missed_40_49,fg_missed_50_59,fg_missed_60_,fg_made_list,fg_missed_list,fg_blocked_list,fg_made_distance,fg_missed_distance,fg_blocked_distance,pat_made,pat_att,pat_missed,pat_blocked,pat_pct,gwfg_made,gwfg_att,gwfg_missed,gwfg_blocked,gwfg_distance,fantasy_points,fantasy_points_ppr
00-0029822,B.McManus,Brandon McManus,K,SPEC,"https://static.www.nfl.com/image/upload/f_auto,q_auto/league/qvwi9b1vfkn0wlmdl7ej",2025,1,REG,GB,DET,0,0,0,0,0,0,0,0,0,0,0,0,,,0,,0,0,0,0,0,0,,0,0,0,0,0,0,0,0,0,0,,0,,0.0,0.0,0.0,0,0,0,0,0,0,0,0.0,0.0,0,0,0,0,0,0,0,0,0,0,0,0,0,0,0,0,0,0,0,2,2,0,0,38.0,1.0,0,0,2,0,0,0,0,0,0,0,0,0,34;38,,,72,0,0,3,3,0,0,1.0,0,0,0,0,0,0.0,0.0
00-0034967,R.Gary,Rashan Gary,DE,DL,"https://static.www.nfl.com/image/private/f_auto,q_auto/league/t4clz4xe8sfxszmvohfo",2025,1,REG,GB,DET,0,0,0,0,0,0,0,0,0,0,0,0,,,0,,0,0,0,0,0,0,,0,0,0,0,0,0,0,0,0,0,,0,,0.0,0.0,0.0,0,3,0,4,1,7,0,1.5,10.0,3,0,0,0,0,0,0,0,0,0,0,0,0,0,0,0,0,0,0,0,0,0,0,,,0,0,0,0,0,0,0,0,0,0,0,0,,,,0,0,0,0,0,0,0,,0,0,0,0,0,0.0,0.0
00-0035133,K.Nixon,Keisean Nixon,CB,DB,"https://static.www.nfl.com/image/upload/f_auto,q_auto/league/vl34o93l5u7ins8ioebi",2025,1,REG,GB,DET,0,0,0,0,0,0,0,0,0,0,0,0,,,0,,0,0,0,0,0,0,,0,0,0,0,0,0,0,0,0,0,,0,,0.0,0.0,0.0,0,5,0,1,1,6,0,0.0,0.0,0,0,0,0,0,0,0,0,0,0,0,0,0,0,0,0,0,0,0,0,0,0,0,,,0,0,0,0,0,0,0,0,0,0,0,0,,,,0,0,0,0,0,0,0,,0,0,0,0,0,0.0,0.0
00-0035700,J.Jacobs,Josh Jacobs,RB,RB,"https://static.www.nfl.com/image/upload/f_auto,q_auto/league/drtobqw2mk7yw3edjgwo",2025,1,REG,GB,DET,0,0,0,0,0,0,0,0,0,0,0,0,,,0,,19,66,1,0,0,3,-0.3999591988324065,0,1,1,4,0,0,0,1,3,0,-0.18524703872390091,0,4.0,0.045454545454545456,0.003952569169960474,0.0709486166007905,0,0,0,0,0,0,0,0.0,0.0,0,0,0,0,0,0,0,0,0,0,0,0,0,0,0,0,0,0,0,0,0,0,0,,,0,0,0,0,0,0,0,0,0,0,0,0,,,,0,0,0,0,0,0,0,,0,0,0,0,0,13.0,14.0
00-0036264,J.Love,Jordan Love,QB,QB,"https://static.www.nfl.com/image/upload/f_auto,q_auto/league/uneiwen9drvci9ahuebp",2025,1,REG,GB,DET,16,22,188,2,0,0,0,0,0,253,39,8,10.06529425203067,13.074940307573838,0,0.7430830039525692,3,4,0,0,0,1,-0.09109412686666474,0,0,0,0,0,0,0,0,0,0,,0,,0.0,0.0,0.0,0,0,0,0,0,0,0,0.0,0.0,0,0,0,0,0,0,0,0,0,0,0,0,0,0,0,0,0,0,0,0,0,0,0,,,0,0,0,0,0,0,0,0,0,0,0,0,,,,0,0,0,0,0,0,0,,0,0,0,0,0,15.92,15.92
00-0036388,X.McKinney,Xavier McKinney,SAF,DB,"https://static.www.nfl.com/image/upload/f_auto,q_auto/league/vvjc67dqz3mjghgkdr8v",2025,1,REG,GB,DET,0,0,0,0,0,0,0,0,0,0,0,0,,,0,,0,0,0,0,0,0,,0,0,0,0,0,0,0,0,0,0,,0,,0.0,0.0,0.0,0,2,1,3,0,0,0,0.0,0.0,0,0,0,0,0,0,0,0,0,0,0,0,0,1,15,0,0,0,0,0,0,0,0,,,0,0,0,0,0,0,0,0,0,0,0,0,,,,0,0,0,0,0,0,0,,0,0,0,0,0,0.0,0.0
00-0036648,N.Niemann,Nick Niemann,LB,LB,"https://static.www.nfl.com/image/upload/f_auto,q_auto/league/nbizfccowpxtgytc4n2u",2025,1,REG,GB,DET,0,0,0,0,0,0,0,0,0,0,0,0,,,0,,0,0,0,0,0,0,,0,0,0,0,0,0,0,0,0,0,,0,,0.0,0.0,0.0,0,1,0,3,0,0,0,0.0,0.0,0,0,0,0,0,0,0,0,0,0,0,0,0,0,0,0,0,0,0,0,0,0,0,,,0,0,0,0,0,0,0,0,0,0,0,0,,,,0,0,0,0,0,0,0,,0,0,0,0,0,0.0,0.0
00-0036658,I.McDuffie,Isaiah McDuffie,LB,LB,"https://static.www.nfl.com/image/upload/f_auto,q_auto/league/kfscpyshsfu3hswm7lkd",2025,1,REG,GB,DET,0,0,0,0,0,0,0,0,0,0,0,0,,,0,,0,0,0,0,0,0,,0,0,0,0,0,0,0,0,0,0,,0,,0.0,0.0,0.0,0,1,0,3,0,0,0,0.0,0.0,0,0,0,0,0,0,0,0,0,0,0,0,0,0,0,0,0,0,0,0,0,0,0,,,0,0,0,0,0,0,0,0,0,0,0,0,,,,0,0,0,0,0,0,0,,0,0,0,0,0,0.0,0.0
00-0036932,M.Parsons,Micah Parsons,LB,LB,"https://static.www.nfl.com/image/upload/f_auto,q_auto/league/igbkpnpsezgrvngnf5ck",2025,1,REG,GB,DET,0,0,0,0,0,0,0,0,0,0,0,0,,,0,,0,0,0,0,0,0,,0,0,0,0,0,0,0,0,0,0,,0,,0.0,0.0,0.0,0,1,0,0,1,4,0,1.0,4.0,1,0,0,0,0,0,0,0,0,0,0,0,0,1,5,0,0,0,0,0,0,0,0,,,0,0,0,0,0,0,0,0,0,0,0,0,,,,0,0,0,0,0,0,0,,0,0,0,0,0,0.0,0.0
00-0037074,Q.Walker,Quay Walker,LB,LB,"https://static.www.nfl.com/image/upload/f_auto,q_auto/league/dkqnq4ccxwrr7u34aqrz",2025,1,REG,GB,DET,0,0,0,0,0,0,0,0,0,0,0,0,,,0,,0,0,0,0,0,0,,0,0,0,0,0,0,0,0,0,0,,0,,0.0,0.0,0.0,0,5,1,3,2,3,0,0.0,0.0,0,0,0,1,0,0,0,0,0,0,0,0,0,0,0,0,0,0,0,0,0,0,0,,,0,0,0,0,0,0,0,0,0,0,0,0,,,,0,0,0,0,0,0,0,,0,0,0,0,0,0.0,0.0
00-0037075,D.Wyatt,Devonte Wyatt,DT,DL,"https://static.www.nfl.com/image/upload/f_auto,q_auto/league/p1oupvtm9kcm0wpuhape",2025,1,REG,GB,DET,0,0,0,0,0,0,0,0,0,0,0,0,,,0,,0,0,0,0,0,0,,0,0,0,0,0,0,0,0,0,0,,0,,0.0,0.0,0.0,0,1,0,2,1,8,0,1.0,8.0,3,0,0,0,0,0,0,0,0,0,0,0,0,0,0,0,0,0,0,0,0,0,0,,,0,0,0,0,0,0,0,0,0,0,0,0,,,,0,0,0,0,0,0,0,,0,0,0,0,0,0.0,0.0
00-0037083,K.Enagbare,Kingsley Enagbare,DE,DL,"https://static.www.nfl.com/image/upload/f_auto,q_auto/league/ty3h4h6l190fjiwmczlt",2025,1,REG,GB,DET,0,0,0,0,0,0,0,0,0,0,0,0,,,0,,0,0,0,0,0,0,,0,0,0,0,0,0,0,0,0,0,,0,,0.0,0.0,0.0,0,0,0,3,0,0,0,0.0,0.0,0,0,0,0,0,0,0,0,0,0,0,0,0,0,0,0,0,0,0,0,0,0,0,,,0,0,0,0,0,0,0,0,0,0,0,0,,,,0,0,0,0,0,0,0,,0,0,0,0,0,0.0,0.0
00-0037091,B.Melton,Bo Melton,CB,DB,"https://static.www.nfl.com/image/upload/f_auto,q_auto/league/yt6xe5fxszt0byq1uszm",2025,1,REG,GB,DET,0,0,0,0,0,0,0,0,0,0,0,0,,,0,,0,0,0,0,0,0,,0,0,0,0,0,0,0,0,0,0,,0,,0.0,0.0,0.0,0,0,0,0,0,0,0,0.0,0.0,0,0,0,0,0,0,0,0,0,0,0,0,0,1,10,0,0,0,0,0,0,0,0,,,0,0,0,0,0,0,0,0,0,0,0,0,,,,0,0,0,0,0,0,0,,0,0,0,0,0,0.0,0.0
00-0037306,J.FitzPatrick,John FitzPatrick,TE,TE,"https://static.www.nfl.com/image/upload/f_auto,q_auto/league/kopyksw2p51nivtldayc",2025,1,REG,GB,DET,0,0,0,0,0,0,0,0,0,0,0,0,,,0,,0,0,0,0,0,0,,0,1,1,2,0,0,0,2,0,0,-0.6270847318228334,0,1.0,0.045454545454545456,0.007905138339920948,0.07371541501976284,0,0,0,0,0,0,0,0.0,0.0,0,0,0,0,0,0,0,0,0,0,0,0,0,0,0,0,0,0,0,0,0,0,0,,,0,0,0,0,0,0,0,0,0,0,0,0,,,,0,0,0,0,0,0,0,,0,0,0,0,0,0.2,1.2
00-0037547,D.Whelan,Daniel Whelan,P,SPEC,"https://static.www.nfl.com/image/upload/f_auto,q_auto/league/lqnpsqdo5gpoxxirr9b6",2025,1,REG,GB,DET,0,0,0,0,0,0,0,0,0,0,0,0,,,0,,0,0,0,0,0,0,,0,0,0,0,0,0,0,0,0,0,,0,,0.0,0.0,0.0,0,0,0,0,0,0,0,0.0,0.0,0,0,0,0,0,0,0,0,0,0,0,0,0,0,0,0,0,0,0,0,0,0,0,,,0,0,0,0,0,0,0,0,0,0,0,0,,,,0,0,0,0,0,0,0,,0,0,0,0,0,0.0,0.0
00-0037816,R.Doubs,Romeo Doubs,WR,WR,"https://static.www.nfl.com/image/upload/f_auto,q_auto/league/ov2llp1bfetznmngqybi",2025,1,REG,GB,DET,0,0,0,0,0,0,0,0,0,0,0,0,,,0,,0,0,0,0,0,0,,0,2,4,68,0,0,0,92,5,2,2.9566467296887438,0,0.7391304347826086,0.18181818181818182,0.36363636363636365,0.5272727272727272,0,0,0,0,0,0,0,0.0,0.0,0,0,0,0,0,0,0,0,0,0,0,0,0,0,0,0,0,0,0,0,0,0,0,,,0,0,0,0,0,0,0,0,0,0,0,0,,,,0,0,0,0,0,0,0,,0,0,0,0,0,6.800000000000001,8.8
00-0038387,C.Wooden,Colby Wooden,DE,DL,"https://static.www.nfl.com/image/upload/f_auto,q_auto/league/fwupcm9mwqoufrt6sz2z",2025,1,REG,GB,DET,0,0,0,0,0,0,0,0,0,0,0,0,,,0,,0,0,0,0,0,0,,0,0,0,0,0,0,0,0,0,0,,0,,0.0,0.0,0.0,0,1,2,3,2,2,0,0.0,0.0,1,0,0,0,0,0,0,0,0,0,0,0,0,0,0,0,0,0,0,0,0,0,0,,,0,0,0,0,0,0,0,0,0,0,0,0,,,,0,0,0,0,0,0,0,,0,0,0,0,0,0.0,0.0
00-0038393,D.Wicks,Dontayvion Wicks,WR,WR,"https://static.www.nfl.com/image/upload/f_auto,q_auto/league/er7pbyq82nsbw1w3wyor",2025,1,REG,GB,DET,0,0,0,0,0,0,0,0,0,0,0,0,,,0,,0,0,0,0,0,0,,0,2,2,30,0,0,0,27,3,2,3.360471948981285,0,1.1111111111111112,0.09090909090909091,0.1067193675889328,0.2110671936758893,0,0,0,0,0,0,0,0.0,0.0,0,0,0,0,0,0,0,0,0,0,0,0,0,0,0,0,0,0,0,0,0,0,0,,,0,0,0,0,0,0,0,0,0,0,0,0,,,,0,0,0,0,0,0,0,,0,0,0,0,0,3.0,5.0
00-0038408,C.Valentine,Carrington Valentine,CB,DB,"https://static.www.nfl.com/image/upload/f_auto,q_auto/league/wtkzctyceullg5napiwx",2025,1,REG,GB,DET,0,0,0,0,0,0,0,0,0,0,0,0,,,0,,0,0,0,0,0,0,,0,0,0,0,0,0,0,0,0,0,,0,,0.0,0.0,0.0,0,1,0,0,0,0,0,0.0,0.0,0,0,0,0,0,0,0,0,0,0,0,0,0,0,0,0,0,0,0,0,0,0,0,,,0,0,0,0,0,0,0,0,0,0,0,0,,,,0,0,0,0,0,0,0,,0,0,0,0,0,0.0,0.0
00-0038685,C.Brooks,Chris Brooks,RB,RB,"https://static.www.nfl.com/image/upload/f_auto,q_auto/league/nnwloijqopel4em6vfhb",2025,1,REG,GB,DET,0,0,0,0,0,0,0,0,0,0,0,0,,,0,,1,1,0,0,0,0,-0.6781967831775546,0,1,1,2,0,0,0,2,0,0,-0.5209373527322896,0,1.0,0.045454545454545456,0.007905138339920948,0.07371541501976284,0,0,0,3,0,0,0,0.0,0.0,0,0,0,0,0,0,0,0,0,0,0,0,0,0,0,0,0,0,0,0,0,0,0,,,0,0,0,0,0,0,0,0,0,0,0,0,,,,0,0,0,0,0,0,0,,0,0,0,0,0,0.30000000000000004,1.3
00-0038797,E.Wilson,Emanuel Wilson,RB,RB,"https://static.www.nfl.com/image/upload/f_auto,q_auto/league/xni9gnwmhdex7h1ey3jq",2025,1,REG,GB,DET,0,0,0,0,0,0,0,0,0,0,0,0,,,0,,1,4,0,0,0,0,-0.5703817271860316,0,0,0,0,0,0,0,0,0,0,,0,,0.0,0.0,0.0,0,0,0,0,0,0,0,0.0,0.0,0,0,0,0,0,0,0,0,0,0,0,0,0,0,0,0,0,0,0,0,0,0,0,,,0,0,0,0,0,0,0,0,0,0,0,0,,,,0,0,0,0,0,0,0,,0,0,0,0,0,0.4,0.4
00-0038996,T.Kraft,Tucker Kraft,TE,TE,"https://static.www.nfl.com/image/upload/f_auto,q_auto/league/yr6nj1zqaqg6nbdnxu3q",2025,1,REG,GB,DET,0,0,0,0,0,0,0,0,0,0,0,0,,,0,,1,3,0,0,0,0,-0.6811154326424003,0,2,4,16,1,0,0,51,1,1,1.0176106485305354,0,0.3137254901960784,0.18181818181818182,0.2015810276679842,0.4138339920948616,0,0,0,0,0,0,0,0.0,0.0,0,0,0,0,0,0,0,0,0,0,0,0,0,0,0,0,0,0,0,0,0,0,0,,,0,0,0,0,0,0,0,0,0,0,0,0,,,,0,0,0,0,0,0,0,,0,0,0,0,0,7.9,9.9
00-0039112,L.Van Ness,Lukas Van Ness,DE,DL,"https://static.www.nfl.com/image/upload/f_auto,q_auto/league/qxrs2r7nvy9k6hlkqvyb",2025,1,REG,GB,DET,0,0,0,0,0,0,0,0,0,0,0,0,,,0,,0,0,0,0,0,0,,0,0,0,0,0,0,0,0,0,0,,0,,0.0,0.0,0.0,0,1,0,3,1,2,0,0.5,3.0,1,0,0,0,0,0,0,0,0,0,0,0,0,0,0,0,0,0,0,0,0,0,0,,,0,0,0,0,0,0,0,0,0,0,0,0,,,,0,0,0,0,0,0,0,,0,0,0,0,0,0.0,0.0
00-0039144,L.Musgrave,Luke Musgrave,TE,TE,"https://static.www.nfl.com/image/upload/f_auto,q_auto/league/erqld7keza48co6umuaa",2025,1,REG,GB,DET,0,0,0,0,0,0,0,0,0,0,0,0,,,0,,0,0,0,0,0,0,,0,1,1,4,0,0,0,1,3,0,-0.2902109402930364,0,4.0,0.045454545454545456,0.003952569169960474,0.0709486166007905,0,0,0,0,0,0,0,0.0,0.0,0,0,0,0,0,0,0,0,0,0,0,0,0,0,0,0,0,0,0,0,0,0,0,,,0,0,0,0,0,0,0,0,0,0,0,0,,,,0,0,0,0,0,0,0,,0,0,0,0,0,0.4,1.4
00-0039146,J.Reed,Jayden Reed,WR,WR,"https://static.www.nfl.com/image/upload/f_auto,q_auto/league/blh2tfg9qjthqo2g6ot4",2025,1,REG,GB,DET,0,0,0,0,0,0,0,0,0,0,0,0,,,0,,0,0,0,0,0,0,,0,3,5,45,1,0,0,70,14,2,2.658599049085751,0,0.6428571428571429,0.22727272727272727,0.2766798418972332,0.5345849802371541,0,0,0,0,0,0,0,0.0,0.0,0,0,0,0,0,0,0,0,0,0,0,0,0,0,0,2,21,0,0,0,0,0,0,,,0,0,0,0,0,0,0,0,0,0,0,0,,,,0,0,0,0,0,0,0,,0,0,0,0,0,10.5,13.5
00-0039812,T.Hopper,Ty'Ron Hopper,LB,LB,"https://static.www.nfl.com/image/upload/f_auto,q_auto/league/taqdlsfufqh99ucbl5zm",2025,1,REG,GB,DET,0,0,0,0,0,0,0,0,0,0,0,0,,,0,,0,0,0,0,0,0,,0,0,0,0,0,0,0,0,0,0,,0,,0.0,0.0,0.0,0,1,0,0,0,0,0,0.0,0.0,0,0,0,0,0,0,0,0,0,0,0,0,0,0,0,0,0,0,0,0,0,0,0,,,0,0,0,0,0,0,0,0,0,0,0,0,,,,0,0,0,0,0,0,0,,0,0,0,0,0,0.0,0.0
00-0039813,E.Williams,Evan Williams,SAF,DB,"https://static.www.nfl.com/image/upload/f_auto,q_auto/league/phwdofvsdjhqecxyx1kb",2025,1,REG,GB,DET,0,0,0,0,0,0,0,0,0,0,0,0,,,0,,0,0,0,0,0,0,,0,0,0,0,0,0,0,0,0,0,,0,,0.0,0.0,0.0,0,1,0,2,0,0,0,0.0,0.0,0,1,0,1,0,0,0,0,0,0,0,0,0,0,0,0,0,0,0,0,0,0,0,,,0,0,0,0,0,0,0,0,0,0,0,0,,,,0,0,0,0,0,0,0,,0,0,0,0,0,0.0,0.0
00-0039818,K.Oladapo,Kitan Oladapo,SAF,DB,"https://static.www.nfl.com/image/upload/f_auto,q_auto/league/vxt0byaznbu2o42n2ft7",2025,1,REG,GB,DET,0,0,0,0,0,0,0,0,0,0,0,0,,,0,,0,0,0,0,0,0,,0,0,0,0,0,0,0,0,0,0,,0,,0.0,0.0,0.0,0,0,0,1,0,0,0,0.0,0.0,0,0,0,0,0,0,0,0,0,0,0,0,0,0,0,0,0,0,0,0,0,0,0,,,0,0,0,0,0,0,0,0,0,0,0,0,,,,0,0,0,0,0,0,0,,0,0,0,0,0,0.0,0.0
00-0039850,E.Cooper,Edgerrin Cooper,LB,LB,"https://static.www.nfl.com/image/upload/f_auto,q_auto/league/huidssokjxzmjjeyb80d",2025,1,REG,GB,DET,0,0,0,0,0,0,0,0,0,0,0,0,,,0,,0,0,0,0,0,0,,0,0,0,0,0,0,0,0,0,0,,0,,0.0,0.0,0.0,0,7,1,4,0,0,0,0.0,0.0,0,0,0,0,0,0,0,0,0,0,0,0,0,0,0,0,0,0,0,0,0,0,0,,,0,0,0,0,0,0,0,0,0,0,0,0,,,,0,0,0,0,0,0,0,,0,0,0,0,0,0.0,0.0
00-0039867,J.Bullard,Javon Bullard,SAF,DB,"https://static.www.nfl.com/image/upload/f_auto,q_auto/league/vag7xsajiqpambybsapn",2025,1,REG,GB,DET,0,0,0,0,0,0,0,0,0,0,0,0,,,0,,0,0,0,0,0,0,,0,0,0,0,0,0,0,0,0,0,,0,,0.0,0.0,0.0,0,7,0,2,0,0,0,0.0,0.0,0,0,0,0,0,0,0,0,0,0,0,0,0,1,10,0,0,0,0,0,0,0,0,,,0,0,0,0,0,0,0,0,0,0,0,0,,,,0,0,0,0,0,0,0,,0,0,0,0,0,0.0,0.0
00-0040009,S.Williams,Savion Williams,WR,WR,"https://static.www.nfl.com/image/upload/f_auto,q_auto/league/fkhkv59ojmqixfxkzmno",2025,1,REG,GB,DET,0,0,0,0,0,0,0,0,0,0,0,0,,,0,,0,0,0,0,0,0,,0,1,1,1,0,0,0,-3,4,0,-0.3952059173025191,0,0.0,0.045454545454545456,-0.011857707509881422,0.05988142292490118,0,0,0,0,0,0,0,0.0,0.0,0,0,0,0,0,0,0,0,0,0,0,0,0,0,0,0,0,2,39,0,0,0,0,,,0,0,0,0,0,0,0,0,0,0,0,0,,,,0,0,0,0,0,0,0,,0,0,0,0,0,0.1,1.1
00-0040041,N.Stackhouse,Nazir Stackhouse,DT,DL,"https://static.www.nfl.com/image/upload/f_auto,q_auto/league/wytykm0xlylytd0mjuhv",2025,1,REG,GB,DET,0,0,0,0,0,0,0,0,0,0,0,0,,,0,,0,0,0,0,0,0,,0,0,0,0,0,0,0,0,0,0,,0,,0.0,0.0,0.0,0,0,0,1,0,0,0,0.0,0.0,0,0,0,0,0,0,0,0,0,0,0,0,0,0,0,0,0,0,0,0,0,0,0,,,0,0,0,0,0,0,0,0,0,0,0,0,,,,0,0,0,0,0,0,0,,0,0,0,0,0,0.0,0.0
00-0040667,M.Golden,Matthew Golden,WR,WR,"https://static.www.nfl.com/image/upload/f_auto,q_auto/league/gkbhlytvkltv5whjo3ru",2025,1,REG,GB,DET,0,0,0,0,0,0,0,0,0,0,0,0,,,0,,0,0,0,0,0,0,,0,2,2,16,0,0,0,10,6,1,2.0906518566189334,0,1.6,0.09090909090909091,0.039525691699604744,0.16403162055335968,0,0,0,0,0,0,0,0.0,0.0,0,0,0,0,0,0,0,0,0,0,0,0,0,0,0,1,11,0,0,0,0,0,0,,,0,0,0,0,0,0,0,0,0,0,0,0,,,,0,0,0,0,0,0,0,,0,0,0,0,0,1.6,3.6
00-0029822,B.McManus,Brandon McManus,K,SPEC,"https://static.www.nfl.com/image/upload/f_auto,q_auto/league/qvwi9b1vfkn0wlmdl7ej",2025,2,REG,GB,WAS,0,0,0,0,0,0,0,0,0,0,0,0,,,0,,0,0,0,0,0,0,,0,0,0,0,0,0,0,0,0,0,,0,,0.0,0.0,0.0,0,0,0,0,0,0,0,0.0,0.0,0,0,0,0,0,0,0,0,0,0,0,0,0,0,0,0,0,0,0,2,3,1,0,56.0,0.6666666666666666,0,1,0,0,1,0,0,0,0,1,0,0,22;56,48,,78,48,0,3,3,0,0,1.0,0,0,0,0,0,0.0,0.0
00-0034967,R.Gary,Rashan Gary,DE,DL,"https://static.www.nfl.com/image/private/f_auto,q_auto/league/t4clz4xe8sfxszmvohfo",2025,2,REG,GB,WAS,0,0,0,0,0,0,0,0,0,0,0,0,,,0,,0,0,0,0,0,0,,0,0,0,0,0,0,0,0,0,0,,0,,0.0,0.0,0.0,0,2,0,1,1,8,0,1.0,8.0,1,0,0,0,0,0,0,0,0,0,0,0,0,0,0,0,0,0,0,0,0,0,0,,,0,0,0,0,0,0,0,0,0,0,0,0,,,,0,0,0,0,0,0,0,,0,0,0,0,0,0.0,0.0
00-0035133,K.Nixon,Keisean Nixon,CB,DB,"https://static.www.nfl.com/image/upload/f_auto,q_auto/league/vl34o93l5u7ins8ioebi",2025,2,REG,GB,WAS,0,0,0,0,0,0,0,0,0,0,0,0,,,0,,0,0,0,0,0,0,,0,0,0,0,0,0,0,0,0,0,,0,,0.0,0.0,0.0,0,2,0,0,0,0,0,0.0,0.0,0,0,0,5,0,0,0,0,0,0,0,0,0,0,0,2,3,0,0,0,0,0,0,,,0,0,0,0,0,0,0,0,0,0,0,0,,,,0,0,0,0,0,0,0,,0,0,0,0,0,0.0,0.0
00-0035700,J.Jacobs,Josh Jacobs,RB,RB,"https://static.www.nfl.com/image/upload/f_auto,q_auto/league/drtobqw2mk7yw3edjgwo",2025,2,REG,GB,WAS,0,0,0,0,0,0,0,0,0,0,0,0,,,0,,23,84,1,0,0,4,-2.00199487275104,0,0,0,0,0,0,0,0,0,0,,0,,0.0,0.0,0.0,0,0,0,0,0,0,0,0.0,0.0,0,0,0,0,0,0,0,0,0,0,0,0,0,1,5,0,0,0,0,0,0,0,0,,,0,0,0,0,0,0,0,0,0,0,0,0,,,,0,0,0,0,0,0,0,,0,0,0,0,0,14.4,14.4
00-0036264,J.Love,Jordan Love,QB,QB,"https://static.www.nfl.com/image/upload/f_auto,q_auto/league/uneiwen9drvci9ahuebp",2025,2,REG,GB,WAS,19,31,292,2,0,2,-23,0,0,408,130,14,6.662380209949733,10.36571275304865,0,0.7156862745098039,3,12,0,0,0,1,0.3213787729619071,0,0,0,0,0,0,0,0,0,0,,0,,0.0,0.0,0.0,0,0,0,0,0,0,0,0.0,0.0,0,0,0,0,0,0,0,0,0,0,0,0,0,0,0,0,0,0,0,0,0,0,0,,,0,0,0,0,0,0,0,0,0,0,0,0,,,,0,0,0,0,0,0,0,,0,0,0,0,0,20.88,20.88
00-0036388,X.McKinney,Xavier McKinney,SAF,DB,"https://static.www.nfl.com/image/upload/f_auto,q_auto/league/vvjc67dqz3mjghgkdr8v",2025,2,REG,GB,WAS,0,0,0,0,0,0,0,0,0,0,0,0,,,0,,0,0,0,0,0,0,,0,0,0,0,0,0,0,0,0,0,,0,,0.0,0.0,0.0,0,3,0,0,0,0,0,0.0,0.0,0,0,0,1,0,0,0,0,0,0,0,0,0,1,3,0,0,0,0,0,0,0,0,,,0,0,0,0,0,0,0,0,0,0,0,0,,,,0,0,0,0,0,0,0,,0,0,0,0,0,0.0,0.0
00-0036648,N.Niemann,Nick Niemann,LB,LB,"https://static.www.nfl.com/image/upload/f_auto,q_auto/league/nbizfccowpxtgytc4n2u",2025,2,REG,GB,WAS,0,0,0,0,0,0,0,0,0,0,0,0,,,0,,0,0,0,0,0,0,,0,0,0,0,0,0,0,0,0,0,,0,,0.0,0.0,0.0,0,1,0,0,0,0,0,0.0,0.0,0,0,0,0,0,0,0,0,0,0,0,0,0,0,0,0,0,0,0,0,0,0,0,,,0,0,0,0,0,0,0,0,0,0,0,0,,,,0,0,0,0,0,0,0,,0,0,0,0,0,0.0,0.0
00-0036658,I.McDuffie,Isaiah McDuffie,LB,LB,"https://static.www.nfl.com/image/upload/f_auto,q_auto/league/kfscpyshsfu3hswm7lkd",2025,2,REG,GB,WAS,0,0,0,0,0,0,0,0,0,0,0,0,,,0,,0,0,0,0,0,0,,0,0,0,0,0,0,0,0,0,0,,0,,0.0,0.0,0.0,0,2,0,0,0,0,0,0.0,0.0,0,0,0,0,0,0,0,0,0,0,0,0,0,0,0,0,0,0,0,0,0,0,0,,,0,0,0,0,0,0,0,0,0,0,0,0,,,,0,0,0,0,0,0,0,,0,0,0,0,0,0.0,0.0
00-0036871,N.Hobbs,Nate Hobbs,CB,DB,"https://static.www.nfl.com/image/upload/f_auto,q_auto/league/tqngf0urgkjrrqtx0kzl",2025,2,REG,GB,WAS,0,0,0,0,0,0,0,0,0,0,0,0,,,0,,0,0,0,0,0,0,,0,0,0,0,0,0,0,0,0,0,,0,,0.0,0.0,0.0,0,1,0,0,0,0,0,0.0,0.0,0,0,0,0,0,0,0,0,0,0,0,0,0,1,5,0,0,0,0,0,0,0,0,,,0,0,0,0,0,0,0,0,0,0,0,0,,,,0,0,0,0,0,0,0,,0,0,0,0,0,0.0,0.0
00-0036932,M.Parsons,Micah Parsons,LB,LB,"https://static.www.nfl.com/image/upload/f_auto,q_auto/league/igbkpnpsezgrvngnf5ck",2025,2,REG,GB,WAS,0,0,0,0,0,0,0,0,0,0,0,0,,,0,,0,0,0,0,0,0,,0,0,0,0,0,0,0,0,0,0,,0,,0.0,0.0,0.0,0,0,0,2,0,0,0,0.5,5.0,3,0,0,0,0,0,0,0,0,0,0,0,0,0,0,0,0,0,0,0,0,0,0,,,0,0,0,0,0,0,0,0,0,0,0,0,,,,0,0,0,0,0,0,0,,0,0,0,0,0,0.0,0.0
00-0037074,Q.Walker,Quay Walker,LB,LB,"https://static.www.nfl.com/image/upload/f_auto,q_auto/league/dkqnq4ccxwrr7u34aqrz",2025,2,REG,GB,WAS,0,0,0,0,0,0,0,0,0,0,0,0,,,0,,0,0,0,0,0,0,,0,0,0,0,0,0,0,0,0,0,,0,,0.0,0.0,0.0,0,4,0,4,0,0,0,0.0,0.0,1,0,0,0,0,0,0,0,0,0,0,0,0,0,0,0,0,0,0,0,0,0,0,,,0,0,0,0,0,0,0,0,0,0,0,0,,,,0,0,0,0,0,0,0,,0,0,0,0,0,0.0,0.0
00-0037075,D.Wyatt,Devonte Wyatt,DT,DL,"https://static.www.nfl.com/image/upload/f_auto,q_auto/league/p1oupvtm9kcm0wpuhape",2025,2,REG,GB,WAS,0,0,0,0,0,0,0,0,0,0,0,0,,,0,,0,0,0,0,0,0,,0,0,0,0,0,0,0,0,0,0,,0,,0.0,0.0,0.0,0,2,0,0,1,1,0,1.0,1.0,2,0,0,2,0,0,0,0,0,0,0,0,0,0,0,0,0,0,0,0,0,0,0,,,0,0,0,0,0,0,0,0,0,0,0,0,,,,0,0,0,0,0,0,0,,0,0,0,0,0,0.0,0.0
00-0037076,S.Rhyan,Sean Rhyan,OT,OL,"https://static.www.nfl.com/image/upload/f_auto,q_auto/league/qkl36vd0ozvjal6lisw9",2025,2,REG,GB,WAS,0,0,0,0,0,0,0,0,0,0,0,0,,,0,,0,0,0,0,0,0,,0,0,0,0,0,0,0,0,0,0,,0,,0.0,0.0,0.0,0,0,0,0,0,0,0,0.0,0.0,0,0,0,0,0,0,0,0,0,0,0,0,0,1,10,0,0,0,0,0,0,0,0,,,0,0,0,0,0,0,0,0,0,0,0,0,,,,0,0,0,0,0,0,0,,0,0,0,0,0,0.0,0.0
00-0037083,K.Enagbare,Kingsley Enagbare,DE,DL,"https://static.www.nfl.com/image/upload/f_auto,q_auto/league/ty3h4h6l190fjiwmczlt",2025,2,REG,GB,WAS,0,0,0,0,0,0,0,0,0,0,0,0,,,0,,0,0,0,0,0,0,,0,0,0,0,0,0,0,0,0,0,,0,,0.0,0.0,0.0,0,2,0,0,0,0,0,0.0,0.0,0,0,0,0,0,0,0,0,0,0,0,0,0,0,0,0,0,0,0,0,0,0,0,,,0,0,0,0,0,0,0,0,0,0,0,0,,,,0,0,0,0,0,0,0,,0,0,0,0,0,0.0,0.0
00-0037306,J.FitzPatrick,John FitzPatrick,TE,TE,"https://static.www.nfl.com/image/upload/f_auto,q_auto/league/kopyksw2p51nivtldayc",2025,2,REG,GB,WAS,0,0,0,0,0,0,0,0,0,0,0,0,,,0,,0,0,0,0,0,0,,0,0,0,0,0,0,0,0,0,0,,0,,0.0,0.0,0.0,0,0,0,0,0,0,0,0.0,0.0,0,0,0,0,0,0,0,0,0,0,0,0,0,1,10,0,0,0,0,0,0,0,0,,,0,0,0,0,0,0,0,0,0,0,0,0,,,,0,0,0,0,0,0,0,,0,0,0,0,0,0.0,0.0
00-0037547,D.Whelan,Daniel Whelan,P,SPEC,"https://static.www.nfl.com/image/upload/f_auto,q_auto/league/lqnpsqdo5gpoxxirr9b6",2025,2,REG,GB,WAS,0,0,0,0,0,0,0,0,0,0,0,0,,,0,,0,0,0,0,0,0,,0,0,0,0,0,0,0,0,0,0,,0,,0.0,0.0,0.0,0,0,0,0,0,0,0,0.0,0.0,0,0,0,0,0,0,0,0,0,0,0,0,0,0,0,0,0,0,0,0,0,0,0,,,0,0,0,0,0,0,0,0,0,0,0,0,,,,0,0,0,0,0,0,0,,0,0,0,0,0,0.0,0.0
00-0037816,R.Doubs,Romeo Doubs,WR,WR,"https://static.www.nfl.com/image/upload/f_auto,q_auto/league/ov2llp1bfetznmngqybi",2025,2,REG,GB,WAS,0,0,0,0,0,0,0,0,0,0,0,0,,,0,,0,0,0,0,0,0,,0,3,5,28,1,0,0,85,15,2,1.1526312246569432,0,0.32941176470588235,0.18518518518518517,0.20833333333333334,0.42361111111111116,0,0,0,0,0,0,0,0.0,0.0,0,0,0,0,0,0,0,0,0,0,0,0,0,0,0,0,0,0,0,0,0,0,0,,,0,0,0,0,0,0,0,0,0,0,0,0,,,,0,0,0,0,0,0,0,,0,0,0,0,0,8.8,11.8
00-0038387,C.Wooden,Colby Wooden,DE,DL,"https://static.www.nfl.com/image/upload/f_auto,q_auto/league/fwupcm9mwqoufrt6sz2z",2025,2,REG,GB,WAS,0,0,0,0,0,0,0,0,0,0,0,0,,,0,,0,0,0,0,0,0,,0,0,0,0,0,0,0,0,0,0,,0,,0.0,0.0,0.0,0,1,0,0,0,0,0,0.0,0.0,0,0,0,0,0,0,0,0,0,0,0,0,0,0,0,0,0,0,0,0,0,0,0,,,0,0,0,0,0,0,0,0,0,0,0,0,,,,0,0,0,0,0,0,0,,0,0,0,0,0,0.0,0.0
00-0038393,D.Wicks,Dontayvion Wicks,WR,WR,"https://static.www.nfl.com/image/upload/f_auto,q_auto/league/er7pbyq82nsbw1w3wyor",2025,2,REG,GB,WAS,0,0,0,0,0,0,0,0,0,0,0,0,,,0,,0,0,0,0,0,0,,0,4,6,44,0,0,0,124,0,4,2.46770509169437,0,0.3548387096774194,0.2222222222222222,0.30392156862745096,0.546078431372549,0,0,0,0,0,0,0,0.0,0.0,0,0,0,0,0,0,0,0,0,0,0,0,0,0,0,0,0,0,0,0,0,0,0,,,0,0,0,0,0,0,0,0,0,0,0,0,,,,0,0,0,0,0,0,0,,0,0,0,0,0,4.4,8.4
00-0038398,K.Brooks,Karl Brooks,DT,DL,"https://static.www.nfl.com/image/upload/f_auto,q_auto/league/qfyjyfmkoutz6s3ffy12",2025,2,REG,GB,WAS,0,0,0,0,0,0,0,0,0,0,0,0,,,0,,0,0,0,0,0,0,,0,0,0,0,0,0,0,0,0,0,,0,,0.0,0.0,0.0,0,0,0,3,0,0,0,0.5,1.0,1,0,0,0,0,0,0,0,0,0,0,0,0,0,0,0,0,0,0,0,0,0,0,,,0,0,0,0,0,0,0,0,0,0,0,0,,,,0,0,0,0,0,0,0,,0,0,0,0,0,0.0,0.0
00-0038408,C.Valentine,Carrington Valentine,CB,DB,"https://static.www.nfl.com/image/upload/f_auto,q_auto/league/wtkzctyceullg5napiwx",2025,2,REG,GB,WAS,0,0,0,0,0,0,0,0,0,0,0,0,,,0,,0,0,0,0,0,0,,0,0,0,0,0,0,0,0,0,0,,0,,0.0,0.0,0.0,0,2,0,0,0,0,0,0.0,0.0,0,0,0,0,0,0,0,0,0,0,0,0,0,0,0,0,0,0,0,0,0,0,0,,,0,0,0,0,0,0,0,0,0,0,0,0,,,,0,0,0,0,0,0,0,,0,0,0,0,0,0.0,0.0
00-0038465,M.Heath,Malik Heath,WR,WR,"https://static.www.nfl.com/image/upload/f_auto,q_auto/league/gtvkkadrxfzlj1qxshhx",2025,2,REG,GB,WAS,0,0,0,0,0,0,0,0,0,0,0,0,,,0,,0,0,0,0,0,0,,0,1,1,37,0,0,0,37,0,1,2.1938806569669396,0,1.0,0.037037037037037035,0.09068627450980392,0.1190359477124183,0,1,0,0,0,0,0,0.0,0.0,0,0,0,0,0,0,0,0,0,0,0,0,0,0,0,0,0,0,0,0,0,0,0,,,0,0,0,0,0,0,0,0,0,0,0,0,,,,0,0,0,0,0,0,0,,0,0,0,0,0,3.7,4.7
00-0038685,C.Brooks,Chris Brooks,RB,RB,"https://static.www.nfl.com/image/upload/f_auto,q_auto/league/nnwloijqopel4em6vfhb",2025,2,REG,GB,WAS,0,0,0,0,0,0,0,0,0,0,0,0,,,0,,0,0,0,0,0,0,,0,3,4,27,0,0,0,-11,36,0,-1.541926530366621,0,-2.4545454545454546,0.14814814814814814,-0.02696078431372549,0.20334967320261438,0,0,0,0,0,0,0,0.0,0.0,0,0,0,0,0,0,0,0,0,0,0,0,0,0,0,0,0,0,0,0,0,0,0,,,0,0,0,0,0,0,0,0,0,0,0,0,,,,0,0,0,0,0,0,0,,0,0,0,0,0,2.7,5.7
00-0038797,E.Wilson,Emanuel Wilson,RB,RB,"https://static.www.nfl.com/image/upload/f_auto,q_auto/league/xni9gnwmhdex7h1ey3jq",2025,2,REG,GB,WAS,0,0,0,0,0,0,0,0,0,0,0,0,,,0,,0,0,0,0,0,0,,0,0,0,0,0,0,0,0,0,0,,0,,0.0,0.0,0.0,0,0,0,0,0,0,0,0.0,0.0,0,0,0,0,0,0,0,0,0,0,0,0,0,0,0,0,0,1,27,0,0,0,0,,,0,0,0,0,0,0,0,0,0,0,0,0,,,,0,0,0,0,0,0,0,,0,0,0,0,0,0.0,0.0
00-0038996,T.Kraft,Tucker Kraft,TE,TE,"https://static.www.nfl.com/image/upload/f_auto,q_auto/league/yr6nj1zqaqg6nbdnxu3q",2025,2,REG,GB,WAS,0,0,0,0,0,0,0,0,0,0,0,0,,,0,,0,0,0,0,0,0,,0,6,7,124,1,0,0,56,72,5,10.67915960465325,0,2.2142857142857144,0.25925925925925924,0.13725490196078433,0.48496732026143785,0,0,0,0,0,0,0,0.0,0.0,0,0,0,0,0,0,0,0,0,0,0,0,0,1,5,0,0,0,0,0,0,0,0,,,0,0,0,0,0,0,0,0,0,0,0,0,,,,0,0,0,0,0,0,0,,0,0,0,0,0,18.4,24.4
00-0039112,L.Van Ness,Lukas Van Ness,DE,DL,"https://static.www.nfl.com/image/upload/f_auto,q_auto/league/qxrs2r7nvy9k6hlkqvyb",2025,2,REG,GB,WAS,0,0,0,0,0,0,0,0,0,0,0,0,,,0,,0,0,0,0,0,0,,0,0,0,0,0,0,0,0,0,0,,0,,0.0,0.0,0.0,0,3,0,0,1,1,0,0.0,0.0,1,0,0,0,0,0,0,0,0,0,0,0,0,1,5,0,0,0,0,0,0,0,0,,,0,0,0,0,0,0,0,0,0,0,0,0,,,,0,0,0,0,0,0,0,,0,0,0,0,0,0.0,0.0
00-0039144,L.Musgrave,Luke Musgrave,TE,TE,"https://static.www.nfl.com/image/upload/f_auto,q_auto/league/erqld7keza48co6umuaa",2025,2,REG,GB,WAS,0,0,0,0,0,0,0,0,0,0,0,0,,,0,,0,0,0,0,0,0,,0,2,2,32,0,0,0,25,7,2,2.3933594789123163,0,1.28,0.07407407407407407,0.061274509803921566,0.1540032679738562,0,0,0,0,0,0,0,0.0,0.0,0,0,0,0,0,0,0,0,0,0,0,0,0,0,0,0,0,0,0,0,0,0,0,,,0,0,0,0,0,0,0,0,0,0,0,0,,,,0,0,0,0,0,0,0,,0,0,0,0,0,3.2,5.2
00-0039812,T.Hopper,Ty'Ron Hopper,LB,LB,"https://static.www.nfl.com/image/upload/f_auto,q_auto/league/taqdlsfufqh99ucbl5zm",2025,2,REG,GB,WAS,0,0,0,0,0,0,0,0,0,0,0,0,,,0,,0,0,0,0,0,0,,0,0,0,0,0,0,0,0,0,0,,0,,0.0,0.0,0.0,0,1,0,0,0,0,0,0.0,0.0,0,0,0,0,0,0,0,0,0,0,0,0,0,1,15,0,0,0,0,0,0,0,0,,,0,0,0,0,0,0,0,0,0,0,0,0,,,,0,0,0,0,0,0,0,,0,0,0,0,0,0.0,0.0
00-0039813,E.Williams,Evan Williams,SAF,DB,"https://static.www.nfl.com/image/upload/f_auto,q_auto/league/phwdofvsdjhqecxyx1kb",2025,2,REG,GB,WAS,0,0,0,0,0,0,0,0,0,0,0,0,,,0,,0,0,0,0,0,0,,0,0,0,0,0,0,0,0,0,0,,0,,0.0,0.0,0.0,0,2,0,3,0,0,0,0.0,0.0,0,0,0,0,0,0,0,0,0,0,0,0,0,0,0,0,0,0,0,0,0,0,0,,,0,0,0,0,0,0,0,0,0,0,0,0,,,,0,0,0,0,0,0,0,,0,0,0,0,0,0.0,0.0
00-0039818,K.Oladapo,Kitan Oladapo,SAF,DB,"https://static.www.nfl.com/image/upload/f_auto,q_auto/league/vxt0byaznbu2o42n2ft7",2025,2,REG,GB,WAS,0,0,0,0,0,0,0,0,0,0,0,0,,,0,,0,0,0,0,0,0,,0,0,0,0,0,0,0,0,0,0,,0,,0.0,0.0,0.0,0,1,0,0,0,0,0,0.0,0.0,0,0,0,0,0,0,0,0,0,0,0,0,0,0,0,0,0,0,0,0,0,0,0,,,0,0,0,0,0,0,0,0,0,0,0,0,,,,0,0,0,0,0,0,0,,0,0,0,0,0,0.0,0.0
00-0039831,K.Hadden,Kamal Hadden,CB,DB,"https://static.www.nfl.com/image/upload/f_auto,q_auto/league/j3ty1m9rac4bqcysjwqp",2025,2,REG,GB,WAS,0,0,0,0,0,0,0,0,0,0,0,0,,,0,,0,0,0,0,0,0,,0,0,0,0,0,0,0,0,0,0,,0,,0.0,0.0,0.0,0,0,0,0,0,0,0,0.0,0.0,0,0,0,0,0,0,0,0,0,0,0,0,0,1,9,0,0,0,0,0,0,0,0,,,0,0,0,0,0,0,0,0,0,0,0,0,,,,0,0,0,0,0,0,0,,0,0,0,0,0,0.0,0.0
00-0039850,E.Cooper,Edgerrin Cooper,LB,LB,"https://static.www.nfl.com/image/upload/f_auto,q_auto/league/huidssokjxzmjjeyb80d",2025,2,REG,GB,WAS,0,0,0,0,0,0,0,0,0,0,0,0,,,0,,0,0,0,0,0,0,,0,0,0,0,0,0,0,0,0,0,,0,,0.0,0.0,0.0,0,7,0,3,0,0,0,0.5,5.0,2,0,0,0,0,0,0,0,0,0,0,0,0,0,0,0,0,0,0,0,0,0,0,,,0,0,0,0,0,0,0,0,0,0,0,0,,,,0,0,0,0,0,0,0,,0,0,0,0,0,0.0,0.0
00-0039867,J.Bullard,Javon Bullard,SAF,DB,"https://static.www.nfl.com/image/upload/f_auto,q_auto/league/vag7xsajiqpambybsapn",2025,2,REG,GB,WAS,0,0,0,0,0,0,0,0,0,0,0,0,,,0,,0,0,0,0,0,0,,0,0,0,0,0,0,0,0,0,0,,0,,0.0,0.0,0.0,0,5,0,0,0,0,0,0.0,0.0,0,0,0,0,0,0,0,0,0,0,0,0,0,0,0,0,0,0,0,0,0,0,0,,,0,0,0,0,0,0,0,0,0,0,0,0,,,,0,0,0,0,0,0,0,,0,0,0,0,0,0.0,0.0
00-0040009,S.Williams,Savion Williams,WR,WR,"https://static.www.nfl.com/image/upload/f_auto,q_auto/league/fkhkv59ojmqixfxkzmno",2025,2,REG,GB,WAS,0,0,0,0,0,0,0,0,0,0,0,0,,,0,,2,24,0,0,0,1,1.8274521387647837,0,0,0,0,0,0,0,0,0,0,,0,,0.0,0.0,0.0,0,0,0,1,0,0,0,0.0,0.0,0,0,0,0,0,0,0,0,0,0,0,0,0,0,0,0,0,1,30,0,0,0,0,,,0,0,0,0,0,0,0,0,0,0,0,0,,,,0,0,0,0,0,0,0,,0,0,0,0,0,2.4000000000000004,2.4000000000000004
00-0040010,B.Sorrell,Barryn Sorrell,DE,DL,"https://static.www.nfl.com/image/upload/f_auto,q_auto/league/pum0i8kdur90wpfqkypv",2025,2,REG,GB,WAS,0,0,0,0,0,0,0,0,0,0,0,0,,,0,,0,0,0,0,0,0,,0,0,0,0,0,0,0,0,0,0,,0,,0.0,0.0,0.0,0,0,0,1,0,0,0,0.5,1.0,1,0,0,0,0,0,0,0,0,0,0,0,0,0,0,0,0,0,0,0,0,0,0,,,0,0,0,0,0,0,0,0,0,0,0,0,,,,0,0,0,0,0,0,0,,0,0,0,0,0,0.0,0.0
00-0040667,M.Golden,Matthew Golden,WR,WR,"https://static.www.nfl.com/image/upload/f_auto,q_auto/league/gkbhlytvkltv5whjo3ru",2025,2,REG,GB,WAS,0,0,0,0,0,0,0,0,0,0,0,0,,,0,,2,15,0,0,0,0,1.095627821981907,0,0,2,0,0,0,0,81,0,0,-3.505815312033519,0,0.0,0.07407407407407407,0.19852941176470587,0.25008169934640523,0,0,0,0,0,0,0,0.0,0.0,0,0,0,0,0,0,0,0,0,0,0,0,0,0,0,1,-2,0,0,0,0,0,0,,,0,0,0,0,0,0,0,0,0,0,0,0,,,,0,0,0,0,0,0,0,,0,0,0,0,0,1.5,1.5
00-0040726,A.Belton,Anthony Belton,OT,OL,"https://static.www.nfl.com/image/upload/f_auto,q_auto/league/erhseeamoxq7v9ay9bz8",2025,2,REG,GB,WAS,0,0,0,0,0,0,0,0,0,0,0,0,,,0,,0,0,0,0,0,0,,0,0,0,0,0,0,0,0,0,0,,0,,0.0,0.0,0.0,0,0,0,0,0,0,0,0.0,0.0,0,0,0,0,0,0,0,0,0,0,0,0,0,1,10,0,0,0,0,0,0,0,0,,,0,0,0,0,0,0,0,0,0,0,0,0,,,,0,0,0,0,0,0,0,,0,0,0,0,0,0.0,0.0
,,,,,,2025,2,REG,GB,WAS,0,0,0,0,0,0,0,0,0,0,0,0,,,0,,0,0,0,0,0,0,,0,0,0,0,0,0,0,0,0,0,,0,,0.0,0.0,0.0,0,0,0,0,0,0,0,0.0,0.0,0,0,0,0,0,0,0,0,0,0,0,0,0,17,89,0,0,0,0,0,0,0,0,,,0,0,0,0,0,0,0,0,0,0,0,0,,,,0,0,0,0,0,0,0,,0,0,0,0,0,0.0,0.0
00-0029822,B.McManus,Brandon McManus,K,SPEC,"https://static.www.nfl.com/image/upload/f_auto,q_auto/league/qvwi9b1vfkn0wlmdl7ej",2025,3,REG,GB,CLE,0,0,0,0,0,0,0,0,0,0,0,0,,,0,,0,0,0,0,0,0,,0,0,0,0,0,0,0,0,0,0,,0,,0.0,0.0,0.0,0,0,0,0,0,0,0,0.0,0.0,0,0,0,0,0,0,0,0,0,0,0,0,0,0,0,0,0,0,0,1,2,0,1,39.0,0.5,0,0,1,0,0,0,0,0,0,0,0,0,39,,43,39,0,43,1,1,0,0,1.0,0,0,0,0,0,0.0,0.0
00-0034967,R.Gary,Rashan Gary,DE,DL,"https://static.www.nfl.com/image/private/f_auto,q_auto/league/t4clz4xe8sfxszmvohfo",2025,3,REG,GB,CLE,0,0,0,0,0,0,0,0,0,0,0,0,,,0,,0,0,0,0,0,0,,0,0,0,0,0,0,0,0,0,0,,0,,0.0,0.0,0.0,0,3,0,0,2,17,0,2.0,17.0,3,0,0,0,0,0,0,0,0,0,0,0,0,0,0,0,0,0,0,0,0,0,0,,,0,0,0,0,0,0,0,0,0,0,0,0,,,,0,0,0,0,0,0,0,,0,0,0,0,0,0.0,0.0
00-0035133,K.Nixon,Keisean Nixon,CB,DB,"https://static.www.nfl.com/image/upload/f_auto,q_auto/league/vl34o93l5u7ins8ioebi",2025,3,REG,GB,CLE,0,0,0,0,0,0,0,0,0,0,0,0,,,0,,0,0,0,0,0,0,,0,0,0,0,0,0,0,0,0,0,,0,,0.0,0.0,0.0,0,3,1,0,0,0,0,0.0,0.0,0,0,0,0,0,0,0,0,0,0,0,0,0,1,2,0,0,0,0,0,0,0,0,,,0,0,0,0,0,0,0,0,0,0,0,0,,,,0,0,0,0,0,0,0,,0,0,0,0,0,0.0,0.0
00-0035700,J.Jacobs,Josh Jacobs,RB,RB,"https://static.www.nfl.com/image/upload/f_auto,q_auto/league/drtobqw2mk7yw3edjgwo",2025,3,REG,GB,CLE,0,0,0,0,0,0,0,0,0,0,0,0,,,0,,16,30,0,0,0,2,-3.7056449083939174,0,5,9,44,0,0,0,-24,59,2,-0.0366631273063831,0,-1.8333333333333333,0.36,-0.5,0.19000000000000006,0,0,0,0,0,0,0,0.0,0.0,0,0,0,0,0,0,0,0,0,0,0,0,0,0,0,0,0,0,0,0,0,0,0,,,0,0,0,0,0,0,0,0,0,0,0,0,,,,0,0,0,0,0,0,0,,0,0,0,0,0,7.4,12.4
00-0036264,J.Love,Jordan Love,QB,QB,"https://static.www.nfl.com/image/upload/f_auto,q_auto/league/uneiwen9drvci9ahuebp",2025,3,REG,GB,CLE,18,25,183,1,1,5,-34,0,0,48,137,8,-0.9422872209794448,-2.6773711442947388,0,3.8125,4,18,0,0,0,1,1.4942455049604177,0,0,0,0,0,0,0,0,0,0,,0,,0.0,0.0,0.0,0,0,0,0,0,0,0,0.0,0.0,0,0,0,0,0,0,0,0,0,0,0,0,0,0,0,0,0,0,0,0,0,0,0,,,0,0,0,0,0,0,0,0,0,0,0,0,,,,0,0,0,0,0,0,0,,0,0,0,0,0,11.120000000000001,11.120000000000001
00-0036388,X.McKinney,Xavier McKinney,SAF,DB,"https://static.www.nfl.com/image/upload/f_auto,q_auto/league/vvjc67dqz3mjghgkdr8v",2025,3,REG,GB,CLE,0,0,0,0,0,0,0,0,0,0,0,0,,,0,,0,0,0,0,0,0,,0,0,0,0,0,0,0,0,0,0,,0,,0.0,0.0,0.0,0,2,0,4,0,0,0,0.0,0.0,0,1,0,1,0,0,0,0,0,0,0,0,0,0,0,0,0,0,0,0,0,0,0,,,0,0,0,0,0,0,0,0,0,0,0,0,,,,0,0,0,0,0,0,0,,0,0,0,0,0,0.0,0.0
00-0036648,N.Niemann,Nick Niemann,LB,LB,"https://static.www.nfl.com/image/upload/f_auto,q_auto/league/nbizfccowpxtgytc4n2u",2025,3,REG,GB,CLE,0,0,0,0,0,0,0,0,0,0,0,0,,,0,,0,0,0,0,0,0,,0,0,0,0,0,0,0,0,0,0,,0,,0.0,0.0,0.0,0,1,0,0,0,0,0,0.0,0.0,0,0,0,0,0,0,0,0,0,0,0,0,0,0,0,0,0,0,0,0,0,0,0,,,0,0,0,0,0,0,0,0,0,0,0,0,,,,0,0,0,0,0,0,0,,0,0,0,0,0,0.0,0.0
00-0036658,I.McDuffie,Isaiah McDuffie,LB,LB,"https://static.www.nfl.com/image/upload/f_auto,q_auto/league/kfscpyshsfu3hswm7lkd",2025,3,REG,GB,CLE,0,0,0,0,0,0,0,0,0,0,0,0,,,0,,0,0,0,0,0,0,,0,0,0,0,0,0,0,0,0,0,,0,,0.0,0.0,0.0,0,3,0,3,1,2,0,0.0,0.0,0,0,0,0,0,0,0,0,0,0,0,0,0,0,0,0,0,0,0,0,0,0,0,,,0,0,0,0,0,0,0,0,0,0,0,0,,,,0,0,0,0,0,0,0,,0,0,0,0,0,0.0,0.0
00-0036677,Z.Anderson,Zayne Anderson,SAF,DB,"https://static.www.nfl.com/image/upload/f_auto,q_auto/league/r4j0wtxm67rnmxl6zajl",2025,3,REG,GB,CLE,0,0,0,0,0,0,0,0,0,0,0,0,,,0,,0,0,0,0,0,0,,0,0,0,0,0,0,0,0,0,0,,0,,0.0,0.0,0.0,0,1,0,1,0,0,0,0.0,0.0,0,0,0,0,0,0,0,0,0,0,0,0,0,0,0,0,0,0,0,0,0,0,0,,,0,0,0,0,0,0,0,0,0,0,0,0,,,,0,0,0,0,0,0,0,,0,0,0,0,0,0.0,0.0
00-0036871,N.Hobbs,Nate Hobbs,CB,DB,"https://static.www.nfl.com/image/upload/f_auto,q_auto/league/tqngf0urgkjrrqtx0kzl",2025,3,REG,GB,CLE,0,0,0,0,0,0,0,0,0,0,0,0,,,0,,0,0,0,0,0,0,,0,0,0,0,0,0,0,0,0,0,,0,,0.0,0.0,0.0,0,2,0,0,1,1,0,0.0,0.0,0,0,0,0,0,0,0,0,0,0,0,0,0,0,0,0,0,0,0,0,0,0,0,,,0,0,0,0,0,0,0,0,0,0,0,0,,,,0,0,0,0,0,0,0,,0,0,0,0,0,0.0,0.0
00-0036932,M.Parsons,Micah Parsons,LB,LB,"https://static.www.nfl.com/image/upload/f_auto,q_auto/league/igbkpnpsezgrvngnf5ck",2025,3,REG,GB,CLE,0,0,0,0,0,0,0,0,0,0,0,0,,,0,,0,0,0,0,0,0,,0,0,0,0,0,0,0,0,0,0,,0,,0.0,0.0,0.0,0,2,0,0,0,0,0,0.0,0.0,2,0,0,0,0,0,0,0,0,0,0,0,0,2,10,0,0,0,0,0,0,0,0,,,0,0,0,0,0,0,0,0,0,0,0,0,,,,0,0,0,0,0,0,0,,0,0,0,0,0,0.0,0.0
00-0037074,Q.Walker,Quay Walker,LB,LB,"https://static.www.nfl.com/image/upload/f_auto,q_auto/league/dkqnq4ccxwrr7u34aqrz",2025,3,REG,GB,CLE,0,0,0,0,0,0,0,0,0,0,0,0,,,0,,0,0,0,0,0,0,,0,0,0,0,0,0,0,0,0,0,,0,,0.0,0.0,0.0,0,6,0,8,0,0,0,0.0,0.0,1,0,0,1,0,0,0,0,0,0,0,0,0,0,0,0,0,0,0,0,0,0,0,,,0,0,0,0,0,0,0,0,0,0,0,0,,,,0,0,0,0,0,0,0,,0,0,0,0,0,0.0,0.0
00-0037076,S.Rhyan,Sean Rhyan,OT,OL,"https://static.www.nfl.com/image/upload/f_auto,q_auto/league/qkl36vd0ozvjal6lisw9",2025,3,REG,GB,CLE,0,0,0,0,0,0,0,0,0,0,0,0,,,0,,0,0,0,0,0,0,,0,0,0,0,0,0,0,0,0,0,,0,,0.0,0.0,0.0,0,1,0,0,0,0,0,0.0,0.0,0,0,0,0,0,0,0,0,0,0,0,0,0,0,0,0,0,0,0,0,0,0,0,,,0,0,0,0,0,0,0,0,0,0,0,0,,,,0,0,0,0,0,0,0,,0,0,0,0,0,0.0,0.0
00-0037083,K.Enagbare,Kingsley Enagbare,DE,DL,"https://static.www.nfl.com/image/upload/f_auto,q_auto/league/ty3h4h6l190fjiwmczlt",2025,3,REG,GB,CLE,0,0,0,0,0,0,0,0,0,0,0,0,,,0,,0,0,0,0,0,0,,0,0,0,0,0,0,0,0,0,0,,0,,0.0,0.0,0.0,0,0,0,0,0,0,0,0.0,0.0,1,0,0,0,0,0,0,0,0,0,0,0,0,0,0,0,0,0,0,0,0,0,0,,,0,0,0,0,0,0,0,0,0,0,0,0,,,,0,0,0,0,0,0,0,,0,0,0,0,0,0.0,0.0
00-0037196,R.Walker,Rasheed Walker,OT,OL,"https://static.www.nfl.com/image/upload/f_auto,q_auto/league/txizso7r4uhuocg4uhks",2025,3,REG,GB,CLE,0,0,0,0,0,0,0,0,0,0,0,0,,,0,,0,0,0,0,0,0,,0,0,0,0,0,0,0,0,0,0,,0,,0.0,0.0,0.0,0,0,0,0,0,0,0,0.0,0.0,0,0,0,0,0,0,0,0,0,0,0,0,0,3,15,0,0,0,0,0,0,0,0,,,0,0,0,0,0,0,0,0,0,0,0,0,,,,0,0,0,0,0,0,0,,0,0,0,0,0,0.0,0.0
00-0037306,J.FitzPatrick,John FitzPatrick,TE,TE,"https://static.www.nfl.com/image/upload/f_auto,q_auto/league/kopyksw2p51nivtldayc",2025,3,REG,GB,CLE,0,0,0,0,0,0,0,0,0,0,0,0,,,0,,0,0,0,0,0,0,,0,2,2,12,1,0,0,5,7,1,3.283563263772521,0,2.4,0.08,0.10416666666666667,0.19291666666666668,0,0,0,0,0,0,0,0.0,0.0,0,0,0,0,0,0,0,0,0,0,0,0,0,0,0,0,0,0,0,0,0,0,0,,,0,0,0,0,0,0,0,0,0,0,0,0,,,,0,0,0,0,0,0,0,,0,0,0,0,0,7.2,9.2
00-0037547,D.Whelan,Daniel Whelan,P,SPEC,"https://static.www.nfl.com/image/upload/f_auto,q_auto/league/lqnpsqdo5gpoxxirr9b6",2025,3,REG,GB,CLE,0,0,0,0,0,0,0,0,0,0,0,0,,,0,,0,0,0,0,0,0,,0,0,0,0,0,0,0,0,0,0,,0,,0.0,0.0,0.0,0,0,0,0,0,0,0,0.0,0.0,0,0,0,0,0,0,0,0,0,0,0,0,0,0,0,0,0,0,0,0,0,0,0,,,0,0,0,0,0,0,0,0,0,0,0,0,,,,0,0,0,0,0,0,0,,0,0,0,0,0,0.0,0.0
00-0037816,R.Doubs,Romeo Doubs,WR,WR,"https://static.www.nfl.com/image/upload/f_auto,q_auto/league/ov2llp1bfetznmngqybi",2025,3,REG,GB,CLE,0,0,0,0,0,0,0,0,0,0,0,0,,,0,,0,0,0,0,0,0,,0,2,2,25,0,0,0,10,15,2,3.5536665352992713,0,2.5,0.08,0.20833333333333334,0.26583333333333337,0,0,0,0,0,0,0,0.0,0.0,0,0,0,0,0,0,0,0,0,0,0,0,0,1,10,0,0,0,0,0,0,0,0,,,0,0,0,0,0,0,0,0,0,0,0,0,,,,0,0,0,0,0,0,0,,0,0,0,0,0,2.5,4.5
00-0038387,C.Wooden,Colby Wooden,DE,DL,"https://static.www.nfl.com/image/upload/f_auto,q_auto/league/fwupcm9mwqoufrt6sz2z",2025,3,REG,GB,CLE,0,0,0,0,0,0,0,0,0,0,0,0,,,0,,0,0,0,0,0,0,,0,0,0,0,0,0,0,0,0,0,,0,,0.0,0.0,0.0,0,0,0,2,0,0,0,0.0,0.0,0,0,0,0,0,0,0,0,0,0,0,0,0,0,0,0,0,0,0,0,0,0,0,,,0,0,0,0,0,0,0,0,0,0,0,0,,,,0,0,0,0,0,0,0,,0,0,0,0,0,0.0,0.0
00-0038393,D.Wicks,Dontayvion Wicks,WR,WR,"https://static.www.nfl.com/image/upload/f_auto,q_auto/league/er7pbyq82nsbw1w3wyor",2025,3,REG,GB,CLE,0,0,0,0,0,0,0,0,0,0,0,0,,,0,,0,0,0,0,0,0,,0,2,4,21,0,0,0,23,9,1,-3.9517922991759704,0,0.9130434782608695,0.16,0.4791666666666667,0.5754166666666667,0,0,0,0,0,0,0,0.0,0.0,0,0,0,0,0,0,0,0,0,0,0,0,0,0,0,0,0,0,0,0,0,0,0,,,0,0,0,0,0,0,0,0,0,0,0,0,,,,0,0,0,0,0,0,0,,0,0,0,0,0,2.1,4.1
00-0038398,K.Brooks,Karl Brooks,DT,DL,"https://static.www.nfl.com/image/upload/f_auto,q_auto/league/qfyjyfmkoutz6s3ffy12",2025,3,REG,GB,CLE,0,0,0,0,0,0,0,0,0,0,0,0,,,0,,0,0,0,0,0,0,,0,0,0,0,0,0,0,0,0,0,,0,,0.0,0.0,0.0,0,0,1,0,0,0,0,0.0,0.0,1,0,0,0,0,0,0,0,0,0,0,0,0,0,0,0,0,0,0,0,0,0,0,,,0,0,0,0,0,0,0,0,0,0,0,0,,,,0,0,0,0,0,0,0,,0,0,0,0,0,0.0,0.0
00-0038408,C.Valentine,Carrington Valentine,CB,DB,"https://static.www.nfl.com/image/upload/f_auto,q_auto/league/wtkzctyceullg5napiwx",2025,3,REG,GB,CLE,0,0,0,0,0,0,0,0,0,0,0,0,,,0,,0,0,0,0,0,0,,0,0,0,0,0,0,0,0,0,0,,0,,0.0,0.0,0.0,0,0,0,1,0,0,0,0.0,0.0,0,0,0,0,0,0,0,0,0,0,0,0,0,0,0,0,0,0,0,0,0,0,0,,,0,0,0,0,0,0,0,0,0,0,0,0,,,,0,0,0,0,0,0,0,,0,0,0,0,0,0.0,0.0
00-0038465,M.Heath,Malik Heath,WR,WR,"https://static.www.nfl.com/image/upload/f_auto,q_auto/league/gtvkkadrxfzlj1qxshhx",2025,3,REG,GB,CLE,0,0,0,0,0,0,0,0,0,0,0,0,,,0,,0,0,0,0,0,0,,0,0,0,0,0,0,0,0,0,0,,0,,0.0,0.0,0.0,0,0,0,0,0,0,0,0.0,0.0,0,0,0,0,0,0,0,0,0,0,0,0,0,1,5,0,0,0,0,0,0,0,0,,,0,0,0,0,0,0,0,0,0,0,0,0,,,,0,0,0,0,0,0,0,,0,0,0,0,0,0.0,0.0
00-0038685,C.Brooks,Chris Brooks,RB,RB,"https://static.www.nfl.com/image/upload/f_auto,q_auto/league/nnwloijqopel4em6vfhb",2025,3,REG,GB,CLE,0,0,0,0,0,0,0,0,0,0,0,0,,,0,,0,0,0,0,0,0,,0,0,0,0,0,0,0,0,0,0,,0,,0.0,0.0,0.0,0,0,0,1,0,0,0,0.0,0.0,0,0,0,0,0,0,0,0,0,0,0,0,0,0,0,0,0,0,0,0,0,0,0,,,0,0,0,0,0,0,0,0,0,0,0,0,,,,0,0,0,0,0,0,0,,0,0,0,0,0,0.0,0.0
00-0038797,E.Wilson,Emanuel Wilson,RB,RB,"https://static.www.nfl.com/image/upload/f_auto,q_auto/league/xni9gnwmhdex7h1ey3jq",2025,3,REG,GB,CLE,0,0,0,0,0,0,0,0,0,0,0,0,,,0,,6,25,0,0,0,1,0.25343445513863117,0,0,0,0,0,0,0,0,0,0,,0,,0.0,0.0,0.0,0,0,0,0,0,0,0,0.0,0.0,0,0,0,0,0,0,0,0,0,0,0,0,0,0,0,0,0,0,0,0,0,0,0,,,0,0,0,0,0,0,0,0,0,0,0,0,,,,0,0,0,0,0,0,0,,0,0,0,0,0,2.5,2.5
00-0038996,T.Kraft,Tucker Kraft,TE,TE,"https://static.www.nfl.com/image/upload/f_auto,q_auto/league/yr6nj1zqaqg6nbdnxu3q",2025,3,REG,GB,CLE,0,0,0,0,0,0,0,0,0,0,0,0,,,0,,0,0,0,0,0,0,,0,3,4,29,0,0,0,0,29,1,1.4153006534907036,0,0.0,0.16,0.0,0.24,0,0,0,0,0,0,0,0.0,0.0,0,0,0,0,0,0,0,0,0,0,0,0,0,0,0,0,0,0,0,0,0,0,0,,,0,0,0,0,0,0,0,0,0,0,0,0,,,,0,0,0,0,0,0,0,,0,0,0,0,0,2.9000000000000004,5.9
00-0039112,L.Van Ness,Lukas Van Ness,DE,DL,"https://static.www.nfl.com/image/upload/f_auto,q_auto/league/qxrs2r7nvy9k6hlkqvyb",2025,3,REG,GB,CLE,0,0,0,0,0,0,0,0,0,0,0,0,,,0,,0,0,0,0,0,0,,0,0,0,0,0,0,0,0,0,0,,0,,0.0,0.0,0.0,0,1,0,1,0,0,0,0.0,0.0,2,0,0,0,0,0,0,0,0,0,0,0,0,1,10,0,0,0,0,0,0,0,0,,,0,0,0,0,0,0,0,0,0,0,0,0,,,,0,0,0,0,0,0,0,,0,0,0,0,0,0.0,0.0
00-0039812,T.Hopper,Ty'Ron Hopper,LB,LB,"https://static.www.nfl.com/image/upload/f_auto,q_auto/league/taqdlsfufqh99ucbl5zm",2025,3,REG,GB,CLE,0,0,0,0,0,0,0,0,0,0,0,0,,,0,,0,0,0,0,0,0,,0,0,0,0,0,0,0,0,0,0,,0,,0.0,0.0,0.0,0,0,0,0,0,0,0,0.0,0.0,0,0,0,0,0,0,0,0,0,0,0,0,0,1,5,0,0,0,0,0,0,0,0,,,0,0,0,0,0,0,0,0,0,0,0,0,,,,0,0,0,0,0,0,0,,0,0,0,0,0,0.0,0.0
00-0039813,E.Williams,Evan Williams,SAF,DB,"https://static.www.nfl.com/image/upload/f_auto,q_auto/league/phwdofvsdjhqecxyx1kb",2025,3,REG,GB,CLE,0,0,0,0,0,0,0,0,0,0,0,0,,,0,,0,0,0,0,0,0,,0,0,0,0,0,0,0,0,0,0,,0,,0.0,0.0,0.0,0,3,1,2,0,0,0,0.0,0.0,0,0,0,0,0,0,0,0,0,0,0,0,0,1,3,0,0,0,0,0,0,0,0,,,0,0,0,0,0,0,0,0,0,0,0,0,,,,0,0,0,0,0,0,0,,0,0,0,0,0,0.0,0.0
00-0039850,E.Cooper,Edgerrin Cooper,LB,LB,"https://static.www.nfl.com/image/upload/f_auto,q_auto/league/huidssokjxzmjjeyb80d",2025,3,REG,GB,CLE,0,0,0,0,0,0,0,0,0,0,0,0,,,0,,0,0,0,0,0,0,,0,0,0,0,0,0,0,0,0,0,,0,,0.0,0.0,0.0,0,2,0,2,0,0,0,0.0,0.0,0,0,0,1,0,0,0,0,0,0,0,0,0,0,0,0,0,0,0,0,0,0,0,,,0,0,0,0,0,0,0,0,0,0,0,0,,,,0,0,0,0,0,0,0,,0,0,0,0,0,0.0,0.0
00-0039867,J.Bullard,Javon Bullard,SAF,DB,"https://static.www.nfl.com/image/upload/f_auto,q_auto/league/vag7xsajiqpambybsapn",2025,3,REG,GB,CLE,0,0,0,0,0,0,0,0,0,0,0,0,,,0,,0,0,0,0,0,0,,0,0,0,0,0,0,0,0,0,0,,0,,0.0,0.0,0.0,0,0,1,3,1,4,0,0.0,0.0,0,0,0,0,0,0,0,0,0,0,0,0,0,1,5,0,0,0,0,0,0,0,0,,,0,0,0,0,0,0,0,0,0,0,0,0,,,,0,0,0,0,0,0,0,,0,0,0,0,0,0.0,0.0
00-0039904,J.Morgan,Jordan Morgan,OT,OL,"https://static.www.nfl.com/image/upload/f_auto,q_auto/league/g4afet48rjhc2wdcbu7l",2025,3,REG,GB,CLE,0,0,0,0,0,0,0,0,0,0,0,0,,,0,,0,0,0,0,0,0,,0,0,0,0,0,0,0,0,0,0,,0,,0.0,0.0,0.0,0,0,0,0,0,0,0,0.0,0.0,0,0,0,0,0,0,0,0,0,0,0,0,0,2,10,0,0,0,0,0,0,0,0,,,0,0,0,0,0,0,0,0,0,0,0,0,,,,0,0,0,0,0,0,0,,0,0,0,0,0,0.0,0.0
00-0040009,S.Williams,Savion Williams,WR,WR,"https://static.www.nfl.com/image/upload/f_auto,q_auto/league/fkhkv59ojmqixfxkzmno",2025,3,REG,GB,CLE,0,0,0,0,0,0,0,0,0,0,0,0,,,0,,2,-1,0,0,0,0,-1.3950568893924356,0,0,0,0,0,0,0,0,0,0,,0,,0.0,0.0,0.0,0,0,0,0,0,0,0,0.0,0.0,0,0,0,0,0,0,0,0,0,0,0,0,0,0,0,0,0,3,78,0,0,0,0,,,0,0,0,0,0,0,0,0,0,0,0,0,,,,0,0,0,0,0,0,0,,0,0,0,0,0,-0.1,-0.1
00-0040667,M.Golden,Matthew Golden,WR,WR,"https://static.www.nfl.com/image/upload/f_auto,q_auto/league/gkbhlytvkltv5whjo3ru",2025,3,REG,GB,CLE,0,0,0,0,0,0,0,0,0,0,0,0,,,0,,3,9,0,0,0,0,-0.4468499608337879,0,4,4,52,0,0,0,34,18,1,3.8685957374982536,0,1.5294117647058822,0.16,0.7083333333333334,0.7358333333333333,0,0,0,0,0,0,0,0.0,0.0,0,0,0,0,0,0,0,0,0,0,0,0,0,0,0,2,8,0,0,0,0,0,0,,,0,0,0,0,0,0,0,0,0,0,0,0,,,,0,0,0,0,0,0,0,,0,0,0,0,0,6.1000000000000005,10.100000000000001
