player_id,player_name,player_display_name,position,position_group,headshot_url,season,week,season_type,team,opponent_team,completions,attempts,passing_yards,passing_tds,passing_interceptions,sacks_suffered,sack_yards_lost,sack_fumbles,sack_fumbles_lost,passing_air_yards,passing_yards_after_catch,passing_first_downs,passing_epa,passing_cpoe,passing_2pt_conversions,pacr,carries,rushing_yards,rushing_tds,rushing_fumbles,rushing_fumbles_lost,rushing_first_downs,rushing_epa,rushing_2pt_conversions,receptions,targets,receiving_yards,receiving_tds,receiving_fumbles,receiving_fumbles_lost,receiving_air_yards,receiving_yards_after_catch,receiving_first_downs,receiving_epa,receiving_2pt_conversions,racr,target_share,air_yards_share,wopr,special_teams_tds,def_tackles_solo,def_tackles_with_assist,def_tackle_assists,def_tackles_for_loss,def_tackles_for_loss_yards,def_fumbles_forced,def_sacks,def_sack_yards,def_qb_hits,def_interceptions,def_interception_yards,def_pass_defended,def_tds,def_fumbles,def_safeties,misc_yards,fumble_recovery_own,fumble_recovery_yards_own,fumble_recovery_opp,fumble_recovery_yards_opp,fumble_recovery_tds,penalties,penalty_yards,punt_returns,punt_return_yards,kickoff_returns,kickoff_return_yards,fg_made,fg_att,fg_missed,fg_blocked,fg_long,fg_pct,fg_made_0_19,fg_made_20_29,fg_made_30_39,fg_made_40_49,fg_made_50_59,fg_made_60_,fg_missed_0_19,fg_missed_20_29,fg_missed_30_39,fg_missed_40_49,fg_missed_50_59,fg_missed_60_,fg_made_list,fg_missed_list,fg_blocked_list,fg_made_distance,fg_missed_distance,fg_blocked_distance,pat_made,pat_att,pat_missed,pat_blocked,pat_pct,gwfg_made,gwfg_att,gwfg_missed,gwfg_blocked,gwfg_distance,fantasy_points,fantasy_points_ppr
00-0029692,B.Anger,Bryan Anger,P,SPEC,"https://static.www.nfl.com/image/upload/f_auto,q_auto/league/e1fozrp2fhprrkheqt0x",2025,1,REG,DAL,PHI,0,0,0,0,0,0,0,0,0,0,0,0,,,0,,0,0,0,0,0,0,,0,0,0,0,0,0,0,0,0,0,,0,,0.0,0.0,0.0,0,0,0,0,0,0,0,0.0,0.0,0,0,0,0,0,0,0,0,0,0,0,0,0,0,0,0,0,0,0,0,0,0,0,,,0,0,0,0,0,0,0,0,0,0,0,0,,,,0,0,0,0,0,0,0,,0,0,0,0,0,0.0,0.0
00-0032052,D.Fowler,Dante Fowler Jr.,DE,DL,"https://static.www.nfl.com/image/upload/f_auto,q_auto/league/tuvfudn3repds06zb5hi",2025,1,REG,DAL,PHI,0,0,0,0,0,0,0,0,0,0,0,0,,,0,,0,0,0,0,0,0,,0,0,0,0,0,0,0,0,0,0,,0,,0.0,0.0,0.0,0,0,0,0,0,0,0,0.0,0.0,1,0,0,0,0,0,0,0,0,0,0,0,0,0,0,0,0,0,0,0,0,0,0,,,0,0,0,0,0,0,0,0,0,0,0,0,,,,0,0,0,0,0,0,0,,0,0,0,0,0,0.0,0.0
00-0033077,D.Prescott,Dak Prescott,QB,QB,"https://static.www.nfl.com/image/upload/f_auto,q_auto/league/blixemm3s9sa4gmqk5yn",2025,1,REG,DAL,PHI,21,34,188,0,0,0,0,0,0,329,75,9,1.6543752712656965,0.17288182720993506,0,0.5714285714285714,1,3,0,0,0,0,-0.270603415730875,0,0,0,0,0,0,0,0,0,0,,0,,0.0,0.0,0.0,0,1,0,0,0,0,0,0.0,0.0,0,0,0,0,0,0,0,0,0,0,0,0,0,0,0,0,0,0,0,0,0,0,0,,,0,0,0,0,0,0,0,0,0,0,0,0,,,,0,0,0,0,0,0,0,,0,0,0,0,0,7.82,7.82
00-0033120,K.Clark,Kenny Clark,NT,DL,"https://static.www.nfl.com/image/upload/f_auto,q_auto/league/ydhhuuqdppcs8vzi6v7d",2025,1,REG,DAL,PHI,0,0,0,0,0,0,0,0,0,0,0,0,,,0,,0,0,0,0,0,0,,0,0,0,0,0,0,0,0,0,0,,0,,0.0,0.0,0.0,0,2,0,3,0,0,0,0.0,0.0,0,0,0,0,0,0,0,0,0,0,0,0,0,0,0,0,0,0,0,0,0,0,0,,,0,0,0,0,0,0,0,0,0,0,0,0,,,,0,0,0,0,0,0,0,,0,0,0,0,0,0.0,0.0
00-0033870,S.Thomas,Solomon Thomas,DE,DL,"https://static.www.nfl.com/image/upload/f_auto,q_auto/league/pk5ozcdcbehjnw3txvu8",2025,1,REG,DAL,PHI,0,0,0,0,0,0,0,0,0,0,0,0,,,0,,0,0,0,0,0,0,,0,0,0,0,0,0,0,0,0,0,,0,,0.0,0.0,0.0,0,2,1,2,1,1,0,0.0,0.0,0,0,0,0,0,0,0,0,0,0,0,0,0,0,0,0,0,0,0,0,0,0,0,,,0,0,0,0,0,0,0,0,0,0,0,0,,,,0,0,0,0,0,0,0,,0,0,0,0,0,0.0,0.0
00-0033877,M.Hooker,Malik Hooker,FS,DB,"https://static.www.nfl.com/image/upload/f_auto,q_auto/league/juvd0vtnne04b8fbqaf6",2025,1,REG,DAL,PHI,0,0,0,0,0,0,0,0,0,0,0,0,,,0,,0,0,0,0,0,0,,0,0,0,0,0,0,0,0,0,0,,0,,0.0,0.0,0.0,0,4,0,5,0,0,0,0.0,0.0,0,0,0,0,0,0,0,0,0,0,0,0,0,0,0,0,0,0,0,0,0,0,0,,,0,0,0,0,0,0,0,0,0,0,0,0,,,,0,0,0,0,0,0,0,,0,0,0,0,0,0.0,0.0
00-0035243,M.Sanders,Miles Sanders,RB,RB,"https://static.www.nfl.com/image/upload/f_auto,q_auto/league/niyjjkzmxjmesftgjs8y",2025,1,REG,DAL,PHI,0,0,0,0,0,0,0,0,0,0,0,0,,,0,,4,53,0,1,1,2,-2.251979804423172,0,1,1,-3,0,0,0,-5,2,0,-0.6879833259154111,0,0.6,0.030303030303030304,-0.015197568389057751,0.03481624758220503,0,0,0,0,0,0,0,0.0,0.0,0,0,0,0,0,0,0,0,0,0,0,0,0,0,0,0,0,0,0,0,0,0,0,,,0,0,0,0,0,0,0,0,0,0,0,0,,,,0,0,0,0,0,0,0,,0,0,0,0,0,3.0,4.0
00-0035301,D.Wilson,Donovan Wilson,SAF,DB,"https://static.www.nfl.com/image/upload/f_auto,q_auto/league/fl10d0bhrvfrqkjamcgp",2025,1,REG,DAL,PHI,0,0,0,0,0,0,0,0,0,0,0,0,,,0,,0,0,0,0,0,0,,0,0,0,0,0,0,0,0,0,0,,0,,0.0,0.0,0.0,0,0,0,1,0,0,0,0.0,0.0,0,0,0,0,0,0,0,0,0,0,0,0,0,0,0,0,0,0,0,0,0,0,0,,,0,0,0,0,0,0,0,0,0,0,0,0,,,,0,0,0,0,0,0,0,,0,0,0,0,0,0.0,0.0
00-0036358,C.Lamb,CeeDee Lamb,WR,WR,"https://static.www.nfl.com/image/upload/f_auto,q_auto/league/ijxzvtumjhqu3zva1bwc",2025,1,REG,DAL,PHI,0,0,0,0,0,0,0,0,0,0,0,0,,,0,,0,0,0,0,0,0,,0,7,13,110,0,0,0,182,44,6,2.5406614210805856,0,0.6043956043956044,0.3939393939393939,0.5531914893617021,0.9781431334622823,0,0,0,0,0,0,0,0.0,0.0,0,0,0,0,0,0,0,0,0,0,0,0,0,0,0,0,0,0,0,0,0,0,0,,,0,0,0,0,0,0,0,0,0,0,0,0,,,,0,0,0,0,0,0,0,,0,0,0,0,0,11.0,18.0
00-0036361,T.Diggs,Trevon Diggs,CB,DB,"https://static.www.nfl.com/image/upload/f_auto,q_auto/league/ktdcor3rnkwpgehtwldn",2025,1,REG,DAL,PHI,0,0,0,0,0,0,0,0,0,0,0,0,,,0,,0,0,0,0,0,0,,0,0,0,0,0,0,0,0,0,0,,0,,0.0,0.0,0.0,0,1,0,0,0,0,0,0.0,0.0,0,0,0,0,0,0,0,0,0,0,0,0,0,0,0,0,0,0,0,0,0,0,0,,,0,0,0,0,0,0,0,0,0,0,0,0,,,,0,0,0,0,0,0,0,,0,0,0,0,0,0.0,0.0
00-0036441,K.Murray,"Kenneth Murray, Jr.",LB,LB,"https://static.www.nfl.com/image/upload/f_auto,q_auto/league/up14o9gpznxgcvc5xtqh",2025,1,REG,DAL,PHI,0,0,0,0,0,0,0,0,0,0,0,0,,,0,,0,0,0,0,0,0,,0,0,0,0,0,0,0,0,0,0,,0,,0.0,0.0,0.0,0,4,0,5,0,0,0,0.0,0.0,0,0,0,0,0,0,0,0,0,0,0,0,0,0,0,0,0,0,0,0,0,0,0,,,0,0,0,0,0,0,0,0,0,0,0,0,,,,0,0,0,0,0,0,0,,0,0,0,0,0,0.0,0.0
00-0036942,O.Odighizuwa,Osa Odighizuwa,DT,DL,"https://static.www.nfl.com/image/upload/f_auto,q_auto/league/xjx8vxlafv4i0hmvtrje",2025,1,REG,DAL,PHI,0,0,0,0,0,0,0,0,0,0,0,0,,,0,,0,0,0,0,0,0,,0,0,0,0,0,0,0,0,0,0,,0,,0.0,0.0,0.0,0,1,0,2,0,0,0,0.0,0.0,1,0,0,0,0,0,0,0,0,0,0,0,0,0,0,0,0,0,0,0,0,0,0,,,0,0,0,0,0,0,0,0,0,0,0,0,,,,0,0,0,0,0,0,0,,0,0,0,0,0,0.0,0.0
00-0036997,J.Williams,Javonte Williams,RB,RB,"https://static.www.nfl.com/image/upload/f_auto,q_auto/league/hwzske22c4wrlf27qrih",2025,1,REG,DAL,PHI,0,0,0,0,0,0,0,0,0,0,0,0,,,0,,15,54,2,0,0,5,2.8649670596932992,0,2,3,10,0,0,0,3,6,0,-1.8642844755668193,0,3.3333333333333335,0.09090909090909091,0.00911854103343465,0.14274661508704062,0,0,0,0,0,0,0,0.0,0.0,0,0,0,0,0,0,0,0,0,0,0,0,0,0,0,0,0,0,0,0,0,0,0,,,0,0,0,0,0,0,0,0,0,0,0,0,,,,0,0,0,0,0,0,0,,0,0,0,0,0,18.4,20.4
00-0037109,J.Sanborn,Jack Sanborn,LB,LB,"https://static.www.nfl.com/image/upload/f_auto,q_auto/league/zlvowg4wze6yjwccibk2",2025,1,REG,DAL,PHI,0,0,0,0,0,0,0,0,0,0,0,0,,,0,,0,0,0,0,0,0,,0,0,0,0,0,0,0,0,0,0,,0,,0.0,0.0,0.0,0,1,1,4,1,1,0,0.0,0.0,0,0,0,0,0,0,0,0,0,0,0,0,0,0,0,0,0,0,0,0,0,0,0,,,0,0,0,0,0,0,0,0,0,0,0,0,,,,0,0,0,0,0,0,0,,0,0,0,0,0,0.0,0.0
00-0037242,K.Elam,Kaiir Elam,CB,DB,"https://static.www.nfl.com/image/upload/f_auto,q_auto/league/ye7stldje2waxyyjukvw",2025,1,REG,DAL,PHI,0,0,0,0,0,0,0,0,0,0,0,0,,,0,,0,0,0,0,0,0,,0,0,0,0,0,0,0,0,0,0,,0,,0.0,0.0,0.0,0,4,0,2,0,0,0,0.0,0.0,0,0,0,0,0,0,0,0,0,0,0,0,0,0,0,0,0,0,0,0,0,0,0,,,0,0,0,0,0,0,0,0,0,0,0,0,,,,0,0,0,0,0,0,0,,0,0,0,0,0,0.0,0.0
00-0037243,T.Smith,Tyler Smith,OT,OL,"https://static.www.nfl.com/image/upload/f_auto,q_auto/league/hem9gdkwxuowfcvomvfx",2025,1,REG,DAL,PHI,0,0,0,0,0,0,0,0,0,0,0,0,,,0,,0,0,0,0,0,0,,0,0,0,0,0,0,0,0,0,0,,0,,0.0,0.0,0.0,0,0,0,0,0,0,0,0.0,0.0,0,0,0,0,0,0,0,0,0,0,0,0,0,1,10,0,0,0,0,0,0,0,0,,,0,0,0,0,0,0,0,0,0,0,0,0,,,,0,0,0,0,0,0,0,,0,0,0,0,0,0.0,0.0
00-0037247,G.Pickens,George Pickens,WR,WR,"https://static.www.nfl.com/image/upload/f_auto,q_auto/league/cbpyykoguf7rsxezqzvk",2025,1,REG,DAL,PHI,0,0,0,0,0,0,0,0,0,0,0,0,,,0,,0,0,0,0,0,0,,0,3,4,30,0,0,0,52,1,2,1.5498460174898652,0,0.5769230769230769,0.12121212121212122,0.1580547112462006,0.29245647969052224,0,0,0,0,0,0,0,0.0,0.0,0,0,0,0,0,0,0,0,0,0,0,0,0,1,15,0,0,0,0,0,0,0,0,,,0,0,0,0,0,0,0,0,0,0,0,0,,,,0,0,0,0,0,0,0,,0,0,0,0,0,3.0,6.0
00-0037275,D.Bland,DaRon Bland,CB,DB,"https://static.www.nfl.com/image/upload/f_auto,q_auto/league/cl7cnkp2mm58j8o086nm",2025,1,REG,DAL,PHI,0,0,0,0,0,0,0,0,0,0,0,0,,,0,,0,0,0,0,0,0,,0,0,0,0,0,0,0,0,0,0,,0,,0.0,0.0,0.0,0,2,0,1,0,0,0,0.0,0.0,0,0,0,0,0,0,0,0,0,0,0,0,0,0,0,0,0,0,0,0,0,0,0,,,0,0,0,0,0,0,0,0,0,0,0,0,,,,0,0,0,0,0,0,0,,0,0,0,0,0,0.0,0.0
00-0037281,D.Clark,Damone Clark,LB,LB,"https://static.www.nfl.com/image/upload/f_auto,q_auto/league/gmsr31hk1blgplqqkzml",2025,1,REG,DAL,PHI,0,0,0,0,0,0,0,0,0,0,0,0,,,0,,0,0,0,0,0,0,,0,0,0,0,0,0,0,0,0,0,,0,,0.0,0.0,0.0,0,3,0,3,0,0,0,0.0,0.0,0,0,0,0,0,0,0,0,0,0,0,0,0,0,0,0,0,0,0,0,0,0,0,,,0,0,0,0,0,0,0,0,0,0,0,0,,,,0,0,0,0,0,0,0,,0,0,0,0,0,0.0,0.0
00-0037310,J.Houston,James Houston,DE,DL,"https://static.www.nfl.com/image/upload/f_auto,q_auto/league/wrqp1yxxj1diweafto22",2025,1,REG,DAL,PHI,0,0,0,0,0,0,0,0,0,0,0,0,,,0,,0,0,0,0,0,0,,0,0,0,0,0,0,0,0,0,0,,0,,0.0,0.0,0.0,0,2,0,0,1,4,0,0.0,0.0,0,0,0,0,0,0,0,0,0,0,0,0,0,0,0,0,0,0,0,0,0,0,0,,,0,0,0,0,0,0,0,0,0,0,0,0,,,,0,0,0,0,0,0,0,,0,0,0,0,0,0.0,0.0
00-0037665,S.Williams,Sam Williams,DE,DL,"https://static.www.nfl.com/image/upload/f_auto,q_auto/league/vspx1wxdwmektj1pjd6c",2025,1,REG,DAL,PHI,0,0,0,0,0,0,0,0,0,0,0,0,,,0,,0,0,0,0,0,0,,0,0,0,0,0,0,0,0,0,0,,0,,0.0,0.0,0.0,0,3,0,2,1,1,0,0.0,0.0,1,0,0,0,0,0,0,0,0,0,0,0,0,0,0,0,0,0,0,0,0,0,0,,,0,0,0,0,0,0,0,0,0,0,0,0,,,,0,0,0,0,0,0,0,,0,0,0,0,0,0.0,0.0
00-0037666,J.Tolbert,Jalen Tolbert,WR,WR,"https://static.www.nfl.com/image/upload/f_auto,q_auto/league/pif5ffxlibkfp90k1sj4",2025,1,REG,DAL,PHI,0,0,0,0,0,0,0,0,0,0,0,0,,,0,,0,0,0,0,0,0,,0,1,2,0,0,0,0,9,3,0,-0.7607343396521173,0,0.0,0.06060606060606061,0.02735562310030395,0.11005802707930368,0,0,0,0,0,0,0,0.0,0.0,0,0,0,0,0,0,0,0,0,0,0,0,0,0,0,0,0,1,20,0,0,0,0,,,0,0,0,0,0,0,0,0,0,0,0,0,,,,0,0,0,0,0,0,0,,0,0,0,0,0,0.0,1.0
00-0037692,B.Aubrey,Brandon Aubrey,K,SPEC,"https://static.www.nfl.com/image/upload/f_auto,q_auto/league/ynyyootbeabm5sx4ejgt",2025,1,REG,DAL,PHI,0,0,0,0,0,0,0,0,0,0,0,0,,,0,,0,0,0,0,0,0,,0,0,0,0,0,0,0,0,0,0,,0,,0.0,0.0,0.0,0,0,0,0,0,0,0,0.0,0.0,0,0,0,0,0,0,0,0,0,0,0,0,0,0,0,0,0,0,0,2,2,0,0,53.0,1.0,0,0,0,1,1,0,0,0,0,0,0,0,41;53,,,94,0,0,2,2,0,0,1.0,0,0,0,0,0,0.0,0.0
00-0037801,K.Turpin,KaVontae Turpin,WR,WR,"https://static.www.nfl.com/image/upload/f_auto,q_auto/league/cgjwzierootp8gjem5oe",2025,1,REG,DAL,PHI,0,0,0,0,0,0,0,0,0,0,0,0,,,0,,2,9,0,0,0,1,0.4144982958678156,0,2,2,18,0,0,0,7,11,1,1.0528050432913005,0,2.5714285714285716,0.06060606060606061,0.02127659574468085,0.1058027079303675,0,0,0,0,0,0,0,0.0,0.0,0,0,0,0,0,0,0,0,0,0,0,0,0,0,0,0,0,4,81,0,0,0,0,,,0,0,0,0,0,0,0,0,0,0,0,0,,,,0,0,0,0,0,0,0,,0,0,0,0,0,2.7,4.7
00-0038041,J.Ferguson,Jake Ferguson,TE,TE,"https://static.www.nfl.com/image/upload/f_auto,q_auto/league/ebdz1yf8ky2mscdvyv1v",2025,1,REG,DAL,PHI,0,0,0,0,0,0,0,0,0,0,0,0,,,0,,0,0,0,0,0,0,,0,5,6,23,0,0,0,35,8,0,0.368815861933399,0,0.6571428571428571,0.18181818181818182,0.10638297872340426,0.3471953578336557,0,0,0,0,0,0,0,0.0,0.0,0,0,0,0,0,0,0,0,0,0,0,0,0,0,0,0,0,0,0,0,0,0,0,,,0,0,0,0,0,0,0,0,0,0,0,0,,,,0,0,0,0,0,0,0,,0,0,0,0,0,2.3000000000000003,7.300000000000001
00-0038547,L.Schoonmaker,Luke Schoonmaker,TE,TE,"https://static.www.nfl.com/image/upload/f_auto,q_auto/league/mjaidpltef1ctqwrk5o5",2025,1,REG,DAL,PHI,0,0,0,0,0,0,0,0,0,0,0,0,,,0,,0,0,0,0,0,0,,0,0,1,0,0,0,0,22,0,0,-0.5132009220542386,0,0.0,0.030303030303030304,0.0668693009118541,0.09226305609284333,0,0,0,0,0,0,0,0.0,0.0,0,0,0,0,0,0,0,0,0,0,0,0,0,0,0,0,0,0,0,0,0,0,0,,,0,0,0,0,0,0,0,0,0,0,0,0,,,,0,0,0,0,0,0,0,,0,0,0,0,0,0.0,0.0
00-0039352,M.Liufau,Marist Liufau,LB,LB,"https://static.www.nfl.com/image/upload/f_auto,q_auto/league/voinp0fsdncarxwbgrii",2025,1,REG,DAL,PHI,0,0,0,0,0,0,0,0,0,0,0,0,,,0,,0,0,0,0,0,0,,0,0,0,0,0,0,0,0,0,0,,0,,0.0,0.0,0.0,0,3,0,0,0,0,0,0.0,0.0,0,0,0,0,0,0,0,0,0,0,0,0,0,1,12,0,0,0,0,0,0,0,0,,,0,0,0,0,0,0,0,0,0,0,0,0,,,,0,0,0,0,0,0,0,,0,0,0,0,0,0.0,0.0
00-0039530,B.Spann-Ford,Brevyn Spann-Ford,TE,TE,"https://static.www.nfl.com/image/upload/f_auto,q_auto/league/tsblwzvfsxuvohhfagls",2025,1,REG,DAL,PHI,0,0,0,0,0,0,0,0,0,0,0,0,,,0,,0,0,0,0,0,0,,0,0,1,0,0,0,0,26,0,0,-0.5025109332054853,0,0.0,0.030303030303030304,0.0790273556231003,0.10077369439071567,0,0,0,0,0,0,0,0.0,0.0,0,0,0,0,0,0,0,0,0,0,0,0,0,0,0,0,0,0,0,0,0,0,0,,,0,0,0,0,0,0,0,0,0,0,0,0,,,,0,0,0,0,0,0,0,,0,0,0,0,0,0.0,0.0
00-0039900,M.Kneeland,Marshawn Kneeland,DE,DL,"https://static.www.nfl.com/image/upload/f_auto,q_auto/league/ghcwtmz5knxwpnddbymm",2025,1,REG,DAL,PHI,0,0,0,0,0,0,0,0,0,0,0,0,,,0,,0,0,0,0,0,0,,0,0,0,0,0,0,0,0,0,0,,0,,0.0,0.0,0.0,0,2,0,1,1,8,0,1.0,8.0,1,0,0,0,0,0,0,0,0,0,0,0,0,0,0,0,0,0,0,0,0,0,0,,,0,0,0,0,0,0,0,0,0,0,0,0,,,,0,0,0,0,0,0,0,,0,0,0,0,0,0.0,0.0
00-0040019,J.Toia,Jay Toia,DT,DL,"https://static.www.nfl.com/image/upload/f_auto,q_auto/league/qletoidqmfaooqky1ra6",2025,1,REG,DAL,PHI,0,0,0,0,0,0,0,0,0,0,0,0,,,0,,0,0,0,0,0,0,,0,0,0,0,0,0,0,0,0,0,,0,,0.0,0.0,0.0,0,0,0,1,0,0,0,0.0,0.0,0,0,0,0,0,0,0,0,0,0,0,0,0,0,0,0,0,0,0,0,0,0,0,,,0,0,0,0,0,0,0,0,0,0,0,0,,,,0,0,0,0,0,0,0,,0,0,0,0,0,0.0,0.0
00-0040725,D.Ezeiruaku,Donovan Ezeiruaku,DE,DL,"https://static.www.nfl.com/image/upload/f_auto,q_auto/league/p01praffl9gjoogdgaq8",2025,1,REG,DAL,PHI,0,0,0,0,0,0,0,0,0,0,0,0,,,0,,0,0,0,0,0,0,,0,0,0,0,0,0,0,0,0,0,,0,,0.0,0.0,0.0,0,1,0,0,0,0,0,0.0,0.0,1,0,0,0,0,0,0,0,0,0,0,0,0,0,0,0,0,0,0,0,0,0,0,,,0,0,0,0,0,0,0,0,0,0,0,0,,,,0,0,0,0,0,0,0,,0,0,0,0,0,0.0,0.0
,,,,,,2025,1,REG,DAL,PHI,0,0,0,0,0,0,0,0,0,0,0,0,,,0,,0,0,0,0,0,0,,0,0,0,0,0,0,0,0,0,0,,0,,0.0,0.0,0.0,0,0,0,0,0,0,0,0.0,0.0,0,0,0,0,0,0,0,0,0,0,0,0,0,25,117,0,0,0,0,0,0,0,0,,,0,0,0,0,0,0,0,0,0,0,0,0,,,,0,0,0,0,0,0,0,,0,0,0,0,0,0.0,0.0
00-0029692,B.Anger,Bryan Anger,P,SPEC,"https://static.www.nfl.com/image/upload/f_auto,q_auto/league/e1fozrp2fhprrkheqt0x",2025,2,REG,DAL,NYG,0,0,0,0,0,0,0,0,0,0,0,0,,,0,,0,0,0,0,0,0,,0,0,0,0,0,0,0,0,0,0,,0,,0.0,0.0,0.0,0,0,0,0,0,0,0,0.0,0.0,0,0,0,0,0,0,0,0,0,0,0,0,0,0,0,0,0,0,0,0,0,0,0,,,0,0,0,0,0,0,0,0,0,0,0,0,,,,0,0,0,0,0,0,0,,0,0,0,0,0,0.0,0.0
00-0031357,C.Goodwin,C.J. Goodwin,CB,DB,"https://static.www.nfl.com/image/upload/f_auto,q_auto/league/txvnf4ecxcgg5heclsit",2025,2,REG,DAL,NYG,0,0,0,0,0,0,0,0,0,0,0,0,,,0,,0,0,0,0,0,0,,0,0,0,0,0,0,0,0,0,0,,0,,0.0,0.0,0.0,0,1,0,2,0,0,0,0.0,0.0,0,0,0,0,0,0,0,0,0,0,0,0,0,0,0,0,0,0,0,0,0,0,0,,,0,0,0,0,0,0,0,0,0,0,0,0,,,,0,0,0,0,0,0,0,,0,0,0,0,0,0.0,0.0
00-0032052,D.Fowler,Dante Fowler Jr.,DE,DL,"https://static.www.nfl.com/image/upload/f_auto,q_auto/league/tuvfudn3repds06zb5hi",2025,2,REG,DAL,NYG,0,0,0,0,0,0,0,0,0,0,0,0,,,0,,0,0,0,0,0,0,,0,0,0,0,0,0,0,0,0,0,,0,,0.0,0.0,0.0,0,0,0,1,0,0,0,0.0,0.0,1,0,0,0,0,0,0,0,0,0,0,0,0,0,0,0,0,0,0,0,0,0,0,,,0,0,0,0,0,0,0,0,0,0,0,0,,,,0,0,0,0,0,0,0,,0,0,0,0,0,0.0,0.0
00-0033077,D.Prescott,Dak Prescott,QB,QB,"https://static.www.nfl.com/image/upload/f_auto,q_auto/league/blixemm3s9sa4gmqk5yn",2025,2,REG,DAL,NYG,38,52,361,2,1,3,-18,0,0,350,147,18,10.098487662582055,2.1017412153574138,0,1.0314285714285714,3,17,0,1,0,2,-1.3366780492720842,0,0,0,0,0,0,0,0,0,0,,0,,0.0,0.0,0.0,0,0,0,0,0,0,0,0.0,0.0,0,0,0,0,0,0,0,0,1,2,0,0,0,0,0,0,0,0,0,0,0,0,0,,,0,0,0,0,0,0,0,0,0,0,0,0,,,,0,0,0,0,0,0,0,,0,0,0,0,0,22.139999999999997,22.139999999999997
00-0033120,K.Clark,Kenny Clark,NT,DL,"https://static.www.nfl.com/image/upload/f_auto,q_auto/league/ydhhuuqdppcs8vzi6v7d",2025,2,REG,DAL,NYG,0,0,0,0,0,0,0,0,0,0,0,0,,,0,,0,0,0,0,0,0,,0,0,0,0,0,0,0,0,0,0,,0,,0.0,0.0,0.0,0,2,0,2,1,9,0,1.0,9.0,1,0,0,0,0,0,0,0,0,0,0,0,0,0,0,0,0,0,0,0,0,0,0,,,0,0,0,0,0,0,0,0,0,0,0,0,,,,0,0,0,0,0,0,0,,0,0,0,0,0,0.0,0.0
00-0033870,S.Thomas,Solomon Thomas,DE,DL,"https://static.www.nfl.com/image/upload/f_auto,q_auto/league/pk5ozcdcbehjnw3txvu8",2025,2,REG,DAL,NYG,0,0,0,0,0,0,0,0,0,0,0,0,,,0,,0,0,0,0,0,0,,0,0,0,0,0,0,0,0,0,0,,0,,0.0,0.0,0.0,0,2,1,4,0,0,0,0.0,0.0,1,0,0,0,0,0,0,0,0,0,0,0,0,0,0,0,0,0,0,0,0,0,0,,,0,0,0,0,0,0,0,0,0,0,0,0,,,,0,0,0,0,0,0,0,,0,0,0,0,0,0.0,0.0
00-0033877,M.Hooker,Malik Hooker,FS,DB,"https://static.www.nfl.com/image/upload/f_auto,q_auto/league/juvd0vtnne04b8fbqaf6",2025,2,REG,DAL,NYG,0,0,0,0,0,0,0,0,0,0,0,0,,,0,,0,0,0,0,0,0,,0,0,0,0,0,0,0,0,0,0,,0,,0.0,0.0,0.0,0,3,0,1,0,0,0,0.0,0.0,0,0,0,0,0,0,0,0,0,0,0,0,0,0,0,0,0,0,0,0,0,0,0,,,0,0,0,0,0,0,0,0,0,0,0,0,,,,0,0,0,0,0,0,0,,0,0,0,0,0,0.0,0.0
00-0035243,M.Sanders,Miles Sanders,RB,RB,"https://static.www.nfl.com/image/upload/f_auto,q_auto/league/niyjjkzmxjmesftgjs8y",2025,2,REG,DAL,NYG,0,0,0,0,0,0,0,0,0,0,0,0,,,0,,5,15,1,0,0,1,0.22005690180230886,0,2,2,4,0,0,0,-12,16,0,-0.9468866451643407,0,-0.3333333333333333,0.038461538461538464,-0.03428571428571429,0.033692307692307695,0,0,0,0,0,0,0,0.0,0.0,0,0,0,0,0,0,0,0,0,0,0,0,0,0,0,0,0,1,24,0,0,0,0,,,0,0,0,0,0,0,0,0,0,0,0,0,,,,0,0,0,0,0,0,0,,0,0,0,0,0,7.9,9.9
00-0035301,D.Wilson,Donovan Wilson,SAF,DB,"https://static.www.nfl.com/image/upload/f_auto,q_auto/league/fl10d0bhrvfrqkjamcgp",2025,2,REG,DAL,NYG,0,0,0,0,0,0,0,0,0,0,0,0,,,0,,0,0,0,0,0,0,,0,0,0,0,0,0,0,0,0,0,,0,,0.0,0.0,0.0,0,3,0,3,0,0,0,0.0,0.0,0,1,0,1,0,0,0,0,0,0,0,0,0,1,21,0,0,0,0,0,0,0,0,,,0,0,0,0,0,0,0,0,0,0,0,0,,,,0,0,0,0,0,0,0,,0,0,0,0,0,0.0,0.0
00-0036358,C.Lamb,CeeDee Lamb,WR,WR,"https://static.www.nfl.com/image/upload/f_auto,q_auto/league/ijxzvtumjhqu3zva1bwc",2025,2,REG,DAL,NYG,0,0,0,0,0,0,0,0,0,0,0,0,,,0,,0,0,0,0,0,0,,0,9,11,112,0,0,0,121,16,4,5.992735911946511,0,0.9256198347107438,0.21153846153846154,0.3457142857142857,0.5593076923076923,0,1,0,0,0,0,0,0.0,0.0,0,0,0,0,0,0,0,0,0,0,0,0,0,1,5,0,0,0,0,0,0,0,0,,,0,0,0,0,0,0,0,0,0,0,0,0,,,,0,0,0,0,0,0,0,,0,0,0,0,0,11.200000000000001,20.200000000000003
00-0036361,T.Diggs,Trevon Diggs,CB,DB,"https://static.www.nfl.com/image/upload/f_auto,q_auto/league/ktdcor3rnkwpgehtwldn",2025,2,REG,DAL,NYG,0,0,0,0,0,0,0,0,0,0,0,0,,,0,,0,0,0,0,0,0,,0,0,0,0,0,0,0,0,0,0,,0,,0.0,0.0,0.0,0,3,0,1,0,0,0,0.0,0.0,0,0,0,0,0,0,0,0,0,0,0,0,0,0,0,0,0,0,0,0,0,0,0,,,0,0,0,0,0,0,0,0,0,0,0,0,,,,0,0,0,0,0,0,0,,0,0,0,0,0,0.0,0.0
00-0036441,K.Murray,"Kenneth Murray, Jr.",LB,LB,"https://static.www.nfl.com/image/upload/f_auto,q_auto/league/up14o9gpznxgcvc5xtqh",2025,2,REG,DAL,NYG,0,0,0,0,0,0,0,0,0,0,0,0,,,0,,0,0,0,0,0,0,,0,0,0,0,0,0,0,0,0,0,,0,,0.0,0.0,0.0,0,5,0,2,2,7,0,0.0,0.0,0,0,0,0,0,0,0,0,0,0,0,0,0,0,0,0,0,0,0,0,0,0,0,,,0,0,0,0,0,0,0,0,0,0,0,0,,,,0,0,0,0,0,0,0,,0,0,0,0,0,0.0,0.0
00-0036904,R.Rochell,Robert Rochell,CB,DB,"https://static.www.nfl.com/image/upload/f_auto,q_auto/league/oqn1nnmeqppzkymivtfe",2025,2,REG,DAL,NYG,0,0,0,0,0,0,0,0,0,0,0,0,,,0,,0,0,0,0,0,0,,0,0,0,0,0,0,0,0,0,0,,0,,0.0,0.0,0.0,0,0,0,1,0,0,0,0.0,0.0,0,0,0,0,0,0,0,0,0,0,0,0,0,0,0,0,0,0,0,0,0,0,0,,,0,0,0,0,0,0,0,0,0,0,0,0,,,,0,0,0,0,0,0,0,,0,0,0,0,0,0.0,0.0
00-0036942,O.Odighizuwa,Osa Odighizuwa,DT,DL,"https://static.www.nfl.com/image/upload/f_auto,q_auto/league/xjx8vxlafv4i0hmvtrje",2025,2,REG,DAL,NYG,0,0,0,0,0,0,0,0,0,0,0,0,,,0,,0,0,0,0,0,0,,0,0,0,0,0,0,0,0,0,0,,0,,0.0,0.0,0.0,0,0,0,3,0,0,0,0.0,0.0,0,0,0,0,0,0,0,0,0,0,0,0,0,0,0,0,0,0,0,0,0,0,0,,,0,0,0,0,0,0,0,0,0,0,0,0,,,,0,0,0,0,0,0,0,,0,0,0,0,0,0.0,0.0
00-0036997,J.Williams,Javonte Williams,RB,RB,"https://static.www.nfl.com/image/upload/f_auto,q_auto/league/hwzske22c4wrlf27qrih",2025,2,REG,DAL,NYG,0,0,0,0,0,0,0,0,0,0,0,0,,,0,,18,97,1,0,0,5,2.0068350480009127,0,6,7,33,0,0,0,-15,48,1,-0.8634243271080777,0,-2.2,0.1346153846153846,-0.04285714285714286,0.17192307692307693,0,0,0,0,0,0,0,0.0,0.0,0,0,0,0,0,0,0,0,0,0,0,0,0,0,0,0,0,0,0,0,0,0,0,,,0,0,0,0,0,0,0,0,0,0,0,0,,,,0,0,0,0,0,0,0,,0,0,0,0,0,19.0,25.0
00-0037109,J.Sanborn,Jack Sanborn,LB,LB,"https://static.www.nfl.com/image/upload/f_auto,q_auto/league/zlvowg4wze6yjwccibk2",2025,2,REG,DAL,NYG,0,0,0,0,0,0,0,0,0,0,0,0,,,0,,0,0,0,0,0,0,,0,0,0,0,0,0,0,0,0,0,,0,,0.0,0.0,0.0,0,4,0,4,0,0,0,0.0,0.0,0,0,0,0,0,0,0,0,0,0,0,0,0,0,0,0,0,0,0,0,0,0,0,,,0,0,0,0,0,0,0,0,0,0,0,0,,,,0,0,0,0,0,0,0,,0,0,0,0,0,0.0,0.0
00-0037242,K.Elam,Kaiir Elam,CB,DB,"https://static.www.nfl.com/image/upload/f_auto,q_auto/league/ye7stldje2waxyyjukvw",2025,2,REG,DAL,NYG,0,0,0,0,0,0,0,0,0,0,0,0,,,0,,0,0,0,0,0,0,,0,0,0,0,0,0,0,0,0,0,,0,,0.0,0.0,0.0,0,6,0,3,0,0,0,0.0,0.0,0,0,0,0,0,0,0,0,0,0,0,0,0,0,0,0,0,0,0,0,0,0,0,,,0,0,0,0,0,0,0,0,0,0,0,0,,,,0,0,0,0,0,0,0,,0,0,0,0,0,0.0,0.0
00-0037247,G.Pickens,George Pickens,WR,WR,"https://static.www.nfl.com/image/upload/f_auto,q_auto/league/cbpyykoguf7rsxezqzvk",2025,2,REG,DAL,NYG,0,0,0,0,0,0,0,0,0,0,0,0,,,0,,0,0,0,0,0,0,,0,5,9,68,1,0,0,100,22,5,4.580154567986028,0,0.68,0.17307692307692307,0.2857142857142857,0.45961538461538454,0,0,0,0,0,0,0,0.0,0.0,0,0,0,0,0,0,0,0,0,0,0,0,0,1,10,0,0,0,0,0,0,0,0,,,0,0,0,0,0,0,0,0,0,0,0,0,,,,0,0,0,0,0,0,0,,0,0,0,0,0,12.8,17.8
00-0037281,D.Clark,Damone Clark,LB,LB,"https://static.www.nfl.com/image/upload/f_auto,q_auto/league/gmsr31hk1blgplqqkzml",2025,2,REG,DAL,NYG,0,0,0,0,0,0,0,0,0,0,0,0,,,0,,0,0,0,0,0,0,,0,0,0,0,0,0,0,0,0,0,,0,,0.0,0.0,0.0,0,2,0,2,0,0,0,0.0,0.0,0,0,0,0,0,0,0,0,0,0,0,0,0,0,0,0,0,0,0,0,0,0,0,,,0,0,0,0,0,0,0,0,0,0,0,0,,,,0,0,0,0,0,0,0,,0,0,0,0,0,0.0,0.0
00-0037310,J.Houston,James Houston,DE,DL,"https://static.www.nfl.com/image/upload/f_auto,q_auto/league/wrqp1yxxj1diweafto22",2025,2,REG,DAL,NYG,0,0,0,0,0,0,0,0,0,0,0,0,,,0,,0,0,0,0,0,0,,0,0,0,0,0,0,0,0,0,0,,0,,0.0,0.0,0.0,0,1,0,1,1,5,0,1.0,5.0,1,0,0,0,0,0,0,0,0,0,0,0,0,0,0,0,0,0,0,0,0,0,0,,,0,0,0,0,0,0,0,0,0,0,0,0,,,,0,0,0,0,0,0,0,,0,0,0,0,0,0.0,0.0
00-0037561,M.Bell,Markquese Bell,SAF,DB,"https://static.www.nfl.com/image/upload/f_auto,q_auto/league/tltiuomelvkre4tsp25s",2025,2,REG,DAL,NYG,0,0,0,0,0,0,0,0,0,0,0,0,,,0,,0,0,0,0,0,0,,0,0,0,0,0,0,0,0,0,0,,0,,0.0,0.0,0.0,0,0,0,0,0,0,0,0.0,0.0,0,0,0,0,0,0,0,0,0,0,0,0,0,2,15,0,0,0,0,0,0,0,0,,,0,0,0,0,0,0,0,0,0,0,0,0,,,,0,0,0,0,0,0,0,,0,0,0,0,0,0.0,0.0
00-0037578,J.Thomas,Juanyeh Thomas,SAF,DB,"https://static.www.nfl.com/image/upload/f_auto,q_auto/league/ftxdnkfoymrgcc96zlnt",2025,2,REG,DAL,NYG,0,0,0,0,0,0,0,0,0,0,0,0,,,0,,0,0,0,0,0,0,,0,0,0,0,0,0,0,0,0,0,,0,,0.0,0.0,0.0,0,0,0,3,0,0,0,0.0,0.0,0,0,0,0,0,0,0,0,0,0,0,0,0,0,0,0,0,0,0,0,0,0,0,,,0,0,0,0,0,0,0,0,0,0,0,0,,,,0,0,0,0,0,0,0,,0,0,0,0,0,0.0,0.0
00-0037665,S.Williams,Sam Williams,DE,DL,"https://static.www.nfl.com/image/upload/f_auto,q_auto/league/vspx1wxdwmektj1pjd6c",2025,2,REG,DAL,NYG,0,0,0,0,0,0,0,0,0,0,0,0,,,0,,0,0,0,0,0,0,,0,0,0,0,0,0,0,0,0,0,,0,,0.0,0.0,0.0,0,0,0,1,0,0,0,0.0,0.0,0,0,0,0,0,0,0,0,0,0,0,0,0,0,0,0,0,0,0,0,0,0,0,,,0,0,0,0,0,0,0,0,0,0,0,0,,,,0,0,0,0,0,0,0,,0,0,0,0,0,0.0,0.0
00-0037666,J.Tolbert,Jalen Tolbert,WR,WR,"https://static.www.nfl.com/image/upload/f_auto,q_auto/league/pif5ffxlibkfp90k1sj4",2025,2,REG,DAL,NYG,0,0,0,0,0,0,0,0,0,0,0,0,,,0,,0,0,0,0,0,0,,0,2,4,16,0,0,0,30,0,1,-0.8371288948692381,0,0.5333333333333333,0.07692307692307693,0.08571428571428572,0.1753846153846154,0,0,0,0,0,0,0,0.0,0.0,0,0,0,0,0,0,0,0,0,0,0,0,0,0,0,0,0,4,85,0,0,0,0,,,0,0,0,0,0,0,0,0,0,0,0,0,,,,0,0,0,0,0,0,0,,0,0,0,0,0,1.6,3.6
00-0037692,B.Aubrey,Brandon Aubrey,K,SPEC,"https://static.www.nfl.com/image/upload/f_auto,q_auto/league/ynyyootbeabm5sx4ejgt",2025,2,REG,DAL,NYG,0,0,0,0,0,0,0,0,0,0,0,0,,,0,,0,0,0,0,0,0,,0,0,0,0,0,0,0,0,0,0,,0,,0.0,0.0,0.0,0,0,0,0,0,0,0,0.0,0.0,0,0,0,0,0,0,0,0,0,0,0,0,0,0,0,0,0,0,0,4,4,0,0,64.0,1.0,0,0,0,2,1,1,0,0,0,0,0,0,51;44;64;46,,,205,0,0,4,4,0,0,1.0,1,1,0,0,46,0.0,0.0
00-0037801,K.Turpin,KaVontae Turpin,WR,WR,"https://static.www.nfl.com/image/upload/f_auto,q_auto/league/cgjwzierootp8gjem5oe",2025,2,REG,DAL,NYG,0,0,0,0,0,0,0,0,0,0,0,0,,,0,,2,6,0,0,0,1,0.10810152627527714,0,4,4,47,1,0,0,31,16,3,7.369321193255018,0,1.5161290322580645,0.07692307692307693,0.08857142857142856,0.1773846153846154,0,0,0,0,0,0,0,0.0,0.0,0,0,0,0,0,0,0,0,0,0,0,0,0,0,0,1,2,4,100,0,0,0,0,,,0,0,0,0,0,0,0,0,0,0,0,0,,,,0,0,0,0,0,0,0,,0,0,0,0,0,11.3,15.3
00-0038041,J.Ferguson,Jake Ferguson,TE,TE,"https://static.www.nfl.com/image/upload/f_auto,q_auto/league/ebdz1yf8ky2mscdvyv1v",2025,2,REG,DAL,NYG,0,0,0,0,0,0,0,0,0,0,0,0,,,0,,0,0,0,0,0,0,,0,9,12,78,0,0,0,77,27,4,0.5828077613550704,0,1.0129870129870129,0.23076923076923078,0.22,0.5001538461538462,0,0,0,0,0,0,0,0.0,0.0,0,0,0,0,0,0,0,0,0,0,0,0,0,0,0,0,0,0,0,0,0,0,0,,,0,0,0,0,0,0,0,0,0,0,0,0,,,,0,0,0,0,0,0,0,,0,0,0,0,0,7.800000000000001,16.8
00-0038547,L.Schoonmaker,Luke Schoonmaker,TE,TE,"https://static.www.nfl.com/image/upload/f_auto,q_auto/league/mjaidpltef1ctqwrk5o5",2025,2,REG,DAL,NYG,0,0,0,0,0,0,0,0,0,0,0,0,,,0,,0,0,0,0,0,0,,0,0,2,0,0,0,0,17,0,0,-0.7868217435898259,0,0.0,0.038461538461538464,0.04857142857142857,0.09169230769230768,0,0,0,0,0,0,0,0.0,0.0,0,0,0,0,0,0,0,0,0,0,0,0,0,0,0,0,0,0,0,0,0,0,0,,,0,0,0,0,0,0,0,0,0,0,0,0,,,,0,0,0,0,0,0,0,,0,0,0,0,0,0.0,0.0
00-0038738,H.Luepke,Hunter Luepke,RB,RB,"https://static.www.nfl.com/image/upload/f_auto,q_auto/league/buachhzmd8p3hq2olwtf",2025,2,REG,DAL,NYG,0,0,0,0,0,0,0,0,0,0,0,0,,,0,,0,0,0,0,0,0,,0,0,0,0,0,0,0,0,0,0,,0,,0.0,0.0,0.0,0,0,0,2,0,0,0,0.0,0.0,0,0,0,0,0,0,0,0,0,0,0,0,0,1,10,0,0,0,0,0,0,0,0,,,0,0,0,0,0,0,0,0,0,0,0,0,,,,0,0,0,0,0,0,0,,0,0,0,0,0,0.0,0.0
00-0039341,T.Guyton,Tyler Guyton,OT,OL,"https://static.www.nfl.com/image/upload/f_auto,q_auto/league/vkthsqd2smgoymkspfth",2025,2,REG,DAL,NYG,0,0,0,0,0,0,0,0,0,0,0,0,,,0,,0,0,0,0,0,0,,0,0,0,0,0,0,0,0,0,0,,0,,0.0,0.0,0.0,0,0,0,0,0,0,0,0.0,0.0,0,0,0,0,0,0,0,0,0,0,0,0,0,2,15,0,0,0,0,0,0,0,0,,,0,0,0,0,0,0,0,0,0,0,0,0,,,,0,0,0,0,0,0,0,,0,0,0,0,0,0.0,0.0
00-0039410,R.Flournoy,Ryan Flournoy,WR,WR,"https://static.www.nfl.com/image/upload/f_auto,q_auto/league/tqwq3cgpqu7j9hzoyicx",2025,2,REG,DAL,NYG,0,0,0,0,0,0,0,0,0,0,0,0,,,0,,0,0,0,0,0,0,,0,0,0,0,0,0,0,0,0,0,,0,,0.0,0.0,0.0,0,2,0,0,0,0,0,0.0,0.0,0,0,0,0,0,0,0,0,0,0,0,0,0,2,20,0,0,0,0,0,0,0,0,,,0,0,0,0,0,0,0,0,0,0,0,0,,,,0,0,0,0,0,0,0,,0,0,0,0,0,0.0,0.0
00-0039465,R.Steward,Reddy Steward,DB,DB,"https://static.www.nfl.com/image/upload/f_auto,q_auto/league/augbl90tb3qkkev6e0kq",2025,2,REG,DAL,NYG,0,0,0,0,0,0,0,0,0,0,0,0,,,0,,0,0,0,0,0,0,,0,0,0,0,0,0,0,0,0,0,,0,,0.0,0.0,0.0,0,2,0,2,0,0,0,0.0,0.0,0,0,0,1,0,0,0,0,0,0,0,0,0,0,0,0,0,0,0,0,0,0,0,,,0,0,0,0,0,0,0,0,0,0,0,0,,,,0,0,0,0,0,0,0,,0,0,0,0,0,0.0,0.0
00-0039530,B.Spann-Ford,Brevyn Spann-Ford,TE,TE,"https://static.www.nfl.com/image/upload/f_auto,q_auto/league/tsblwzvfsxuvohhfagls",2025,2,REG,DAL,NYG,0,0,0,0,0,0,0,0,0,0,0,0,,,0,,0,0,0,0,0,0,,0,1,1,3,0,0,0,1,2,0,-0.3362122462131083,0,3.0,0.019230769230769232,0.002857142857142857,0.03084615384615385,0,0,0,3,0,0,0,0.0,0.0,0,0,0,0,0,0,0,0,0,0,0,0,0,0,0,0,0,0,0,0,0,0,0,,,0,0,0,0,0,0,0,0,0,0,0,0,,,,0,0,0,0,0,0,0,,0,0,0,0,0,0.30000000000000004,1.3
00-0039900,M.Kneeland,Marshawn Kneeland,DE,DL,"https://static.www.nfl.com/image/upload/f_auto,q_auto/league/ghcwtmz5knxwpnddbymm",2025,2,REG,DAL,NYG,0,0,0,0,0,0,0,0,0,0,0,0,,,0,,0,0,0,0,0,0,,0,0,0,0,0,0,0,0,0,0,,0,,0.0,0.0,0.0,0,0,0,1,0,0,0,0.0,0.0,0,0,0,0,0,0,0,0,0,0,0,0,0,0,0,0,0,0,0,0,0,0,0,,,0,0,0,0,0,0,0,0,0,0,0,0,,,,0,0,0,0,0,0,0,,0,0,0,0,0,0.0,0.0
00-0040044,Z.Childress,Zion Childress,CB,DB,"https://static.www.nfl.com/image/upload/f_auto,q_auto/league/ztip0cqmsacdfxfbzp0o",2025,2,REG,DAL,NYG,0,0,0,0,0,0,0,0,0,0,0,0,,,0,,0,0,0,0,0,0,,0,0,0,0,0,0,0,0,0,0,,0,,0.0,0.0,0.0,0,0,0,1,0,0,0,0.0,0.0,0,0,0,0,0,0,0,0,0,0,0,0,0,0,0,0,0,0,0,0,0,0,0,,,0,0,0,0,0,0,0,0,0,0,0,0,,,,0,0,0,0,0,0,0,,0,0,0,0,0,0.0,0.0
00-0040725,D.Ezeiruaku,Donovan Ezeiruaku,DE,DL,"https://static.www.nfl.com/image/upload/f_auto,q_auto/league/p01praffl9gjoogdgaq8",2025,2,REG,DAL,NYG,0,0,0,0,0,0,0,0,0,0,0,0,,,0,,0,0,0,0,0,0,,0,0,0,0,0,0,0,0,0,0,,0,,0.0,0.0,0.0,0,0,0,0,0,0,0,0.0,0.0,2,0,0,0,0,0,0,0,0,0,0,0,0,0,0,0,0,0,0,0,0,0,0,,,0,0,0,0,0,0,0,0,0,0,0,0,,,,0,0,0,0,0,0,0,,0,0,0,0,0,0.0,0.0
00-0029692,B.Anger,Bryan Anger,P,SPEC,"https://static.www.nfl.com/image/upload/f_auto,q_auto/league/e1fozrp2fhprrkheqt0x",2025,3,REG,DAL,CHI,0,0,0,0,0,0,0,0,0,0,0,0,,,0,,0,0,0,0,0,0,,0,0,0,0,0,0,0,0,0,0,,0,,0.0,0.0,0.0,0,0,0,0,0,0,0,0.0,0.0,0,0,0,0,0,0,0,0,0,0,0,0,0,0,0,0,0,0,0,0,0,0,0,,,0,0,0,0,0,0,0,0,0,0,0,0,,,,0,0,0,0,0,0,0,,0,0,0,0,0,0.0,0.0
00-0032052,D.Fowler,Dante Fowler Jr.,DE,DL,"https://static.www.nfl.com/image/upload/f_auto,q_auto/league/tuvfudn3repds06zb5hi",2025,3,REG,DAL,CHI,0,0,0,0,0,0,0,0,0,0,0,0,,,0,,0,0,0,0,0,0,,0,0,0,0,0,0,0,0,0,0,,0,,0.0,0.0,0.0,0,0,0,0,0,0,0,0.0,0.0,0,0,0,1,0,0,0,0,0,0,0,0,0,0,0,0,0,0,0,0,0,0,0,,,0,0,0,0,0,0,0,0,0,0,0,0,,,,0,0,0,0,0,0,0,,0,0,0,0,0,0.0,0.0
00-0033077,D.Prescott,Dak Prescott,QB,QB,"https://static.www.nfl.com/image/upload/f_auto,q_auto/league/blixemm3s9sa4gmqk5yn",2025,3,REG,DAL,CHI,31,40,251,1,2,2,-17,0,0,201,110,12,-1.8964848527670273,10.85533713683104,1,1.2487562189054726,0,0,0,0,0,0,,0,0,0,0,0,0,0,0,0,0,,0,,0.0,0.0,0.0,0,0,0,0,0,0,0,0.0,0.0,0,0,0,0,0,0,0,0,0,0,0,0,0,0,0,0,0,0,0,0,0,0,0,,,0,0,0,0,0,0,0,0,0,0,0,0,,,,0,0,0,0,0,0,0,,0,0,0,0,0,12.040000000000001,12.040000000000001
00-0033120,K.Clark,Kenny Clark,NT,DL,"https://static.www.nfl.com/image/upload/f_auto,q_auto/league/ydhhuuqdppcs8vzi6v7d",2025,3,REG,DAL,CHI,0,0,0,0,0,0,0,0,0,0,0,0,,,0,,0,0,0,0,0,0,,0,0,0,0,0,0,0,0,0,0,,0,,0.0,0.0,0.0,0,0,0,1,0,0,0,0.0,0.0,0,0,0,0,0,0,0,0,0,0,0,0,0,0,0,0,0,0,0,0,0,0,0,,,0,0,0,0,0,0,0,0,0,0,0,0,,,,0,0,0,0,0,0,0,,0,0,0,0,0,0.0,0.0
00-0033870,S.Thomas,Solomon Thomas,DE,DL,"https://static.www.nfl.com/image/upload/f_auto,q_auto/league/pk5ozcdcbehjnw3txvu8",2025,3,REG,DAL,CHI,0,0,0,0,0,0,0,0,0,0,0,0,,,0,,0,0,0,0,0,0,,0,0,0,0,0,0,0,0,0,0,,0,,0.0,0.0,0.0,0,0,0,1,0,0,0,0.0,0.0,0,0,0,0,0,0,0,0,0,0,0,0,0,0,0,0,0,0,0,0,0,0,0,,,0,0,0,0,0,0,0,0,0,0,0,0,,,,0,0,0,0,0,0,0,,0,0,0,0,0,0.0,0.0
00-0033877,M.Hooker,Malik Hooker,FS,DB,"https://static.www.nfl.com/image/upload/f_auto,q_auto/league/juvd0vtnne04b8fbqaf6",2025,3,REG,DAL,CHI,0,0,0,0,0,0,0,0,0,0,0,0,,,0,,0,0,0,0,0,0,,0,0,0,0,0,0,0,0,0,0,,0,,0.0,0.0,0.0,0,3,0,0,0,0,0,0.0,0.0,0,0,0,0,0,0,0,0,0,0,0,0,0,0,0,0,0,0,0,0,0,0,0,,,0,0,0,0,0,0,0,0,0,0,0,0,,,,0,0,0,0,0,0,0,,0,0,0,0,0,0.0,0.0
00-0035243,M.Sanders,Miles Sanders,RB,RB,"https://static.www.nfl.com/image/upload/f_auto,q_auto/league/niyjjkzmxjmesftgjs8y",2025,3,REG,DAL,CHI,0,0,0,0,0,0,0,0,0,0,0,0,,,0,,9,41,0,0,0,2,0.3381642969325185,0,3,3,12,0,0,0,10,2,0,-0.9643501896166273,0,1.2,0.06818181818181818,0.03731343283582089,0.12839213025780188,0,0,0,0,0,0,0,0.0,0.0,0,0,0,0,0,0,0,0,0,0,0,0,0,0,0,0,0,2,44,0,0,0,0,,,0,0,0,0,0,0,0,0,0,0,0,0,,,,0,0,0,0,0,0,0,,0,0,0,0,0,5.300000000000001,8.3
00-0035301,D.Wilson,Donovan Wilson,SAF,DB,"https://static.www.nfl.com/image/upload/f_auto,q_auto/league/fl10d0bhrvfrqkjamcgp",2025,3,REG,DAL,CHI,0,0,0,0,0,0,0,0,0,0,0,0,,,0,,0,0,0,0,0,0,,0,0,0,0,0,0,0,0,0,0,,0,,0.0,0.0,0.0,0,4,0,3,0,0,0,0.0,0.0,0,0,0,1,0,0,0,0,0,0,0,0,0,0,0,0,0,0,0,0,0,0,0,,,0,0,0,0,0,0,0,0,0,0,0,0,,,,0,0,0,0,0,0,0,,0,0,0,0,0,0.0,0.0
00-0036036,T.Steele,Terence Steele,OT,OL,"https://static.www.nfl.com/image/upload/f_auto,q_auto/league/ezmoh6joqsserp3ogcqc",2025,3,REG,DAL,CHI,0,0,0,0,0,0,0,0,0,0,0,0,,,0,,0,0,0,0,0,0,,0,0,0,0,0,0,0,0,0,0,,0,,0.0,0.0,0.0,0,0,0,0,0,0,0,0.0,0.0,0,0,0,0,0,0,0,0,0,0,0,0,0,1,10,0,0,0,0,0,0,0,0,,,0,0,0,0,0,0,0,0,0,0,0,0,,,,0,0,0,0,0,0,0,,0,0,0,0,0,0.0,0.0
00-0036361,T.Diggs,Trevon Diggs,CB,DB,"https://static.www.nfl.com/image/upload/f_auto,q_auto/league/ktdcor3rnkwpgehtwldn",2025,3,REG,DAL,CHI,0,0,0,0,0,0,0,0,0,0,0,0,,,0,,0,0,0,0,0,0,,0,0,0,0,0,0,0,0,0,0,,0,,0.0,0.0,0.0,0,2,0,0,0,0,0,0.0,0.0,0,0,0,0,0,0,0,0,0,0,0,0,0,0,0,0,0,0,0,0,0,0,0,,,0,0,0,0,0,0,0,0,0,0,0,0,,,,0,0,0,0,0,0,0,,0,0,0,0,0,0.0,0.0
00-0036441,K.Murray,"Kenneth Murray, Jr.",LB,LB,"https://static.www.nfl.com/image/upload/f_auto,q_auto/league/up14o9gpznxgcvc5xtqh",2025,3,REG,DAL,CHI,0,0,0,0,0,0,0,0,0,0,0,0,,,0,,0,0,0,0,0,0,,0,0,0,0,0,0,0,0,0,0,,0,,0.0,0.0,0.0,0,4,0,2,0,0,0,0.0,0.0,0,0,0,0,0,0,0,0,0,0,0,0,0,0,0,0,0,0,0,0,0,0,0,,,0,0,0,0,0,0,0,0,0,0,0,0,,,,0,0,0,0,0,0,0,,0,0,0,0,0,0.0,0.0
00-0036942,O.Odighizuwa,Osa Odighizuwa,DT,DL,"https://static.www.nfl.com/image/upload/f_auto,q_auto/league/xjx8vxlafv4i0hmvtrje",2025,3,REG,DAL,CHI,0,0,0,0,0,0,0,0,0,0,0,0,,,0,,0,0,0,0,0,0,,0,0,0,0,0,0,0,0,0,0,,0,,0.0,0.0,0.0,0,1,0,2,0,0,0,0.0,0.0,0,0,0,0,0,0,0,0,0,0,0,0,0,0,0,0,0,0,0,0,0,0,0,,,0,0,0,0,0,0,0,0,0,0,0,0,,,,0,0,0,0,0,0,0,,0,0,0,0,0,0.0,0.0
00-0036997,J.Williams,Javonte Williams,RB,RB,"https://static.www.nfl.com/image/upload/f_auto,q_auto/league/hwzske22c4wrlf27qrih",2025,3,REG,DAL,CHI,0,0,0,0,0,0,0,0,0,0,0,0,,,0,,10,76,0,1,1,4,-0.2355335671454668,0,5,5,16,0,0,0,-16,32,1,-0.20118553034262732,0,-1.0,0.11363636363636363,-0.05970149253731343,0.12866350067842605,0,1,0,0,0,0,0,0.0,0.0,0,0,0,0,0,0,0,0,0,0,0,0,0,0,0,0,0,0,0,0,0,0,0,,,0,0,0,0,0,0,0,0,0,0,0,0,,,,0,0,0,0,0,0,0,,0,0,0,0,0,7.200000000000001,12.200000000000001
00-0037109,J.Sanborn,Jack Sanborn,LB,LB,"https://static.www.nfl.com/image/upload/f_auto,q_auto/league/zlvowg4wze6yjwccibk2",2025,3,REG,DAL,CHI,0,0,0,0,0,0,0,0,0,0,0,0,,,0,,0,0,0,0,0,0,,0,0,0,0,0,0,0,0,0,0,,0,,0.0,0.0,0.0,0,3,0,4,0,0,0,0.0,0.0,0,0,0,0,0,0,0,0,0,0,0,0,0,0,0,0,0,0,0,0,0,0,0,,,0,0,0,0,0,0,0,0,0,0,0,0,,,,0,0,0,0,0,0,0,,0,0,0,0,0,0.0,0.0
00-0037242,K.Elam,Kaiir Elam,CB,DB,"https://static.www.nfl.com/image/upload/f_auto,q_auto/league/ye7stldje2waxyyjukvw",2025,3,REG,DAL,CHI,0,0,0,0,0,0,0,0,0,0,0,0,,,0,,0,0,0,0,0,0,,0,0,0,0,0,0,0,0,0,0,,0,,0.0,0.0,0.0,0,1,0,1,0,0,0,0.0,0.0,0,0,0,0,0,0,0,0,0,0,0,0,0,0,0,0,0,0,0,0,0,0,0,,,0,0,0,0,0,0,0,0,0,0,0,0,,,,0,0,0,0,0,0,0,,0,0,0,0,0,0.0,0.0
00-0037247,G.Pickens,George Pickens,WR,WR,"https://static.www.nfl.com/image/upload/f_auto,q_auto/league/cbpyykoguf7rsxezqzvk",2025,3,REG,DAL,CHI,0,0,0,0,0,0,0,0,0,0,0,0,,,0,,0,0,0,0,0,0,,0,5,9,68,1,0,0,76,24,5,0.136325386728406,0,0.8947368421052632,0.20454545454545456,0.2835820895522388,0.5053256445047489,0,1,0,0,0,0,0,0.0,0.0,0,0,0,0,0,0,0,0,0,0,0,0,0,0,0,0,0,0,0,0,0,0,0,,,0,0,0,0,0,0,0,0,0,0,0,0,,,,0,0,0,0,0,0,0,,0,0,0,0,0,12.8,17.8
00-0037281,D.Clark,Damone Clark,LB,LB,"https://static.www.nfl.com/image/upload/f_auto,q_auto/league/gmsr31hk1blgplqqkzml",2025,3,REG,DAL,CHI,0,0,0,0,0,0,0,0,0,0,0,0,,,0,,0,0,0,0,0,0,,0,0,0,0,0,0,0,0,0,0,,0,,0.0,0.0,0.0,0,1,0,1,0,0,0,0.0,0.0,0,0,0,0,0,0,0,0,0,0,0,0,0,0,0,0,0,0,0,0,0,0,0,,,0,0,0,0,0,0,0,0,0,0,0,0,,,,0,0,0,0,0,0,0,,0,0,0,0,0,0.0,0.0
00-0037310,J.Houston,James Houston,DE,DL,"https://static.www.nfl.com/image/upload/f_auto,q_auto/league/wrqp1yxxj1diweafto22",2025,3,REG,DAL,CHI,0,0,0,0,0,0,0,0,0,0,0,0,,,0,,0,0,0,0,0,0,,0,0,0,0,0,0,0,0,0,0,,0,,0.0,0.0,0.0,0,1,0,1,0,0,0,0.0,0.0,0,0,0,0,0,0,0,0,0,0,0,0,0,0,0,0,0,0,0,0,0,0,0,,,0,0,0,0,0,0,0,0,0,0,0,0,,,,0,0,0,0,0,0,0,,0,0,0,0,0,0.0,0.0
00-0037578,J.Thomas,Juanyeh Thomas,SAF,DB,"https://static.www.nfl.com/image/upload/f_auto,q_auto/league/ftxdnkfoymrgcc96zlnt",2025,3,REG,DAL,CHI,0,0,0,0,0,0,0,0,0,0,0,0,,,0,,0,0,0,0,0,0,,0,0,0,0,0,0,0,0,0,0,,0,,0.0,0.0,0.0,0,3,0,0,0,0,0,0.0,0.0,0,0,0,0,0,0,0,0,0,0,0,0,0,0,0,0,0,0,0,0,0,0,0,,,0,0,0,0,0,0,0,0,0,0,0,0,,,,0,0,0,0,0,0,0,,0,0,0,0,0,0.0,0.0
00-0037665,S.Williams,Sam Williams,DE,DL,"https://static.www.nfl.com/image/upload/f_auto,q_auto/league/vspx1wxdwmektj1pjd6c",2025,3,REG,DAL,CHI,0,0,0,0,0,0,0,0,0,0,0,0,,,0,,0,0,0,0,0,0,,0,0,0,0,0,0,0,0,0,0,,0,,0.0,0.0,0.0,0,2,0,0,0,0,0,0.0,0.0,1,0,0,1,0,0,0,0,0,0,0,0,0,1,5,0,0,0,0,0,0,0,0,,,0,0,0,0,0,0,0,0,0,0,0,0,,,,0,0,0,0,0,0,0,,0,0,0,0,0,0.0,0.0
00-0037666,J.Tolbert,Jalen Tolbert,WR,WR,"https://static.www.nfl.com/image/upload/f_auto,q_auto/league/pif5ffxlibkfp90k1sj4",2025,3,REG,DAL,CHI,0,0,0,0,0,0,0,0,0,0,0,0,,,0,,0,0,0,0,0,0,,0,3,6,24,0,0,0,40,8,3,-0.5820179958390073,1,0.6,0.13636363636363635,0.14925373134328357,0.309023066485753,0,0,0,0,0,0,0,0.0,0.0,0,0,0,0,0,0,0,0,0,0,0,0,0,0,0,0,0,0,0,0,0,0,0,,,0,0,0,0,0,0,0,0,0,0,0,0,,,,0,0,0,0,0,0,0,,0,0,0,0,0,4.4,7.4
00-0037692,B.Aubrey,Brandon Aubrey,K,SPEC,"https://static.www.nfl.com/image/upload/f_auto,q_auto/league/ynyyootbeabm5sx4ejgt",2025,3,REG,DAL,CHI,0,0,0,0,0,0,0,0,0,0,0,0,,,0,,0,0,0,0,0,0,,0,0,0,0,0,0,0,0,0,0,,0,,0.0,0.0,0.0,0,0,0,0,0,0,0,0.0,0.0,0,0,0,0,0,0,0,0,0,0,0,0,0,0,0,0,0,0,0,2,2,0,0,53.0,1.0,0,0,1,0,1,0,0,0,0,0,0,0,53;33,,,86,0,0,0,0,0,0,,0,0,0,0,0,0.0,0.0
00-0037801,K.Turpin,KaVontae Turpin,WR,WR,"https://static.www.nfl.com/image/upload/f_auto,q_auto/league/cgjwzierootp8gjem5oe",2025,3,REG,DAL,CHI,0,0,0,0,0,0,0,0,0,0,0,0,,,0,,1,4,0,0,0,0,-0.16755140130408108,0,2,3,64,0,0,0,73,6,2,0.7397857020841911,0,0.8767123287671232,0.06818181818181818,0.27238805970149255,0.292944369063772,0,0,0,0,0,0,0,0.0,0.0,0,0,0,0,0,0,0,0,0,0,0,0,0,0,0,2,28,2,49,0,0,0,0,,,0,0,0,0,0,0,0,0,0,0,0,0,,,,0,0,0,0,0,0,0,,0,0,0,0,0,6.800000000000001,8.8
00-0038041,J.Ferguson,Jake Ferguson,TE,TE,"https://static.www.nfl.com/image/upload/f_auto,q_auto/league/ebdz1yf8ky2mscdvyv1v",2025,3,REG,DAL,CHI,0,0,0,0,0,0,0,0,0,0,0,0,,,0,,0,0,0,0,0,0,,0,13,14,82,0,0,0,42,45,2,-0.04260833276202902,0,1.9523809523809523,0.3181818181818182,0.15671641791044777,0.5869742198100407,0,0,0,0,0,0,0,0.0,0.0,0,0,0,0,0,0,0,0,0,0,0,0,0,0,0,0,0,0,0,0,0,0,0,,,0,0,0,0,0,0,0,0,0,0,0,0,,,,0,0,0,0,0,0,0,,0,0,0,0,0,8.200000000000001,21.200000000000003
00-0038547,L.Schoonmaker,Luke Schoonmaker,TE,TE,"https://static.www.nfl.com/image/upload/f_auto,q_auto/league/mjaidpltef1ctqwrk5o5",2025,3,REG,DAL,CHI,0,0,0,0,0,0,0,0,0,0,0,0,,,0,,0,0,0,0,0,0,,0,1,1,5,0,0,0,5,0,0,-0.11479791859164834,0,1.0,0.022727272727272728,0.018656716417910446,0.0471506105834464,0,0,0,0,0,0,0,0.0,0.0,0,0,0,0,0,0,0,0,0,0,0,0,0,0,0,0,0,0,0,0,0,0,0,,,0,0,0,0,0,0,0,0,0,0,0,0,,,,0,0,0,0,0,0,0,,0,0,0,0,0,0.5,1.5
00-0039341,T.Guyton,Tyler Guyton,OT,OL,"https://static.www.nfl.com/image/upload/f_auto,q_auto/league/vkthsqd2smgoymkspfth",2025,3,REG,DAL,CHI,0,0,0,0,0,0,0,0,0,0,0,0,,,0,,0,0,0,0,0,0,,0,0,0,0,0,0,0,0,0,0,,0,,0.0,0.0,0.0,0,0,0,0,0,0,0,0.0,0.0,0,0,0,0,0,0,0,0,0,0,0,0,0,2,10,0,0,0,0,0,0,0,0,,,0,0,0,0,0,0,0,0,0,0,0,0,,,,0,0,0,0,0,0,0,,0,0,0,0,0,0.0,0.0
00-0039398,J.Milton,Joe Milton III,QB,QB,"https://static.www.nfl.com/image/upload/f_auto,q_auto/league/tsj9lobse1gxzanf39dt",2025,3,REG,DAL,CHI,3,5,41,0,1,0,0,0,0,67,7,2,-0.7261007607448846,4.929508566856384,0,0.6119402985074627,0,0,0,0,0,0,,0,0,0,0,0,0,0,0,0,0,,0,,0.0,0.0,0.0,0,0,0,0,0,0,0,0.0,0.0,0,0,0,0,0,0,0,0,0,0,0,0,0,0,0,0,0,0,0,0,0,0,0,,,0,0,0,0,0,0,0,0,0,0,0,0,,,,0,0,0,0,0,0,0,,0,0,0,0,0,-0.3599999999999999,-0.3599999999999999
00-0039410,R.Flournoy,Ryan Flournoy,WR,WR,"https://static.www.nfl.com/image/upload/f_auto,q_auto/league/tqwq3cgpqu7j9hzoyicx",2025,3,REG,DAL,CHI,0,0,0,0,0,0,0,0,0,0,0,0,,,0,,0,0,0,0,0,0,,0,2,3,21,0,0,0,25,0,1,2.7918331576511264,0,0.84,0.06818181818181818,0.09328358208955224,0.16757123473541383,0,0,0,0,0,0,0,0.0,0.0,0,0,0,0,0,0,0,0,0,0,0,0,0,0,0,0,0,0,0,0,0,0,0,,,0,0,0,0,0,0,0,0,0,0,0,0,,,,0,0,0,0,0,0,0,,0,0,0,0,0,2.1,4.1
00-0039465,R.Steward,Reddy Steward,DB,DB,"https://static.www.nfl.com/image/upload/f_auto,q_auto/league/augbl90tb3qkkev6e0kq",2025,3,REG,DAL,CHI,0,0,0,0,0,0,0,0,0,0,0,0,,,0,,0,0,0,0,0,0,,0,0,0,0,0,0,0,0,0,0,,0,,0.0,0.0,0.0,0,3,1,2,2,8,0,0.0,0.0,0,0,0,0,0,0,0,0,0,0,0,0,0,0,0,0,0,0,0,0,0,0,0,,,0,0,0,0,0,0,0,0,0,0,0,0,,,,0,0,0,0,0,0,0,,0,0,0,0,0,0.0,0.0
00-0039530,B.Spann-Ford,Brevyn Spann-Ford,TE,TE,"https://static.www.nfl.com/image/upload/f_auto,q_auto/league/tsblwzvfsxuvohhfagls",2025,3,REG,DAL,CHI,0,0,0,0,0,0,0,0,0,0,0,0,,,0,,0,0,0,0,0,0,,0,0,0,0,0,0,0,0,0,0,,0,,0.0,0.0,0.0,0,1,0,0,0,0,0,0.0,0.0,0,0,0,0,0,0,0,0,0,0,0,0,0,0,0,0,0,0,0,0,0,0,0,,,0,0,0,0,0,0,0,0,0,0,0,0,,,,0,0,0,0,0,0,0,,0,0,0,0,0,0.0,0.0
00-0039900,M.Kneeland,Marshawn Kneeland,DE,DL,"https://static.www.nfl.com/image/upload/f_auto,q_auto/league/ghcwtmz5knxwpnddbymm",2025,3,REG,DAL,CHI,0,0,0,0,0,0,0,0,0,0,0,0,,,0,,0,0,0,0,0,0,,0,0,0,0,0,0,0,0,0,0,,0,,0.0,0.0,0.0,0,2,0,1,2,12,0,0.0,0.0,0,0,0,0,0,0,0,0,0,0,0,0,0,0,0,0,0,0,0,0,0,0,0,,,0,0,0,0,0,0,0,0,0,0,0,0,,,,0,0,0,0,0,0,0,,0,0,0,0,0,0.0,0.0
00-0040251,T.Bridges,Trikweze Bridges,CB,DB,"https://static.www.nfl.com/image/upload/f_auto,q_auto/league/gjjfpzprpesl0q2ujavn",2025,3,REG,DAL,CHI,0,0,0,0,0,0,0,0,0,0,0,0,,,0,,0,0,0,0,0,0,,0,0,0,0,0,0,0,0,0,0,,0,,0.0,0.0,0.0,0,3,0,1,0,0,0,0.0,0.0,0,0,0,0,0,0,0,0,0,0,0,0,0,0,0,0,0,0,0,0,0,0,0,,,0,0,0,0,0,0,0,0,0,0,0,0,,,,0,0,0,0,0,0,0,,0,0,0,0,0,0.0,0.0
00-0040725,D.Ezeiruaku,Donovan Ezeiruaku,DE,DL,"https://static.www.nfl.com/image/upload/f_auto,q_auto/league/p01praffl9gjoogdgaq8",2025,3,REG,DAL,CHI,0,0,0,0,0,0,0,0,0,0,0,0,,,0,,0,0,0,0,0,0,,0,0,0,0,0,0,0,0,0,0,,0,,0.0,0.0,0.0,0,1,0,1,0,0,0,0.0,0.0,0,0,0,0,0,0,0,0,0,0,0,0,0,0,0,0,0,0,0,0,0,0,0,,,0,0,0,0,0,0,0,0,0,0,0,0,,,,0,0,0,0,0,0,0,,0,0,0,0,0,0.0,0.0
