player_id,player_name,player_display_name,position,position_group,headshot_url,season,week,season_type,team,opponent_team,completions,attempts,passing_yards,passing_tds,passing_interceptions,sacks_suffered,sack_yards_lost,sack_fumbles,sack_fumbles_lost,passing_air_yards,passing_yards_after_catch,passing_first_downs,passing_epa,passing_cpoe,passing_2pt_conversions,pacr,carries,rushing_yards,rushing_tds,rushing_fumbles,rushing_fumbles_lost,rushing_first_downs,rushing_epa,rushing_2pt_conversions,receptions,targets,receiving_yards,receiving_tds,receiving_fumbles,receiving_fumbles_lost,receiving_air_yards,receiving_yards_after_catch,receiving_first_downs,receiving_epa,receiving_2pt_conversions,racr,target_share,air_yards_share,wopr,special_teams_tds,def_tackles_solo,def_tackles_with_assist,def_tackle_assists,def_tackles_for_loss,def_tackles_for_loss_yards,def_fumbles_forced,def_sacks,def_sack_yards,def_qb_hits,def_interceptions,def_interception_yards,def_pass_defended,def_tds,def_fumbles,def_safeties,misc_yards,fumble_recovery_own,fumble_recovery_yards_own,fumble_recovery_opp,fumble_recovery_yards_opp,fumble_recovery_tds,penalties,penalty_yards,punt_returns,punt_return_yards,kickoff_returns,kickoff_return_yards,fg_made,fg_att,fg_missed,fg_blocked,fg_long,fg_pct,fg_made_0_19,fg_made_20_29,fg_made_30_39,fg_made_40_49,fg_made_50_59,fg_made_60_,fg_missed_0_19,fg_missed_20_29,fg_missed_30_39,fg_missed_40_49,fg_missed_50_59,fg_missed_60_,fg_made_list,fg_missed_list,fg_blocked_list,fg_made_distance,fg_missed_distance,fg_blocked_distance,pat_made,pat_att,pat_missed,pat_blocked,pat_pct,gwfg_made,gwfg_att,gwfg_missed,gwfg_blocked,gwfg_distance,fantasy_points,fantasy_points_ppr
00-0027114,T.Morstead,Thomas Morstead,P,SPEC,"https://static.www.nfl.com/image/upload/f_auto,q_auto/league/uicxa9bwvrenvcwnoklm",2025,1,REG,SF,SEA,0,0,0,0,0,0,0,0,0,0,0,0,,,0,,0,0,0,0,0,0,,0,0,0,0,0,0,0,0,0,0,,0,,0.0,0.0,0.0,0,0,0,0,0,0,0,0.0,0.0,0,0,0,0,0,0,0,0,0,0,0,0,0,0,0,0,0,0,0,0,0,0,0,,,0,0,0,0,0,0,0,0,0,0,0,0,,,,0,0,0,0,0,0,0,,0,0,0,0,0,0.0,0.0
00-0027857,T.Williams,Trent Williams,OT,OL,"https://static.www.nfl.com/image/upload/f_auto,q_auto/league/z3rgsbkzy0sripzunidx",2025,1,REG,SF,SEA,0,0,0,0,0,0,0,0,0,0,0,0,,,0,,0,0,0,0,0,0,,0,0,0,0,0,0,0,0,0,0,,0,,0.0,0.0,0.0,0,0,0,0,0,0,0,0.0,0.0,0,0,0,0,0,0,0,0,0,0,0,0,0,1,10,0,0,0,0,0,0,0,0,,,0,0,0,0,0,0,0,0,0,0,0,0,,,,0,0,0,0,0,0,0,,0,0,0,0,0,0.0,0.0
00-0029892,K.Juszczyk,Kyle Juszczyk,FB,RB,"https://static.www.nfl.com/image/upload/f_auto,q_auto/league/qflumv1aag7yw9mgwpga",2025,1,REG,SF,SEA,0,0,0,0,0,0,0,0,0,0,0,0,,,0,,0,0,0,0,0,0,,0,2,2,32,0,0,0,22,10,1,2.2686643470660783,0,1.4545454545454546,0.058823529411764705,0.08461538461538462,0.14746606334841628,0,0,0,1,0,0,0,0.0,0.0,0,0,0,0,0,0,0,0,0,0,0,0,0,0,0,0,0,0,0,0,0,0,0,,,0,0,0,0,0,0,0,0,0,0,0,0,,,,0,0,0,0,0,0,0,,0,0,0,0,0,3.2,5.2
00-0033280,C.McCaffrey,Christian McCaffrey,RB,RB,"https://static.www.nfl.com/image/upload/f_auto,q_auto/league/resjdwihunsqckohcorj",2025,1,REG,SF,SEA,0,0,0,0,0,0,0,0,0,0,0,0,,,0,,22,69,0,0,0,6,-5.274798283557175,0,9,10,73,0,0,0,20,62,3,4.759142103773174,0,3.65,0.29411764705882354,0.07692307692307693,0.49502262443438916,0,0,0,1,0,0,0,0.0,0.0,0,0,0,0,0,0,0,0,0,0,0,0,0,0,0,0,0,0,0,0,0,0,0,,,0,0,0,0,0,0,0,0,0,0,0,0,,,,0,0,0,0,0,0,0,,0,0,0,0,0,14.200000000000001,23.200000000000003
00-0033288,G.Kittle,George Kittle,TE,TE,"https://static.www.nfl.com/image/upload/f_auto,q_auto/league/ztz3xqjaqgok9m4nylgs",2025,1,REG,SF,SEA,0,0,0,0,0,0,0,0,0,0,0,0,,,0,,0,0,0,0,0,0,,0,4,4,25,1,0,0,22,3,3,4.294481564022135,0,1.1363636363636365,0.11764705882352941,0.08461538461538462,0.23570135746606333,0,0,0,0,0,0,0,0.0,0.0,0,0,0,0,0,0,0,0,0,0,0,0,0,0,0,0,0,0,0,0,0,0,0,,,0,0,0,0,0,0,0,0,0,0,0,0,,,,0,0,0,0,0,0,0,,0,0,0,0,0,8.5,12.5
00-0034391,S.Neal,Siran Neal,CB,DB,"https://static.www.nfl.com/image/upload/f_auto,q_auto/league/kq7kbeol3boyczqkm9jx",2025,1,REG,SF,SEA,0,0,0,0,0,0,0,0,0,0,0,0,,,0,,0,0,0,0,0,0,,0,0,0,0,0,0,0,0,0,0,,0,,0.0,0.0,0.0,0,0,0,0,0,0,0,0.0,0.0,0,0,0,0,0,0,0,0,0,0,0,0,0,1,5,0,0,0,0,0,0,0,0,,,0,0,0,0,0,0,0,0,0,0,0,0,,,,0,0,0,0,0,0,0,,0,0,0,0,0,0.0,0.0
00-0034815,F.Warner,Fred Warner,MLB,LB,"https://static.www.nfl.com/image/upload/f_auto,q_auto/league/u3en19iyyfc64d3vprh6",2025,1,REG,SF,SEA,0,0,0,0,0,0,0,0,0,0,0,0,,,0,,0,0,0,0,0,0,,0,0,0,0,0,0,0,0,0,0,,0,,0.0,0.0,0.0,0,4,0,4,1,1,0,0.0,0.0,0,0,0,0,0,0,0,0,0,0,0,0,0,0,0,0,0,0,0,0,0,0,0,,,0,0,0,0,0,0,0,0,0,0,0,0,,,,0,0,0,0,0,0,0,,0,0,0,0,0,0.0,0.0
00-0035413,L.Gifford,Luke Gifford,LB,LB,"https://static.www.nfl.com/image/upload/f_auto,q_auto/league/zuskjpnniq2xwnao6tuk",2025,1,REG,SF,SEA,0,0,0,0,0,0,0,0,0,0,0,0,,,0,,0,0,0,0,0,0,,0,0,0,0,0,0,0,0,0,0,,0,,0.0,0.0,0.0,0,1,0,3,0,0,0,0.0,0.0,0,0,0,0,0,0,0,0,0,0,0,0,0,0,0,0,0,0,0,0,0,0,0,,,0,0,0,0,0,0,0,0,0,0,0,0,,,,0,0,0,0,0,0,0,,0,0,0,0,0,0.0,0.0
00-0035717,N.Bosa,Nick Bosa,DE,DL,"https://static.www.nfl.com/image/upload/f_auto,q_auto/league/d41bo71xbojqb4picswi",2025,1,REG,SF,SEA,0,0,0,0,0,0,0,0,0,0,0,0,,,0,,0,0,0,0,0,0,,0,0,0,0,0,0,0,0,0,0,,0,,0.0,0.0,0.0,0,6,0,0,3,15,1,1.0,4.0,1,0,0,0,0,0,0,0,0,0,1,1,0,0,0,0,0,0,0,0,0,0,0,,,0,0,0,0,0,0,0,0,0,0,0,0,,,,0,0,0,0,0,0,0,,0,0,0,0,0,0.0,0.0
00-0036151,B.Huff,Bryce Huff,DE,DL,"https://static.www.nfl.com/image/upload/f_auto,q_auto/league/pminx3vvyt9laihkxk55",2025,1,REG,SF,SEA,0,0,0,0,0,0,0,0,0,0,0,0,,,0,,0,0,0,0,0,0,,0,0,0,0,0,0,0,0,0,0,,0,,0.0,0.0,0.0,0,0,0,0,0,0,0,0.0,0.0,0,0,0,0,0,0,0,0,0,0,0,0,0,1,5,0,0,0,0,0,0,0,0,,,0,0,0,0,0,0,0,0,0,0,0,0,,,,0,0,0,0,0,0,0,,0,0,0,0,0,0.0,0.0
00-0036256,C.McKivitz,Colton McKivitz,OT,OL,"https://static.www.nfl.com/image/upload/f_auto,q_auto/league/ljxuxdusiz3j2raspwst",2025,1,REG,SF,SEA,0,0,0,0,0,0,0,0,0,0,0,0,,,0,,0,0,0,0,0,0,,0,0,0,0,0,0,0,0,0,0,,0,,0.0,0.0,0.0,0,1,0,0,0,0,0,0.0,0.0,0,0,0,0,0,0,0,0,0,0,0,0,0,1,5,0,0,0,0,0,0,0,0,,,0,0,0,0,0,0,0,0,0,0,0,0,,,,0,0,0,0,0,0,0,,0,0,0,0,0,0.0,0.0
00-0036259,J.Jennings,Jauan Jennings,WR,WR,"https://static.www.nfl.com/image/upload/f_auto,q_auto/league/cdx9mq3iglzog9mkqvdr",2025,1,REG,SF,SEA,0,0,0,0,0,0,0,0,0,0,0,0,,,0,,0,0,0,0,0,0,,0,2,5,16,0,0,0,42,16,1,-5.329459869244199,0,0.38095238095238093,0.14705882352941177,0.16153846153846155,0.3336651583710407,0,0,0,0,0,0,0,0.0,0.0,0,0,0,0,0,0,0,0,0,0,0,0,0,0,0,0,0,0,0,0,0,0,0,,,0,0,0,0,0,0,0,0,0,0,0,0,,,,0,0,0,0,0,0,0,,0,0,0,0,0,1.6,3.6
00-0036266,J.Elliott,Jordan Elliott,DT,DL,"https://static.www.nfl.com/image/upload/f_auto,q_auto/league/vkl6igrusm0srrkge1d9",2025,1,REG,SF,SEA,0,0,0,0,0,0,0,0,0,0,0,0,,,0,,0,0,0,0,0,0,,0,0,0,0,0,0,0,0,0,0,,0,,0.0,0.0,0.0,0,0,0,3,0,0,0,0.0,0.0,0,0,0,0,0,0,0,0,0,0,0,0,0,0,0,0,0,0,0,0,0,0,0,,,0,0,0,0,0,0,0,0,0,0,0,0,,,,0,0,0,0,0,0,0,,0,0,0,0,0,0.0,0.0
00-0036288,Y.Gross-Matos,Yetur Gross-Matos,DE,DL,"https://static.www.nfl.com/image/upload/f_auto,q_auto/league/w1xhz0qsd0rr5hczbpb8",2025,1,REG,SF,SEA,0,0,0,0,0,0,0,0,0,0,0,0,,,0,,0,0,0,0,0,0,,0,0,0,0,0,0,0,0,0,0,,0,,0.0,0.0,0.0,0,0,0,0,0,0,0,0.0,0.0,1,0,0,0,0,0,0,0,0,0,0,0,0,0,0,0,0,0,0,0,0,0,0,,,0,0,0,0,0,0,0,0,0,0,0,0,,,,0,0,0,0,0,0,0,,0,0,0,0,0,0.0,0.0
00-0036502,J.Pinnock,Jason Pinnock,SAF,DB,"https://static.www.nfl.com/image/upload/f_auto,q_auto/league/vfudin1xe9wdv1bv6awj",2025,1,REG,SF,SEA,0,0,0,0,0,0,0,0,0,0,0,0,,,0,,0,0,0,0,0,0,,0,0,0,0,0,0,0,0,0,0,,0,,0.0,0.0,0.0,0,4,0,0,0,0,0,0.0,0.0,0,0,0,0,0,0,0,0,0,0,0,0,0,0,0,0,0,0,0,0,0,0,0,,,0,0,0,0,0,0,0,0,0,0,0,0,,,,0,0,0,0,0,0,0,,0,0,0,0,0,0.0,0.0
00-0036563,D.Lenoir,Deommodore Lenoir,CB,DB,"https://static.www.nfl.com/image/upload/f_auto,q_auto/league/ypghnprlnzwmxjcrbpk7",2025,1,REG,SF,SEA,0,0,0,0,0,0,0,0,0,0,0,0,,,0,,0,0,0,0,0,0,,0,0,0,0,0,0,0,0,0,0,,0,,0.0,0.0,0.0,0,2,0,0,0,0,0,0.0,0.0,0,0,0,0,0,0,0,0,0,0,0,0,0,2,23,0,0,0,0,0,0,0,0,,,0,0,0,0,0,0,0,0,0,0,0,0,,,,0,0,0,0,0,0,0,,0,0,0,0,0,0.0,0.0
00-0036887,L.Farrell,Luke Farrell,TE,TE,"https://static.www.nfl.com/image/upload/f_auto,q_auto/league/sccmpo8xbzdbjasmwcfj",2025,1,REG,SF,SEA,0,0,0,0,0,0,0,0,0,0,0,0,,,0,,0,0,0,0,0,0,,0,1,1,4,0,0,0,4,0,1,2.5435777850216255,0,1.0,0.029411764705882353,0.015384615384615385,0.05488687782805429,0,0,0,0,0,0,0,0.0,0.0,0,0,0,0,0,0,0,0,0,0,0,0,0,1,5,0,0,0,0,0,0,0,0,,,0,0,0,0,0,0,0,0,0,0,0,0,,,,0,0,0,0,0,0,0,,0,0,0,0,0,0.4,1.4
00-0037112,J.Tonges,Jake Tonges,TE,TE,"https://static.www.nfl.com/image/upload/f_auto,q_auto/league/uztcdowl4wig2uhy1qxh",2025,1,REG,SF,SEA,0,0,0,0,0,0,0,0,0,0,0,0,,,0,,0,0,0,0,0,0,,0,3,3,15,1,0,0,9,6,2,3.432606359827332,0,1.6666666666666667,0.08823529411764706,0.03461538461538462,0.1565837104072398,0,0,0,0,0,0,0,0.0,0.0,0,0,0,0,0,0,0,0,0,0,0,0,0,0,0,0,0,0,0,0,0,0,0,,,0,0,0,0,0,0,0,0,0,0,0,0,,,,0,0,0,0,0,0,0,,0,0,0,0,0,7.5,10.5
00-0037321,C.Lucas,Chase Lucas,CB,DB,"https://static.www.nfl.com/image/upload/f_auto,q_auto/league/ftkp0eabjmqrbftyddyo",2025,1,REG,SF,SEA,0,0,0,0,0,0,0,0,0,0,0,0,,,0,,0,0,0,0,0,0,,0,0,0,0,0,0,0,0,0,0,,0,,0.0,0.0,0.0,0,1,0,0,0,0,0,0.0,0.0,0,0,0,0,0,0,0,0,0,0,0,0,0,0,0,0,0,0,0,0,0,0,0,,,0,0,0,0,0,0,0,0,0,0,0,0,,,,0,0,0,0,0,0,0,,0,0,0,0,0,0.0,0.0
00-0037602,S.Okuayinonu,Sam Okuayinonu,DT,DL,"https://static.www.nfl.com/image/upload/f_auto,q_auto/league/bz3qx6p6ua5e7e5kuukk",2025,1,REG,SF,SEA,0,0,0,0,0,0,0,0,0,0,0,0,,,0,,0,0,0,0,0,0,,0,0,0,0,0,0,0,0,0,0,,0,,0.0,0.0,0.0,0,2,0,0,0,0,1,0.0,0.0,0,0,0,0,0,0,0,0,0,0,0,0,0,0,0,0,0,0,0,0,0,0,0,,,0,0,0,0,0,0,0,0,0,0,0,0,,,,0,0,0,0,0,0,0,,0,0,0,0,0,0.0,0.0
00-0037746,B.Robinson,Brian Robinson,RB,RB,"https://static.www.nfl.com/image/upload/f_auto,q_auto/league/n1xhex1ytisxcbcggqu7",2025,1,REG,SF,SEA,0,0,0,0,0,0,0,0,0,0,0,0,,,0,,9,33,0,0,0,1,-1.2248567318310961,0,1,2,4,0,0,0,0,9,0,-0.5416980441659689,0,0.0,0.058823529411764705,0.0,0.08823529411764705,0,0,0,0,0,0,0,0.0,0.0,0,0,0,0,0,0,0,0,0,0,0,0,0,0,0,0,0,0,0,0,0,0,0,,,0,0,0,0,0,0,0,0,0,0,0,0,,,,0,0,0,0,0,0,0,,0,0,0,0,0,3.7,4.7
00-0037832,K.Davis,Kalia Davis,DT,DL,"https://static.www.nfl.com/image/upload/f_auto,q_auto/league/bqad9jqdvg5tis5i3vgu",2025,1,REG,SF,SEA,0,0,0,0,0,0,0,0,0,0,0,0,,,0,,0,0,0,0,0,0,,0,0,0,0,0,0,0,0,0,0,,0,,0.0,0.0,0.0,0,1,0,0,1,3,0,0.0,0.0,0,0,0,0,0,0,0,0,0,0,0,0,0,0,0,0,0,0,0,0,0,0,0,,,0,0,0,0,0,0,0,0,0,0,0,0,,,,0,0,0,0,0,0,0,,0,0,0,0,0,0.0,0.0
00-0037834,B.Purdy,Brock Purdy,QB,QB,"https://static.www.nfl.com/image/upload/f_auto,q_auto/league/xykdxnvxpf9pobxvkjfj",2025,1,REG,SF,SEA,26,35,277,2,2,1,-12,0,0,260,121,15,13.329884157278123,15.341458162840675,0,1.0653846153846154,5,17,0,0,0,0,1.0408143481181469,0,0,0,0,0,0,0,0,0,0,,0,,0.0,0.0,0.0,0,0,0,0,0,0,0,0.0,0.0,0,0,0,0,0,0,0,0,0,0,0,0,0,0,0,0,0,0,0,0,0,0,0,,,0,0,0,0,0,0,0,0,0,0,0,0,,,,0,0,0,0,0,0,0,,0,0,0,0,0,16.779999999999998,16.779999999999998
00-0038090,S.Moore,Skyy Moore,WR,WR,"https://static.www.nfl.com/image/upload/f_auto,q_auto/league/fadcpretmhczwjq8ovae",2025,1,REG,SF,SEA,0,0,0,0,0,0,0,0,0,0,0,0,,,0,,0,0,0,0,0,0,,0,0,0,0,0,0,0,0,0,0,,0,,0.0,0.0,0.0,0,0,0,0,0,0,0,0.0,0.0,0,0,0,0,0,1,0,0,1,1,0,0,0,0,0,4,39,1,24,0,0,0,0,,,0,0,0,0,0,0,0,0,0,0,0,0,,,,0,0,0,0,0,0,0,,0,0,0,0,0,0.0,0.0
00-0038554,J.Brown,Ji'Ayir Brown,SAF,DB,"https://static.www.nfl.com/image/upload/f_auto,q_auto/league/gmgewszcsvxdb63dmqby",2025,1,REG,SF,SEA,0,0,0,0,0,0,0,0,0,0,0,0,,,0,,0,0,0,0,0,0,,0,0,0,0,0,0,0,0,0,0,,0,,0.0,0.0,0.0,0,0,0,0,0,0,0,0.0,0.0,0,0,0,0,0,0,0,0,0,0,0,0,0,1,5,0,0,0,0,0,0,0,0,,,0,0,0,0,0,0,0,0,0,0,0,0,,,,0,0,0,0,0,0,0,,0,0,0,0,0,0.0,0.0
00-0038562,J.Moody,Jake Moody,K,SPEC,"https://static.www.nfl.com/image/upload/f_auto,q_auto/league/wkqqi3zfucoti8g5ncob",2025,1,REG,SF,SEA,0,0,0,0,0,0,0,0,0,0,0,0,,,0,,0,0,0,0,0,0,,0,0,0,0,0,0,0,0,0,0,,0,,0.0,0.0,0.0,0,0,0,0,0,0,0,0.0,0.0,0,0,0,0,0,0,0,0,0,0,0,0,0,0,0,0,0,0,0,1,3,1,1,32.0,0.3333333333333333,0,0,1,0,0,0,0,1,0,0,0,0,32,27,36,32,27,36,2,2,0,0,1.0,0,0,0,0,0,0.0,0.0
00-0038625,D.Winters,Dee Winters,LB,LB,"https://static.www.nfl.com/image/upload/f_auto,q_auto/league/uq6qbsrwlkhnu7lsrejj",2025,1,REG,SF,SEA,0,0,0,0,0,0,0,0,0,0,0,0,,,0,,0,0,0,0,0,0,,0,0,0,0,0,0,0,0,0,0,,0,,0.0,0.0,0.0,0,4,1,1,2,2,0,0.0,0.0,0,0,0,0,0,0,0,0,0,0,0,0,0,0,0,0,0,0,0,0,0,0,0,,,0,0,0,0,0,0,0,0,0,0,0,0,,,,0,0,0,0,0,0,0,,0,0,0,0,0,0.0,0.0
00-0039345,R.Green,Renardo Green,CB,DB,"https://static.www.nfl.com/image/upload/f_auto,q_auto/league/reoqk5hmsjugiaed55fk",2025,1,REG,SF,SEA,0,0,0,0,0,0,0,0,0,0,0,0,,,0,,0,0,0,0,0,0,,0,0,0,0,0,0,0,0,0,0,,0,,0.0,0.0,0.0,0,2,0,2,0,0,0,0.0,0.0,0,0,0,2,0,0,0,0,0,0,0,0,0,0,0,0,0,0,0,0,0,0,0,,,0,0,0,0,0,0,0,0,0,0,0,0,,,,0,0,0,0,0,0,0,,0,0,0,0,0,0.0,0.0
00-0039363,I.Guerendo,Isaac Guerendo,RB,RB,"https://static.www.nfl.com/image/upload/f_auto,q_auto/league/lr1qp5tsa5xshzt02urm",2025,1,REG,SF,SEA,0,0,0,0,0,0,0,0,0,0,0,0,,,0,,0,0,0,0,0,0,,0,0,0,0,0,0,0,0,0,0,,0,,0.0,0.0,0.0,0,0,0,0,0,0,0,0.0,0.0,0,0,0,0,0,0,0,0,0,0,0,0,0,0,0,0,0,1,16,0,0,0,0,,,0,0,0,0,0,0,0,0,0,0,0,0,,,,0,0,0,0,0,0,0,,0,0,0,0,0,0.0,0.0
00-0039435,T.Bethune,Tatum Bethune,LB,LB,"https://static.www.nfl.com/image/upload/f_auto,q_auto/league/hbmwbevay9amntpkvfbt",2025,1,REG,SF,SEA,0,0,0,0,0,0,0,0,0,0,0,0,,,0,,0,0,0,0,0,0,,0,0,0,0,0,0,0,0,0,0,,0,,0.0,0.0,0.0,0,1,0,1,0,0,0,0.0,0.0,0,0,0,0,0,0,0,0,0,0,0,0,0,0,0,0,0,0,0,0,0,0,0,,,0,0,0,0,0,0,0,0,0,0,0,0,,,,0,0,0,0,0,0,0,,0,0,0,0,0,0.0,0.0
00-0039916,R.Pearsall,Ricky Pearsall,WR,WR,"https://static.www.nfl.com/image/upload/f_auto,q_auto/league/ko3lwlcfkxaykcspt4nw",2025,1,REG,SF,SEA,0,0,0,0,0,0,0,0,0,0,0,0,,,0,,0,0,0,0,0,0,,0,4,7,108,0,0,0,136,15,4,5.0741240172656035,0,0.7941176470588235,0.20588235294117646,0.5230769230769231,0.6749773755656109,0,1,0,0,0,0,0,0.0,0.0,0,0,0,0,0,0,0,0,0,0,0,0,0,0,0,0,0,0,0,0,0,0,0,,,0,0,0,0,0,0,0,0,0,0,0,0,,,,0,0,0,0,0,0,0,,0,0,0,0,0,10.8,14.8
00-0040152,U.Stout,Upton Stout,CB,DB,"https://static.www.nfl.com/image/upload/f_auto,q_auto/league/igyjtgzayft05v01yhuz",2025,1,REG,SF,SEA,0,0,0,0,0,0,0,0,0,0,0,0,,,0,,0,0,0,0,0,0,,0,0,0,0,0,0,0,0,0,0,,0,,0.0,0.0,0.0,0,1,0,0,0,0,0,0.0,0.0,0,0,0,1,0,0,0,0,0,0,0,0,0,1,3,0,0,0,0,0,0,0,0,,,0,0,0,0,0,0,0,0,0,0,0,0,,,,0,0,0,0,0,0,0,,0,0,0,0,0,0.0,0.0
00-0040185,M.Sigle,Marques Sigle,SAF,DB,"https://static.www.nfl.com/image/upload/f_auto,q_auto/league/njl59cs0r2vlnob8uz8k",2025,1,REG,SF,SEA,0,0,0,0,0,0,0,0,0,0,0,0,,,0,,0,0,0,0,0,0,,0,0,0,0,0,0,0,0,0,0,,0,,0.0,0.0,0.0,0,5,0,1,0,0,0,0.0,0.0,0,0,0,0,0,0,0,0,0,0,1,1,0,0,0,0,0,0,0,0,0,0,0,,,0,0,0,0,0,0,0,0,0,0,0,0,,,,0,0,0,0,0,0,0,,0,0,0,0,0,0.0,0.0
00-0040660,M.Williams,Mykel Williams,DE,DL,"https://static.www.nfl.com/image/upload/f_auto,q_auto/league/glewua5vtcbfvbm6j8s3",2025,1,REG,SF,SEA,0,0,0,0,0,0,0,0,0,0,0,0,,,0,,0,0,0,0,0,0,,0,0,0,0,0,0,0,0,0,0,,0,,0.0,0.0,0.0,0,0,0,1,0,0,0,0.0,0.0,0,0,0,0,0,0,0,0,0,0,0,0,0,0,0,0,0,0,0,0,0,0,0,,,0,0,0,0,0,0,0,0,0,0,0,0,,,,0,0,0,0,0,0,0,,0,0,0,0,0,0.0,0.0
00-0040721,A.Collins,Alfred Collins,DT,DL,"https://static.www.nfl.com/image/upload/f_auto,q_auto/league/rjziol6cqynoyc0w0qfh",2025,1,REG,SF,SEA,0,0,0,0,0,0,0,0,0,0,0,0,,,0,,0,0,0,0,0,0,,0,0,0,0,0,0,0,0,0,0,,0,,0.0,0.0,0.0,0,0,0,1,0,0,0,0.0,0.0,0,0,0,0,0,0,0,0,0,0,0,0,0,0,0,0,0,0,0,0,0,0,0,,,0,0,0,0,0,0,0,0,0,0,0,0,,,,0,0,0,0,0,0,0,,0,0,0,0,0,0.0,0.0
00-0027114,T.Morstead,Thomas Morstead,P,SPEC,"https://static.www.nfl.com/image/upload/f_auto,q_auto/league/uicxa9bwvrenvcwnoklm",2025,2,REG,SF,NO,0,0,0,0,0,0,0,0,0,0,0,0,,,0,,0,0,0,0,0,0,,0,0,0,0,0,0,0,0,0,0,,0,,0.0,0.0,0.0,0,0,0,0,0,0,0,0.0,0.0,0,0,0,0,0,0,0,0,0,0,0,0,0,0,0,0,0,0,0,0,0,0,0,,,0,0,0,0,0,0,0,0,0,0,0,0,,,,0,0,0,0,0,0,0,,0,0,0,0,0,0.0,0.0
00-0029892,K.Juszczyk,Kyle Juszczyk,FB,RB,"https://static.www.nfl.com/image/upload/f_auto,q_auto/league/qflumv1aag7yw9mgwpga",2025,2,REG,SF,NO,0,0,0,0,0,0,0,0,0,0,0,0,,,0,,0,0,0,0,0,0,,0,1,1,5,0,0,0,3,2,0,0.20838455529883504,0,1.6666666666666667,0.02631578947368421,0.011811023622047244,0.04774140074595938,0,0,0,0,0,0,0,0.0,0.0,0,0,0,0,0,0,0,0,0,0,0,0,0,0,0,0,0,0,0,0,0,0,0,,,0,0,0,0,0,0,0,0,0,0,0,0,,,,0,0,0,0,0,0,0,,0,0,0,0,0,0.5,1.5
00-0033280,C.McCaffrey,Christian McCaffrey,RB,RB,"https://static.www.nfl.com/image/upload/f_auto,q_auto/league/resjdwihunsqckohcorj",2025,2,REG,SF,NO,0,0,0,0,0,0,0,0,0,0,0,0,,,0,,13,55,0,0,0,4,0.9313412418705411,0,6,7,52,1,0,0,22,28,3,5.857858312053416,0,2.3636363636363638,0.18421052631578946,0.08661417322834646,0.3369457107335267,0,0,0,0,0,0,0,0.0,0.0,0,0,0,0,0,0,0,0,0,0,0,0,0,0,0,0,0,0,0,0,0,0,0,,,0,0,0,0,0,0,0,0,0,0,0,0,,,,0,0,0,0,0,0,0,,0,0,0,0,0,16.700000000000003,22.700000000000003
00-0033307,K.Bourne,Kendrick Bourne,WR,WR,"https://static.www.nfl.com/image/upload/f_auto,q_auto/league/mkciutibcbq7phnplozn",2025,2,REG,SF,NO,0,0,0,0,0,0,0,0,0,0,0,0,,,0,,0,0,0,0,0,0,,0,3,3,32,0,0,0,23,9,2,2.1027656864607707,0,1.391304347826087,0.07894736842105263,0.09055118110236221,0.18180687940323248,0,0,0,0,0,0,0,0.0,0.0,0,0,0,0,0,0,0,0,0,0,0,0,0,0,0,0,0,0,0,0,0,0,0,,,0,0,0,0,0,0,0,0,0,0,0,0,,,,0,0,0,0,0,0,0,,0,0,0,0,0,3.2,6.2
00-0034173,E.Pineiro,Eddy Pineiro,K,SPEC,"https://static.www.nfl.com/image/upload/f_auto,q_auto/league/ybta3otz713o8xykkwjc",2025,2,REG,SF,NO,0,0,0,0,0,0,0,0,0,0,0,0,,,0,,0,0,0,0,0,0,,0,0,0,0,0,0,0,0,0,0,,0,,0.0,0.0,0.0,0,0,0,0,0,0,0,0.0,0.0,0,0,0,0,0,0,0,0,0,0,0,0,0,0,0,0,0,0,0,2,2,0,0,46.0,1.0,0,0,0,2,0,0,0,0,0,0,0,0,44;46,,,90,0,0,2,3,1,0,0.6666666666666666,0,0,0,0,0,0.0,0.0
00-0034272,M.Valdes-Scantling,Marquez Valdes-Scantling,WR,WR,"https://static.www.nfl.com/image/upload/f_auto,q_auto/league/vvk5v3hfjw0tevqxrhnf",2025,2,REG,SF,NO,0,0,0,0,0,0,0,0,0,0,0,0,,,0,,0,0,0,0,0,0,,0,0,1,0,0,0,0,16,0,0,-1.0284123551100492,0,0.0,0.02631578947368421,0.06299212598425197,0.08356817239950269,0,0,0,0,0,0,0,0.0,0.0,0,0,0,0,0,0,0,0,0,0,0,0,0,0,0,0,0,0,0,0,0,0,0,,,0,0,0,0,0,0,0,0,0,0,0,0,,,,0,0,0,0,0,0,0,,0,0,0,0,0,0.0,0.0
00-0034391,S.Neal,Siran Neal,CB,DB,"https://static.www.nfl.com/image/upload/f_auto,q_auto/league/kq7kbeol3boyczqkm9jx",2025,2,REG,SF,NO,0,0,0,0,0,0,0,0,0,0,0,0,,,0,,0,0,0,0,0,0,,0,0,0,0,0,0,0,0,0,0,,0,,0.0,0.0,0.0,0,0,0,1,0,0,0,0.0,0.0,0,0,0,0,0,0,0,0,0,0,0,0,0,0,0,0,0,0,0,0,0,0,0,,,0,0,0,0,0,0,0,0,0,0,0,0,,,,0,0,0,0,0,0,0,,0,0,0,0,0,0.0,0.0
00-0034815,F.Warner,Fred Warner,MLB,LB,"https://static.www.nfl.com/image/upload/f_auto,q_auto/league/u3en19iyyfc64d3vprh6",2025,2,REG,SF,NO,0,0,0,0,0,0,0,0,0,0,0,0,,,0,,0,0,0,0,0,0,,0,0,0,0,0,0,0,0,0,0,,0,,0.0,0.0,0.0,0,6,1,4,1,1,1,0.0,0.0,0,0,0,1,0,0,0,0,0,0,1,1,0,0,0,0,0,0,0,0,0,0,0,,,0,0,0,0,0,0,0,0,0,0,0,0,,,,0,0,0,0,0,0,0,,0,0,0,0,0,0.0,0.0
00-0035413,L.Gifford,Luke Gifford,LB,LB,"https://static.www.nfl.com/image/upload/f_auto,q_auto/league/zuskjpnniq2xwnao6tuk",2025,2,REG,SF,NO,0,0,0,0,0,0,0,0,0,0,0,0,,,0,,0,0,0,0,0,0,,0,0,0,0,0,0,0,0,0,0,,0,,0.0,0.0,0.0,0,0,0,3,0,0,0,0.0,0.0,0,0,0,0,0,0,0,0,0,0,0,0,0,0,0,0,0,0,0,0,0,0,0,,,0,0,0,0,0,0,0,0,0,0,0,0,,,,0,0,0,0,0,0,0,,0,0,0,0,0,0.0,0.0
00-0035717,N.Bosa,Nick Bosa,DE,DL,"https://static.www.nfl.com/image/upload/f_auto,q_auto/league/d41bo71xbojqb4picswi",2025,2,REG,SF,NO,0,0,0,0,0,0,0,0,0,0,0,0,,,0,,0,0,0,0,0,0,,0,0,0,0,0,0,0,0,0,0,,0,,0.0,0.0,0.0,0,3,0,6,1,5,0,1.0,5.0,2,0,0,0,0,0,0,0,0,0,0,0,0,0,0,0,0,0,0,0,0,0,0,,,0,0,0,0,0,0,0,0,0,0,0,0,,,,0,0,0,0,0,0,0,,0,0,0,0,0,0.0,0.0
00-0036151,B.Huff,Bryce Huff,DE,DL,"https://static.www.nfl.com/image/upload/f_auto,q_auto/league/pminx3vvyt9laihkxk55",2025,2,REG,SF,NO,0,0,0,0,0,0,0,0,0,0,0,0,,,0,,0,0,0,0,0,0,,0,0,0,0,0,0,0,0,0,0,,0,,0.0,0.0,0.0,0,3,0,1,1,15,1,1.0,9.0,1,0,0,0,0,0,0,0,0,0,0,0,0,0,0,0,0,0,0,0,0,0,0,,,0,0,0,0,0,0,0,0,0,0,0,0,,,,0,0,0,0,0,0,0,,0,0,0,0,0,0.0,0.0
00-0036259,J.Jennings,Jauan Jennings,WR,WR,"https://static.www.nfl.com/image/upload/f_auto,q_auto/league/cdx9mq3iglzog9mkqvdr",2025,2,REG,SF,NO,0,0,0,0,0,0,0,0,0,0,0,0,,,0,,0,0,0,0,0,0,,0,5,10,89,1,0,0,91,48,3,1.4609412446734495,0,0.978021978021978,0.2631578947368421,0.35826771653543305,0.6455242436800663,0,0,0,0,0,0,0,0.0,0.0,0,0,0,0,0,0,0,0,0,0,0,0,0,0,0,0,0,0,0,0,0,0,0,,,0,0,0,0,0,0,0,0,0,0,0,0,,,,0,0,0,0,0,0,0,,0,0,0,0,0,14.9,19.9
00-0036266,J.Elliott,Jordan Elliott,DT,DL,"https://static.www.nfl.com/image/upload/f_auto,q_auto/league/vkl6igrusm0srrkge1d9",2025,2,REG,SF,NO,0,0,0,0,0,0,0,0,0,0,0,0,,,0,,0,0,0,0,0,0,,0,0,0,0,0,0,0,0,0,0,,0,,0.0,0.0,0.0,0,0,0,2,0,0,0,0.0,0.0,0,0,0,0,0,0,0,0,0,0,0,0,0,0,0,0,0,0,0,0,0,0,0,,,0,0,0,0,0,0,0,0,0,0,0,0,,,,0,0,0,0,0,0,0,,0,0,0,0,0,0.0,0.0
00-0036288,Y.Gross-Matos,Yetur Gross-Matos,DE,DL,"https://static.www.nfl.com/image/upload/f_auto,q_auto/league/w1xhz0qsd0rr5hczbpb8",2025,2,REG,SF,NO,0,0,0,0,0,0,0,0,0,0,0,0,,,0,,0,0,0,0,0,0,,0,0,0,0,0,0,0,0,0,0,,0,,0.0,0.0,0.0,0,1,0,0,0,0,0,0.0,0.0,0,0,0,0,0,0,0,0,0,0,0,0,0,0,0,0,0,0,0,0,0,0,0,,,0,0,0,0,0,0,0,0,0,0,0,0,,,,0,0,0,0,0,0,0,,0,0,0,0,0,0.0,0.0
00-0036502,J.Pinnock,Jason Pinnock,SAF,DB,"https://static.www.nfl.com/image/upload/f_auto,q_auto/league/vfudin1xe9wdv1bv6awj",2025,2,REG,SF,NO,0,0,0,0,0,0,0,0,0,0,0,0,,,0,,0,0,0,0,0,0,,0,0,0,0,0,0,0,0,0,0,,0,,0.0,0.0,0.0,0,2,0,1,0,0,0,0.0,0.0,0,0,0,0,0,0,0,0,0,0,0,0,0,0,0,0,0,0,0,0,0,0,0,,,0,0,0,0,0,0,0,0,0,0,0,0,,,,0,0,0,0,0,0,0,,0,0,0,0,0,0.0,0.0
00-0036563,D.Lenoir,Deommodore Lenoir,CB,DB,"https://static.www.nfl.com/image/upload/f_auto,q_auto/league/ypghnprlnzwmxjcrbpk7",2025,2,REG,SF,NO,0,0,0,0,0,0,0,0,0,0,0,0,,,0,,0,0,0,0,0,0,,0,0,0,0,0,0,0,0,0,0,,0,,0.0,0.0,0.0,0,3,1,0,1,1,0,0.0,0.0,0,0,0,0,0,0,0,0,0,0,0,0,0,0,0,0,0,0,0,0,0,0,0,,,0,0,0,0,0,0,0,0,0,0,0,0,,,,0,0,0,0,0,0,0,,0,0,0,0,0,0.0,0.0
00-0036887,L.Farrell,Luke Farrell,TE,TE,"https://static.www.nfl.com/image/upload/f_auto,q_auto/league/sccmpo8xbzdbjasmwcfj",2025,2,REG,SF,NO,0,0,0,0,0,0,0,0,0,0,0,0,,,0,,0,0,0,0,0,0,,0,2,3,15,1,0,0,-3,17,1,1.337218182394281,0,0.0,0.07894736842105263,-0.011811023622047244,0.11015333609614587,0,0,0,0,0,0,0,0.0,0.0,0,0,0,0,0,0,0,0,0,0,0,0,0,0,0,0,0,0,0,0,0,0,0,,,0,0,0,0,0,0,0,0,0,0,0,0,,,,0,0,0,0,0,0,0,,0,0,0,0,0,7.5,9.5
00-0036972,M.Jones,Mac Jones,QB,QB,"https://static.www.nfl.com/image/upload/f_auto,q_auto/league/v5sg1z9qvdpjeapblndz",2025,2,REG,SF,NO,26,39,279,3,0,3,-12,1,1,254,135,15,2.688142357473266,-3.6296302550717403,0,1.0984251968503937,6,6,0,1,0,2,-2.9806633263942786,0,0,0,0,0,0,0,0,0,0,,0,,0.0,0.0,0.0,0,0,0,0,0,0,0,0.0,0.0,0,0,0,0,0,0,0,0,1,1,0,0,0,0,0,0,0,0,0,0,0,0,0,,,0,0,0,0,0,0,0,0,0,0,0,0,,,,0,0,0,0,0,0,0,,0,0,0,0,0,21.76,21.76
00-0037112,J.Tonges,Jake Tonges,TE,TE,"https://static.www.nfl.com/image/upload/f_auto,q_auto/league/uztcdowl4wig2uhy1qxh",2025,2,REG,SF,NO,0,0,0,0,0,0,0,0,0,0,0,0,,,0,,0,0,0,0,0,0,,0,4,5,31,0,0,0,7,26,2,-1.041741458939194,0,4.428571428571429,0.13157894736842105,0.027559055118110236,0.21665975963530876,0,0,0,0,0,0,0,0.0,0.0,0,0,0,0,0,0,0,0,0,0,0,0,0,1,10,0,0,0,0,0,0,0,0,,,0,0,0,0,0,0,0,0,0,0,0,0,,,,0,0,0,0,0,0,0,,0,0,0,0,0,3.1,7.1
00-0037321,C.Lucas,Chase Lucas,CB,DB,"https://static.www.nfl.com/image/upload/f_auto,q_auto/league/ftkp0eabjmqrbftyddyo",2025,2,REG,SF,NO,0,0,0,0,0,0,0,0,0,0,0,0,,,0,,0,0,0,0,0,0,,0,0,0,0,0,0,0,0,0,0,,0,,0.0,0.0,0.0,0,1,0,0,0,0,0,0.0,0.0,0,0,0,0,0,0,0,0,0,0,0,0,0,0,0,0,0,0,0,0,0,0,0,,,0,0,0,0,0,0,0,0,0,0,0,0,,,,0,0,0,0,0,0,0,,0,0,0,0,0,0.0,0.0
00-0037602,S.Okuayinonu,Sam Okuayinonu,DT,DL,"https://static.www.nfl.com/image/upload/f_auto,q_auto/league/bz3qx6p6ua5e7e5kuukk",2025,2,REG,SF,NO,0,0,0,0,0,0,0,0,0,0,0,0,,,0,,0,0,0,0,0,0,,0,0,0,0,0,0,0,0,0,0,,0,,0.0,0.0,0.0,0,0,0,1,0,0,0,0.0,0.0,0,0,0,0,0,0,0,0,0,0,0,0,0,0,0,0,0,0,0,0,0,0,0,,,0,0,0,0,0,0,0,0,0,0,0,0,,,,0,0,0,0,0,0,0,,0,0,0,0,0,0.0,0.0
00-0037746,B.Robinson,Brian Robinson,RB,RB,"https://static.www.nfl.com/image/upload/f_auto,q_auto/league/n1xhex1ytisxcbcggqu7",2025,2,REG,SF,NO,0,0,0,0,0,0,0,0,0,0,0,0,,,0,,6,20,0,0,0,0,-0.15389632096048445,0,1,1,-1,0,0,0,-6,5,0,-1.4426654549315572,0,0.16666666666666666,0.02631578947368421,-0.023622047244094488,0.022938251139660172,0,0,0,0,0,0,0,0.0,0.0,0,0,0,0,0,0,0,0,0,0,0,0,0,0,0,0,0,0,0,0,0,0,0,,,0,0,0,0,0,0,0,0,0,0,0,0,,,,0,0,0,0,0,0,0,,0,0,0,0,0,1.9000000000000001,2.9000000000000004
00-0037832,K.Davis,Kalia Davis,DT,DL,"https://static.www.nfl.com/image/upload/f_auto,q_auto/league/bqad9jqdvg5tis5i3vgu",2025,2,REG,SF,NO,0,0,0,0,0,0,0,0,0,0,0,0,,,0,,0,0,0,0,0,0,,0,0,0,0,0,0,0,0,0,0,,0,,0.0,0.0,0.0,0,1,0,1,0,0,0,0.0,0.0,0,0,0,0,0,0,0,0,0,0,0,0,0,0,0,0,0,0,0,0,0,0,0,,,0,0,0,0,0,0,0,0,0,0,0,0,,,,0,0,0,0,0,0,0,,0,0,0,0,0,0.0,0.0
00-0038090,S.Moore,Skyy Moore,WR,WR,"https://static.www.nfl.com/image/upload/f_auto,q_auto/league/fadcpretmhczwjq8ovae",2025,2,REG,SF,NO,0,0,0,0,0,0,0,0,0,0,0,0,,,0,,0,0,0,0,0,0,,0,0,0,0,0,0,0,0,0,0,,0,,0.0,0.0,0.0,0,0,0,0,0,0,0,0.0,0.0,0,0,0,0,0,0,0,0,0,0,0,0,0,0,0,1,1,0,0,0,0,0,0,,,0,0,0,0,0,0,0,0,0,0,0,0,,,,0,0,0,0,0,0,0,,0,0,0,0,0,0.0,0.0
00-0038554,J.Brown,Ji'Ayir Brown,SAF,DB,"https://static.www.nfl.com/image/upload/f_auto,q_auto/league/gmgewszcsvxdb63dmqby",2025,2,REG,SF,NO,0,0,0,0,0,0,0,0,0,0,0,0,,,0,,0,0,0,0,0,0,,0,0,0,0,0,0,0,0,0,0,,0,,0.0,0.0,0.0,0,0,1,1,0,0,0,0.0,0.0,0,0,0,1,0,0,0,0,0,0,0,0,0,0,0,0,0,0,0,0,0,0,0,,,0,0,0,0,0,0,0,0,0,0,0,0,,,,0,0,0,0,0,0,0,,0,0,0,0,0,0.0,0.0
00-0038594,D.Luter,Darrell Luter Jr.,CB,DB,"https://static.www.nfl.com/image/upload/f_auto,q_auto/league/c7i5bj3inrno1uvjxwv4",2025,2,REG,SF,NO,0,0,0,0,0,0,0,0,0,0,0,0,,,0,,0,0,0,0,0,0,,0,0,0,0,0,0,0,0,0,0,,0,,0.0,0.0,0.0,0,1,0,1,0,0,0,0.0,0.0,0,0,0,0,0,0,0,0,0,0,0,0,0,0,0,0,0,0,0,0,0,0,0,,,0,0,0,0,0,0,0,0,0,0,0,0,,,,0,0,0,0,0,0,0,,0,0,0,0,0,0.0,0.0
00-0038625,D.Winters,Dee Winters,LB,LB,"https://static.www.nfl.com/image/upload/f_auto,q_auto/league/uq6qbsrwlkhnu7lsrejj",2025,2,REG,SF,NO,0,0,0,0,0,0,0,0,0,0,0,0,,,0,,0,0,0,0,0,0,,0,0,0,0,0,0,0,0,0,0,,0,,0.0,0.0,0.0,0,6,0,2,0,0,0,0.0,0.0,0,0,0,0,0,0,0,0,0,0,0,0,0,1,15,0,0,0,0,0,0,0,0,,,0,0,0,0,0,0,0,0,0,0,0,0,,,,0,0,0,0,0,0,0,,0,0,0,0,0,0.0,0.0
00-0038643,B.Willis,Brayden Willis,TE,TE,"https://static.www.nfl.com/image/upload/f_auto,q_auto/league/pz1nzzfellquco7nk65e",2025,2,REG,SF,NO,0,0,0,0,0,0,0,0,0,0,0,0,,,0,,0,0,0,0,0,0,,0,0,1,0,0,0,0,2,0,0,-0.7294479382690042,0,0.0,0.02631578947368421,0.007874015748031496,0.04498549523414836,0,0,0,0,0,0,0,0.0,0.0,0,0,0,0,0,0,0,0,0,0,0,0,0,0,0,0,0,0,0,0,0,0,0,,,0,0,0,0,0,0,0,0,0,0,0,0,,,,0,0,0,0,0,0,0,,0,0,0,0,0,0.0,0.0
00-0039345,R.Green,Renardo Green,CB,DB,"https://static.www.nfl.com/image/upload/f_auto,q_auto/league/reoqk5hmsjugiaed55fk",2025,2,REG,SF,NO,0,0,0,0,0,0,0,0,0,0,0,0,,,0,,0,0,0,0,0,0,,0,0,0,0,0,0,0,0,0,0,,0,,0.0,0.0,0.0,0,5,0,0,0,0,0,0.0,0.0,0,0,0,1,0,0,0,0,0,0,0,0,0,0,0,0,0,0,0,0,0,0,0,,,0,0,0,0,0,0,0,0,0,0,0,0,,,,0,0,0,0,0,0,0,,0,0,0,0,0,0.0,0.0
00-0039363,I.Guerendo,Isaac Guerendo,RB,RB,"https://static.www.nfl.com/image/upload/f_auto,q_auto/league/lr1qp5tsa5xshzt02urm",2025,2,REG,SF,NO,0,0,0,0,0,0,0,0,0,0,0,0,,,0,,0,0,0,0,0,0,,0,0,0,0,0,0,0,0,0,0,,0,,0.0,0.0,0.0,0,0,0,0,0,0,0,0.0,0.0,0,0,0,0,0,0,0,0,0,0,0,0,0,0,0,0,0,2,47,0,0,0,0,,,0,0,0,0,0,0,0,0,0,0,0,0,,,,0,0,0,0,0,0,0,,0,0,0,0,0,0.0,0.0
00-0039435,T.Bethune,Tatum Bethune,LB,LB,"https://static.www.nfl.com/image/upload/f_auto,q_auto/league/hbmwbevay9amntpkvfbt",2025,2,REG,SF,NO,0,0,0,0,0,0,0,0,0,0,0,0,,,0,,0,0,0,0,0,0,,0,0,0,0,0,0,0,0,0,0,,0,,0.0,0.0,0.0,0,1,0,0,0,0,0,0.0,0.0,0,0,0,0,0,0,0,0,0,0,0,0,0,0,0,0,0,0,0,0,0,0,0,,,0,0,0,0,0,0,0,0,0,0,0,0,,,,0,0,0,0,0,0,0,,0,0,0,0,0,0.0,0.0
00-0039916,R.Pearsall,Ricky Pearsall,WR,WR,"https://static.www.nfl.com/image/upload/f_auto,q_auto/league/ko3lwlcfkxaykcspt4nw",2025,2,REG,SF,NO,0,0,0,0,0,0,0,0,0,0,0,0,,,0,,1,-4,0,0,0,0,-1.2556090992875397,0,4,6,56,0,0,0,99,0,4,4.896341813844629,0,0.5656565656565656,0.15789473684210525,0.38976377952755903,0.5096767509324491,0,0,0,0,0,0,0,0.0,0.0,0,0,0,0,0,0,0,0,0,0,0,0,0,0,0,0,0,0,0,0,0,0,0,,,0,0,0,0,0,0,0,0,0,0,0,0,,,,0,0,0,0,0,0,0,,0,0,0,0,0,5.2,9.2
00-0040152,U.Stout,Upton Stout,CB,DB,"https://static.www.nfl.com/image/upload/f_auto,q_auto/league/igyjtgzayft05v01yhuz",2025,2,REG,SF,NO,0,0,0,0,0,0,0,0,0,0,0,0,,,0,,0,0,0,0,0,0,,0,0,0,0,0,0,0,0,0,0,,0,,0.0,0.0,0.0,0,4,0,1,1,7,0,1.0,7.0,1,0,0,0,0,0,0,0,0,0,0,0,0,1,5,0,0,0,0,0,0,0,0,,,0,0,0,0,0,0,0,0,0,0,0,0,,,,0,0,0,0,0,0,0,,0,0,0,0,0,0.0,0.0
00-0040185,M.Sigle,Marques Sigle,SAF,DB,"https://static.www.nfl.com/image/upload/f_auto,q_auto/league/njl59cs0r2vlnob8uz8k",2025,2,REG,SF,NO,0,0,0,0,0,0,0,0,0,0,0,0,,,0,,0,0,0,0,0,0,,0,0,0,0,0,0,0,0,0,0,,0,,0.0,0.0,0.0,0,2,0,3,0,0,0,0.0,0.0,0,0,0,0,0,0,0,0,0,0,0,0,0,1,5,0,0,0,0,0,0,0,0,,,0,0,0,0,0,0,0,0,0,0,0,0,,,,0,0,0,0,0,0,0,,0,0,0,0,0,0.0,0.0
00-0040660,M.Williams,Mykel Williams,DE,DL,"https://static.www.nfl.com/image/upload/f_auto,q_auto/league/glewua5vtcbfvbm6j8s3",2025,2,REG,SF,NO,0,0,0,0,0,0,0,0,0,0,0,0,,,0,,0,0,0,0,0,0,,0,0,0,0,0,0,0,0,0,0,,0,,0.0,0.0,0.0,0,4,0,1,2,6,0,0.0,0.0,0,0,0,0,0,0,0,0,0,0,0,0,0,0,0,0,0,0,0,0,0,0,0,,,0,0,0,0,0,0,0,0,0,0,0,0,,,,0,0,0,0,0,0,0,,0,0,0,0,0,0.0,0.0
00-0040721,A.Collins,Alfred Collins,DT,DL,"https://static.www.nfl.com/image/upload/f_auto,q_auto/league/rjziol6cqynoyc0w0qfh",2025,2,REG,SF,NO,0,0,0,0,0,0,0,0,0,0,0,0,,,0,,0,0,0,0,0,0,,0,0,0,0,0,0,0,0,0,0,,0,,0.0,0.0,0.0,0,0,0,2,0,0,0,0.0,0.0,1,0,0,0,0,0,0,0,0,0,0,0,0,0,0,0,0,0,0,0,0,0,0,,,0,0,0,0,0,0,0,0,0,0,0,0,,,,0,0,0,0,0,0,0,,0,0,0,0,0,0.0,0.0
00-0027114,T.Morstead,Thomas Morstead,P,SPEC,"https://static.www.nfl.com/image/upload/f_auto,q_auto/league/uicxa9bwvrenvcwnoklm",2025,3,REG,SF,ARI,0,0,0,0,0,0,0,0,0,0,0,0,,,0,,0,0,0,0,0,0,,0,0,0,0,0,0,0,0,0,0,,0,,0.0,0.0,0.0,0,0,0,0,0,0,0,0.0,0.0,0,0,0,0,0,0,0,0,0,0,0,0,0,0,0,0,0,0,0,0,0,0,0,,,0,0,0,0,0,0,0,0,0,0,0,0,,,,0,0,0,0,0,0,0,,0,0,0,0,0,0.0,0.0
00-0027857,T.Williams,Trent Williams,OT,OL,"https://static.www.nfl.com/image/upload/f_auto,q_auto/league/z3rgsbkzy0sripzunidx",2025,3,REG,SF,ARI,0,0,0,0,0,0,0,0,0,0,0,0,,,0,,0,0,0,0,0,0,,0,0,0,0,0,0,0,0,0,0,,0,,0.0,0.0,0.0,0,1,0,0,0,0,0,0.0,0.0,0,0,0,0,0,0,0,0,0,0,0,0,0,0,0,0,0,0,0,0,0,0,0,,,0,0,0,0,0,0,0,0,0,0,0,0,,,,0,0,0,0,0,0,0,,0,0,0,0,0,0.0,0.0
00-0029892,K.Juszczyk,Kyle Juszczyk,FB,RB,"https://static.www.nfl.com/image/upload/f_auto,q_auto/league/qflumv1aag7yw9mgwpga",2025,3,REG,SF,ARI,0,0,0,0,0,0,0,0,0,0,0,0,,,0,,0,0,0,0,0,0,,0,1,1,1,1,0,0,1,0,1,0.8158666242961772,0,1.0,0.02631578947368421,0.003236245954692557,0.041739056378811104,0,0,0,0,0,0,0,0.0,0.0,0,0,0,0,0,0,0,0,0,0,0,0,0,0,0,0,0,0,0,0,0,0,0,,,0,0,0,0,0,0,0,0,0,0,0,0,,,,0,0,0,0,0,0,0,,0,0,0,0,0,6.1,7.1
00-0032701,J.Brendel,Jake Brendel,C,OL,"https://static.www.nfl.com/image/upload/f_auto,q_auto/league/fw1g79qwk1gbhmdjvhfv",2025,3,REG,SF,ARI,0,0,0,0,0,0,0,0,0,0,0,0,,,0,,0,0,0,0,0,0,,0,0,0,0,0,0,0,0,0,0,,0,,0.0,0.0,0.0,0,0,0,0,0,0,0,0.0,0.0,0,0,0,0,0,0,0,0,0,0,0,0,0,1,10,0,0,0,0,0,0,0,0,,,0,0,0,0,0,0,0,0,0,0,0,0,,,,0,0,0,0,0,0,0,,0,0,0,0,0,0.0,0.0
00-0033280,C.McCaffrey,Christian McCaffrey,RB,RB,"https://static.www.nfl.com/image/upload/f_auto,q_auto/league/resjdwihunsqckohcorj",2025,3,REG,SF,ARI,0,0,0,0,0,0,0,0,0,0,0,0,,,0,,17,52,0,0,0,5,-6.024916486814618,0,10,15,88,0,0,0,35,67,2,-2.2291466128454327,0,2.5142857142857142,0.39473684210526316,0.11326860841423948,0.6713932890478623,0,0,0,0,0,0,0,0.0,0.0,0,0,0,0,0,0,0,0,0,0,0,0,0,0,0,0,0,0,0,0,0,0,0,,,0,0,0,0,0,0,0,0,0,0,0,0,,,,0,0,0,0,0,0,0,,0,0,0,0,0,14.0,24.0
00-0033307,K.Bourne,Kendrick Bourne,WR,WR,"https://static.www.nfl.com/image/upload/f_auto,q_auto/league/mkciutibcbq7phnplozn",2025,3,REG,SF,ARI,0,0,0,0,0,0,0,0,0,0,0,0,,,0,,0,0,0,0,0,0,,0,4,6,38,0,0,0,43,16,2,0.06822543745511211,0,0.8837209302325582,0.15789473684210525,0.13915857605177995,0.3342531084994038,0,0,0,0,0,0,0,0.0,0.0,0,0,0,0,0,0,0,0,0,0,0,0,0,1,10,0,0,0,0,0,0,0,0,,,0,0,0,0,0,0,0,0,0,0,0,0,,,,0,0,0,0,0,0,0,,0,0,0,0,0,3.8000000000000003,7.800000000000001
00-0034173,E.Pineiro,Eddy Pineiro,K,SPEC,"https://static.www.nfl.com/image/upload/f_auto,q_auto/league/ybta3otz713o8xykkwjc",2025,3,REG,SF,ARI,0,0,0,0,0,0,0,0,0,0,0,0,,,0,,0,0,0,0,0,0,,0,0,0,0,0,0,0,0,0,0,,0,,0.0,0.0,0.0,0,0,0,0,0,0,0,0.0,0.0,0,0,0,0,0,0,0,0,0,0,0,0,0,0,0,0,0,0,0,3,3,0,0,51.0,1.0,0,0,2,0,1,0,0,0,0,0,0,0,38;51;35,,,124,0,0,1,1,0,0,1.0,1,1,0,0,35,0.0,0.0
00-0034272,M.Valdes-Scantling,Marquez Valdes-Scantling,WR,WR,"https://static.www.nfl.com/image/upload/f_auto,q_auto/league/vvk5v3hfjw0tevqxrhnf",2025,3,REG,SF,ARI,0,0,0,0,0,0,0,0,0,0,0,0,,,0,,0,0,0,0,0,0,,0,1,1,9,0,0,0,8,1,0,0.8025110231246799,0,1.125,0.02631578947368421,0.025889967637540454,0.05759666155680463,0,0,0,0,0,0,0,0.0,0.0,0,0,0,0,0,0,0,0,0,0,0,0,0,0,0,0,0,0,0,0,0,0,0,,,0,0,0,0,0,0,0,0,0,0,0,0,,,,0,0,0,0,0,0,0,,0,0,0,0,0,0.9,1.9
00-0034391,S.Neal,Siran Neal,CB,DB,"https://static.www.nfl.com/image/upload/f_auto,q_auto/league/kq7kbeol3boyczqkm9jx",2025,3,REG,SF,ARI,0,0,0,0,0,0,0,0,0,0,0,0,,,0,,0,0,0,0,0,0,,0,0,0,0,0,0,0,0,0,0,,0,,0.0,0.0,0.0,0,0,0,1,0,0,0,0.0,0.0,0,0,0,0,0,0,0,0,0,0,0,0,0,0,0,0,0,0,0,0,0,0,0,,,0,0,0,0,0,0,0,0,0,0,0,0,,,,0,0,0,0,0,0,0,,0,0,0,0,0,0.0,0.0
00-0034815,F.Warner,Fred Warner,MLB,LB,"https://static.www.nfl.com/image/upload/f_auto,q_auto/league/u3en19iyyfc64d3vprh6",2025,3,REG,SF,ARI,0,0,0,0,0,0,0,0,0,0,0,0,,,0,,0,0,0,0,0,0,,0,0,0,0,0,0,0,0,0,0,,0,,0.0,0.0,0.0,0,5,0,6,0,0,0,0.0,0.0,0,0,0,2,0,0,0,0,0,0,0,0,0,0,0,0,0,0,0,0,0,0,0,,,0,0,0,0,0,0,0,0,0,0,0,0,,,,0,0,0,0,0,0,0,,0,0,0,0,0,0.0,0.0
00-0035413,L.Gifford,Luke Gifford,LB,LB,"https://static.www.nfl.com/image/upload/f_auto,q_auto/league/zuskjpnniq2xwnao6tuk",2025,3,REG,SF,ARI,0,0,0,0,0,0,0,0,0,0,0,0,,,0,,0,0,0,0,0,0,,0,0,0,0,0,0,0,0,0,0,,0,,0.0,0.0,0.0,0,0,0,2,0,0,0,0.0,0.0,0,0,0,0,0,0,0,0,0,0,0,0,0,0,0,0,0,0,0,0,0,0,0,,,0,0,0,0,0,0,0,0,0,0,0,0,,,,0,0,0,0,0,0,0,,0,0,0,0,0,0.0,0.0
00-0035717,N.Bosa,Nick Bosa,DE,DL,"https://static.www.nfl.com/image/upload/f_auto,q_auto/league/d41bo71xbojqb4picswi",2025,3,REG,SF,ARI,0,0,0,0,0,0,0,0,0,0,0,0,,,0,,0,0,0,0,0,0,,0,0,0,0,0,0,0,0,0,0,,0,,0.0,0.0,0.0,0,0,0,2,0,0,1,0.0,0.0,0,0,0,0,0,0,0,0,0,0,0,0,0,0,0,0,0,0,0,0,0,0,0,,,0,0,0,0,0,0,0,0,0,0,0,0,,,,0,0,0,0,0,0,0,,0,0,0,0,0,0.0,0.0
00-0036151,B.Huff,Bryce Huff,DE,DL,"https://static.www.nfl.com/image/upload/f_auto,q_auto/league/pminx3vvyt9laihkxk55",2025,3,REG,SF,ARI,0,0,0,0,0,0,0,0,0,0,0,0,,,0,,0,0,0,0,0,0,,0,0,0,0,0,0,0,0,0,0,,0,,0.0,0.0,0.0,0,2,0,3,1,5,0,1.0,5.0,2,0,0,1,0,0,0,0,0,0,0,0,0,0,0,0,0,0,0,0,0,0,0,,,0,0,0,0,0,0,0,0,0,0,0,0,,,,0,0,0,0,0,0,0,,0,0,0,0,0,0.0,0.0
00-0036266,J.Elliott,Jordan Elliott,DT,DL,"https://static.www.nfl.com/image/upload/f_auto,q_auto/league/vkl6igrusm0srrkge1d9",2025,3,REG,SF,ARI,0,0,0,0,0,0,0,0,0,0,0,0,,,0,,0,0,0,0,0,0,,0,0,0,0,0,0,0,0,0,0,,0,,0.0,0.0,0.0,0,1,0,2,1,1,0,0.0,0.0,0,0,0,0,0,0,0,0,0,0,0,0,0,0,0,0,0,0,0,0,0,0,0,,,0,0,0,0,0,0,0,0,0,0,0,0,,,,0,0,0,0,0,0,0,,0,0,0,0,0,0.0,0.0
00-0036502,J.Pinnock,Jason Pinnock,SAF,DB,"https://static.www.nfl.com/image/upload/f_auto,q_auto/league/vfudin1xe9wdv1bv6awj",2025,3,REG,SF,ARI,0,0,0,0,0,0,0,0,0,0,0,0,,,0,,0,0,0,0,0,0,,0,0,0,0,0,0,0,0,0,0,,0,,0.0,0.0,0.0,0,3,0,0,0,0,0,0.0,0.0,0,0,0,0,0,0,0,0,0,0,0,0,0,0,0,0,0,0,0,0,0,0,0,,,0,0,0,0,0,0,0,0,0,0,0,0,,,,0,0,0,0,0,0,0,,0,0,0,0,0,0.0,0.0
00-0036563,D.Lenoir,Deommodore Lenoir,CB,DB,"https://static.www.nfl.com/image/upload/f_auto,q_auto/league/ypghnprlnzwmxjcrbpk7",2025,3,REG,SF,ARI,0,0,0,0,0,0,0,0,0,0,0,0,,,0,,0,0,0,0,0,0,,0,0,0,0,0,0,0,0,0,0,,0,,0.0,0.0,0.0,0,3,0,0,1,1,0,0.0,0.0,0,0,0,0,0,0,0,0,0,0,0,0,0,0,0,0,0,0,0,0,0,0,0,,,0,0,0,0,0,0,0,0,0,0,0,0,,,,0,0,0,0,0,0,0,,0,0,0,0,0,0.0,0.0
00-0036972,M.Jones,Mac Jones,QB,QB,"https://static.www.nfl.com/image/upload/f_auto,q_auto/league/v5sg1z9qvdpjeapblndz",2025,3,REG,SF,ARI,27,41,284,1,1,1,-2,0,0,309,101,14,1.5022151318471164,3.2555606020124337,0,0.919093851132686,1,-1,0,0,0,0,0.15732593732947286,0,0,0,0,0,0,0,0,0,0,,0,,0.0,0.0,0.0,0,0,0,0,0,0,0,0.0,0.0,0,0,0,0,0,0,0,0,0,0,0,0,0,0,0,0,0,0,0,0,0,0,0,,,0,0,0,0,0,0,0,0,0,0,0,0,,,,0,0,0,0,0,0,0,,0,0,0,0,0,13.26,13.26
00-0037112,J.Tonges,Jake Tonges,TE,TE,"https://static.www.nfl.com/image/upload/f_auto,q_auto/league/uztcdowl4wig2uhy1qxh",2025,3,REG,SF,ARI,0,0,0,0,0,0,0,0,0,0,0,0,,,0,,0,0,0,0,0,0,,0,2,3,21,0,0,0,24,7,2,0.7344878194853663,0,0.875,0.07894736842105263,0.07766990291262135,0.1727899846704139,0,0,0,0,0,0,0,0.0,0.0,0,0,0,0,0,0,0,0,0,0,0,0,0,0,0,0,0,0,0,0,0,0,0,,,0,0,0,0,0,0,0,0,0,0,0,0,,,,0,0,0,0,0,0,0,,0,0,0,0,0,2.1,4.1
00-0037321,C.Lucas,Chase Lucas,CB,DB,"https://static.www.nfl.com/image/upload/f_auto,q_auto/league/ftkp0eabjmqrbftyddyo",2025,3,REG,SF,ARI,0,0,0,0,0,0,0,0,0,0,0,0,,,0,,0,0,0,0,0,0,,0,0,0,0,0,0,0,0,0,0,,0,,0.0,0.0,0.0,0,1,0,0,0,0,0,0.0,0.0,0,0,0,0,0,0,0,0,0,0,0,0,0,0,0,0,0,0,0,0,0,0,0,,,0,0,0,0,0,0,0,0,0,0,0,0,,,,0,0,0,0,0,0,0,,0,0,0,0,0,0.0,0.0
00-0037602,S.Okuayinonu,Sam Okuayinonu,DT,DL,"https://static.www.nfl.com/image/upload/f_auto,q_auto/league/bz3qx6p6ua5e7e5kuukk",2025,3,REG,SF,ARI,0,0,0,0,0,0,0,0,0,0,0,0,,,0,,0,0,0,0,0,0,,0,0,0,0,0,0,0,0,0,0,,0,,0.0,0.0,0.0,0,2,0,5,0,0,0,0.0,0.0,0,0,0,0,0,0,0,0,0,0,0,0,0,0,0,0,0,0,0,0,0,0,0,,,0,0,0,0,0,0,0,0,0,0,0,0,,,,0,0,0,0,0,0,0,,0,0,0,0,0,0.0,0.0
00-0037746,B.Robinson,Brian Robinson,RB,RB,"https://static.www.nfl.com/image/upload/f_auto,q_auto/league/n1xhex1ytisxcbcggqu7",2025,3,REG,SF,ARI,0,0,0,0,0,0,0,0,0,0,0,0,,,0,,2,22,0,0,0,1,1.1212400480289944,0,0,0,0,0,0,0,0,0,0,,0,,0.0,0.0,0.0,0,0,0,0,0,0,0,0.0,0.0,0,0,0,0,0,0,0,0,0,0,0,0,0,0,0,0,0,0,0,0,0,0,0,,,0,0,0,0,0,0,0,0,0,0,0,0,,,,0,0,0,0,0,0,0,,0,0,0,0,0,2.2,2.2
00-0037832,K.Davis,Kalia Davis,DT,DL,"https://static.www.nfl.com/image/upload/f_auto,q_auto/league/bqad9jqdvg5tis5i3vgu",2025,3,REG,SF,ARI,0,0,0,0,0,0,0,0,0,0,0,0,,,0,,0,0,0,0,0,0,,0,0,0,0,0,0,0,0,0,0,,0,,0.0,0.0,0.0,0,0,0,2,0,0,0,0.0,0.0,0,0,0,0,0,0,0,0,0,0,0,0,0,0,0,0,0,0,0,0,0,0,0,,,0,0,0,0,0,0,0,0,0,0,0,0,,,,0,0,0,0,0,0,0,,0,0,0,0,0,0.0,0.0
00-0038090,S.Moore,Skyy Moore,WR,WR,"https://static.www.nfl.com/image/upload/f_auto,q_auto/league/fadcpretmhczwjq8ovae",2025,3,REG,SF,ARI,0,0,0,0,0,0,0,0,0,0,0,0,,,0,,0,0,0,0,0,0,,0,1,1,10,0,0,0,10,0,1,0.24135847174329683,0,1.0,0.02631578947368421,0.032362459546925564,0.062127405893374205,0,0,0,0,0,0,0,0.0,0.0,0,0,0,0,0,0,0,0,0,0,0,0,0,0,0,3,26,2,61,0,0,0,0,,,0,0,0,0,0,0,0,0,0,0,0,0,,,,0,0,0,0,0,0,0,,0,0,0,0,0,1.0,2.0
00-0038554,J.Brown,Ji'Ayir Brown,SAF,DB,"https://static.www.nfl.com/image/upload/f_auto,q_auto/league/gmgewszcsvxdb63dmqby",2025,3,REG,SF,ARI,0,0,0,0,0,0,0,0,0,0,0,0,,,0,,0,0,0,0,0,0,,0,0,0,0,0,0,0,0,0,0,,0,,0.0,0.0,0.0,0,2,0,2,0,0,0,0.0,0.0,0,0,0,0,0,0,0,0,0,0,0,0,0,0,0,0,0,0,0,0,0,0,0,,,0,0,0,0,0,0,0,0,0,0,0,0,,,,0,0,0,0,0,0,0,,0,0,0,0,0,0.0,0.0
00-0038594,D.Luter,Darrell Luter Jr.,CB,DB,"https://static.www.nfl.com/image/upload/f_auto,q_auto/league/c7i5bj3inrno1uvjxwv4",2025,3,REG,SF,ARI,0,0,0,0,0,0,0,0,0,0,0,0,,,0,,0,0,0,0,0,0,,0,0,0,0,0,0,0,0,0,0,,0,,0.0,0.0,0.0,0,0,0,2,0,0,0,0.0,0.0,0,0,0,0,0,0,0,0,0,0,0,0,0,0,0,0,0,0,0,0,0,0,0,,,0,0,0,0,0,0,0,0,0,0,0,0,,,,0,0,0,0,0,0,0,,0,0,0,0,0,0.0,0.0
00-0038625,D.Winters,Dee Winters,LB,LB,"https://static.www.nfl.com/image/upload/f_auto,q_auto/league/uq6qbsrwlkhnu7lsrejj",2025,3,REG,SF,ARI,0,0,0,0,0,0,0,0,0,0,0,0,,,0,,0,0,0,0,0,0,,0,0,0,0,0,0,0,0,0,0,,0,,0.0,0.0,0.0,0,4,0,4,0,0,0,0.0,0.0,1,0,0,1,0,0,0,0,0,0,0,0,0,0,0,0,0,0,0,0,0,0,0,,,0,0,0,0,0,0,0,0,0,0,0,0,,,,0,0,0,0,0,0,0,,0,0,0,0,0,0.0,0.0
00-0038643,B.Willis,Brayden Willis,TE,TE,"https://static.www.nfl.com/image/upload/f_auto,q_auto/league/pz1nzzfellquco7nk65e",2025,3,REG,SF,ARI,0,0,0,0,0,0,0,0,0,0,0,0,,,0,,0,0,0,0,0,0,,0,0,0,0,0,0,0,0,0,0,,0,,0.0,0.0,0.0,0,0,0,1,0,0,0,0.0,0.0,0,0,0,0,0,0,0,0,0,0,0,0,0,0,0,0,0,0,0,0,0,0,0,,,0,0,0,0,0,0,0,0,0,0,0,0,,,,0,0,0,0,0,0,0,,0,0,0,0,0,0.0,0.0
00-0039345,R.Green,Renardo Green,CB,DB,"https://static.www.nfl.com/image/upload/f_auto,q_auto/league/reoqk5hmsjugiaed55fk",2025,3,REG,SF,ARI,0,0,0,0,0,0,0,0,0,0,0,0,,,0,,0,0,0,0,0,0,,0,0,0,0,0,0,0,0,0,0,,0,,0.0,0.0,0.0,0,1,0,3,0,0,0,0.0,0.0,0,0,0,0,0,0,0,0,0,0,0,0,0,1,33,0,0,0,0,0,0,0,0,,,0,0,0,0,0,0,0,0,0,0,0,0,,,,0,0,0,0,0,0,0,,0,0,0,0,0,0.0,0.0
00-0039351,D.Puni,Dominick Puni,OT,OL,"https://static.www.nfl.com/image/upload/f_auto,q_auto/league/ig3zuxuiem0nqnrytcls",2025,3,REG,SF,ARI,0,0,0,0,0,0,0,0,0,0,0,0,,,0,,0,0,0,0,0,0,,0,0,0,0,0,0,0,0,0,0,,0,,0.0,0.0,0.0,0,0,0,0,0,0,0,0.0,0.0,0,0,0,0,0,0,0,0,0,0,0,0,0,1,6,0,0,0,0,0,0,0,0,,,0,0,0,0,0,0,0,0,0,0,0,0,,,,0,0,0,0,0,0,0,,0,0,0,0,0,0.0,0.0
00-0039363,I.Guerendo,Isaac Guerendo,RB,RB,"https://static.www.nfl.com/image/upload/f_auto,q_auto/league/lr1qp5tsa5xshzt02urm",2025,3,REG,SF,ARI,0,0,0,0,0,0,0,0,0,0,0,0,,,0,,0,0,0,0,0,0,,0,0,0,0,0,0,0,0,0,0,,0,,0.0,0.0,0.0,0,0,0,0,0,0,0,0.0,0.0,0,0,0,0,0,0,0,0,0,0,0,0,0,0,0,0,0,1,19,0,0,0,0,,,0,0,0,0,0,0,0,0,0,0,0,0,,,,0,0,0,0,0,0,0,,0,0,0,0,0,0.0,0.0
00-0039435,T.Bethune,Tatum Bethune,LB,LB,"https://static.www.nfl.com/image/upload/f_auto,q_auto/league/hbmwbevay9amntpkvfbt",2025,3,REG,SF,ARI,0,0,0,0,0,0,0,0,0,0,0,0,,,0,,0,0,0,0,0,0,,0,0,0,0,0,0,0,0,0,0,,0,,0.0,0.0,0.0,0,1,0,0,0,0,0,0.0,0.0,0,0,0,0,0,0,0,0,0,0,0,0,0,0,0,0,0,0,0,0,0,0,0,,,0,0,0,0,0,0,0,0,0,0,0,0,,,,0,0,0,0,0,0,0,,0,0,0,0,0,0.0,0.0
00-0039916,R.Pearsall,Ricky Pearsall,WR,WR,"https://static.www.nfl.com/image/upload/f_auto,q_auto/league/ko3lwlcfkxaykcspt4nw",2025,3,REG,SF,ARI,0,0,0,0,0,0,0,0,0,0,0,0,,,0,,0,0,0,0,0,0,,0,8,11,117,0,0,0,163,10,6,4.035322000621818,0,0.7177914110429447,0.2894736842105263,0.5275080906148867,0.8034661897462101,0,0,0,0,0,0,0,0.0,0.0,0,0,0,0,0,0,0,0,0,0,0,0,0,0,0,0,0,0,0,0,0,0,0,,,0,0,0,0,0,0,0,0,0,0,0,0,,,,0,0,0,0,0,0,0,,0,0,0,0,0,11.700000000000001,19.700000000000003
00-0040152,U.Stout,Upton Stout,CB,DB,"https://static.www.nfl.com/image/upload/f_auto,q_auto/league/igyjtgzayft05v01yhuz",2025,3,REG,SF,ARI,0,0,0,0,0,0,0,0,0,0,0,0,,,0,,0,0,0,0,0,0,,0,0,0,0,0,0,0,0,0,0,,0,,0.0,0.0,0.0,0,3,0,2,0,0,0,0.0,0.0,0,0,0,1,0,0,0,0,0,0,0,0,0,0,0,0,0,0,0,0,0,0,0,,,0,0,0,0,0,0,0,0,0,0,0,0,,,,0,0,0,0,0,0,0,,0,0,0,0,0,0.0,0.0
00-0040185,M.Sigle,Marques Sigle,SAF,DB,"https://static.www.nfl.com/image/upload/f_auto,q_auto/league/njl59cs0r2vlnob8uz8k",2025,3,REG,SF,ARI,0,0,0,0,0,0,0,0,0,0,0,0,,,0,,0,0,0,0,0,0,,0,0,0,0,0,0,0,0,0,0,,0,,0.0,0.0,0.0,0,2,0,5,0,0,0,0.0,0.0,0,0,0,0,0,0,0,0,0,0,0,0,0,0,0,0,0,0,0,0,0,0,0,,,0,0,0,0,0,0,0,0,0,0,0,0,,,,0,0,0,0,0,0,0,,0,0,0,0,0,0.0,0.0
00-0040245,C.Colby,Connor Colby,G,OL,"https://static.www.nfl.com/image/upload/f_auto,q_auto/league/b0b2krvxbpylwerralyx",2025,3,REG,SF,ARI,0,0,0,0,0,0,0,0,0,0,0,0,,,0,,0,0,0,0,0,0,,0,0,0,0,0,0,0,0,0,0,,0,,0.0,0.0,0.0,0,0,0,0,0,0,0,0.0,0.0,0,0,0,0,0,0,0,0,0,0,0,0,0,1,10,0,0,0,0,0,0,0,0,,,0,0,0,0,0,0,0,0,0,0,0,0,,,,0,0,0,0,0,0,0,,0,0,0,0,0,0.0,0.0
00-0040660,M.Williams,Mykel Williams,DE,DL,"https://static.www.nfl.com/image/upload/f_auto,q_auto/league/glewua5vtcbfvbm6j8s3",2025,3,REG,SF,ARI,0,0,0,0,0,0,0,0,0,0,0,0,,,0,,0,0,0,0,0,0,,0,0,0,0,0,0,0,0,0,0,,0,,0.0,0.0,0.0,0,1,1,0,1,1,0,0.0,0.0,1,0,0,0,0,0,0,0,0,0,0,0,0,0,0,0,0,0,0,0,0,0,0,,,0,0,0,0,0,0,0,0,0,0,0,0,,,,0,0,0,0,0,0,0,,0,0,0,0,0,0.0,0.0
00-0040711,C.West,CJ West,DT,DL,"https://static.www.nfl.com/image/upload/f_auto,q_auto/league/bhqq8ebh20hehf1em9zz",2025,3,REG,SF,ARI,0,0,0,0,0,0,0,0,0,0,0,0,,,0,,0,0,0,0,0,0,,0,0,0,0,0,0,0,0,0,0,,0,,0.0,0.0,0.0,0,1,0,1,0,0,0,0.0,0.0,0,0,0,0,0,0,0,0,0,0,0,0,0,0,0,0,0,0,0,0,0,0,0,,,0,0,0,0,0,0,0,0,0,0,0,0,,,,0,0,0,0,0,0,0,,0,0,0,0,0,0.0,0.0
