player_id,player_name,player_display_name,position,position_group,headshot_url,season,week,season_type,team,opponent_team,completions,attempts,passing_yards,passing_tds,passing_interceptions,sacks_suffered,sack_yards_lost,sack_fumbles,sack_fumbles_lost,passing_air_yards,passing_yards_after_catch,passing_first_downs,passing_epa,passing_cpoe,passing_2pt_conversions,pacr,carries,rushing_yards,rushing_tds,rushing_fumbles,rushing_fumbles_lost,rushing_first_downs,rushing_epa,rushing_2pt_conversions,receptions,targets,receiving_yards,receiving_tds,receiving_fumbles,receiving_fumbles_lost,receiving_air_yards,receiving_yards_after_catch,receiving_first_downs,receiving_epa,receiving_2pt_conversions,racr,target_share,air_yards_share,wopr,special_teams_tds,def_tackles_solo,def_tackles_with_assist,def_tackle_assists,def_tackles_for_loss,def_tackles_for_loss_yards,def_fumbles_forced,def_sacks,def_sack_yards,def_qb_hits,def_interceptions,def_interception_yards,def_pass_defended,def_tds,def_fumbles,def_safeties,misc_yards,fumble_recovery_own,fumble_recovery_yards_own,fumble_recovery_opp,fumble_recovery_yards_opp,fumble_recovery_tds,penalties,penalty_yards,punt_returns,punt_return_yards,kickoff_returns,kickoff_return_yards,fg_made,fg_att,fg_missed,fg_blocked,fg_long,fg_pct,fg_made_0_19,fg_made_20_29,fg_made_30_39,fg_made_40_49,fg_made_50_59,fg_made_60_,fg_missed_0_19,fg_missed_20_29,fg_missed_30_39,fg_missed_40_49,fg_missed_50_59,fg_missed_60_,fg_made_list,fg_missed_list,fg_blocked_list,fg_made_distance,fg_missed_distance,fg_blocked_distance,pat_made,pat_att,pat_missed,pat_blocked,pat_pct,gwfg_made,gwfg_att,gwfg_missed,gwfg_blocked,gwfg_distance,fantasy_points,fantasy_points_ppr
00-0030757,M.Pennel,Mike Pennel,DT,DL,"https://static.www.nfl.com/image/upload/f_auto,q_auto/league/ezpbko1gvvdrrtqhkhnu",2025,1,REG,CIN,CLE,0,0,0,0,0,0,0,0,0,0,0,0,,,0,,0,0,0,0,0,0,,0,0,0,0,0,0,0,0,0,0,,0,,0.0,0.0,0.0,0,0,1,3,1,1,0,0.0,0.0,0,0,0,0,0,0,0,0,0,0,0,0,0,0,0,0,0,0,0,0,0,0,0,,,0,0,0,0,0,0,0,0,0,0,0,0,,,,0,0,0,0,0,0,0,,0,0,0,0,0,0.0,0.0
00-0033526,S.Perine,Samaje Perine,RB,RB,"https://static.www.nfl.com/image/upload/f_auto,q_auto/league/ur3jv6biq0pefkrgpzty",2025,1,REG,CIN,CLE,0,0,0,0,0,0,0,0,0,0,0,0,,,0,,0,0,0,0,0,0,,0,2,2,6,0,0,0,2,4,1,0.286544852075167,0,3.0,0.08695652173913043,0.011834319526627219,0.1387188062773347,0,0,0,2,0,0,0,0.0,0.0,0,0,0,0,0,0,0,0,0,0,0,0,0,0,0,0,0,0,0,0,0,0,0,,,0,0,0,0,0,0,0,0,0,0,0,0,,,,0,0,0,0,0,0,0,,0,0,0,0,0,0.6000000000000001,2.6
00-0033935,T.Hendrickson,Trey Hendrickson,DE,DL,"https://static.www.nfl.com/image/upload/f_auto,q_auto/league/gfdlbzmukca60bgo3lr7",2025,1,REG,CIN,CLE,0,0,0,0,0,0,0,0,0,0,0,0,,,0,,0,0,0,0,0,0,,0,0,0,0,0,0,0,0,0,0,,0,,0.0,0.0,0.0,0,3,0,0,1,6,0,1.0,6.0,3,0,0,0,0,0,0,0,0,0,0,0,0,1,4,0,0,0,0,0,0,0,0,,,0,0,0,0,0,0,0,0,0,0,0,0,,,,0,0,0,0,0,0,0,,0,0,0,0,0,0.0,0.0
00-0034754,O.Burks,Oren Burks,ILB,LB,"https://static.www.nfl.com/image/upload/f_auto,q_auto/league/efcamqfjel7jozjdvbe9",2025,1,REG,CIN,CLE,0,0,0,0,0,0,0,0,0,0,0,0,,,0,,0,0,0,0,0,0,,0,0,0,0,0,0,0,0,0,0,,0,,0.0,0.0,0.0,0,1,0,1,1,3,0,0.0,0.0,0,0,0,0,0,0,0,0,0,0,0,0,0,1,5,0,0,0,0,0,0,0,0,,,0,0,0,0,0,0,0,0,0,0,0,0,,,,0,0,0,0,0,0,0,,0,0,0,0,0,0.0,0.0
00-0034800,B.Hill,B.J. Hill,DE,DL,"https://static.www.nfl.com/image/upload/f_auto,q_auto/league/t5d3t2wt1goqgv5njdqa",2025,1,REG,CIN,CLE,0,0,0,0,0,0,0,0,0,0,0,0,,,0,,0,0,0,0,0,0,,0,0,0,0,0,0,0,0,0,0,,0,,0.0,0.0,0.0,0,3,0,4,1,6,0,1.0,6.0,1,0,0,0,0,0,0,0,0,0,0,0,0,0,0,0,0,0,0,0,0,0,0,,,0,0,0,0,0,0,0,0,0,0,0,0,,,,0,0,0,0,0,0,0,,0,0,0,0,0,0.0,0.0
00-0034829,M.Gesicki,Mike Gesicki,TE,TE,"https://static.www.nfl.com/image/upload/f_auto,q_auto/league/mfswo0trev4oi2gnb41e",2025,1,REG,CIN,CLE,0,0,0,0,0,0,0,0,0,0,0,0,,,0,,0,0,0,0,0,0,,0,1,3,14,0,0,0,26,0,1,1.1287908035737928,0,0.5384615384615384,0.13043478260869565,0.15384615384615385,0.30334448160535116,0,0,0,0,0,0,0,0.0,0.0,0,0,0,0,0,0,0,0,0,0,0,0,0,0,0,0,0,0,0,0,0,0,0,,,0,0,0,0,0,0,0,0,0,0,0,0,,,,0,0,0,0,0,0,0,,0,0,0,0,0,1.4000000000000001,2.4000000000000004
00-0035631,D.Sample,Drew Sample,TE,TE,"https://static.www.nfl.com/image/upload/f_auto,q_auto/league/dvq8fanrbrpfgf2j3kpm",2025,1,REG,CIN,CLE,0,0,0,0,0,0,0,0,0,0,0,0,,,0,,0,0,0,0,0,0,,0,0,1,0,0,0,0,2,0,0,-0.6951023394940421,0,0.0,0.043478260869565216,0.011834319526627219,0.07350141497298687,0,0,0,0,0,0,0,0.0,0.0,0,0,0,0,0,0,0,0,0,0,0,0,0,0,0,0,0,0,0,0,0,0,0,,,0,0,0,0,0,0,0,0,0,0,0,0,,,,0,0,0,0,0,0,0,,0,0,0,0,0,0.0,0.0
00-0035644,N.Fant,Noah Fant,TE,TE,"https://static.www.nfl.com/image/private/f_auto,q_auto/league/w1gqasldrg3jumzdqjvy",2025,1,REG,CIN,CLE,0,0,0,0,0,0,0,0,0,0,0,0,,,0,,0,0,0,0,0,0,,0,4,5,26,1,0,0,2,20,2,1.843926884350367,0,13.0,0.21739130434782608,0.011834319526627219,0.3343709801903782,0,0,0,0,0,0,0,0.0,0.0,0,0,0,0,0,0,0,0,0,0,0,0,0,0,0,0,0,0,0,0,0,0,0,,,0,0,0,0,0,0,0,0,0,0,0,0,,,,0,0,0,0,0,0,0,,0,0,0,0,0,8.6,12.6
00-0036199,G.Stone,Geno Stone,SAF,DB,"https://static.www.nfl.com/image/upload/f_auto,q_auto/league/upbrq8aqe7yff3pn8a69",2025,1,REG,CIN,CLE,0,0,0,0,0,0,0,0,0,0,0,0,,,0,,0,0,0,0,0,0,,0,0,0,0,0,0,0,0,0,0,,0,,0.0,0.0,0.0,0,1,0,4,0,0,0,0.0,0.0,0,0,0,0,0,0,0,0,0,0,0,0,0,0,0,0,0,0,0,0,0,0,0,,,0,0,0,0,0,0,0,0,0,0,0,0,,,,0,0,0,0,0,0,0,,0,0,0,0,0,0.0,0.0
00-0036294,L.Wilson,Logan Wilson,LB,LB,"https://static.www.nfl.com/image/upload/f_auto,q_auto/league/skqpe0wm0iks4zydpzdp",2025,1,REG,CIN,CLE,0,0,0,0,0,0,0,0,0,0,0,0,,,0,,0,0,0,0,0,0,,0,0,0,0,0,0,0,0,0,0,,0,,0.0,0.0,0.0,0,4,0,3,0,0,0,0.0,0.0,0,0,0,2,0,0,0,0,0,0,0,0,0,0,0,0,0,0,0,0,0,0,0,,,0,0,0,0,0,0,0,0,0,0,0,0,,,,0,0,0,0,0,0,0,,0,0,0,0,0,0.0,0.0
00-0036410,T.Higgins,Tee Higgins,WR,WR,"https://static.www.nfl.com/image/upload/f_auto,q_auto/league/flr9f8oqigbyroeaubxb",2025,1,REG,CIN,CLE,0,0,0,0,0,0,0,0,0,0,0,0,,,0,,0,0,0,0,0,0,,0,3,4,33,0,0,0,49,2,2,3.3583616437390447,0,0.673469387755102,0.17391304347826086,0.28994082840236685,0.4638281450990481,0,0,0,0,0,0,0,0.0,0.0,0,0,0,0,0,0,0,0,0,0,0,0,0,0,0,0,0,0,0,0,0,0,0,,,0,0,0,0,0,0,0,0,0,0,0,0,,,,0,0,0,0,0,0,0,,0,0,0,0,0,3.3000000000000003,6.300000000000001
00-0036442,J.Burrow,Joe Burrow,QB,QB,"https://static.www.nfl.com/image/upload/f_auto,q_auto/league/gnnvcgui1cijybukk2w7",2025,1,REG,CIN,CLE,14,23,113,1,0,3,-18,0,0,169,49,7,-0.3315927372285721,-1.9334077835083008,0,0.6686390532544378,2,3,0,0,0,0,-1.6446855349640828,0,0,0,0,0,0,0,0,0,0,,0,,0.0,0.0,0.0,0,0,0,0,0,0,0,0.0,0.0,0,0,0,0,0,0,0,0,0,0,0,0,0,0,0,0,0,0,0,0,0,0,0,,,0,0,0,0,0,0,0,0,0,0,0,0,,,,0,0,0,0,0,0,0,,0,0,0,0,0,8.82,8.82
00-0036642,T.Slaton,Tedarrell Slaton,DT,DL,"https://static.www.nfl.com/image/upload/f_auto,q_auto/league/oktzavt6whxgvr6ukmhl",2025,1,REG,CIN,CLE,0,0,0,0,0,0,0,0,0,0,0,0,,,0,,0,0,0,0,0,0,,0,0,0,0,0,0,0,0,0,0,,0,,0.0,0.0,0.0,0,0,0,3,0,0,0,0.0,0.0,1,0,0,0,0,0,0,0,0,0,0,0,0,0,0,0,0,0,0,0,0,0,0,,,0,0,0,0,0,0,0,0,0,0,0,0,,,,0,0,0,0,0,0,0,,0,0,0,0,0,0.0,0.0
00-0036854,E.McPherson,Evan McPherson,K,SPEC,"https://static.www.nfl.com/image/upload/f_auto,q_auto/league/cpvujaqwscupzvbbx7oe",2025,1,REG,CIN,CLE,0,0,0,0,0,0,0,0,0,0,0,0,,,0,,0,0,0,0,0,0,,0,0,0,0,0,0,0,0,0,0,,0,,0.0,0.0,0.0,0,0,0,0,0,0,0,0.0,0.0,0,0,0,0,0,0,0,0,0,0,0,0,0,0,0,0,0,0,0,1,1,0,0,35.0,1.0,0,0,1,0,0,0,0,0,0,0,0,0,35,,,35,0,0,2,2,0,0,1.0,0,0,0,0,0,0.0,0.0
00-0036900,J.Chase,Ja'Marr Chase,WR,WR,"https://static.www.nfl.com/image/upload/f_auto,q_auto/league/qya3dtjb5kgofcuj2tuw",2025,1,REG,CIN,CLE,0,0,0,0,0,0,0,0,0,0,0,0,,,0,,0,0,0,0,0,0,,0,2,5,26,0,0,0,88,13,1,-1.6398319092695601,0,0.29545454545454547,0.21739130434782608,0.5207100591715976,0.6905839979418574,0,0,0,0,0,0,0,0.0,0.0,0,0,0,0,0,0,0,0,0,0,0,0,0,0,0,0,0,0,0,0,0,0,0,,,0,0,0,0,0,0,0,0,0,0,0,0,,,,0,0,0,0,0,0,0,,0,0,0,0,0,2.6,4.6
00-0036902,J.Ossai,Joseph Ossai,DE,DL,"https://static.www.nfl.com/image/upload/f_auto,q_auto/league/ixgqo1gn6f79bhhoyirq",2025,1,REG,CIN,CLE,0,0,0,0,0,0,0,0,0,0,0,0,,,0,,0,0,0,0,0,0,,0,0,0,0,0,0,0,0,0,0,,0,,0.0,0.0,0.0,0,0,1,0,0,0,0,0.0,0.0,0,0,0,0,0,0,0,0,0,0,0,0,0,0,0,0,0,0,0,0,0,0,0,,,0,0,0,0,0,0,0,0,0,0,0,0,,,,0,0,0,0,0,0,0,,0,0,0,0,0,0.0,0.0
00-0037743,D.Hill,Daxton Hill,CB,DB,"https://static.www.nfl.com/image/upload/f_auto,q_auto/league/onw9ijbhtrdvjqpi0toh",2025,1,REG,CIN,CLE,0,0,0,0,0,0,0,0,0,0,0,0,,,0,,0,0,0,0,0,0,,0,0,0,0,0,0,0,0,0,0,,0,,0.0,0.0,0.0,0,4,1,4,0,0,0,0.0,0.0,0,0,0,0,0,0,0,0,0,0,0,0,0,0,0,0,0,0,0,0,0,0,0,,,0,0,0,0,0,0,0,0,0,0,0,0,,,,0,0,0,0,0,0,0,,0,0,0,0,0,0.0,0.0
00-0037752,T.Anderson,Tycen Anderson,SAF,DB,"https://static.www.nfl.com/image/upload/f_auto,q_auto/league/j3dvzorwxkvvf7ljykzu",2025,1,REG,CIN,CLE,0,0,0,0,0,0,0,0,0,0,0,0,,,0,,0,0,0,0,0,0,,0,0,0,0,0,0,0,0,0,0,,0,,0.0,0.0,0.0,0,2,0,2,0,0,0,0.0,0.0,0,0,0,0,0,0,0,0,0,0,0,0,0,0,0,0,0,0,0,0,0,0,0,,,0,0,0,0,0,0,0,0,0,0,0,0,,,,0,0,0,0,0,0,0,,0,0,0,0,0,0.0,0.0
00-0037753,C.Taylor-Britt,Cam Taylor-Britt,CB,DB,"https://static.www.nfl.com/image/upload/f_auto,q_auto/league/m6dqiwllhwoc2rd5gns1",2025,1,REG,CIN,CLE,0,0,0,0,0,0,0,0,0,0,0,0,,,0,,0,0,0,0,0,0,,0,0,0,0,0,0,0,0,0,0,,0,,0.0,0.0,0.0,0,0,0,1,0,0,0,0.0,0.0,0,0,0,0,0,0,0,0,0,0,0,0,0,1,6,0,0,0,0,0,0,0,0,,,0,0,0,0,0,0,0,0,0,0,0,0,,,,0,0,0,0,0,0,0,,0,0,0,0,0,0.0,0.0
00-0038546,M.Murphy,Myles Murphy,DE,DL,"https://static.www.nfl.com/image/upload/f_auto,q_auto/league/u0zvh5to1xhky5oiyonv",2025,1,REG,CIN,CLE,0,0,0,0,0,0,0,0,0,0,0,0,,,0,,0,0,0,0,0,0,,0,0,0,0,0,0,0,0,0,0,,0,,0.0,0.0,0.0,0,1,0,1,0,0,0,0.0,0.0,0,0,0,0,0,0,0,0,0,0,0,0,0,0,0,0,0,0,0,0,0,0,0,,,0,0,0,0,0,0,0,0,0,0,0,0,,,,0,0,0,0,0,0,0,,0,0,0,0,0,0.0,0.0
00-0038549,D.Turner,DJ Turner II,CB,DB,"https://static.www.nfl.com/image/upload/f_auto,q_auto/league/nijmaqsa0uggtjzmpzgy",2025,1,REG,CIN,CLE,0,0,0,0,0,0,0,0,0,0,0,0,,,0,,0,0,0,0,0,0,,0,0,0,0,0,0,0,0,0,0,,0,,0.0,0.0,0.0,0,0,0,2,0,0,0,0.0,0.0,0,1,7,2,0,0,0,0,0,0,0,0,0,1,4,0,0,0,0,0,0,0,0,,,0,0,0,0,0,0,0,0,0,0,0,0,,,,0,0,0,0,0,0,0,,0,0,0,0,0,0.0,0.0
00-0038560,J.Battle,Jordan Battle,SAF,DB,"https://static.www.nfl.com/image/upload/f_auto,q_auto/league/cqndmjyignuar0ekntsy",2025,1,REG,CIN,CLE,0,0,0,0,0,0,0,0,0,0,0,0,,,0,,0,0,0,0,0,0,,0,0,0,0,0,0,0,0,0,0,,0,,0.0,0.0,0.0,0,4,1,7,0,0,0,0.0,0.0,0,1,2,1,0,0,0,0,0,0,0,0,0,0,0,0,0,0,0,0,0,0,0,,,0,0,0,0,0,0,0,0,0,0,0,0,,,,0,0,0,0,0,0,0,,0,0,0,0,0,0.0,0.0
00-0038576,C.Jones,Charlie Jones,WR,WR,"https://static.www.nfl.com/image/upload/f_auto,q_auto/league/rofwl0wrsdqnfvv4iokq",2025,1,REG,CIN,CLE,0,0,0,0,0,0,0,0,0,0,0,0,,,0,,0,0,0,0,0,0,,0,0,0,0,0,0,0,0,0,0,,0,,0.0,0.0,0.0,0,0,0,0,0,0,0,0.0,0.0,0,0,0,0,0,0,0,0,0,0,0,0,0,0,0,1,23,3,70,0,0,0,0,,,0,0,0,0,0,0,0,0,0,0,0,0,,,,0,0,0,0,0,0,0,,0,0,0,0,0,0.0,0.0
00-0038597,C.Brown,Chase Brown,RB,RB,"https://static.www.nfl.com/image/upload/f_auto,q_auto/league/pv3sq3uzosixxexbznq5",2025,1,REG,CIN,CLE,0,0,0,0,0,0,0,0,0,0,0,0,,,0,,21,43,1,0,0,3,-3.3582609655568376,0,2,3,8,0,0,0,0,10,0,-1.4302310989268214,0,0.0,0.13043478260869565,0.0,0.19565217391304346,0,0,0,0,0,0,0,0.0,0.0,0,0,0,0,0,0,0,0,0,0,0,0,0,0,0,0,0,0,0,0,0,0,0,,,0,0,0,0,0,0,0,0,0,0,0,0,,,,0,0,0,0,0,0,0,,0,0,0,0,0,11.100000000000001,13.100000000000001
00-0038890,S.Heyward,Shaka Heyward,LB,LB,"https://static.www.nfl.com/image/upload/f_auto,q_auto/league/iyfys24q8kfywfgipkni",2025,1,REG,CIN,CLE,0,0,0,0,0,0,0,0,0,0,0,0,,,0,,0,0,0,0,0,0,,0,0,0,0,0,0,0,0,0,0,,0,,0.0,0.0,0.0,0,0,0,1,0,0,0,0.0,0.0,0,0,0,0,0,0,0,0,0,0,0,0,0,0,0,0,0,0,0,0,0,0,0,,,0,0,0,0,0,0,0,0,0,0,0,0,,,,0,0,0,0,0,0,0,,0,0,0,0,0,0.0,0.0
00-0039323,R.Rehkow,Ryan Rehkow,P,SPEC,"https://static.www.nfl.com/image/upload/f_auto,q_auto/league/kahposyaa7l0zpdvzyoa",2025,1,REG,CIN,CLE,0,0,0,0,0,0,0,0,0,0,0,0,,,0,,0,0,0,0,0,0,,0,0,0,0,0,0,0,0,0,0,,0,,0.0,0.0,0.0,0,0,0,0,0,0,0,0.0,0.0,0,0,0,0,0,0,0,0,0,0,0,0,0,0,0,0,0,0,0,0,0,0,0,,,0,0,0,0,0,0,0,0,0,0,0,0,,,,0,0,0,0,0,0,0,,0,0,0,0,0,0.0,0.0
00-0039375,J.Newton,Josh Newton,CB,DB,"https://static.www.nfl.com/image/upload/f_auto,q_auto/league/imssw1izljtqvd1j1nbp",2025,1,REG,CIN,CLE,0,0,0,0,0,0,0,0,0,0,0,0,,,0,,0,0,0,0,0,0,,0,0,0,0,0,0,0,0,0,0,,0,,0.0,0.0,0.0,0,3,0,0,0,0,0,0.0,0.0,0,0,0,0,0,0,0,0,0,0,0,0,0,0,0,0,0,0,0,0,0,0,0,,,0,0,0,0,0,0,0,0,0,0,0,0,,,,0,0,0,0,0,0,0,,0,0,0,0,0,0.0,0.0
00-0039908,K.Jenkins,Kris Jenkins,DT,DL,"https://static.www.nfl.com/image/upload/f_auto,q_auto/league/nuyy0laahr8mf5dojflu",2025,1,REG,CIN,CLE,0,0,0,0,0,0,0,0,0,0,0,0,,,0,,0,0,0,0,0,0,,0,0,0,0,0,0,0,0,0,0,,0,,0.0,0.0,0.0,0,2,0,0,0,0,0,0.0,0.0,0,0,0,0,0,0,0,0,0,0,0,0,0,0,0,0,0,0,0,0,0,0,0,,,0,0,0,0,0,0,0,0,0,0,0,0,,,,0,0,0,0,0,0,0,,0,0,0,0,0,0.0,0.0
00-0039925,A.Mims,Amarius Mims,OT,OL,"https://static.www.nfl.com/image/upload/f_auto,q_auto/league/ac9cfdykktbm8xs4dwy6",2025,1,REG,CIN,CLE,0,0,0,0,0,0,0,0,0,0,0,0,,,0,,0,0,0,0,0,0,,0,0,0,0,0,0,0,0,0,0,,0,,0.0,0.0,0.0,0,0,0,0,0,0,0,0.0,0.0,0,0,0,0,0,0,0,0,0,0,0,0,0,1,4,0,0,0,0,0,0,0,0,,,0,0,0,0,0,0,0,0,0,0,0,0,,,,0,0,0,0,0,0,0,,0,0,0,0,0,0.0,0.0
00-0040157,B.Carter,Barrett Carter,LB,LB,"https://static.www.nfl.com/image/upload/f_auto,q_auto/league/lyoza4nusuj5ocndg663",2025,1,REG,CIN,CLE,0,0,0,0,0,0,0,0,0,0,0,0,,,0,,0,0,0,0,0,0,,0,0,0,0,0,0,0,0,0,0,,0,,0.0,0.0,0.0,0,1,2,1,0,0,0,0.0,0.0,0,0,0,0,0,0,0,0,0,0,0,0,0,0,0,0,0,0,0,0,0,0,0,,,0,0,0,0,0,0,0,0,0,0,0,0,,,,0,0,0,0,0,0,0,,0,0,0,0,0,0.0,0.0
00-0040208,T.Brooks,Tahj Brooks,RB,RB,"https://static.www.nfl.com/image/upload/f_auto,q_auto/league/wi7smnfts8t04wnd0n3p",2025,1,REG,CIN,CLE,0,0,0,0,0,0,0,0,0,0,0,0,,,0,,0,0,0,0,0,0,,0,0,0,0,0,0,0,0,0,0,,0,,0.0,0.0,0.0,0,1,0,0,0,0,0,0.0,0.0,0,0,0,0,0,0,0,0,0,0,0,0,0,0,0,0,0,0,0,0,0,0,0,,,0,0,0,0,0,0,0,0,0,0,0,0,,,,0,0,0,0,0,0,0,,0,0,0,0,0,0.0,0.0
00-0040379,W.Wagner,William Wagner,LS,SPEC,"https://static.www.nfl.com/image/upload/f_auto,q_auto/league/y7yfjyw559ytucyitpey",2025,1,REG,CIN,CLE,0,0,0,0,0,0,0,0,0,0,0,0,,,0,,0,0,0,0,0,0,,0,0,0,0,0,0,0,0,0,0,,0,,0.0,0.0,0.0,0,0,0,1,0,0,0,0.0,0.0,0,0,0,0,0,0,0,0,0,0,0,0,0,0,0,0,0,0,0,0,0,0,0,,,0,0,0,0,0,0,0,0,0,0,0,0,,,,0,0,0,0,0,0,0,,0,0,0,0,0,0.0,0.0
00-0040738,D.Knight,Demetrius Knight Jr.,LB,LB,"https://static.www.nfl.com/image/upload/f_auto,q_auto/league/j9eequyosorm1p9zc5gx",2025,1,REG,CIN,CLE,0,0,0,0,0,0,0,0,0,0,0,0,,,0,,0,0,0,0,0,0,,0,0,0,0,0,0,0,0,0,0,,0,,0.0,0.0,0.0,0,6,2,2,0,0,0,0.0,0.0,0,0,0,1,0,0,0,0,0,0,0,0,0,0,0,0,0,0,0,0,0,0,0,,,0,0,0,0,0,0,0,0,0,0,0,0,,,,0,0,0,0,0,0,0,,0,0,0,0,0,0.0,0.0
00-0030757,M.Pennel,Mike Pennel,DT,DL,"https://static.www.nfl.com/image/upload/f_auto,q_auto/league/ezpbko1gvvdrrtqhkhnu",2025,2,REG,CIN,JAX,0,0,0,0,0,0,0,0,0,0,0,0,,,0,,0,0,0,0,0,0,,0,0,0,0,0,0,0,0,0,0,,0,,0.0,0.0,0.0,0,0,0,1,0,0,0,0.0,0.0,0,0,0,0,0,0,0,0,0,0,0,0,0,0,0,0,0,0,0,0,0,0,0,,,0,0,0,0,0,0,0,0,0,0,0,0,,,,0,0,0,0,0,0,0,,0,0,0,0,0,0.0,0.0
00-0033526,S.Perine,Samaje Perine,RB,RB,"https://static.www.nfl.com/image/upload/f_auto,q_auto/league/ur3jv6biq0pefkrgpzty",2025,2,REG,CIN,JAX,0,0,0,0,0,0,0,0,0,0,0,0,,,0,,0,0,0,0,0,0,,0,0,0,0,0,0,0,0,0,0,,0,,0.0,0.0,0.0,0,0,0,1,0,0,0,0.0,0.0,0,0,0,0,0,0,0,0,0,0,0,0,0,0,0,0,0,6,154,0,0,0,0,,,0,0,0,0,0,0,0,0,0,0,0,0,,,,0,0,0,0,0,0,0,,0,0,0,0,0,0.0,0.0
00-0033935,T.Hendrickson,Trey Hendrickson,DE,DL,"https://static.www.nfl.com/image/upload/f_auto,q_auto/league/gfdlbzmukca60bgo3lr7",2025,2,REG,CIN,JAX,0,0,0,0,0,0,0,0,0,0,0,0,,,0,,0,0,0,0,0,0,,0,0,0,0,0,0,0,0,0,0,,0,,0.0,0.0,0.0,0,2,0,1,1,10,0,1.0,10.0,3,0,0,1,0,0,0,0,0,0,0,0,0,0,0,0,0,0,0,0,0,0,0,,,0,0,0,0,0,0,0,0,0,0,0,0,,,,0,0,0,0,0,0,0,,0,0,0,0,0,0.0,0.0
00-0034754,O.Burks,Oren Burks,ILB,LB,"https://static.www.nfl.com/image/upload/f_auto,q_auto/league/efcamqfjel7jozjdvbe9",2025,2,REG,CIN,JAX,0,0,0,0,0,0,0,0,0,0,0,0,,,0,,0,0,0,0,0,0,,0,0,0,0,0,0,0,0,0,0,,0,,0.0,0.0,0.0,0,2,0,2,0,0,0,0.0,0.0,0,0,0,0,0,0,0,0,0,0,0,0,0,0,0,0,0,0,0,0,0,0,0,,,0,0,0,0,0,0,0,0,0,0,0,0,,,,0,0,0,0,0,0,0,,0,0,0,0,0,0.0,0.0
00-0034800,B.Hill,B.J. Hill,DE,DL,"https://static.www.nfl.com/image/upload/f_auto,q_auto/league/t5d3t2wt1goqgv5njdqa",2025,2,REG,CIN,JAX,0,0,0,0,0,0,0,0,0,0,0,0,,,0,,0,0,0,0,0,0,,0,0,0,0,0,0,0,0,0,0,,0,,0.0,0.0,0.0,0,0,0,2,0,0,0,0.0,0.0,0,0,0,0,0,0,0,0,0,0,0,0,0,0,0,0,0,0,0,0,0,0,0,,,0,0,0,0,0,0,0,0,0,0,0,0,,,,0,0,0,0,0,0,0,,0,0,0,0,0,0.0,0.0
00-0034829,M.Gesicki,Mike Gesicki,TE,TE,"https://static.www.nfl.com/image/upload/f_auto,q_auto/league/mfswo0trev4oi2gnb41e",2025,2,REG,CIN,JAX,0,0,0,0,0,0,0,0,0,0,0,0,,,0,,0,0,0,0,0,0,,0,3,4,18,0,0,0,46,2,1,-4.535358882625587,0,0.391304347826087,0.09302325581395349,0.12777777777777777,0.22897932816537467,0,0,0,0,0,0,0,0.0,0.0,0,0,0,0,0,0,0,0,0,0,0,0,0,0,0,0,0,0,0,0,0,0,0,,,0,0,0,0,0,0,0,0,0,0,0,0,,,,0,0,0,0,0,0,0,,0,0,0,0,0,1.8,4.8
00-0035100,J.Browning,Jake Browning,QB,QB,"https://static.www.nfl.com/image/upload/f_auto,q_auto/league/kzyh6yum2w3c6xrkndla",2025,2,REG,CIN,JAX,21,32,241,2,3,1,-7,0,0,282,117,11,-2.0213017329473897,3.616569022978506,0,0.8546099290780141,1,1,1,0,0,1,2.540374135132879,0,0,0,0,0,0,0,0,0,0,,0,,0.0,0.0,0.0,0,0,0,0,0,0,0,0.0,0.0,0,0,0,0,0,0,0,0,0,0,0,0,0,0,0,0,0,0,0,0,0,0,0,,,0,0,0,0,0,0,0,0,0,0,0,0,,,,0,0,0,0,0,0,0,,0,0,0,0,0,17.740000000000002,17.740000000000002
00-0035631,D.Sample,Drew Sample,TE,TE,"https://static.www.nfl.com/image/upload/f_auto,q_auto/league/dvq8fanrbrpfgf2j3kpm",2025,2,REG,CIN,JAX,0,0,0,0,0,0,0,0,0,0,0,0,,,0,,0,0,0,0,0,0,,0,1,2,7,0,0,0,-6,3,0,-0.9711766799446195,0,0.0,0.046511627906976744,-0.016666666666666666,0.05810077519379845,0,0,0,0,0,0,0,0.0,0.0,0,0,0,0,0,0,0,0,0,0,0,0,0,1,10,0,0,0,0,0,0,0,0,,,0,0,0,0,0,0,0,0,0,0,0,0,,,,0,0,0,0,0,0,0,,0,0,0,0,0,0.7000000000000001,1.7000000000000002
00-0035644,N.Fant,Noah Fant,TE,TE,"https://static.www.nfl.com/image/private/f_auto,q_auto/league/w1gqasldrg3jumzdqjvy",2025,2,REG,CIN,JAX,0,0,0,0,0,0,0,0,0,0,0,0,,,0,,0,0,0,0,0,0,,0,3,4,28,0,0,0,25,7,1,-0.028146537952125072,0,1.12,0.09302325581395349,0.06944444444444445,0.18814599483204134,0,0,0,0,0,0,0,0.0,0.0,0,0,0,0,0,0,0,0,0,0,0,0,0,0,0,0,0,0,0,0,0,0,0,,,0,0,0,0,0,0,0,0,0,0,0,0,,,,0,0,0,0,0,0,0,,0,0,0,0,0,2.8000000000000003,5.800000000000001
00-0035702,D.Risner,Dalton Risner,G,OL,"https://static.www.nfl.com/image/upload/f_auto,q_auto/league/zjxm9sjrgpebfesh1b0h",2025,2,REG,CIN,JAX,0,0,0,0,0,0,0,0,0,0,0,0,,,0,,0,0,0,0,0,0,,0,0,0,0,0,0,0,0,0,0,,0,,0.0,0.0,0.0,0,0,0,0,0,0,0,0.0,0.0,0,0,0,0,0,0,0,0,0,0,0,0,0,1,4,0,0,0,0,0,0,0,0,,,0,0,0,0,0,0,0,0,0,0,0,0,,,,0,0,0,0,0,0,0,,0,0,0,0,0,0.0,0.0
00-0036199,G.Stone,Geno Stone,SAF,DB,"https://static.www.nfl.com/image/upload/f_auto,q_auto/league/upbrq8aqe7yff3pn8a69",2025,2,REG,CIN,JAX,0,0,0,0,0,0,0,0,0,0,0,0,,,0,,0,0,0,0,0,0,,0,0,0,0,0,0,0,0,0,0,,0,,0.0,0.0,0.0,0,7,0,2,0,0,0,0.0,0.0,0,0,0,0,0,0,0,0,0,0,0,0,0,0,0,0,0,0,0,0,0,0,0,,,0,0,0,0,0,0,0,0,0,0,0,0,,,,0,0,0,0,0,0,0,,0,0,0,0,0,0.0,0.0
00-0036294,L.Wilson,Logan Wilson,LB,LB,"https://static.www.nfl.com/image/upload/f_auto,q_auto/league/skqpe0wm0iks4zydpzdp",2025,2,REG,CIN,JAX,0,0,0,0,0,0,0,0,0,0,0,0,,,0,,0,0,0,0,0,0,,0,0,0,0,0,0,0,0,0,0,,0,,0.0,0.0,0.0,0,4,0,4,0,0,0,0.0,0.0,0,0,0,1,0,0,0,0,0,0,0,0,0,0,0,0,0,0,0,0,0,0,0,,,0,0,0,0,0,0,0,0,0,0,0,0,,,,0,0,0,0,0,0,0,,0,0,0,0,0,0.0,0.0
00-0036410,T.Higgins,Tee Higgins,WR,WR,"https://static.www.nfl.com/image/upload/f_auto,q_auto/league/flr9f8oqigbyroeaubxb",2025,2,REG,CIN,JAX,0,0,0,0,0,0,0,0,0,0,0,0,,,0,,0,0,0,0,0,0,,0,3,8,56,1,0,0,105,16,2,3.0226257597096264,0,0.5333333333333333,0.18604651162790697,0.2916666666666667,0.4832364341085271,0,0,0,0,0,0,0,0.0,0.0,0,0,0,0,0,0,0,0,0,0,0,0,0,0,0,0,0,0,0,0,0,0,0,,,0,0,0,0,0,0,0,0,0,0,0,0,,,,0,0,0,0,0,0,0,,0,0,0,0,0,11.600000000000001,14.600000000000001
00-0036442,J.Burrow,Joe Burrow,QB,QB,"https://static.www.nfl.com/image/upload/f_auto,q_auto/league/gnnvcgui1cijybukk2w7",2025,2,REG,CIN,JAX,7,13,76,1,0,2,-8,0,0,78,14,6,0.19308384478790686,-0.8030536274115244,0,0.9743589743589743,0,0,0,0,0,0,,0,0,0,0,0,0,0,0,0,0,,0,,0.0,0.0,0.0,0,0,0,0,0,0,0,0.0,0.0,0,0,0,0,0,0,0,0,0,0,0,0,0,0,0,0,0,0,0,0,0,0,0,,,0,0,0,0,0,0,0,0,0,0,0,0,,,,0,0,0,0,0,0,0,,0,0,0,0,0,7.04,7.04
00-0036642,T.Slaton,Tedarrell Slaton,DT,DL,"https://static.www.nfl.com/image/upload/f_auto,q_auto/league/oktzavt6whxgvr6ukmhl",2025,2,REG,CIN,JAX,0,0,0,0,0,0,0,0,0,0,0,0,,,0,,0,0,0,0,0,0,,0,0,0,0,0,0,0,0,0,0,,0,,0.0,0.0,0.0,0,3,0,1,0,0,0,0.0,0.0,0,0,0,0,0,0,0,0,0,0,0,0,0,0,0,0,0,0,0,0,0,0,0,,,0,0,0,0,0,0,0,0,0,0,0,0,,,,0,0,0,0,0,0,0,,0,0,0,0,0,0.0,0.0
00-0036854,E.McPherson,Evan McPherson,K,SPEC,"https://static.www.nfl.com/image/upload/f_auto,q_auto/league/cpvujaqwscupzvbbx7oe",2025,2,REG,CIN,JAX,0,0,0,0,0,0,0,0,0,0,0,0,,,0,,0,0,0,0,0,0,,0,0,0,0,0,0,0,0,0,0,,0,,0.0,0.0,0.0,0,0,0,0,0,0,0,0.0,0.0,0,0,0,0,0,0,0,0,0,0,0,0,0,0,0,0,0,0,0,1,1,0,0,31.0,1.0,0,0,1,0,0,0,0,0,0,0,0,0,31,,,31,0,0,4,4,0,0,1.0,0,0,0,0,0,0.0,0.0
00-0036900,J.Chase,Ja'Marr Chase,WR,WR,"https://static.www.nfl.com/image/upload/f_auto,q_auto/league/qya3dtjb5kgofcuj2tuw",2025,2,REG,CIN,JAX,0,0,0,0,0,0,0,0,0,0,0,0,,,0,,0,0,0,0,0,0,,0,14,16,165,1,0,0,112,92,10,11.141928337838696,0,1.4732142857142858,0.37209302325581395,0.3111111111111111,0.7759173126614987,0,1,0,0,0,0,0,0.0,0.0,0,0,0,0,0,0,0,0,0,0,0,0,0,0,0,0,0,0,0,0,0,0,0,,,0,0,0,0,0,0,0,0,0,0,0,0,,,,0,0,0,0,0,0,0,,0,0,0,0,0,22.5,36.5
00-0036902,J.Ossai,Joseph Ossai,DE,DL,"https://static.www.nfl.com/image/upload/f_auto,q_auto/league/ixgqo1gn6f79bhhoyirq",2025,2,REG,CIN,JAX,0,0,0,0,0,0,0,0,0,0,0,0,,,0,,0,0,0,0,0,0,,0,0,0,0,0,0,0,0,0,0,,0,,0.0,0.0,0.0,0,1,0,1,0,0,0,0.0,0.0,1,0,0,0,0,0,0,0,0,0,0,0,0,1,15,0,0,0,0,0,0,0,0,,,0,0,0,0,0,0,0,0,0,0,0,0,,,,0,0,0,0,0,0,0,,0,0,0,0,0,0.0,0.0
00-0037743,D.Hill,Daxton Hill,CB,DB,"https://static.www.nfl.com/image/upload/f_auto,q_auto/league/onw9ijbhtrdvjqpi0toh",2025,2,REG,CIN,JAX,0,0,0,0,0,0,0,0,0,0,0,0,,,0,,0,0,0,0,0,0,,0,0,0,0,0,0,0,0,0,0,,0,,0.0,0.0,0.0,0,9,0,0,1,4,0,0.0,0.0,0,1,0,1,0,0,0,0,0,0,0,0,0,0,0,0,0,0,0,0,0,0,0,,,0,0,0,0,0,0,0,0,0,0,0,0,,,,0,0,0,0,0,0,0,,0,0,0,0,0,0.0,0.0
00-0037752,T.Anderson,Tycen Anderson,SAF,DB,"https://static.www.nfl.com/image/upload/f_auto,q_auto/league/j3dvzorwxkvvf7ljykzu",2025,2,REG,CIN,JAX,0,0,0,0,0,0,0,0,0,0,0,0,,,0,,0,0,0,0,0,0,,0,0,0,0,0,0,0,0,0,0,,0,,0.0,0.0,0.0,0,1,0,1,0,0,0,0.0,0.0,0,0,0,0,0,0,0,0,0,0,0,0,0,0,0,0,0,0,0,0,0,0,0,,,0,0,0,0,0,0,0,0,0,0,0,0,,,,0,0,0,0,0,0,0,,0,0,0,0,0,0.0,0.0
00-0037753,C.Taylor-Britt,Cam Taylor-Britt,CB,DB,"https://static.www.nfl.com/image/upload/f_auto,q_auto/league/m6dqiwllhwoc2rd5gns1",2025,2,REG,CIN,JAX,0,0,0,0,0,0,0,0,0,0,0,0,,,0,,0,0,0,0,0,0,,0,0,0,0,0,0,0,0,0,0,,0,,0.0,0.0,0.0,0,2,0,1,0,0,0,0.0,0.0,0,0,0,2,0,0,0,0,0,0,0,0,0,0,0,0,0,0,0,0,0,0,0,,,0,0,0,0,0,0,0,0,0,0,0,0,,,,0,0,0,0,0,0,0,,0,0,0,0,0,0.0,0.0
00-0038549,D.Turner,DJ Turner II,CB,DB,"https://static.www.nfl.com/image/upload/f_auto,q_auto/league/nijmaqsa0uggtjzmpzgy",2025,2,REG,CIN,JAX,0,0,0,0,0,0,0,0,0,0,0,0,,,0,,0,0,0,0,0,0,,0,0,0,0,0,0,0,0,0,0,,0,,0.0,0.0,0.0,0,2,0,0,0,0,0,0.0,0.0,0,0,0,2,0,0,0,0,0,0,0,0,0,0,0,0,0,0,0,0,0,0,0,,,0,0,0,0,0,0,0,0,0,0,0,0,,,,0,0,0,0,0,0,0,,0,0,0,0,0,0.0,0.0
00-0038560,J.Battle,Jordan Battle,SAF,DB,"https://static.www.nfl.com/image/upload/f_auto,q_auto/league/cqndmjyignuar0ekntsy",2025,2,REG,CIN,JAX,0,0,0,0,0,0,0,0,0,0,0,0,,,0,,0,0,0,0,0,0,,0,0,0,0,0,0,0,0,0,0,,0,,0.0,0.0,0.0,0,1,0,3,0,0,0,0.0,0.0,0,1,4,1,0,0,0,0,0,0,0,0,0,0,0,0,0,0,0,0,0,0,0,,,0,0,0,0,0,0,0,0,0,0,0,0,,,,0,0,0,0,0,0,0,,0,0,0,0,0,0.0,0.0
00-0038576,C.Jones,Charlie Jones,WR,WR,"https://static.www.nfl.com/image/upload/f_auto,q_auto/league/rofwl0wrsdqnfvv4iokq",2025,2,REG,CIN,JAX,0,0,0,0,0,0,0,0,0,0,0,0,,,0,,0,0,0,0,0,0,,0,0,0,0,0,0,0,0,0,0,,0,,0.0,0.0,0.0,0,0,0,0,0,0,0,0.0,0.0,0,0,0,0,0,0,0,0,0,0,0,0,0,0,0,1,11,0,0,0,0,0,0,,,0,0,0,0,0,0,0,0,0,0,0,0,,,,0,0,0,0,0,0,0,,0,0,0,0,0,0.0,0.0
00-0038597,C.Brown,Chase Brown,RB,RB,"https://static.www.nfl.com/image/upload/f_auto,q_auto/league/pv3sq3uzosixxexbznq5",2025,2,REG,CIN,JAX,0,0,0,0,0,0,0,0,0,0,0,0,,,0,,16,47,0,0,0,4,-1.1779457607481163,0,2,3,18,0,0,0,8,10,1,2.0615585432969965,0,2.25,0.06976744186046512,0.022222222222222223,0.12020671834625322,0,1,0,0,0,0,0,0.0,0.0,0,0,0,0,0,0,0,0,0,0,0,0,0,0,0,0,0,0,0,0,0,0,0,,,0,0,0,0,0,0,0,0,0,0,0,0,,,,0,0,0,0,0,0,0,,0,0,0,0,0,6.5,8.5
00-0038619,A.Iosivas,Andrei Iosivas,WR,WR,"https://static.www.nfl.com/image/upload/f_auto,q_auto/league/zvanfldklpds1gp08bsp",2025,2,REG,CIN,JAX,0,0,0,0,0,0,0,0,0,0,0,0,,,0,,0,0,0,0,0,0,,0,1,5,12,0,0,0,62,1,1,-8.517731768195517,0,0.1935483870967742,0.11627906976744186,0.17222222222222222,0.29497416020671835,0,0,0,0,0,0,0,0.0,0.0,0,0,0,0,0,0,0,0,0,0,0,0,0,0,0,0,0,0,0,0,0,0,0,,,0,0,0,0,0,0,0,0,0,0,0,0,,,,0,0,0,0,0,0,0,,0,0,0,0,0,1.2000000000000002,2.2
00-0038839,M.Tinsley,Mitchell Tinsley,WR,WR,"https://static.www.nfl.com/image/upload/f_auto,q_auto/league/t4h8qtzndtvf6is6naew",2025,2,REG,CIN,JAX,0,0,0,0,0,0,0,0,0,0,0,0,,,0,,0,0,0,0,0,0,,0,1,1,13,1,0,0,13,0,1,1.734047771722544,0,1.0,0.023255813953488372,0.03611111111111111,0.06016149870801033,0,0,0,0,0,0,0,0.0,0.0,0,0,0,0,0,0,0,0,0,0,0,0,0,0,0,0,0,0,0,0,0,0,0,,,0,0,0,0,0,0,0,0,0,0,0,0,,,,0,0,0,0,0,0,0,,0,0,0,0,0,7.3,8.3
00-0038890,S.Heyward,Shaka Heyward,LB,LB,"https://static.www.nfl.com/image/upload/f_auto,q_auto/league/iyfys24q8kfywfgipkni",2025,2,REG,CIN,JAX,0,0,0,0,0,0,0,0,0,0,0,0,,,0,,0,0,0,0,0,0,,0,0,0,0,0,0,0,0,0,0,,0,,0.0,0.0,0.0,0,0,0,1,0,0,0,0.0,0.0,0,0,0,0,0,0,0,0,0,0,0,0,0,0,0,0,0,0,0,0,0,0,0,,,0,0,0,0,0,0,0,0,0,0,0,0,,,,0,0,0,0,0,0,0,,0,0,0,0,0,0.0,0.0
00-0039323,R.Rehkow,Ryan Rehkow,P,SPEC,"https://static.www.nfl.com/image/upload/f_auto,q_auto/league/kahposyaa7l0zpdvzyoa",2025,2,REG,CIN,JAX,0,0,0,0,0,0,0,0,0,0,0,0,,,0,,0,0,0,0,0,0,,0,0,0,0,0,0,0,0,0,0,,0,,0.0,0.0,0.0,0,0,0,0,0,0,0,0.0,0.0,0,0,0,0,0,0,0,0,0,0,0,0,0,0,0,0,0,0,0,0,0,0,0,,,0,0,0,0,0,0,0,0,0,0,0,0,,,,0,0,0,0,0,0,0,,0,0,0,0,0,0.0,0.0
00-0039908,K.Jenkins,Kris Jenkins,DT,DL,"https://static.www.nfl.com/image/upload/f_auto,q_auto/league/nuyy0laahr8mf5dojflu",2025,2,REG,CIN,JAX,0,0,0,0,0,0,0,0,0,0,0,0,,,0,,0,0,0,0,0,0,,0,0,0,0,0,0,0,0,0,0,,0,,0.0,0.0,0.0,0,2,0,1,0,0,0,0.0,0.0,0,0,0,0,0,0,0,0,0,0,0,0,0,0,0,0,0,0,0,0,0,0,0,,,0,0,0,0,0,0,0,0,0,0,0,0,,,,0,0,0,0,0,0,0,,0,0,0,0,0,0.0,0.0
00-0039925,A.Mims,Amarius Mims,OT,OL,"https://static.www.nfl.com/image/upload/f_auto,q_auto/league/ac9cfdykktbm8xs4dwy6",2025,2,REG,CIN,JAX,0,0,0,0,0,0,0,0,0,0,0,0,,,0,,0,0,0,0,0,0,,0,0,0,0,0,0,0,0,0,0,,0,,0.0,0.0,0.0,0,1,0,0,0,0,0,0.0,0.0,0,0,0,0,0,0,0,0,0,0,0,0,0,0,0,0,0,0,0,0,0,0,0,,,0,0,0,0,0,0,0,0,0,0,0,0,,,,0,0,0,0,0,0,0,,0,0,0,0,0,0.0,0.0
00-0040208,T.Brooks,Tahj Brooks,RB,RB,"https://static.www.nfl.com/image/upload/f_auto,q_auto/league/wi7smnfts8t04wnd0n3p",2025,2,REG,CIN,JAX,0,0,0,0,0,0,0,0,0,0,0,0,,,0,,0,0,0,0,0,0,,0,0,0,0,0,0,0,0,0,0,,0,,0.0,0.0,0.0,0,1,0,0,0,0,0,0.0,0.0,0,0,0,0,0,0,0,0,0,0,0,0,0,0,0,0,0,0,0,0,0,0,0,,,0,0,0,0,0,0,0,0,0,0,0,0,,,,0,0,0,0,0,0,0,,0,0,0,0,0,0.0,0.0
00-0040738,D.Knight,Demetrius Knight Jr.,LB,LB,"https://static.www.nfl.com/image/upload/f_auto,q_auto/league/j9eequyosorm1p9zc5gx",2025,2,REG,CIN,JAX,0,0,0,0,0,0,0,0,0,0,0,0,,,0,,0,0,0,0,0,0,,0,0,0,0,0,0,0,0,0,0,,0,,0.0,0.0,0.0,0,2,0,3,0,0,0,0.0,0.0,0,0,0,0,0,0,0,0,0,0,0,0,0,0,0,0,0,0,0,0,0,0,0,,,0,0,0,0,0,0,0,0,0,0,0,0,,,,0,0,0,0,0,0,0,,0,0,0,0,0,0.0,0.0
00-0040756,S.Stewart,Shemar Stewart,DE,DL,"https://static.www.nfl.com/image/upload/f_auto,q_auto/league/htljgrthvgq7pd2rsxhu",2025,2,REG,CIN,JAX,0,0,0,0,0,0,0,0,0,0,0,0,,,0,,0,0,0,0,0,0,,0,0,0,0,0,0,0,0,0,0,,0,,0.0,0.0,0.0,0,1,0,1,0,0,0,0.0,0.0,0,0,0,0,0,0,0,0,0,0,0,0,0,0,0,0,0,0,0,0,0,0,0,,,0,0,0,0,0,0,0,0,0,0,0,0,,,,0,0,0,0,0,0,0,,0,0,0,0,0,0.0,0.0
00-0030757,M.Pennel,Mike Pennel,DT,DL,"https://static.www.nfl.com/image/upload/f_auto,q_auto/league/ezpbko1gvvdrrtqhkhnu",2025,3,REG,CIN,MIN,0,0,0,0,0,0,0,0,0,0,0,0,,,0,,0,0,0,0,0,0,,0,0,0,0,0,0,0,0,0,0,,0,,0.0,0.0,0.0,0,2,0,0,0,0,0,0.0,0.0,0,0,0,0,0,0,0,0,0,0,0,0,0,0,0,0,0,0,0,0,0,0,0,,,0,0,0,0,0,0,0,0,0,0,0,0,,,,0,0,0,0,0,0,0,,0,0,0,0,0,0.0,0.0
00-0033526,S.Perine,Samaje Perine,RB,RB,"https://static.www.nfl.com/image/upload/f_auto,q_auto/league/ur3jv6biq0pefkrgpzty",2025,3,REG,CIN,MIN,0,0,0,0,0,0,0,0,0,0,0,0,,,0,,4,21,0,1,1,2,-0.6266942088841461,0,0,0,0,0,0,0,0,0,0,,0,,0.0,0.0,0.0,0,0,0,0,0,0,0,0.0,0.0,0,0,0,0,0,0,0,0,0,0,0,0,0,0,0,0,0,4,88,0,0,0,0,,,0,0,0,0,0,0,0,0,0,0,0,0,,,,0,0,0,0,0,0,0,,0,0,0,0,0,0.10000000000000009,0.10000000000000009
00-0033935,T.Hendrickson,Trey Hendrickson,DE,DL,"https://static.www.nfl.com/image/upload/f_auto,q_auto/league/gfdlbzmukca60bgo3lr7",2025,3,REG,CIN,MIN,0,0,0,0,0,0,0,0,0,0,0,0,,,0,,0,0,0,0,0,0,,0,0,0,0,0,0,0,0,0,0,,0,,0.0,0.0,0.0,0,1,0,0,0,0,0,0.0,0.0,0,0,0,0,0,0,0,0,0,0,0,0,0,0,0,0,0,0,0,0,0,0,0,,,0,0,0,0,0,0,0,0,0,0,0,0,,,,0,0,0,0,0,0,0,,0,0,0,0,0,0.0,0.0
00-0034754,O.Burks,Oren Burks,ILB,LB,"https://static.www.nfl.com/image/upload/f_auto,q_auto/league/efcamqfjel7jozjdvbe9",2025,3,REG,CIN,MIN,0,0,0,0,0,0,0,0,0,0,0,0,,,0,,0,0,0,0,0,0,,0,0,0,0,0,0,0,0,0,0,,0,,0.0,0.0,0.0,0,2,0,3,0,0,1,0.0,0.0,0,0,0,0,0,0,0,0,0,0,0,0,0,0,0,0,0,0,0,0,0,0,0,,,0,0,0,0,0,0,0,0,0,0,0,0,,,,0,0,0,0,0,0,0,,0,0,0,0,0,0.0,0.0
00-0034800,B.Hill,B.J. Hill,DE,DL,"https://static.www.nfl.com/image/upload/f_auto,q_auto/league/t5d3t2wt1goqgv5njdqa",2025,3,REG,CIN,MIN,0,0,0,0,0,0,0,0,0,0,0,0,,,0,,0,0,0,0,0,0,,0,0,0,0,0,0,0,0,0,0,,0,,0.0,0.0,0.0,0,1,0,2,0,0,0,0.0,0.0,0,0,0,0,0,0,0,0,0,0,0,0,0,0,0,0,0,0,0,0,0,0,0,,,0,0,0,0,0,0,0,0,0,0,0,0,,,,0,0,0,0,0,0,0,,0,0,0,0,0,0.0,0.0
00-0034829,M.Gesicki,Mike Gesicki,TE,TE,"https://static.www.nfl.com/image/upload/f_auto,q_auto/league/mfswo0trev4oi2gnb41e",2025,3,REG,CIN,MIN,0,0,0,0,0,0,0,0,0,0,0,0,,,0,,0,0,0,0,0,0,,0,1,3,6,0,0,0,18,3,0,-4.692540503223427,0,0.3333333333333333,0.11538461538461539,0.13953488372093023,0.2707513416815742,0,1,0,0,0,0,0,0.0,0.0,0,0,0,0,0,0,0,0,0,0,0,0,0,0,0,0,0,0,0,0,0,0,0,,,0,0,0,0,0,0,0,0,0,0,0,0,,,,0,0,0,0,0,0,0,,0,0,0,0,0,0.6000000000000001,1.6
00-0034955,B.Rypien,Brett Rypien,QB,QB,"https://static.www.nfl.com/image/upload/f_auto,q_auto/league/aagqym9xmd5rligbbacq",2025,3,REG,CIN,MIN,0,0,0,0,0,1,-2,0,0,0,0,0,-1.2378779940772802,,0,,0,0,0,0,0,0,,0,0,0,0,0,0,0,0,0,0,,0,,0.0,0.0,0.0,0,0,0,0,0,0,0,0.0,0.0,0,0,0,0,0,0,0,0,0,0,0,0,0,0,0,0,0,0,0,0,0,0,0,,,0,0,0,0,0,0,0,0,0,0,0,0,,,,0,0,0,0,0,0,0,,0,0,0,0,0,0.0,0.0
00-0035100,J.Browning,Jake Browning,QB,QB,"https://static.www.nfl.com/image/upload/f_auto,q_auto/league/kzyh6yum2w3c6xrkndla",2025,3,REG,CIN,MIN,19,27,140,1,2,3,-20,0,0,129,84,6,-18.071667482451062,0.3612574476462144,0,1.0852713178294573,1,3,0,0,0,1,0.13696190132759511,0,0,0,0,0,0,0,0,0,0,,0,,0.0,0.0,0.0,0,0,0,0,0,0,0,0.0,0.0,0,0,0,0,0,0,0,0,0,0,0,0,0,0,0,0,0,0,0,0,0,0,0,,,0,0,0,0,0,0,0,0,0,0,0,0,,,,0,0,0,0,0,0,0,,0,0,0,0,0,5.900000000000001,5.900000000000001
00-0035631,D.Sample,Drew Sample,TE,TE,"https://static.www.nfl.com/image/upload/f_auto,q_auto/league/dvq8fanrbrpfgf2j3kpm",2025,3,REG,CIN,MIN,0,0,0,0,0,0,0,0,0,0,0,0,,,0,,0,0,0,0,0,0,,0,2,3,20,1,0,0,9,17,2,2.691562804102432,0,2.2222222222222223,0.11538461538461539,0.06976744186046512,0.22191413237924865,0,0,0,0,0,0,0,0.0,0.0,0,0,0,0,0,0,0,0,0,0,0,0,0,0,0,0,0,0,0,0,0,0,0,,,0,0,0,0,0,0,0,0,0,0,0,0,,,,0,0,0,0,0,0,0,,0,0,0,0,0,8.0,10.0
00-0035644,N.Fant,Noah Fant,TE,TE,"https://static.www.nfl.com/image/private/f_auto,q_auto/league/w1gqasldrg3jumzdqjvy",2025,3,REG,CIN,MIN,0,0,0,0,0,0,0,0,0,0,0,0,,,0,,0,0,0,0,0,0,,0,5,5,26,0,1,1,13,13,1,-9.8419405373279,0,2.0,0.19230769230769232,0.10077519379844961,0.3590041741204532,0,0,0,0,0,0,0,0.0,0.0,0,0,0,0,0,0,0,0,0,0,0,0,0,0,0,0,0,0,0,0,0,0,0,,,0,0,0,0,0,0,0,0,0,0,0,0,,,,0,0,0,0,0,0,0,,0,0,0,0,0,0.6000000000000001,5.6
00-0036199,G.Stone,Geno Stone,SAF,DB,"https://static.www.nfl.com/image/upload/f_auto,q_auto/league/upbrq8aqe7yff3pn8a69",2025,3,REG,CIN,MIN,0,0,0,0,0,0,0,0,0,0,0,0,,,0,,0,0,0,0,0,0,,0,0,0,0,0,0,0,0,0,0,,0,,0.0,0.0,0.0,0,3,0,1,0,0,0,0.0,0.0,1,0,0,0,0,0,0,0,0,0,0,0,0,0,0,0,0,0,0,0,0,0,0,,,0,0,0,0,0,0,0,0,0,0,0,0,,,,0,0,0,0,0,0,0,,0,0,0,0,0,0.0,0.0
00-0036294,L.Wilson,Logan Wilson,LB,LB,"https://static.www.nfl.com/image/upload/f_auto,q_auto/league/skqpe0wm0iks4zydpzdp",2025,3,REG,CIN,MIN,0,0,0,0,0,0,0,0,0,0,0,0,,,0,,0,0,0,0,0,0,,0,0,0,0,0,0,0,0,0,0,,0,,0.0,0.0,0.0,0,2,0,3,0,0,0,0.0,0.0,0,0,0,0,0,0,0,0,0,0,0,0,0,0,0,0,0,0,0,0,0,0,0,,,0,0,0,0,0,0,0,0,0,0,0,0,,,,0,0,0,0,0,0,0,,0,0,0,0,0,0.0,0.0
00-0036410,T.Higgins,Tee Higgins,WR,WR,"https://static.www.nfl.com/image/upload/f_auto,q_auto/league/flr9f8oqigbyroeaubxb",2025,3,REG,CIN,MIN,0,0,0,0,0,0,0,0,0,0,0,0,,,0,,0,0,0,0,0,0,,0,1,2,15,0,0,0,39,3,1,1.8830977743342598,0,0.38461538461538464,0.07692307692307693,0.3023255813953488,0.3270125223613596,0,0,0,0,0,0,0,0.0,0.0,0,0,0,0,0,0,0,0,0,0,0,0,0,0,0,0,0,0,0,0,0,0,0,,,0,0,0,0,0,0,0,0,0,0,0,0,,,,0,0,0,0,0,0,0,,0,0,0,0,0,1.5,2.5
00-0036642,T.Slaton,Tedarrell Slaton,DT,DL,"https://static.www.nfl.com/image/upload/f_auto,q_auto/league/oktzavt6whxgvr6ukmhl",2025,3,REG,CIN,MIN,0,0,0,0,0,0,0,0,0,0,0,0,,,0,,0,0,0,0,0,0,,0,0,0,0,0,0,0,0,0,0,,0,,0.0,0.0,0.0,0,1,0,1,0,0,0,0.0,0.0,0,0,0,0,0,0,0,0,0,0,0,0,0,0,0,0,0,0,0,0,0,0,0,,,0,0,0,0,0,0,0,0,0,0,0,0,,,,0,0,0,0,0,0,0,,0,0,0,0,0,0.0,0.0
00-0036850,C.Sample,Cameron Sample,DE,DL,"https://static.www.nfl.com/image/private/f_auto,q_auto/league/kvkvhvbvcebjkevxjdhd",2025,3,REG,CIN,MIN,0,0,0,0,0,0,0,0,0,0,0,0,,,0,,0,0,0,0,0,0,,0,0,0,0,0,0,0,0,0,0,,0,,0.0,0.0,0.0,0,2,0,1,0,0,0,0.0,0.0,0,0,0,0,0,0,0,0,0,0,0,0,0,0,0,0,0,0,0,0,0,0,0,,,0,0,0,0,0,0,0,0,0,0,0,0,,,,0,0,0,0,0,0,0,,0,0,0,0,0,0.0,0.0
00-0036854,E.McPherson,Evan McPherson,K,SPEC,"https://static.www.nfl.com/image/upload/f_auto,q_auto/league/cpvujaqwscupzvbbx7oe",2025,3,REG,CIN,MIN,0,0,0,0,0,0,0,0,0,0,0,0,,,0,,0,0,0,0,0,0,,0,0,0,0,0,0,0,0,0,0,,0,,0.0,0.0,0.0,0,0,0,0,0,0,0,0.0,0.0,0,0,0,0,0,0,0,0,0,0,0,0,0,0,0,0,0,0,0,1,1,0,0,45.0,1.0,0,0,0,1,0,0,0,0,0,0,0,0,45,,,45,0,0,1,1,0,0,1.0,0,0,0,0,0,0.0,0.0
00-0036884,M.Wilson,Marco Wilson,CB,DB,"https://static.www.nfl.com/image/upload/f_auto,q_auto/league/mcmzfcisg5pkfulsp0tr",2025,3,REG,CIN,MIN,0,0,0,0,0,0,0,0,0,0,0,0,,,0,,0,0,0,0,0,0,,0,0,0,0,0,0,0,0,0,0,,0,,0.0,0.0,0.0,0,2,0,0,0,0,0,0.0,0.0,0,0,0,0,0,0,0,0,0,0,0,0,0,0,0,0,0,0,0,0,0,0,0,,,0,0,0,0,0,0,0,0,0,0,0,0,,,,0,0,0,0,0,0,0,,0,0,0,0,0,0.0,0.0
00-0036900,J.Chase,Ja'Marr Chase,WR,WR,"https://static.www.nfl.com/image/upload/f_auto,q_auto/league/qya3dtjb5kgofcuj2tuw",2025,3,REG,CIN,MIN,0,0,0,0,0,0,0,0,0,0,0,0,,,0,,1,9,0,0,0,0,0.6876874112058431,0,5,6,50,0,1,1,30,24,1,-3.9080523806624115,0,1.6666666666666667,0.23076923076923078,0.23255813953488372,0.5089445438282647,0,1,0,0,0,0,0,0.0,0.0,0,0,0,0,0,0,0,0,0,0,0,0,0,0,0,0,0,0,0,0,0,0,0,,,0,0,0,0,0,0,0,0,0,0,0,0,,,,0,0,0,0,0,0,0,,0,0,0,0,0,3.9000000000000004,8.9
00-0036902,J.Ossai,Joseph Ossai,DE,DL,"https://static.www.nfl.com/image/upload/f_auto,q_auto/league/ixgqo1gn6f79bhhoyirq",2025,3,REG,CIN,MIN,0,0,0,0,0,0,0,0,0,0,0,0,,,0,,0,0,0,0,0,0,,0,0,0,0,0,0,0,0,0,0,,0,,0.0,0.0,0.0,0,1,0,0,1,5,0,1.0,5.0,1,0,0,0,0,0,0,0,0,0,0,0,0,0,0,0,0,0,0,0,0,0,0,,,0,0,0,0,0,0,0,0,0,0,0,0,,,,0,0,0,0,0,0,0,,0,0,0,0,0,0.0,0.0
00-0037743,D.Hill,Daxton Hill,CB,DB,"https://static.www.nfl.com/image/upload/f_auto,q_auto/league/onw9ijbhtrdvjqpi0toh",2025,3,REG,CIN,MIN,0,0,0,0,0,0,0,0,0,0,0,0,,,0,,0,0,0,0,0,0,,0,0,0,0,0,0,0,0,0,0,,0,,0.0,0.0,0.0,0,2,0,0,0,0,0,0.0,0.0,0,0,0,0,0,0,0,0,0,0,0,0,0,1,15,0,0,0,0,0,0,0,0,,,0,0,0,0,0,0,0,0,0,0,0,0,,,,0,0,0,0,0,0,0,,0,0,0,0,0,0.0,0.0
00-0037752,T.Anderson,Tycen Anderson,SAF,DB,"https://static.www.nfl.com/image/upload/f_auto,q_auto/league/j3dvzorwxkvvf7ljykzu",2025,3,REG,CIN,MIN,0,0,0,0,0,0,0,0,0,0,0,0,,,0,,0,0,0,0,0,0,,0,0,0,0,0,0,0,0,0,0,,0,,0.0,0.0,0.0,0,0,0,1,0,0,0,0.0,0.0,0,0,0,0,0,0,0,0,0,0,0,0,0,0,0,0,0,0,0,0,0,0,0,,,0,0,0,0,0,0,0,0,0,0,0,0,,,,0,0,0,0,0,0,0,,0,0,0,0,0,0.0,0.0
00-0038546,M.Murphy,Myles Murphy,DE,DL,"https://static.www.nfl.com/image/upload/f_auto,q_auto/league/u0zvh5to1xhky5oiyonv",2025,3,REG,CIN,MIN,0,0,0,0,0,0,0,0,0,0,0,0,,,0,,0,0,0,0,0,0,,0,0,0,0,0,0,0,0,0,0,,0,,0.0,0.0,0.0,0,1,0,3,0,0,0,0.5,5.0,1,0,0,0,0,0,0,0,0,0,0,0,0,0,0,0,0,0,0,0,0,0,0,,,0,0,0,0,0,0,0,0,0,0,0,0,,,,0,0,0,0,0,0,0,,0,0,0,0,0,0.0,0.0
00-0038549,D.Turner,DJ Turner II,CB,DB,"https://static.www.nfl.com/image/upload/f_auto,q_auto/league/nijmaqsa0uggtjzmpzgy",2025,3,REG,CIN,MIN,0,0,0,0,0,0,0,0,0,0,0,0,,,0,,0,0,0,0,0,0,,0,0,0,0,0,0,0,0,0,0,,0,,0.0,0.0,0.0,0,2,0,0,0,0,0,0.0,0.0,0,0,0,1,0,0,0,0,0,0,0,0,0,0,0,0,0,0,0,0,0,0,0,,,0,0,0,0,0,0,0,0,0,0,0,0,,,,0,0,0,0,0,0,0,,0,0,0,0,0,0.0,0.0
00-0038560,J.Battle,Jordan Battle,SAF,DB,"https://static.www.nfl.com/image/upload/f_auto,q_auto/league/cqndmjyignuar0ekntsy",2025,3,REG,CIN,MIN,0,0,0,0,0,0,0,0,0,0,0,0,,,0,,0,0,0,0,0,0,,0,0,0,0,0,0,0,0,0,0,,0,,0.0,0.0,0.0,0,5,0,2,0,0,0,0.0,0.0,0,0,0,0,0,0,0,0,0,0,0,0,0,0,0,0,0,0,0,0,0,0,0,,,0,0,0,0,0,0,0,0,0,0,0,0,,,,0,0,0,0,0,0,0,,0,0,0,0,0,0.0,0.0
00-0038576,C.Jones,Charlie Jones,WR,WR,"https://static.www.nfl.com/image/upload/f_auto,q_auto/league/rofwl0wrsdqnfvv4iokq",2025,3,REG,CIN,MIN,0,0,0,0,0,0,0,0,0,0,0,0,,,0,,0,0,0,0,0,0,,0,0,0,0,0,0,0,0,0,0,,0,,0.0,0.0,0.0,0,0,0,0,0,0,0,0.0,0.0,0,0,0,0,0,0,0,0,1,1,0,0,0,0,0,1,9,3,61,0,0,0,0,,,0,0,0,0,0,0,0,0,0,0,0,0,,,,0,0,0,0,0,0,0,,0,0,0,0,0,0.0,0.0
00-0038597,C.Brown,Chase Brown,RB,RB,"https://static.www.nfl.com/image/upload/f_auto,q_auto/league/pv3sq3uzosixxexbznq5",2025,3,REG,CIN,MIN,0,0,0,0,0,0,0,0,0,0,0,0,,,0,,10,3,0,1,0,0,-6.335402739816345,0,4,5,17,0,0,0,17,16,1,-11.37281139777042,0,1.0,0.19230769230769232,0.13178294573643412,0.3807096004770424,0,0,0,0,0,0,0,0.0,0.0,0,0,0,0,0,0,0,0,1,1,0,0,0,0,0,0,0,0,0,0,0,0,0,,,0,0,0,0,0,0,0,0,0,0,0,0,,,,0,0,0,0,0,0,0,,0,0,0,0,0,2.0,6.0
00-0038642,D.Ivey,D.J. Ivey,CB,DB,"https://static.www.nfl.com/image/upload/f_auto,q_auto/league/bgycp6whsc4bd61aumsq",2025,3,REG,CIN,MIN,0,0,0,0,0,0,0,0,0,0,0,0,,,0,,0,0,0,0,0,0,,0,0,0,0,0,0,0,0,0,0,,0,,0.0,0.0,0.0,0,0,0,1,0,0,0,0.0,0.0,0,0,0,0,0,0,0,0,0,0,0,0,0,0,0,0,0,0,0,0,0,0,0,,,0,0,0,0,0,0,0,0,0,0,0,0,,,,0,0,0,0,0,0,0,,0,0,0,0,0,0.0,0.0
00-0038839,M.Tinsley,Mitchell Tinsley,WR,WR,"https://static.www.nfl.com/image/upload/f_auto,q_auto/league/t4h8qtzndtvf6is6naew",2025,3,REG,CIN,MIN,0,0,0,0,0,0,0,0,0,0,0,0,,,0,,0,0,0,0,0,0,,0,0,1,0,0,0,0,0,0,0,-0.547401865478605,0,,0.038461538461538464,0.0,0.057692307692307696,0,0,0,0,0,0,0,0.0,0.0,0,0,0,0,0,0,0,0,0,0,0,0,0,0,0,0,0,0,0,0,0,0,0,,,0,0,0,0,0,0,0,0,0,0,0,0,,,,0,0,0,0,0,0,0,,0,0,0,0,0,0.0,0.0
00-0038890,S.Heyward,Shaka Heyward,LB,LB,"https://static.www.nfl.com/image/upload/f_auto,q_auto/league/iyfys24q8kfywfgipkni",2025,3,REG,CIN,MIN,0,0,0,0,0,0,0,0,0,0,0,0,,,0,,0,0,0,0,0,0,,0,0,0,0,0,0,0,0,0,0,,0,,0.0,0.0,0.0,0,0,0,1,0,0,0,0.0,0.0,0,0,0,0,0,0,0,0,0,0,0,0,0,0,0,0,0,0,0,0,0,0,0,,,0,0,0,0,0,0,0,0,0,0,0,0,,,,0,0,0,0,0,0,0,,0,0,0,0,0,0.0,0.0
00-0039323,R.Rehkow,Ryan Rehkow,P,SPEC,"https://static.www.nfl.com/image/upload/f_auto,q_auto/league/kahposyaa7l0zpdvzyoa",2025,3,REG,CIN,MIN,0,0,0,0,0,0,0,0,0,0,0,0,,,0,,0,0,0,0,0,0,,0,0,0,0,0,0,0,0,0,0,,0,,0.0,0.0,0.0,0,0,0,0,0,0,0,0.0,0.0,0,0,0,0,0,0,0,0,0,0,0,0,0,0,0,0,0,0,0,0,0,0,0,,,0,0,0,0,0,0,0,0,0,0,0,0,,,,0,0,0,0,0,0,0,,0,0,0,0,0,0.0,0.0
00-0039375,J.Newton,Josh Newton,CB,DB,"https://static.www.nfl.com/image/upload/f_auto,q_auto/league/imssw1izljtqvd1j1nbp",2025,3,REG,CIN,MIN,0,0,0,0,0,0,0,0,0,0,0,0,,,0,,0,0,0,0,0,0,,0,0,0,0,0,0,0,0,0,0,,0,,0.0,0.0,0.0,0,1,0,0,0,0,0,0.0,0.0,0,0,0,0,0,0,0,0,0,0,0,0,0,0,0,0,0,0,0,0,0,0,0,,,0,0,0,0,0,0,0,0,0,0,0,0,,,,0,0,0,0,0,0,0,,0,0,0,0,0,0.0,0.0
00-0039631,C.Grandy,Cam Grandy,TE,TE,"https://static.www.nfl.com/image/upload/f_auto,q_auto/league/uay5dmniqx1baal3q3uu",2025,3,REG,CIN,MIN,0,0,0,0,0,0,0,0,0,0,0,0,,,0,,0,0,0,0,0,0,,0,1,1,6,0,1,0,-2,8,0,0.1620441589038819,0,0.0,0.038461538461538464,-0.015503875968992248,0.04683959451401312,0,0,0,0,0,0,0,0.0,0.0,0,0,0,0,0,0,0,0,0,0,0,0,0,0,0,0,0,0,0,0,0,0,0,,,0,0,0,0,0,0,0,0,0,0,0,0,,,,0,0,0,0,0,0,0,,0,0,0,0,0,0.6000000000000001,1.6
00-0039632,P.Jules,PJ Jules,SAF,DB,"https://static.www.nfl.com/image/upload/f_auto,q_auto/league/mdsohdnjax1gfb2nq0sv",2025,3,REG,CIN,MIN,0,0,0,0,0,0,0,0,0,0,0,0,,,0,,0,0,0,0,0,0,,0,0,0,0,0,0,0,0,0,0,,0,,0.0,0.0,0.0,0,1,1,1,1,1,0,0.0,0.0,0,0,0,0,0,0,0,0,0,0,0,0,0,1,15,0,0,0,0,0,0,0,0,,,0,0,0,0,0,0,0,0,0,0,0,0,,,,0,0,0,0,0,0,0,,0,0,0,0,0,0.0,0.0
00-0039908,K.Jenkins,Kris Jenkins,DT,DL,"https://static.www.nfl.com/image/upload/f_auto,q_auto/league/nuyy0laahr8mf5dojflu",2025,3,REG,CIN,MIN,0,0,0,0,0,0,0,0,0,0,0,0,,,0,,0,0,0,0,0,0,,0,0,0,0,0,0,0,0,0,0,,0,,0.0,0.0,0.0,0,2,0,4,1,4,0,1.5,9.0,2,0,0,0,0,0,0,0,0,0,0,0,0,0,0,0,0,0,0,0,0,0,0,,,0,0,0,0,0,0,0,0,0,0,0,0,,,,0,0,0,0,0,0,0,,0,0,0,0,0,0.0,0.0
00-0040140,D.Fairchild,Dylan Fairchild,G,OL,"https://static.www.nfl.com/image/upload/f_auto,q_auto/league/ujw65oq2betcbfqrw4qz",2025,3,REG,CIN,MIN,0,0,0,0,0,0,0,0,0,0,0,0,,,0,,0,0,0,0,0,0,,0,0,0,0,0,0,0,0,0,0,,0,,0.0,0.0,0.0,0,0,0,0,0,0,0,0.0,0.0,0,0,0,0,0,0,0,0,0,0,0,0,0,1,10,0,0,0,0,0,0,0,0,,,0,0,0,0,0,0,0,0,0,0,0,0,,,,0,0,0,0,0,0,0,,0,0,0,0,0,0.0,0.0
00-0040157,B.Carter,Barrett Carter,LB,LB,"https://static.www.nfl.com/image/upload/f_auto,q_auto/league/lyoza4nusuj5ocndg663",2025,3,REG,CIN,MIN,0,0,0,0,0,0,0,0,0,0,0,0,,,0,,0,0,0,0,0,0,,0,0,0,0,0,0,0,0,0,0,,0,,0.0,0.0,0.0,0,1,0,3,0,0,0,0.0,0.0,0,0,0,0,0,0,0,0,0,0,0,0,0,0,0,0,0,0,0,0,0,0,0,,,0,0,0,0,0,0,0,0,0,0,0,0,,,,0,0,0,0,0,0,0,,0,0,0,0,0,0.0,0.0
00-0040208,T.Brooks,Tahj Brooks,RB,RB,"https://static.www.nfl.com/image/upload/f_auto,q_auto/league/wi7smnfts8t04wnd0n3p",2025,3,REG,CIN,MIN,0,0,0,0,0,0,0,0,0,0,0,0,,,0,,5,17,0,0,0,0,-0.9963334002532065,0,0,0,0,0,0,0,0,0,0,,0,,0.0,0.0,0.0,0,2,0,0,0,0,0,0.0,0.0,0,0,0,0,0,0,0,0,0,0,0,0,0,0,0,0,0,0,0,0,0,0,0,,,0,0,0,0,0,0,0,0,0,0,0,0,,,,0,0,0,0,0,0,0,,0,0,0,0,0,1.7000000000000002,1.7000000000000002
00-0040369,H.Cross,Howard Cross III,DT,DL,"https://static.www.nfl.com/image/upload/f_auto,q_auto/league/c14y9hq7dq3e6wfuiqi7",2025,3,REG,CIN,MIN,0,0,0,0,0,0,0,0,0,0,0,0,,,0,,0,0,0,0,0,0,,0,0,0,0,0,0,0,0,0,0,,0,,0.0,0.0,0.0,0,1,0,0,0,0,0,0.0,0.0,0,0,0,0,0,0,0,0,0,0,0,0,0,0,0,0,0,0,0,0,0,0,0,,,0,0,0,0,0,0,0,0,0,0,0,0,,,,0,0,0,0,0,0,0,,0,0,0,0,0,0.0,0.0
00-0040379,W.Wagner,William Wagner,LS,SPEC,"https://static.www.nfl.com/image/upload/f_auto,q_auto/league/y7yfjyw559ytucyitpey",2025,3,REG,CIN,MIN,0,0,0,0,0,0,0,0,0,0,0,0,,,0,,0,0,0,0,0,0,,0,0,0,0,0,0,0,0,0,0,,0,,0.0,0.0,0.0,0,0,0,1,0,0,0,0.0,0.0,0,0,0,0,0,0,0,0,0,0,0,0,0,0,0,0,0,0,0,0,0,0,0,,,0,0,0,0,0,0,0,0,0,0,0,0,,,,0,0,0,0,0,0,0,,0,0,0,0,0,0.0,0.0
00-0040738,D.Knight,Demetrius Knight Jr.,LB,LB,"https://static.www.nfl.com/image/upload/f_auto,q_auto/league/j9eequyosorm1p9zc5gx",2025,3,REG,CIN,MIN,0,0,0,0,0,0,0,0,0,0,0,0,,,0,,0,0,0,0,0,0,,0,0,0,0,0,0,0,0,0,0,,0,,0.0,0.0,0.0,0,3,0,3,0,0,0,0.0,0.0,0,0,0,0,0,0,0,0,0,0,0,0,0,1,5,0,0,0,0,0,0,0,0,,,0,0,0,0,0,0,0,0,0,0,0,0,,,,0,0,0,0,0,0,0,,0,0,0,0,0,0.0,0.0
