player_id,player_name,player_display_name,position,position_group,headshot_url,season,week,season_type,team,opponent_team,completions,attempts,passing_yards,passing_tds,passing_interceptions,sacks_suffered,sack_yards_lost,sack_fumbles,sack_fumbles_lost,passing_air_yards,passing_yards_after_catch,passing_first_downs,passing_epa,passing_cpoe,passing_2pt_conversions,pacr,carries,rushing_yards,rushing_tds,rushing_fumbles,rushing_fumbles_lost,rushing_first_downs,rushing_epa,rushing_2pt_conversions,receptions,targets,receiving_yards,receiving_tds,receiving_fumbles,receiving_fumbles_lost,receiving_air_yards,receiving_yards_after_catch,receiving_first_downs,receiving_epa,receiving_2pt_conversions,racr,target_share,air_yards_share,wopr,special_teams_tds,def_tackles_solo,def_tackles_with_assist,def_tackle_assists,def_tackles_for_loss,def_tackles_for_loss_yards,def_fumbles_forced,def_sacks,def_sack_yards,def_qb_hits,def_interceptions,def_interception_yards,def_pass_defended,def_tds,def_fumbles,def_safeties,misc_yards,fumble_recovery_own,fumble_recovery_yards_own,fumble_recovery_opp,fumble_recovery_yards_opp,fumble_recovery_tds,penalties,penalty_yards,punt_returns,punt_return_yards,kickoff_returns,kickoff_return_yards,fg_made,fg_att,fg_missed,fg_blocked,fg_long,fg_pct,fg_made_0_19,fg_made_20_29,fg_made_30_39,fg_made_40_49,fg_made_50_59,fg_made_60_,fg_missed_0_19,fg_missed_20_29,fg_missed_30_39,fg_missed_40_49,fg_missed_50_59,fg_missed_60_,fg_made_list,fg_missed_list,fg_blocked_list,fg_made_distance,fg_missed_distance,fg_blocked_distance,pat_made,pat_att,pat_missed,pat_blocked,pat_pct,gwfg_made,gwfg_att,gwfg_missed,gwfg_blocked,gwfg_distance,fantasy_points,fantasy_points_ppr
00-0032378,D.Buckner,DeForest Buckner,DT,DL,"https://static.www.nfl.com/image/upload/f_auto,q_auto/league/mtyogyexnz2ik3fbs3am",2025,1,REG,IND,MIA,0,0,0,0,0,0,0,0,0,0,0,0,,,0,,0,0,0,0,0,0,,0,0,0,0,0,0,0,0,0,0,,0,,0.0,0.0,0.0,0,0,0,3,0,0,0,0.0,0.0,0,0,0,0,0,0,0,0,0,0,0,0,0,0,0,0,0,0,0,0,0,0,0,,,0,0,0,0,0,0,0,0,0,0,0,0,,,,0,0,0,0,0,0,0,,0,0,0,0,0,0.0,0.0
00-0033050,X.Howard,Xavien Howard,CB,DB,"https://static.www.nfl.com/image/upload/f_auto,q_auto/league/jbebiqcxa5rrf9ihaxkp",2025,1,REG,IND,MIA,0,0,0,0,0,0,0,0,0,0,0,0,,,0,,0,0,0,0,0,0,,0,0,0,0,0,0,0,0,0,0,,0,,0.0,0.0,0.0,0,0,0,0,0,0,0,0.0,0.0,0,0,0,0,0,0,0,0,0,0,1,1,0,0,0,0,0,0,0,0,0,0,0,,,0,0,0,0,0,0,0,0,0,0,0,0,,,,0,0,0,0,0,0,0,,0,0,0,0,0,0.0,0.0
00-0033217,M.Alie-Cox,Mo Alie-Cox,TE,TE,"https://static.www.nfl.com/image/upload/f_auto,q_auto/league/qss1euhktuj7qje9heoi",2025,1,REG,IND,MIA,0,0,0,0,0,0,0,0,0,0,0,0,,,0,,0,0,0,0,0,0,,0,1,1,20,0,0,0,2,18,1,1.3617712380364537,0,10.0,0.034482758620689655,0.01020408163265306,0.05886699507389162,0,0,0,0,0,0,0,0.0,0.0,0,0,0,0,0,0,0,0,0,0,0,0,0,1,10,0,0,0,0,0,0,0,0,,,0,0,0,0,0,0,0,0,0,0,0,0,,,,0,0,0,0,0,0,0,,0,0,0,0,0,2.0,3.0
00-0033393,K.Moore,Kenny Moore II,CB,DB,"https://static.www.nfl.com/image/private/f_auto,q_auto/league/ji3hdoi86xonnhxlr6gl",2025,1,REG,IND,MIA,0,0,0,0,0,0,0,0,0,0,0,0,,,0,,0,0,0,0,0,0,,0,0,0,0,0,0,0,0,0,0,,0,,0.0,0.0,0.0,0,2,0,2,0,0,1,1.0,0.0,1,0,0,1,0,0,0,0,0,0,0,0,0,0,0,0,0,0,0,0,0,0,0,,,0,0,0,0,0,0,0,0,0,0,0,0,,,,0,0,0,0,0,0,0,,0,0,0,0,0,0.0,0.0
00-0033945,S.Ebukam,Samson Ebukam,DE,DL,"https://static.www.nfl.com/image/upload/f_auto,q_auto/league/hw0ako11hlkm45wl7cfb",2025,1,REG,IND,MIA,0,0,0,0,0,0,0,0,0,0,0,0,,,0,,0,0,0,0,0,0,,0,0,0,0,0,0,0,0,0,0,,0,,0.0,0.0,0.0,0,1,0,0,1,6,0,1.0,6.0,3,0,0,0,0,0,0,0,0,0,0,0,0,0,0,0,0,0,0,0,0,0,0,,,0,0,0,0,0,0,0,0,0,0,0,0,,,,0,0,0,0,0,0,0,,0,0,0,0,0,0.0,0.0
00-0033952,G.Stewart,Grover Stewart,DT,DL,"https://static.www.nfl.com/image/upload/f_auto,q_auto/league/n9e0hbrrdvjloopiu51z",2025,1,REG,IND,MIA,0,0,0,0,0,0,0,0,0,0,0,0,,,0,,0,0,0,0,0,0,,0,0,0,0,0,0,0,0,0,0,,0,,0.0,0.0,0.0,0,0,0,2,0,0,0,0.0,0.0,1,0,0,0,0,0,0,0,0,0,0,0,0,0,0,0,0,0,0,0,0,0,0,,,0,0,0,0,0,0,0,0,0,0,0,0,,,,0,0,0,0,0,0,0,,0,0,0,0,0,0.0,0.0
00-0034359,T.Lewis,Tyquan Lewis,DE,DL,"https://static.www.nfl.com/image/upload/f_auto,q_auto/league/d47ganmptjxxpyhctc8x",2025,1,REG,IND,MIA,0,0,0,0,0,0,0,0,0,0,0,0,,,0,,0,0,0,0,0,0,,0,0,0,0,0,0,0,0,0,0,,0,,0.0,0.0,0.0,0,0,0,1,0,0,0,0.0,0.0,0,0,0,0,0,0,0,0,0,0,0,0,0,0,0,0,0,0,0,0,0,0,0,,,0,0,0,0,0,0,0,0,0,0,0,0,,,,0,0,0,0,0,0,0,,0,0,0,0,0,0.0,0.0
00-0034431,Z.Franklin,Zaire Franklin,OLB,LB,"https://static.www.nfl.com/image/upload/f_auto,q_auto/league/sjssdwwimkrgh3jzuo89",2025,1,REG,IND,MIA,0,0,0,0,0,0,0,0,0,0,0,0,,,0,,0,0,0,0,0,0,,0,0,0,0,0,0,0,0,0,0,,0,,0.0,0.0,0.0,0,2,0,2,0,0,0,0.0,0.0,0,0,0,0,0,0,0,0,0,0,0,0,0,1,15,0,0,0,0,0,0,0,0,,,0,0,0,0,0,0,0,0,0,0,0,0,,,,0,0,0,0,0,0,0,,0,0,0,0,0,0.0,0.0
00-0034573,C.Ward,Charvarius Ward,CB,DB,"https://static.www.nfl.com/image/upload/f_auto,q_auto/league/vbxv5ynhjrayfzbe2lda",2025,1,REG,IND,MIA,0,0,0,0,0,0,0,0,0,0,0,0,,,0,,0,0,0,0,0,0,,0,0,0,0,0,0,0,0,0,0,,0,,0.0,0.0,0.0,0,4,0,2,0,0,0,0.0,0.0,0,0,0,0,0,0,0,0,0,0,0,0,0,0,0,0,0,0,0,0,0,0,0,,,0,0,0,0,0,0,0,0,0,0,0,0,,,,0,0,0,0,0,0,0,,0,0,0,0,0,0.0,0.0
00-0035021,A.Dulin,Ashton Dulin,WR,WR,"https://static.www.nfl.com/image/upload/f_auto,q_auto/league/tfiokr6nyal5c5qgdj1c",2025,1,REG,IND,MIA,0,0,0,0,0,0,0,0,0,0,0,0,,,0,,1,15,0,0,0,1,1.4935794338816777,0,0,0,0,0,0,0,0,0,0,,0,,0.0,0.0,0.0,0,1,0,0,0,0,0,0.0,0.0,0,0,0,0,0,0,0,0,0,0,0,0,0,0,0,0,0,1,27,0,0,0,0,,,0,0,0,0,0,0,0,0,0,0,0,0,,,,0,0,0,0,0,0,0,,0,0,0,0,0,1.5,1.5
00-0035710,D.Jones,Daniel Jones,QB,QB,"https://static.www.nfl.com/image/upload/f_auto,q_auto/league/nhuiypfjzpkisxllinyv",2025,1,REG,IND,MIA,22,29,272,1,0,1,-10,0,0,196,112,14,12.997713351082982,5.388343025898111,0,1.3877551020408163,7,26,2,0,0,4,3.7861336248318556,0,0,0,0,0,0,0,0,0,0,,0,,0.0,0.0,0.0,0,0,0,0,0,0,0,0.0,0.0,0,0,0,0,0,0,0,0,0,0,0,0,0,0,0,0,0,0,0,0,0,0,0,,,0,0,0,0,0,0,0,0,0,0,0,0,,,,0,0,0,0,0,0,0,,0,0,0,0,0,29.48,29.48
00-0035895,J.Bachie,Joe Bachie,LB,LB,"https://static.www.nfl.com/image/upload/f_auto,q_auto/league/vxfo2qdczcokjvnah6hf",2025,1,REG,IND,MIA,0,0,0,0,0,0,0,0,0,0,0,0,,,0,,0,0,0,0,0,0,,0,0,0,0,0,0,0,0,0,0,,0,,0.0,0.0,0.0,0,1,0,5,0,0,0,0.0,0.0,0,0,0,0,0,0,0,0,0,0,0,0,0,0,0,0,0,0,0,0,0,0,0,,,0,0,0,0,0,0,0,0,0,0,0,0,,,,0,0,0,0,0,0,0,,0,0,0,0,0,0.0,0.0
00-0036223,J.Taylor,Jonathan Taylor,RB,RB,"https://static.www.nfl.com/image/upload/f_auto,q_auto/league/uwmnrhwtwug0wrgkomjk",2025,1,REG,IND,MIA,0,0,0,0,0,0,0,0,0,0,0,0,,,0,,18,71,0,0,0,3,-0.4220798610025711,0,3,3,27,0,0,0,-2,29,2,3.088079972891137,0,-13.5,0.10344827586206896,-0.01020408163265306,0.1480295566502463,0,0,0,0,0,0,0,0.0,0.0,0,0,0,0,0,0,0,0,0,0,0,0,0,0,0,0,0,0,0,0,0,0,0,,,0,0,0,0,0,0,0,0,0,0,0,0,,,,0,0,0,0,0,0,0,,0,0,0,0,0,9.8,12.8
00-0036252,M.Pittman,Michael Pittman,WR,WR,"https://static.www.nfl.com/image/upload/f_auto,q_auto/league/z78xpye9hing1e7wke8b",2025,1,REG,IND,MIA,0,0,0,0,0,0,0,0,0,0,0,0,,,0,,0,0,0,0,0,0,,0,6,8,80,1,0,0,54,26,4,6.890429351828061,0,1.4814814814814814,0.27586206896551724,0.2755102040816326,0.6066502463054186,0,0,0,0,0,0,0,0.0,0.0,0,0,0,0,0,0,0,0,0,0,0,0,0,0,0,0,0,0,0,0,0,0,0,,,0,0,0,0,0,0,0,0,0,0,0,0,,,,0,0,0,0,0,0,0,,0,0,0,0,0,14.0,20.0
00-0036366,N.Gallimore,Neville Gallimore,DT,DL,"https://static.www.nfl.com/image/upload/f_auto,q_auto/league/qwrxmtnfxfkhenqgsnjp",2025,1,REG,IND,MIA,0,0,0,0,0,0,0,0,0,0,0,0,,,0,,0,0,0,0,0,0,,0,0,0,0,0,0,0,0,0,0,,0,,0.0,0.0,0.0,0,0,0,0,0,0,0,0.0,0.0,0,0,0,1,0,0,0,0,0,0,0,0,0,0,0,0,0,0,0,0,0,0,0,,,0,0,0,0,0,0,0,0,0,0,0,0,,,,0,0,0,0,0,0,0,,0,0,0,0,0,0.0,0.0
00-0036479,K.Paye,Kwity Paye,DE,DL,"https://static.www.nfl.com/image/upload/f_auto,q_auto/league/omibgumkgr8ympte4rmo",2025,1,REG,IND,MIA,0,0,0,0,0,0,0,0,0,0,0,0,,,0,,0,0,0,0,0,0,,0,0,0,0,0,0,0,0,0,0,,0,,0.0,0.0,0.0,0,0,1,0,1,2,0,0.0,0.0,0,0,0,0,0,0,0,0,0,0,0,0,0,0,0,0,0,0,0,0,0,0,0,,,0,0,0,0,0,0,0,0,0,0,0,0,,,,0,0,0,0,0,0,0,,0,0,0,0,0,0.0,0.0
00-0036629,C.Bynum,Camryn Bynum,SAF,DB,"https://static.www.nfl.com/image/upload/f_auto,q_auto/league/rncq5z5bfhigx2atid7k",2025,1,REG,IND,MIA,0,0,0,0,0,0,0,0,0,0,0,0,,,0,,0,0,0,0,0,0,,0,0,0,0,0,0,0,0,0,0,,0,,0.0,0.0,0.0,0,1,0,2,0,0,0,0.0,0.0,0,1,14,2,0,0,0,0,0,0,0,0,0,0,0,0,0,0,0,0,0,0,0,,,0,0,0,0,0,0,0,0,0,0,0,0,,,,0,0,0,0,0,0,0,,0,0,0,0,0,0.0,0.0
00-0036644,C.McGrone,Cameron McGrone,LB,LB,"https://static.www.nfl.com/image/upload/f_auto,q_auto/league/ngmm9gg0mcgzufrizd80",2025,1,REG,IND,MIA,0,0,0,0,0,0,0,0,0,0,0,0,,,0,,0,0,0,0,0,0,,0,0,0,0,0,0,0,0,0,0,,0,,0.0,0.0,0.0,0,1,0,0,0,0,0,0.0,0.0,0,0,0,0,0,0,0,0,0,0,0,0,0,0,0,0,0,0,0,0,0,0,0,,,0,0,0,0,0,0,0,0,0,0,0,0,,,,0,0,0,0,0,0,0,,0,0,0,0,0,0.0,0.0
00-0037269,E.Johnson,Eric Johnson,DT,DL,"https://static.www.nfl.com/image/upload/f_auto,q_auto/league/fsvxbdkpnaondae99zbl",2025,1,REG,IND,MIA,0,0,0,0,0,0,0,0,0,0,0,0,,,0,,0,0,0,0,0,0,,0,0,0,0,0,0,0,0,0,0,,0,,0.0,0.0,0.0,0,1,0,0,0,0,0,0.0,0.0,0,0,0,0,0,0,0,0,0,0,0,0,0,0,0,0,0,0,0,0,0,0,0,,,0,0,0,0,0,0,0,0,0,0,0,0,,,,0,0,0,0,0,0,0,,0,0,0,0,0,0.0,0.0
00-0037292,A.Ogletree,Andrew Ogletree,TE,TE,"https://static.www.nfl.com/image/upload/f_auto,q_auto/league/gw6pbughf5gdn2sm189f",2025,1,REG,IND,MIA,0,0,0,0,0,0,0,0,0,0,0,0,,,0,,0,0,0,0,0,0,,0,0,0,0,0,0,0,0,0,0,,0,,0.0,0.0,0.0,0,1,0,0,0,0,0,0.0,0.0,0,0,0,0,0,0,0,0,0,0,0,0,0,0,0,0,0,0,0,0,0,0,0,,,0,0,0,0,0,0,0,0,0,0,0,0,,,,0,0,0,0,0,0,0,,0,0,0,0,0,0.0,0.0
00-0037323,R.Thomas,Rodney Thomas,SAF,DB,"https://static.www.nfl.com/image/upload/f_auto,q_auto/league/rmch7ilcol08gczhpwp6",2025,1,REG,IND,MIA,0,0,0,0,0,0,0,0,0,0,0,0,,,0,,0,0,0,0,0,0,,0,0,0,0,0,0,0,0,0,0,,0,,0.0,0.0,0.0,0,2,1,0,1,1,0,0.0,0.0,0,0,0,0,0,0,0,0,0,0,0,0,0,0,0,0,0,0,0,0,0,0,0,,,0,0,0,0,0,0,0,0,0,0,0,0,,,,0,0,0,0,0,0,0,,0,0,0,0,0,0.0,0.0
00-0037527,S.Olubi,Segun Olubi,LB,LB,"https://static.www.nfl.com/image/upload/f_auto,q_auto/league/llpctz5sjgveunckp3pe",2025,1,REG,IND,MIA,0,0,0,0,0,0,0,0,0,0,0,0,,,0,,0,0,0,0,0,0,,0,0,0,0,0,0,0,0,0,0,,0,,0.0,0.0,0.0,0,1,0,0,0,0,0,0.0,0.0,0,0,0,0,0,0,0,0,0,0,0,0,0,0,0,0,0,0,0,0,0,0,0,,,0,0,0,0,0,0,0,0,0,0,0,0,,,,0,0,0,0,0,0,0,,0,0,0,0,0,0.0,0.0
00-0037616,N.Cross,Nick Cross,SAF,DB,"https://static.www.nfl.com/image/upload/f_auto,q_auto/league/kpyjflkuqsthoic5pcrm",2025,1,REG,IND,MIA,0,0,0,0,0,0,0,0,0,0,0,0,,,0,,0,0,0,0,0,0,,0,0,0,0,0,0,0,0,0,0,,0,,0.0,0.0,0.0,0,4,0,2,1,7,0,1.0,7.0,1,0,0,0,0,0,0,0,0,0,0,0,0,0,0,0,0,0,0,0,0,0,0,,,0,0,0,0,0,0,0,0,0,0,0,0,,,,0,0,0,0,0,0,0,,0,0,0,0,0,0.0,0.0
00-0037664,A.Pierce,Alec Pierce,WR,WR,"https://static.www.nfl.com/image/upload/f_auto,q_auto/league/zeghrjc8rir3r3zi6det",2025,1,REG,IND,MIA,0,0,0,0,0,0,0,0,0,0,0,0,,,0,,0,0,0,0,0,0,,0,1,3,36,0,0,0,61,0,1,1.0265116113587283,0,0.5901639344262295,0.10344827586206896,0.3112244897959184,0.3730295566502463,0,0,0,0,0,0,0,0.0,0.0,0,0,0,0,0,0,0,0,0,0,0,0,0,0,0,0,0,0,0,0,0,0,0,,,0,0,0,0,0,0,0,0,0,0,0,0,,,,0,0,0,0,0,0,0,,0,0,0,0,0,3.6,4.6
00-0037757,B.Raimann,Bernhard Raimann,OT,OL,"https://static.www.nfl.com/image/upload/f_auto,q_auto/league/cis1c2tzux68l6ca07hp",2025,1,REG,IND,MIA,0,0,0,0,0,0,0,0,0,0,0,0,,,0,,0,0,0,0,0,0,,0,0,0,0,0,0,0,0,0,0,,0,,0.0,0.0,0.0,0,0,0,0,0,0,0,0.0,0.0,0,0,0,0,0,0,0,0,0,0,0,0,0,1,10,0,0,0,0,0,0,0,0,,,0,0,0,0,0,0,0,0,0,0,0,0,,,,0,0,0,0,0,0,0,,0,0,0,0,0,0.0,0.0
00-0038565,M.Blackmon,Mekhi Blackmon,CB,DB,"https://static.www.nfl.com/image/upload/f_auto,q_auto/league/uo4d3xkm63u1elamfvxw",2025,1,REG,IND,MIA,0,0,0,0,0,0,0,0,0,0,0,0,,,0,,0,0,0,0,0,0,,0,0,0,0,0,0,0,0,0,0,,0,,0.0,0.0,0.0,0,2,0,1,0,0,0,0.0,0.0,0,0,0,0,0,0,0,0,0,0,0,0,0,0,0,0,0,0,0,0,0,0,0,,,0,0,0,0,0,0,0,0,0,0,0,0,,,,0,0,0,0,0,0,0,,0,0,0,0,0,0.0,0.0
00-0038997,J.Downs,Josh Downs,WR,WR,"https://static.www.nfl.com/image/upload/f_auto,q_auto/league/gqozitn9vxnp8acz6wwg",2025,1,REG,IND,MIA,0,0,0,0,0,0,0,0,0,0,0,0,,,0,,0,0,0,0,0,0,,0,2,3,12,0,0,0,13,3,1,0.4344680211506784,0,0.9230769230769231,0.10344827586206896,0.0663265306122449,0.20160098522167488,0,0,0,0,0,0,0,0.0,0.0,0,0,0,0,0,0,0,0,0,0,0,0,0,0,0,0,0,0,0,0,0,0,0,,,0,0,0,0,0,0,0,0,0,0,0,0,,,,0,0,0,0,0,0,0,,0,0,0,0,0,1.2000000000000002,3.2
00-0039031,A.Adebawore,Adetomiwa Adebawore,DT,DL,"https://static.www.nfl.com/image/upload/f_auto,q_auto/league/of8dhgchuzh584ipm4ut",2025,1,REG,IND,MIA,0,0,0,0,0,0,0,0,0,0,0,0,,,0,,0,0,0,0,0,0,,0,0,0,0,0,0,0,0,0,0,,0,,0.0,0.0,0.0,0,0,0,1,0,0,0,0.0,0.0,0,0,0,0,0,0,0,0,0,0,0,0,0,0,0,0,0,0,0,0,0,0,0,,,0,0,0,0,0,0,0,0,0,0,0,0,,,,0,0,0,0,0,0,0,,0,0,0,0,0,0.0,0.0
00-0039178,A.Ajiake,Austin Ajiake,LB,LB,"https://static.www.nfl.com/image/upload/f_auto,q_auto/league/oac43hjcupsdhh4ssp6m",2025,1,REG,IND,MIA,0,0,0,0,0,0,0,0,0,0,0,0,,,0,,0,0,0,0,0,0,,0,0,0,0,0,0,0,0,0,0,,0,,0.0,0.0,0.0,0,1,0,1,0,0,0,0.0,0.0,0,0,0,0,0,0,0,0,0,0,0,0,0,0,0,0,0,0,0,0,0,0,0,,,0,0,0,0,0,0,0,0,0,0,0,0,,,,0,0,0,0,0,0,0,,0,0,0,0,0,0.0,0.0
00-0039340,L.Latu,Laiatu Latu,DE,DL,"https://static.www.nfl.com/image/upload/f_auto,q_auto/league/upfo1ikqlsmwvbduxqsw",2025,1,REG,IND,MIA,0,0,0,0,0,0,0,0,0,0,0,0,,,0,,0,0,0,0,0,0,,0,0,0,0,0,0,0,0,0,0,,0,,0.0,0.0,0.0,0,1,0,0,0,0,0,0.0,0.0,0,1,6,1,0,0,0,0,0,0,0,0,0,0,0,0,0,0,0,0,0,0,0,,,0,0,0,0,0,0,0,0,0,0,0,0,,,,0,0,0,0,0,0,0,,0,0,0,0,0,0.0,0.0
00-0039576,S.Shrader,Spencer Shrader,K,SPEC,"https://static.www.nfl.com/image/upload/f_auto,q_auto/league/i63zrj1idnss37cpe1yo",2025,1,REG,IND,MIA,0,0,0,0,0,0,0,0,0,0,0,0,,,0,,0,0,0,0,0,0,,0,0,0,0,0,0,0,0,0,0,,0,,0.0,0.0,0.0,0,0,0,0,0,0,0,0.0,0.0,0,0,0,0,0,0,0,0,0,0,0,0,0,0,0,0,0,0,0,4,4,0,0,48.0,1.0,0,2,1,1,0,0,0,0,0,0,0,0,24;35;28;48,,,135,0,0,3,3,0,0,1.0,0,0,0,0,0,0.0,0.0
00-0039736,M.Goncalves,Matt Goncalves,OT,OL,"https://static.www.nfl.com/image/upload/f_auto,q_auto/league/n432zjyizpchrcgyg0if",2025,1,REG,IND,MIA,0,0,0,0,0,0,0,0,0,0,0,0,,,0,,0,0,0,0,0,0,,0,0,0,0,0,0,0,0,0,0,,0,,0.0,0.0,0.0,0,0,0,0,0,0,0,0.0,0.0,0,0,0,0,0,0,0,0,0,0,0,0,0,1,10,0,0,0,0,0,0,0,0,,,0,0,0,0,0,0,0,0,0,0,0,0,,,,0,0,0,0,0,0,0,,0,0,0,0,0,0.0,0.0
00-0039816,A.Gould,Anthony Gould,WR,WR,"https://static.www.nfl.com/image/upload/f_auto,q_auto/league/kplzuye1iocg1vyec3ru",2025,1,REG,IND,MIA,0,0,0,0,0,0,0,0,0,0,0,0,,,0,,0,0,0,0,0,0,,0,0,0,0,0,0,0,0,0,0,,0,,0.0,0.0,0.0,0,0,0,0,0,0,0,0.0,0.0,0,0,0,0,0,0,0,0,0,0,0,0,0,0,0,0,0,0,0,0,0,0,0,,,0,0,0,0,0,0,0,0,0,0,0,0,,,,0,0,0,0,0,0,0,,0,0,0,0,0,0.0,0.0
00-0039890,A.Mitchell,Adonai Mitchell,WR,WR,"https://static.www.nfl.com/image/upload/f_auto,q_auto/league/sxrisbkwnsfhfglpohn1",2025,1,REG,IND,MIA,0,0,0,0,0,0,0,0,0,0,0,0,,,0,,0,0,0,0,0,0,,0,2,2,21,0,0,0,21,0,1,0.7297098773997277,0,1.0,0.06896551724137931,0.10714285714285714,0.17844827586206896,0,0,0,0,0,0,0,0.0,0.0,0,0,0,0,0,0,0,0,0,0,0,0,0,0,0,0,0,0,0,0,0,0,0,,,0,0,0,0,0,0,0,0,0,0,0,0,,,,0,0,0,0,0,0,0,,0,0,0,0,0,2.1,4.1
00-0040128,T.Warren,Tyler Warren,TE,TE,"https://static.www.nfl.com/image/upload/f_auto,q_auto/league/jt2almbzdk0kbha39otb",2025,1,REG,IND,MIA,0,0,0,0,0,0,0,0,0,0,0,0,,,0,,1,3,0,0,0,1,0.47647289000451565,0,7,9,76,0,0,0,47,36,4,1.188941822953983,0,1.6170212765957446,0.3103448275862069,0.23979591836734693,0.6333743842364532,0,0,0,0,0,0,0,0.0,0.0,0,0,0,0,0,0,0,0,0,0,0,0,0,0,0,0,0,0,0,0,0,0,0,,,0,0,0,0,0,0,0,0,0,0,0,0,,,,0,0,0,0,0,0,0,,0,0,0,0,0,7.9,14.9
00-0040179,D.Giddens,DJ Giddens,RB,RB,"https://static.www.nfl.com/image/upload/f_auto,q_auto/league/uohb3wkn00ew1chqyjue",2025,1,REG,IND,MIA,0,0,0,0,0,0,0,0,0,0,0,0,,,0,,12,41,0,0,0,2,0.9831280038342811,0,0,0,0,0,0,0,0,0,0,,0,,0.0,0.0,0.0,0,0,0,0,0,0,0,0.0,0.0,0,0,0,0,0,0,0,0,0,0,0,0,0,0,0,0,0,0,0,0,0,0,0,,,0,0,0,0,0,0,0,0,0,0,0,0,,,,0,0,0,0,0,0,0,,0,0,0,0,0,4.1000000000000005,4.1000000000000005
00-0040476,U.Bentley,Ulysses Bentley IV,RB,RB,"https://static.www.nfl.com/image/upload/f_auto,q_auto/league/iw8g8cngrmp4ipcrdpwi",2025,1,REG,IND,MIA,0,0,0,0,0,0,0,0,0,0,0,0,,,0,,1,0,0,0,0,0,-0.7951695243951273,0,0,0,0,0,0,0,0,0,0,,0,,0.0,0.0,0.0,0,0,0,0,0,0,0,0.0,0.0,0,0,0,0,0,0,0,0,0,0,0,0,0,0,0,0,0,0,0,0,0,0,0,,,0,0,0,0,0,0,0,0,0,0,0,0,,,,0,0,0,0,0,0,0,,0,0,0,0,0,0.0,0.0
00-0032378,D.Buckner,DeForest Buckner,DT,DL,"https://static.www.nfl.com/image/upload/f_auto,q_auto/league/mtyogyexnz2ik3fbs3am",2025,2,REG,IND,DEN,0,0,0,0,0,0,0,0,0,0,0,0,,,0,,0,0,0,0,0,0,,0,0,0,0,0,0,0,0,0,0,,0,,0.0,0.0,0.0,0,6,0,0,2,2,0,0.0,0.0,0,0,0,0,0,0,0,0,0,0,0,0,0,0,0,0,0,0,0,0,0,0,0,,,0,0,0,0,0,0,0,0,0,0,0,0,,,,0,0,0,0,0,0,0,,0,0,0,0,0,0.0,0.0
00-0033050,X.Howard,Xavien Howard,CB,DB,"https://static.www.nfl.com/image/upload/f_auto,q_auto/league/jbebiqcxa5rrf9ihaxkp",2025,2,REG,IND,DEN,0,0,0,0,0,0,0,0,0,0,0,0,,,0,,0,0,0,0,0,0,,0,0,0,0,0,0,0,0,0,0,,0,,0.0,0.0,0.0,0,1,0,2,0,0,0,0.0,0.0,0,0,0,0,0,0,0,0,0,0,0,0,0,3,11,0,0,0,0,0,0,0,0,,,0,0,0,0,0,0,0,0,0,0,0,0,,,,0,0,0,0,0,0,0,,0,0,0,0,0,0.0,0.0
00-0033217,M.Alie-Cox,Mo Alie-Cox,TE,TE,"https://static.www.nfl.com/image/upload/f_auto,q_auto/league/qss1euhktuj7qje9heoi",2025,2,REG,IND,DEN,0,0,0,0,0,0,0,0,0,0,0,0,,,0,,0,0,0,0,0,0,,0,1,1,8,0,0,0,0,8,0,0.35896940052043647,0,0.0,0.030303030303030304,0.0,0.045454545454545456,0,0,0,0,0,0,0,0.0,0.0,0,0,0,0,0,0,0,0,0,0,0,0,0,0,0,0,0,0,0,0,0,0,0,,,0,0,0,0,0,0,0,0,0,0,0,0,,,,0,0,0,0,0,0,0,,0,0,0,0,0,0.8,1.8
00-0033393,K.Moore,Kenny Moore II,CB,DB,"https://static.www.nfl.com/image/private/f_auto,q_auto/league/ji3hdoi86xonnhxlr6gl",2025,2,REG,IND,DEN,0,0,0,0,0,0,0,0,0,0,0,0,,,0,,0,0,0,0,0,0,,0,0,0,0,0,0,0,0,0,0,,0,,0.0,0.0,0.0,0,2,0,2,1,3,0,0.0,0.0,0,0,0,0,0,0,0,0,0,0,0,0,0,0,0,0,0,0,0,0,0,0,0,,,0,0,0,0,0,0,0,0,0,0,0,0,,,,0,0,0,0,0,0,0,,0,0,0,0,0,0.0,0.0
00-0033945,S.Ebukam,Samson Ebukam,DE,DL,"https://static.www.nfl.com/image/upload/f_auto,q_auto/league/hw0ako11hlkm45wl7cfb",2025,2,REG,IND,DEN,0,0,0,0,0,0,0,0,0,0,0,0,,,0,,0,0,0,0,0,0,,0,0,0,0,0,0,0,0,0,0,,0,,0.0,0.0,0.0,0,1,0,0,0,0,0,0.0,0.0,0,0,0,0,0,0,0,0,0,0,0,0,0,0,0,0,0,0,0,0,0,0,0,,,0,0,0,0,0,0,0,0,0,0,0,0,,,,0,0,0,0,0,0,0,,0,0,0,0,0,0.0,0.0
00-0033952,G.Stewart,Grover Stewart,DT,DL,"https://static.www.nfl.com/image/upload/f_auto,q_auto/league/n9e0hbrrdvjloopiu51z",2025,2,REG,IND,DEN,0,0,0,0,0,0,0,0,0,0,0,0,,,0,,0,0,0,0,0,0,,0,0,0,0,0,0,0,0,0,0,,0,,0.0,0.0,0.0,0,4,0,2,1,1,0,0.0,0.0,0,0,0,0,0,0,0,0,0,0,0,0,0,0,0,0,0,0,0,0,0,0,0,,,0,0,0,0,0,0,0,0,0,0,0,0,,,,0,0,0,0,0,0,0,,0,0,0,0,0,0.0,0.0
00-0034145,C.Lammons,Chris Lammons,DB,DB,"https://static.www.nfl.com/image/upload/f_auto,q_auto/league/odsa5adl0tyjcer1hnzz",2025,2,REG,IND,DEN,0,0,0,0,0,0,0,0,0,0,0,0,,,0,,0,0,0,0,0,0,,0,0,0,0,0,0,0,0,0,0,,0,,0.0,0.0,0.0,0,1,0,0,0,0,0,0.0,0.0,0,0,0,0,0,0,0,0,0,0,0,0,0,0,0,0,0,0,0,0,0,0,0,,,0,0,0,0,0,0,0,0,0,0,0,0,,,,0,0,0,0,0,0,0,,0,0,0,0,0,0.0,0.0
00-0034359,T.Lewis,Tyquan Lewis,DE,DL,"https://static.www.nfl.com/image/upload/f_auto,q_auto/league/d47ganmptjxxpyhctc8x",2025,2,REG,IND,DEN,0,0,0,0,0,0,0,0,0,0,0,0,,,0,,0,0,0,0,0,0,,0,0,0,0,0,0,0,0,0,0,,0,,0.0,0.0,0.0,0,0,0,0,0,0,0,0.0,0.0,0,0,0,1,0,0,0,0,0,0,0,0,0,1,15,0,0,0,0,0,0,0,0,,,0,0,0,0,0,0,0,0,0,0,0,0,,,,0,0,0,0,0,0,0,,0,0,0,0,0,0.0,0.0
00-0034431,Z.Franklin,Zaire Franklin,OLB,LB,"https://static.www.nfl.com/image/upload/f_auto,q_auto/league/sjssdwwimkrgh3jzuo89",2025,2,REG,IND,DEN,0,0,0,0,0,0,0,0,0,0,0,0,,,0,,0,0,0,0,0,0,,0,0,0,0,0,0,0,0,0,0,,0,,0.0,0.0,0.0,0,3,0,2,0,0,0,0.0,0.0,0,0,0,1,0,0,0,0,0,0,0,0,0,0,0,0,0,0,0,0,0,0,0,,,0,0,0,0,0,0,0,0,0,0,0,0,,,,0,0,0,0,0,0,0,,0,0,0,0,0,0.0,0.0
00-0035021,A.Dulin,Ashton Dulin,WR,WR,"https://static.www.nfl.com/image/upload/f_auto,q_auto/league/tfiokr6nyal5c5qgdj1c",2025,2,REG,IND,DEN,0,0,0,0,0,0,0,0,0,0,0,0,,,0,,0,0,0,0,0,0,,0,0,0,0,0,0,0,0,0,0,,0,,0.0,0.0,0.0,0,0,0,0,0,0,0,0.0,0.0,0,0,0,0,0,0,0,0,0,0,0,0,0,0,0,0,0,2,63,0,0,0,0,,,0,0,0,0,0,0,0,0,0,0,0,0,,,,0,0,0,0,0,0,0,,0,0,0,0,0,0.0,0.0
00-0035710,D.Jones,Daniel Jones,QB,QB,"https://static.www.nfl.com/image/upload/f_auto,q_auto/league/nhuiypfjzpkisxllinyv",2025,2,REG,IND,DEN,23,34,316,1,0,1,-10,0,0,329,131,16,10.95338626059685,4.9739260565150865,0,0.9604863221884499,6,2,1,0,0,2,-0.4525661934458185,0,0,0,0,0,0,0,0,0,0,,0,,0.0,0.0,0.0,0,0,0,0,0,0,0,0.0,0.0,0,0,0,0,0,0,0,0,0,0,0,0,0,0,0,0,0,0,0,0,0,0,0,,,0,0,0,0,0,0,0,0,0,0,0,0,,,,0,0,0,0,0,0,0,,0,0,0,0,0,22.84,22.84
00-0035895,J.Bachie,Joe Bachie,LB,LB,"https://static.www.nfl.com/image/upload/f_auto,q_auto/league/vxfo2qdczcokjvnah6hf",2025,2,REG,IND,DEN,0,0,0,0,0,0,0,0,0,0,0,0,,,0,,0,0,0,0,0,0,,0,0,0,0,0,0,0,0,0,0,,0,,0.0,0.0,0.0,0,3,0,4,0,0,0,0.0,0.0,0,0,0,0,0,0,0,0,0,0,0,0,0,0,0,0,0,0,0,0,0,0,0,,,0,0,0,0,0,0,0,0,0,0,0,0,,,,0,0,0,0,0,0,0,,0,0,0,0,0,0.0,0.0
00-0036223,J.Taylor,Jonathan Taylor,RB,RB,"https://static.www.nfl.com/image/upload/f_auto,q_auto/league/uwmnrhwtwug0wrgkomjk",2025,2,REG,IND,DEN,0,0,0,0,0,0,0,0,0,0,0,0,,,0,,25,165,0,0,0,4,3.0378736309068595,0,2,2,50,1,0,0,2,48,2,4.94956841430394,0,25.0,0.06060606060606061,0.0060790273556231,0.09516441005802709,0,0,0,0,0,0,0,0.0,0.0,0,0,0,0,0,0,0,0,0,0,0,0,0,0,0,0,0,0,0,0,0,0,0,,,0,0,0,0,0,0,0,0,0,0,0,0,,,,0,0,0,0,0,0,0,,0,0,0,0,0,27.5,29.5
00-0036252,M.Pittman,Michael Pittman,WR,WR,"https://static.www.nfl.com/image/upload/f_auto,q_auto/league/z78xpye9hing1e7wke8b",2025,2,REG,IND,DEN,0,0,0,0,0,0,0,0,0,0,0,0,,,0,,0,0,0,0,0,0,,0,4,5,40,0,0,0,37,7,3,2.872361890389584,0,1.0810810810810811,0.15151515151515152,0.11246200607902736,0.30599613152804644,0,0,0,0,0,0,0,0.0,0.0,0,0,0,0,0,0,0,0,0,0,0,0,0,0,0,0,0,0,0,0,0,0,0,,,0,0,0,0,0,0,0,0,0,0,0,0,,,,0,0,0,0,0,0,0,,0,0,0,0,0,4.0,8.0
00-0036479,K.Paye,Kwity Paye,DE,DL,"https://static.www.nfl.com/image/upload/f_auto,q_auto/league/omibgumkgr8ympte4rmo",2025,2,REG,IND,DEN,0,0,0,0,0,0,0,0,0,0,0,0,,,0,,0,0,0,0,0,0,,0,0,0,0,0,0,0,0,0,0,,0,,0.0,0.0,0.0,0,0,0,1,0,0,0,0.0,0.0,0,0,0,0,0,0,0,0,0,0,0,0,0,0,0,0,0,0,0,0,0,0,0,,,0,0,0,0,0,0,0,0,0,0,0,0,,,,0,0,0,0,0,0,0,,0,0,0,0,0,0.0,0.0
00-0036629,C.Bynum,Camryn Bynum,SAF,DB,"https://static.www.nfl.com/image/upload/f_auto,q_auto/league/rncq5z5bfhigx2atid7k",2025,2,REG,IND,DEN,0,0,0,0,0,0,0,0,0,0,0,0,,,0,,0,0,0,0,0,0,,0,0,0,0,0,0,0,0,0,0,,0,,0.0,0.0,0.0,0,2,1,1,0,0,0,0.0,0.0,0,1,0,1,0,0,0,0,0,0,0,0,0,0,0,0,0,0,0,0,0,0,0,,,0,0,0,0,0,0,0,0,0,0,0,0,,,,0,0,0,0,0,0,0,,0,0,0,0,0,0.0,0.0
00-0036644,C.McGrone,Cameron McGrone,LB,LB,"https://static.www.nfl.com/image/upload/f_auto,q_auto/league/ngmm9gg0mcgzufrizd80",2025,2,REG,IND,DEN,0,0,0,0,0,0,0,0,0,0,0,0,,,0,,0,0,0,0,0,0,,0,0,0,0,0,0,0,0,0,0,,0,,0.0,0.0,0.0,0,0,0,1,0,0,0,0.0,0.0,0,0,0,0,0,0,0,0,0,0,0,0,0,0,0,0,0,0,0,0,0,0,0,,,0,0,0,0,0,0,0,0,0,0,0,0,,,,0,0,0,0,0,0,0,,0,0,0,0,0,0.0,0.0
00-0037292,A.Ogletree,Andrew Ogletree,TE,TE,"https://static.www.nfl.com/image/upload/f_auto,q_auto/league/gw6pbughf5gdn2sm189f",2025,2,REG,IND,DEN,0,0,0,0,0,0,0,0,0,0,0,0,,,0,,0,0,0,0,0,0,,0,0,0,0,0,0,0,0,0,0,,0,,0.0,0.0,0.0,0,0,0,1,0,0,0,0.0,0.0,0,0,0,0,0,0,0,0,0,0,0,0,0,0,0,0,0,0,0,0,0,0,0,,,0,0,0,0,0,0,0,0,0,0,0,0,,,,0,0,0,0,0,0,0,,0,0,0,0,0,0.0,0.0
00-0037323,R.Thomas,Rodney Thomas,SAF,DB,"https://static.www.nfl.com/image/upload/f_auto,q_auto/league/rmch7ilcol08gczhpwp6",2025,2,REG,IND,DEN,0,0,0,0,0,0,0,0,0,0,0,0,,,0,,0,0,0,0,0,0,,0,0,0,0,0,0,0,0,0,0,,0,,0.0,0.0,0.0,0,1,0,0,0,0,0,0.0,0.0,0,0,0,0,0,0,0,0,0,0,0,0,0,0,0,0,0,0,0,0,0,0,0,,,0,0,0,0,0,0,0,0,0,0,0,0,,,,0,0,0,0,0,0,0,,0,0,0,0,0,0.0,0.0
00-0037527,S.Olubi,Segun Olubi,LB,LB,"https://static.www.nfl.com/image/upload/f_auto,q_auto/league/llpctz5sjgveunckp3pe",2025,2,REG,IND,DEN,0,0,0,0,0,0,0,0,0,0,0,0,,,0,,0,0,0,0,0,0,,0,0,0,0,0,0,0,0,0,0,,0,,0.0,0.0,0.0,0,0,0,1,0,0,0,0.0,0.0,0,0,0,0,0,0,0,0,0,0,0,0,0,0,0,0,0,0,0,0,0,0,0,,,0,0,0,0,0,0,0,0,0,0,0,0,,,,0,0,0,0,0,0,0,,0,0,0,0,0,0.0,0.0
00-0037616,N.Cross,Nick Cross,SAF,DB,"https://static.www.nfl.com/image/upload/f_auto,q_auto/league/kpyjflkuqsthoic5pcrm",2025,2,REG,IND,DEN,0,0,0,0,0,0,0,0,0,0,0,0,,,0,,0,0,0,0,0,0,,0,0,0,0,0,0,0,0,0,0,,0,,0.0,0.0,0.0,0,5,0,2,0,0,0,0.0,0.0,0,0,0,1,0,0,0,0,0,0,0,0,0,0,0,0,0,0,0,0,0,0,0,,,0,0,0,0,0,0,0,0,0,0,0,0,,,,0,0,0,0,0,0,0,,0,0,0,0,0,0.0,0.0
00-0037664,A.Pierce,Alec Pierce,WR,WR,"https://static.www.nfl.com/image/upload/f_auto,q_auto/league/zeghrjc8rir3r3zi6det",2025,2,REG,IND,DEN,0,0,0,0,0,0,0,0,0,0,0,0,,,0,,0,0,0,0,0,0,,0,4,5,68,0,0,0,80,3,3,2.878387549787459,0,0.85,0.15151515151515152,0.24316109422492402,0.3974854932301741,0,0,0,0,0,0,0,0.0,0.0,0,0,0,0,0,0,0,0,0,0,0,0,0,2,10,0,0,0,0,0,0,0,0,,,0,0,0,0,0,0,0,0,0,0,0,0,,,,0,0,0,0,0,0,0,,0,0,0,0,0,6.800000000000001,10.8
00-0037757,B.Raimann,Bernhard Raimann,OT,OL,"https://static.www.nfl.com/image/upload/f_auto,q_auto/league/cis1c2tzux68l6ca07hp",2025,2,REG,IND,DEN,0,0,0,0,0,0,0,0,0,0,0,0,,,0,,0,0,0,0,0,0,,0,0,0,0,0,0,0,0,0,0,,0,,0.0,0.0,0.0,0,0,0,0,0,0,0,0.0,0.0,0,0,0,0,0,0,0,0,0,0,0,0,0,1,10,0,0,0,0,0,0,0,0,,,0,0,0,0,0,0,0,0,0,0,0,0,,,,0,0,0,0,0,0,0,,0,0,0,0,0,0.0,0.0
00-0037811,C.Muma,Chad Muma,LB,LB,"https://static.www.nfl.com/image/upload/f_auto,q_auto/league/wwf5gmaohjdyvpigwu5e",2025,2,REG,IND,DEN,0,0,0,0,0,0,0,0,0,0,0,0,,,0,,0,0,0,0,0,0,,0,0,0,0,0,0,0,0,0,0,,0,,0.0,0.0,0.0,0,1,0,0,0,0,0,0.0,0.0,0,0,0,0,0,0,0,0,0,0,0,0,0,0,0,0,0,0,0,0,0,0,0,,,0,0,0,0,0,0,0,0,0,0,0,0,,,,0,0,0,0,0,0,0,,0,0,0,0,0,0.0,0.0
00-0038392,D.Scott,Daniel Scott,SAF,DB,"https://static.www.nfl.com/image/upload/f_auto,q_auto/league/bulecjnldnf3tgw1f1bq",2025,2,REG,IND,DEN,0,0,0,0,0,0,0,0,0,0,0,0,,,0,,0,0,0,0,0,0,,0,0,0,0,0,0,0,0,0,0,,0,,0.0,0.0,0.0,0,0,0,0,0,0,0,0.0,0.0,0,0,0,0,0,0,0,0,0,0,0,0,0,1,7,0,0,0,0,0,0,0,0,,,0,0,0,0,0,0,0,0,0,0,0,0,,,,0,0,0,0,0,0,0,,0,0,0,0,0,0.0,0.0
00-0038565,M.Blackmon,Mekhi Blackmon,CB,DB,"https://static.www.nfl.com/image/upload/f_auto,q_auto/league/uo4d3xkm63u1elamfvxw",2025,2,REG,IND,DEN,0,0,0,0,0,0,0,0,0,0,0,0,,,0,,0,0,0,0,0,0,,0,0,0,0,0,0,0,0,0,0,,0,,0.0,0.0,0.0,0,4,0,1,0,0,0,0.0,0.0,0,0,0,0,0,0,0,0,0,0,0,0,0,0,0,0,0,0,0,0,0,0,0,,,0,0,0,0,0,0,0,0,0,0,0,0,,,,0,0,0,0,0,0,0,,0,0,0,0,0,0.0,0.0
00-0038997,J.Downs,Josh Downs,WR,WR,"https://static.www.nfl.com/image/upload/f_auto,q_auto/league/gqozitn9vxnp8acz6wwg",2025,2,REG,IND,DEN,0,0,0,0,0,0,0,0,0,0,0,0,,,0,,0,0,0,0,0,0,,0,6,8,51,0,0,0,58,11,4,2.071157856436912,0,0.8793103448275862,0.24242424242424243,0.1762917933130699,0.48704061895551254,0,0,0,0,0,0,0,0.0,0.0,0,0,0,0,0,0,0,0,0,0,0,0,0,0,0,0,0,0,0,0,0,0,0,,,0,0,0,0,0,0,0,0,0,0,0,0,,,,0,0,0,0,0,0,0,,0,0,0,0,0,5.1000000000000005,11.100000000000001
00-0039031,A.Adebawore,Adetomiwa Adebawore,DT,DL,"https://static.www.nfl.com/image/upload/f_auto,q_auto/league/of8dhgchuzh584ipm4ut",2025,2,REG,IND,DEN,0,0,0,0,0,0,0,0,0,0,0,0,,,0,,0,0,0,0,0,0,,0,0,0,0,0,0,0,0,0,0,,0,,0.0,0.0,0.0,0,0,1,2,1,2,0,0.0,0.0,0,0,0,0,0,0,0,0,0,0,0,0,0,0,0,0,0,0,0,0,0,0,0,,,0,0,0,0,0,0,0,0,0,0,0,0,,,,0,0,0,0,0,0,0,,0,0,0,0,0,0.0,0.0
00-0039576,S.Shrader,Spencer Shrader,K,SPEC,"https://static.www.nfl.com/image/upload/f_auto,q_auto/league/i63zrj1idnss37cpe1yo",2025,2,REG,IND,DEN,0,0,0,0,0,0,0,0,0,0,0,0,,,0,,0,0,0,0,0,0,,0,0,0,0,0,0,0,0,0,0,,0,,0.0,0.0,0.0,0,0,0,0,0,0,0,0.0,0.0,0,0,0,0,0,0,0,0,0,0,0,0,0,1,0,0,0,0,0,5,5,0,0,45.0,1.0,0,2,2,1,0,0,0,0,0,0,0,0,29;33;36;28;45,,,171,0,0,2,2,0,0,1.0,1,1,0,0,45,0.0,0.0
00-0039816,A.Gould,Anthony Gould,WR,WR,"https://static.www.nfl.com/image/upload/f_auto,q_auto/league/kplzuye1iocg1vyec3ru",2025,2,REG,IND,DEN,0,0,0,0,0,0,0,0,0,0,0,0,,,0,,0,0,0,0,0,0,,0,0,0,0,0,0,0,0,0,0,,0,,0.0,0.0,0.0,0,0,0,0,0,0,0,0.0,0.0,0,0,0,0,0,0,0,0,0,0,0,0,0,0,0,2,4,3,77,0,0,0,0,,,0,0,0,0,0,0,0,0,0,0,0,0,,,,0,0,0,0,0,0,0,,0,0,0,0,0,0.0,0.0
00-0039890,A.Mitchell,Adonai Mitchell,WR,WR,"https://static.www.nfl.com/image/upload/f_auto,q_auto/league/sxrisbkwnsfhfglpohn1",2025,2,REG,IND,DEN,0,0,0,0,0,0,0,0,0,0,0,0,,,0,,0,0,0,0,0,0,,0,2,4,20,0,0,0,107,0,0,0.1752060924191028,0,0.18691588785046728,0.12121212121212122,0.3252279635258359,0.4094777562862669,0,0,0,0,0,0,0,0.0,0.0,0,0,0,0,0,0,0,0,0,0,0,0,0,0,0,0,0,0,0,0,0,0,0,,,0,0,0,0,0,0,0,0,0,0,0,0,,,,0,0,0,0,0,0,0,,0,0,0,0,0,2.0,4.0
00-0040128,T.Warren,Tyler Warren,TE,TE,"https://static.www.nfl.com/image/upload/f_auto,q_auto/league/jt2almbzdk0kbha39otb",2025,2,REG,IND,DEN,0,0,0,0,0,0,0,0,0,0,0,0,,,0,,1,0,0,0,0,0,-3.4803383625112474,0,4,7,79,0,0,0,55,54,4,1.6217722625588067,0,1.4363636363636363,0.21212121212121213,0.16717325227963525,0.43520309477756286,0,0,0,0,0,0,0,0.0,0.0,0,0,0,0,0,0,0,0,0,0,0,0,0,0,0,0,0,0,0,0,0,0,0,,,0,0,0,0,0,0,0,0,0,0,0,0,,,,0,0,0,0,0,0,0,,0,0,0,0,0,7.9,11.9
00-0040179,D.Giddens,DJ Giddens,RB,RB,"https://static.www.nfl.com/image/upload/f_auto,q_auto/league/uohb3wkn00ew1chqyjue",2025,2,REG,IND,DEN,0,0,0,0,0,0,0,0,0,0,0,0,,,0,,0,0,0,0,0,0,,0,0,1,0,0,0,0,-6,0,0,-1.0680807607562248,0,-0.0,0.030303030303030304,-0.0182370820668693,0.03268858800773695,0,0,0,0,0,0,0,0.0,0.0,0,0,0,0,0,0,0,0,0,0,0,0,0,0,0,0,0,0,0,0,0,0,0,,,0,0,0,0,0,0,0,0,0,0,0,0,,,,0,0,0,0,0,0,0,,0,0,0,0,0,0.0,0.0
00-0032378,D.Buckner,DeForest Buckner,DT,DL,"https://static.www.nfl.com/image/upload/f_auto,q_auto/league/mtyogyexnz2ik3fbs3am",2025,3,REG,IND,TEN,0,0,0,0,0,0,0,0,0,0,0,0,,,0,,0,0,0,0,0,0,,0,0,0,0,0,0,0,0,0,0,,0,,0.0,0.0,0.0,0,3,0,2,0,0,0,0.0,0.0,1,0,0,0,0,0,0,0,0,0,0,0,0,0,0,0,0,0,0,0,0,0,0,,,0,0,0,0,0,0,0,0,0,0,0,0,,,,0,0,0,0,0,0,0,,0,0,0,0,0,0.0,0.0
00-0033050,X.Howard,Xavien Howard,CB,DB,"https://static.www.nfl.com/image/upload/f_auto,q_auto/league/jbebiqcxa5rrf9ihaxkp",2025,3,REG,IND,TEN,0,0,0,0,0,0,0,0,0,0,0,0,,,0,,0,0,0,0,0,0,,0,0,0,0,0,0,0,0,0,0,,0,,0.0,0.0,0.0,0,1,0,1,0,0,0,0.0,0.0,0,0,0,0,0,0,0,0,0,0,0,0,0,1,3,0,0,0,0,0,0,0,0,,,0,0,0,0,0,0,0,0,0,0,0,0,,,,0,0,0,0,0,0,0,,0,0,0,0,0,0.0,0.0
00-0033269,R.Sanchez,Rigoberto Sanchez,P,SPEC,"https://static.www.nfl.com/image/upload/f_auto,q_auto/league/io2gctkkefyopm7m7mnj",2025,3,REG,IND,TEN,0,0,0,0,0,0,0,0,0,0,0,0,,,0,,0,0,0,0,0,0,,0,0,0,0,0,0,0,0,0,0,,0,,0.0,0.0,0.0,0,0,0,0,0,0,0,0.0,0.0,0,0,0,0,0,0,0,0,0,0,0,0,0,0,0,0,0,0,0,0,0,0,0,,,0,0,0,0,0,0,0,0,0,0,0,0,,,,0,0,0,0,0,0,0,,0,0,0,0,0,0.0,0.0
00-0033393,K.Moore,Kenny Moore II,CB,DB,"https://static.www.nfl.com/image/private/f_auto,q_auto/league/ji3hdoi86xonnhxlr6gl",2025,3,REG,IND,TEN,0,0,0,0,0,0,0,0,0,0,0,0,,,0,,0,0,0,0,0,0,,0,0,0,0,0,0,0,0,0,0,,0,,0.0,0.0,0.0,0,1,1,0,0,0,0,0.0,0.0,0,1,32,1,1,0,0,0,0,0,0,0,0,0,0,0,0,0,0,0,0,0,0,,,0,0,0,0,0,0,0,0,0,0,0,0,,,,0,0,0,0,0,0,0,,0,0,0,0,0,0.0,0.0
00-0033945,S.Ebukam,Samson Ebukam,DE,DL,"https://static.www.nfl.com/image/upload/f_auto,q_auto/league/hw0ako11hlkm45wl7cfb",2025,3,REG,IND,TEN,0,0,0,0,0,0,0,0,0,0,0,0,,,0,,0,0,0,0,0,0,,0,0,0,0,0,0,0,0,0,0,,0,,0.0,0.0,0.0,0,2,0,1,1,1,0,0.0,0.0,0,0,0,0,0,0,0,0,0,0,0,0,0,0,0,0,0,0,0,0,0,0,0,,,0,0,0,0,0,0,0,0,0,0,0,0,,,,0,0,0,0,0,0,0,,0,0,0,0,0,0.0,0.0
00-0033952,G.Stewart,Grover Stewart,DT,DL,"https://static.www.nfl.com/image/upload/f_auto,q_auto/league/n9e0hbrrdvjloopiu51z",2025,3,REG,IND,TEN,0,0,0,0,0,0,0,0,0,0,0,0,,,0,,0,0,0,0,0,0,,0,0,0,0,0,0,0,0,0,0,,0,,0.0,0.0,0.0,0,1,0,4,0,0,0,0.0,0.0,1,0,0,0,0,0,0,0,0,0,0,0,0,0,0,0,0,0,0,0,0,0,0,,,0,0,0,0,0,0,0,0,0,0,0,0,,,,0,0,0,0,0,0,0,,0,0,0,0,0,0.0,0.0
00-0034359,T.Lewis,Tyquan Lewis,DE,DL,"https://static.www.nfl.com/image/upload/f_auto,q_auto/league/d47ganmptjxxpyhctc8x",2025,3,REG,IND,TEN,0,0,0,0,0,0,0,0,0,0,0,0,,,0,,0,0,0,0,0,0,,0,0,0,0,0,0,0,0,0,0,,0,,0.0,0.0,0.0,0,2,1,0,3,8,0,2.0,7.0,2,0,0,0,0,0,0,0,0,0,0,0,0,0,0,0,0,0,0,0,0,0,0,,,0,0,0,0,0,0,0,0,0,0,0,0,,,,0,0,0,0,0,0,0,,0,0,0,0,0,0.0,0.0
00-0034431,Z.Franklin,Zaire Franklin,OLB,LB,"https://static.www.nfl.com/image/upload/f_auto,q_auto/league/sjssdwwimkrgh3jzuo89",2025,3,REG,IND,TEN,0,0,0,0,0,0,0,0,0,0,0,0,,,0,,0,0,0,0,0,0,,0,0,0,0,0,0,0,0,0,0,,0,,0.0,0.0,0.0,0,4,0,3,0,0,0,0.0,0.0,0,0,0,1,0,0,0,0,0,0,0,0,0,0,0,0,0,0,0,0,0,0,0,,,0,0,0,0,0,0,0,0,0,0,0,0,,,,0,0,0,0,0,0,0,,0,0,0,0,0,0.0,0.0
00-0034573,C.Ward,Charvarius Ward,CB,DB,"https://static.www.nfl.com/image/upload/f_auto,q_auto/league/vbxv5ynhjrayfzbe2lda",2025,3,REG,IND,TEN,0,0,0,0,0,0,0,0,0,0,0,0,,,0,,0,0,0,0,0,0,,0,0,0,0,0,0,0,0,0,0,,0,,0.0,0.0,0.0,0,1,0,0,0,0,0,0.0,0.0,0,0,0,2,0,0,0,0,0,0,0,0,0,1,5,0,0,0,0,0,0,0,0,,,0,0,0,0,0,0,0,0,0,0,0,0,,,,0,0,0,0,0,0,0,,0,0,0,0,0,0.0,0.0
00-0034836,B.Smith,Braden Smith,OT,OL,"https://static.www.nfl.com/image/upload/f_auto,q_auto/league/xajcpouicrecoyupypyw",2025,3,REG,IND,TEN,0,0,0,0,0,0,0,0,0,0,0,0,,,0,,0,0,0,0,0,0,,0,0,0,0,0,0,0,0,0,0,,0,,0.0,0.0,0.0,0,0,0,0,0,0,0,0.0,0.0,0,0,0,0,0,0,0,0,0,0,0,0,0,1,10,0,0,0,0,0,0,0,0,,,0,0,0,0,0,0,0,0,0,0,0,0,,,,0,0,0,0,0,0,0,,0,0,0,0,0,0.0,0.0
00-0035021,A.Dulin,Ashton Dulin,WR,WR,"https://static.www.nfl.com/image/upload/f_auto,q_auto/league/tfiokr6nyal5c5qgdj1c",2025,3,REG,IND,TEN,0,0,0,0,0,0,0,0,0,0,0,0,,,0,,0,0,0,0,0,0,,0,0,0,0,0,0,0,0,0,0,,0,,0.0,0.0,0.0,0,0,0,1,0,0,0,0.0,0.0,0,0,0,0,0,0,0,0,0,0,0,0,0,0,0,0,0,0,0,0,0,0,0,,,0,0,0,0,0,0,0,0,0,0,0,0,,,,0,0,0,0,0,0,0,,0,0,0,0,0,0.0,0.0
00-0035710,D.Jones,Daniel Jones,QB,QB,"https://static.www.nfl.com/image/upload/f_auto,q_auto/league/nhuiypfjzpkisxllinyv",2025,3,REG,IND,TEN,18,25,228,1,0,0,0,0,0,175,120,10,10.818640147236174,1.6586910486221313,0,1.302857142857143,4,27,0,0,0,2,4.92718964186497,0,0,0,0,0,0,0,0,0,0,,0,,0.0,0.0,0.0,0,0,0,0,0,0,0,0.0,0.0,0,0,0,0,0,0,0,0,0,0,0,0,0,0,0,0,0,0,0,0,0,0,0,,,0,0,0,0,0,0,0,0,0,0,0,0,,,,0,0,0,0,0,0,0,,0,0,0,0,0,15.82,15.82
00-0035895,J.Bachie,Joe Bachie,LB,LB,"https://static.www.nfl.com/image/upload/f_auto,q_auto/league/vxfo2qdczcokjvnah6hf",2025,3,REG,IND,TEN,0,0,0,0,0,0,0,0,0,0,0,0,,,0,,0,0,0,0,0,0,,0,0,0,0,0,0,0,0,0,0,,0,,0.0,0.0,0.0,0,5,0,0,0,0,0,0.0,0.0,0,0,0,0,0,0,0,0,0,0,0,0,0,0,0,0,0,0,0,0,0,0,0,,,0,0,0,0,0,0,0,0,0,0,0,0,,,,0,0,0,0,0,0,0,,0,0,0,0,0,0.0,0.0
00-0036223,J.Taylor,Jonathan Taylor,RB,RB,"https://static.www.nfl.com/image/upload/f_auto,q_auto/league/uwmnrhwtwug0wrgkomjk",2025,3,REG,IND,TEN,0,0,0,0,0,0,0,0,0,0,0,0,,,0,,17,102,3,0,0,6,3.4676779607622197,0,3,4,16,0,0,0,-11,29,0,-0.8802872484084219,0,-1.4545454545454546,0.16,-0.06285714285714286,0.196,0,0,0,0,0,0,0,0.0,0.0,0,0,0,0,0,0,0,0,0,0,0,0,0,0,0,0,0,0,0,0,0,0,0,,,0,0,0,0,0,0,0,0,0,0,0,0,,,,0,0,0,0,0,0,0,,0,0,0,0,0,29.8,32.8
00-0036252,M.Pittman,Michael Pittman,WR,WR,"https://static.www.nfl.com/image/upload/f_auto,q_auto/league/z78xpye9hing1e7wke8b",2025,3,REG,IND,TEN,0,0,0,0,0,0,0,0,0,0,0,0,,,0,,0,0,0,0,0,0,,0,6,6,73,1,0,0,32,41,4,5.514039024361409,0,2.28125,0.24,0.18285714285714286,0.488,0,0,0,0,0,0,0,0.0,0.0,0,0,0,0,0,0,0,0,0,0,0,0,0,0,0,0,0,0,0,0,0,0,0,,,0,0,0,0,0,0,0,0,0,0,0,0,,,,0,0,0,0,0,0,0,,0,0,0,0,0,13.3,19.3
00-0036366,N.Gallimore,Neville Gallimore,DT,DL,"https://static.www.nfl.com/image/upload/f_auto,q_auto/league/qwrxmtnfxfkhenqgsnjp",2025,3,REG,IND,TEN,0,0,0,0,0,0,0,0,0,0,0,0,,,0,,0,0,0,0,0,0,,0,0,0,0,0,0,0,0,0,0,,0,,0.0,0.0,0.0,0,1,0,0,1,9,0,1.0,9.0,2,0,0,0,0,0,0,0,0,0,0,0,0,0,0,0,0,0,0,0,0,0,0,,,0,0,0,0,0,0,0,0,0,0,0,0,,,,0,0,0,0,0,0,0,,0,0,0,0,0,0.0,0.0
00-0036479,K.Paye,Kwity Paye,DE,DL,"https://static.www.nfl.com/image/upload/f_auto,q_auto/league/omibgumkgr8ympte4rmo",2025,3,REG,IND,TEN,0,0,0,0,0,0,0,0,0,0,0,0,,,0,,0,0,0,0,0,0,,0,0,0,0,0,0,0,0,0,0,,0,,0.0,0.0,0.0,0,2,0,0,1,7,0,1.0,7.0,1,0,0,0,0,0,0,0,0,0,0,0,0,0,0,0,0,0,0,0,0,0,0,,,0,0,0,0,0,0,0,0,0,0,0,0,,,,0,0,0,0,0,0,0,,0,0,0,0,0,0.0,0.0
00-0036629,C.Bynum,Camryn Bynum,SAF,DB,"https://static.www.nfl.com/image/upload/f_auto,q_auto/league/rncq5z5bfhigx2atid7k",2025,3,REG,IND,TEN,0,0,0,0,0,0,0,0,0,0,0,0,,,0,,0,0,0,0,0,0,,0,0,0,0,0,0,0,0,0,0,,0,,0.0,0.0,0.0,0,2,1,1,0,0,0,0.0,0.0,0,0,0,0,0,0,0,0,0,0,0,0,0,0,0,0,0,0,0,0,0,0,0,,,0,0,0,0,0,0,0,0,0,0,0,0,,,,0,0,0,0,0,0,0,,0,0,0,0,0,0.0,0.0
00-0037120,T.Goodson,Tyler Goodson,RB,RB,"https://static.www.nfl.com/image/upload/f_auto,q_auto/league/fvuevf0apxtfjwdj7l0e",2025,3,REG,IND,TEN,0,0,0,0,0,0,0,0,0,0,0,0,,,0,,2,6,0,0,0,0,-0.47835944849066436,0,0,0,0,0,0,0,0,0,0,,0,,0.0,0.0,0.0,0,0,0,0,0,0,0,0.0,0.0,0,0,0,0,0,0,0,0,0,0,0,0,0,0,0,0,0,0,0,0,0,0,0,,,0,0,0,0,0,0,0,0,0,0,0,0,,,,0,0,0,0,0,0,0,,0,0,0,0,0,0.6000000000000001,0.6000000000000001
00-0037269,E.Johnson,Eric Johnson,DT,DL,"https://static.www.nfl.com/image/upload/f_auto,q_auto/league/fsvxbdkpnaondae99zbl",2025,3,REG,IND,TEN,0,0,0,0,0,0,0,0,0,0,0,0,,,0,,0,0,0,0,0,0,,0,0,0,0,0,0,0,0,0,0,,0,,0.0,0.0,0.0,0,1,0,0,1,6,0,0.0,0.0,0,0,0,0,0,0,0,0,0,0,0,0,0,0,0,0,0,0,0,0,0,0,0,,,0,0,0,0,0,0,0,0,0,0,0,0,,,,0,0,0,0,0,0,0,,0,0,0,0,0,0.0,0.0
00-0037527,S.Olubi,Segun Olubi,LB,LB,"https://static.www.nfl.com/image/upload/f_auto,q_auto/league/llpctz5sjgveunckp3pe",2025,3,REG,IND,TEN,0,0,0,0,0,0,0,0,0,0,0,0,,,0,,0,0,0,0,0,0,,0,0,0,0,0,0,0,0,0,0,,0,,0.0,0.0,0.0,0,1,0,0,0,0,0,0.0,0.0,0,0,0,0,0,0,0,0,0,0,0,0,0,0,0,0,0,0,0,0,0,0,0,,,0,0,0,0,0,0,0,0,0,0,0,0,,,,0,0,0,0,0,0,0,,0,0,0,0,0,0.0,0.0
00-0037616,N.Cross,Nick Cross,SAF,DB,"https://static.www.nfl.com/image/upload/f_auto,q_auto/league/kpyjflkuqsthoic5pcrm",2025,3,REG,IND,TEN,0,0,0,0,0,0,0,0,0,0,0,0,,,0,,0,0,0,0,0,0,,0,0,0,0,0,0,0,0,0,0,,0,,0.0,0.0,0.0,0,4,1,2,1,1,0,0.0,0.0,0,0,0,0,0,0,0,0,0,0,0,0,0,1,5,0,0,0,0,0,0,0,0,,,0,0,0,0,0,0,0,0,0,0,0,0,,,,0,0,0,0,0,0,0,,0,0,0,0,0,0.0,0.0
00-0037664,A.Pierce,Alec Pierce,WR,WR,"https://static.www.nfl.com/image/upload/f_auto,q_auto/league/zeghrjc8rir3r3zi6det",2025,3,REG,IND,TEN,0,0,0,0,0,0,0,0,0,0,0,0,,,0,,0,0,0,0,0,0,,0,4,5,67,0,0,0,101,8,3,4.624490416434128,0,0.6633663366336634,0.2,0.5771428571428572,0.7040000000000001,0,0,0,0,0,0,0,0.0,0.0,0,0,0,0,0,0,0,0,0,0,0,0,0,0,0,0,0,0,0,0,0,0,0,,,0,0,0,0,0,0,0,0,0,0,0,0,,,,0,0,0,0,0,0,0,,0,0,0,0,0,6.7,10.7
00-0038392,D.Scott,Daniel Scott,SAF,DB,"https://static.www.nfl.com/image/upload/f_auto,q_auto/league/bulecjnldnf3tgw1f1bq",2025,3,REG,IND,TEN,0,0,0,0,0,0,0,0,0,0,0,0,,,0,,0,0,0,0,0,0,,0,0,0,0,0,0,0,0,0,0,,0,,0.0,0.0,0.0,0,2,0,0,0,0,0,0.0,0.0,0,0,0,0,0,0,0,0,0,0,0,0,0,0,0,0,0,0,0,0,0,0,0,,,0,0,0,0,0,0,0,0,0,0,0,0,,,,0,0,0,0,0,0,0,,0,0,0,0,0,0.0,0.0
00-0038565,M.Blackmon,Mekhi Blackmon,CB,DB,"https://static.www.nfl.com/image/upload/f_auto,q_auto/league/uo4d3xkm63u1elamfvxw",2025,3,REG,IND,TEN,0,0,0,0,0,0,0,0,0,0,0,0,,,0,,0,0,0,0,0,0,,0,0,0,0,0,0,0,0,0,0,,0,,0.0,0.0,0.0,0,4,0,1,0,0,0,0.0,0.0,0,0,0,0,0,0,0,0,0,0,0,0,0,0,0,0,0,0,0,0,0,0,0,,,0,0,0,0,0,0,0,0,0,0,0,0,,,,0,0,0,0,0,0,0,,0,0,0,0,0,0.0,0.0
00-0038997,J.Downs,Josh Downs,WR,WR,"https://static.www.nfl.com/image/upload/f_auto,q_auto/league/gqozitn9vxnp8acz6wwg",2025,3,REG,IND,TEN,0,0,0,0,0,0,0,0,0,0,0,0,,,0,,0,0,0,0,0,0,,0,2,3,34,0,0,0,47,2,1,1.67916276982799,0,0.723404255319149,0.12,0.26857142857142857,0.368,0,0,0,0,0,0,0,0.0,0.0,0,0,0,0,0,0,0,0,0,0,0,0,0,0,0,0,0,0,0,0,0,0,0,,,0,0,0,0,0,0,0,0,0,0,0,0,,,,0,0,0,0,0,0,0,,0,0,0,0,0,3.4000000000000004,5.4
00-0039031,A.Adebawore,Adetomiwa Adebawore,DT,DL,"https://static.www.nfl.com/image/upload/f_auto,q_auto/league/of8dhgchuzh584ipm4ut",2025,3,REG,IND,TEN,0,0,0,0,0,0,0,0,0,0,0,0,,,0,,0,0,0,0,0,0,,0,0,0,0,0,0,0,0,0,0,,0,,0.0,0.0,0.0,0,2,0,0,0,0,0,0.0,0.0,0,0,0,0,0,0,0,0,0,0,0,0,0,0,0,0,0,0,0,0,0,0,0,,,0,0,0,0,0,0,0,0,0,0,0,0,,,,0,0,0,0,0,0,0,,0,0,0,0,0,0.0,0.0
00-0039164,A.Richardson,Anthony Richardson,QB,QB,"https://static.www.nfl.com/image/upload/f_auto,q_auto/league/wrddeyklfcgk9qybgofq",2025,3,REG,IND,TEN,0,0,0,0,0,0,0,0,0,0,0,0,,,0,,4,-1,0,0,0,1,-2.4298220174387097,0,0,0,0,0,0,0,0,0,0,,0,,0.0,0.0,0.0,0,0,0,0,0,0,0,0.0,0.0,0,0,0,0,0,0,0,0,0,0,0,0,0,0,0,0,0,0,0,0,0,0,0,,,0,0,0,0,0,0,0,0,0,0,0,0,,,,0,0,0,0,0,0,0,,0,0,0,0,0,-0.1,-0.1
00-0039178,A.Ajiake,Austin Ajiake,LB,LB,"https://static.www.nfl.com/image/upload/f_auto,q_auto/league/oac43hjcupsdhh4ssp6m",2025,3,REG,IND,TEN,0,0,0,0,0,0,0,0,0,0,0,0,,,0,,0,0,0,0,0,0,,0,0,0,0,0,0,0,0,0,0,,0,,0.0,0.0,0.0,0,1,0,3,0,0,0,0.0,0.0,0,0,0,0,0,0,0,0,0,0,0,0,0,0,0,0,0,0,0,0,0,0,0,,,0,0,0,0,0,0,0,0,0,0,0,0,,,,0,0,0,0,0,0,0,,0,0,0,0,0,0.0,0.0
00-0039340,L.Latu,Laiatu Latu,DE,DL,"https://static.www.nfl.com/image/upload/f_auto,q_auto/league/upfo1ikqlsmwvbduxqsw",2025,3,REG,IND,TEN,0,0,0,0,0,0,0,0,0,0,0,0,,,0,,0,0,0,0,0,0,,0,0,0,0,0,0,0,0,0,0,,0,,0.0,0.0,0.0,0,2,0,1,0,0,0,0.0,0.0,0,0,0,0,0,0,0,0,0,0,0,0,0,0,0,0,0,0,0,0,0,0,0,,,0,0,0,0,0,0,0,0,0,0,0,0,,,,0,0,0,0,0,0,0,,0,0,0,0,0,0.0,0.0
00-0039576,S.Shrader,Spencer Shrader,K,SPEC,"https://static.www.nfl.com/image/upload/f_auto,q_auto/league/i63zrj1idnss37cpe1yo",2025,3,REG,IND,TEN,0,0,0,0,0,0,0,0,0,0,0,0,,,0,,0,0,0,0,0,0,,0,0,0,0,0,0,0,0,0,0,,0,,0.0,0.0,0.0,0,0,0,0,0,0,0,0.0,0.0,0,0,0,0,0,0,0,0,0,0,0,0,0,0,0,0,0,0,0,2,3,1,0,36.0,0.6666666666666666,0,1,1,0,0,0,0,0,0,0,1,0,24;36,51,,60,51,0,5,5,0,0,1.0,0,0,0,0,0,0.0,0.0
00-0039816,A.Gould,Anthony Gould,WR,WR,"https://static.www.nfl.com/image/upload/f_auto,q_auto/league/kplzuye1iocg1vyec3ru",2025,3,REG,IND,TEN,0,0,0,0,0,0,0,0,0,0,0,0,,,0,,0,0,0,0,0,0,,0,0,0,0,0,0,0,0,0,0,,0,,0.0,0.0,0.0,0,0,0,0,0,0,0,0.0,0.0,0,0,0,0,0,0,0,0,0,0,0,0,0,0,0,0,0,3,104,0,0,0,0,,,0,0,0,0,0,0,0,0,0,0,0,0,,,,0,0,0,0,0,0,0,,0,0,0,0,0,0.0,0.0
00-0039890,A.Mitchell,Adonai Mitchell,WR,WR,"https://static.www.nfl.com/image/upload/f_auto,q_auto/league/sxrisbkwnsfhfglpohn1",2025,3,REG,IND,TEN,0,0,0,0,0,0,0,0,0,0,0,0,,,0,,0,0,0,0,0,0,,0,0,2,0,0,0,0,-1,0,0,-2.2875374539289623,0,0.0,0.08,-0.005714285714285714,0.11599999999999999,0,0,0,0,0,0,0,0.0,0.0,0,0,0,0,0,0,0,0,0,0,0,0,0,0,0,0,0,0,0,0,0,0,0,,,0,0,0,0,0,0,0,0,0,0,0,0,,,,0,0,0,0,0,0,0,,0,0,0,0,0,0.0,0.0
00-0040128,T.Warren,Tyler Warren,TE,TE,"https://static.www.nfl.com/image/upload/f_auto,q_auto/league/jt2almbzdk0kbha39otb",2025,3,REG,IND,TEN,0,0,0,0,0,0,0,0,0,0,0,0,,,0,,0,0,0,0,0,0,,0,3,5,38,0,0,0,7,40,2,2.1687726389500313,0,5.428571428571429,0.2,0.04,0.32800000000000007,0,0,0,0,0,0,0,0.0,0.0,0,0,0,0,0,0,0,0,0,0,0,0,0,0,0,0,0,0,0,0,0,0,0,,,0,0,0,0,0,0,0,0,0,0,0,0,,,,0,0,0,0,0,0,0,,0,0,0,0,0,3.8000000000000003,6.800000000000001
00-0040179,D.Giddens,DJ Giddens,RB,RB,"https://static.www.nfl.com/image/upload/f_auto,q_auto/league/uohb3wkn00ew1chqyjue",2025,3,REG,IND,TEN,0,0,0,0,0,0,0,0,0,0,0,0,,,0,,1,3,0,0,0,0,-0.7433745106682181,0,0,0,0,0,0,0,0,0,0,,0,,0.0,0.0,0.0,0,0,0,0,0,0,0,0.0,0.0,0,0,0,0,0,0,0,0,0,0,0,0,0,0,0,0,0,0,0,0,0,0,0,,,0,0,0,0,0,0,0,0,0,0,0,0,,,,0,0,0,0,0,0,0,,0,0,0,0,0,0.30000000000000004,0.30000000000000004
