player_id,player_name,player_display_name,position,position_group,headshot_url,season,week,season_type,team,opponent_team,completions,attempts,passing_yards,passing_tds,passing_interceptions,sacks_suffered,sack_yards_lost,sack_fumbles,sack_fumbles_lost,passing_air_yards,passing_yards_after_catch,passing_first_downs,passing_epa,passing_cpoe,passing_2pt_conversions,pacr,carries,rushing_yards,rushing_tds,rushing_fumbles,rushing_fumbles_lost,rushing_first_downs,rushing_epa,rushing_2pt_conversions,receptions,targets,receiving_yards,receiving_tds,receiving_fumbles,receiving_fumbles_lost,receiving_air_yards,receiving_yards_after_catch,receiving_first_downs,receiving_epa,receiving_2pt_conversions,racr,target_share,air_yards_share,wopr,special_teams_tds,def_tackles_solo,def_tackles_with_assist,def_tackle_assists,def_tackles_for_loss,def_tackles_for_loss_yards,def_fumbles_forced,def_sacks,def_sack_yards,def_qb_hits,def_interceptions,def_interception_yards,def_pass_defended,def_tds,def_fumbles,def_safeties,misc_yards,fumble_recovery_own,fumble_recovery_yards_own,fumble_recovery_opp,fumble_recovery_yards_opp,fumble_recovery_tds,penalties,penalty_yards,punt_returns,punt_return_yards,kickoff_returns,kickoff_return_yards,fg_made,fg_att,fg_missed,fg_blocked,fg_long,fg_pct,fg_made_0_19,fg_made_20_29,fg_made_30_39,fg_made_40_49,fg_made_50_59,fg_made_60_,fg_missed_0_19,fg_missed_20_29,fg_missed_30_39,fg_missed_40_49,fg_missed_50_59,fg_missed_60_,fg_made_list,fg_missed_list,fg_blocked_list,fg_made_distance,fg_missed_distance,fg_blocked_distance,pat_made,pat_att,pat_missed,pat_blocked,pat_pct,gwfg_made,gwfg_att,gwfg_missed,gwfg_blocked,gwfg_distance,fantasy_points,fantasy_points_ppr
00-0027962,C.Jordan,Cameron Jordan,DE,DL,"https://static.www.nfl.com/image/upload/f_auto,q_auto/league/eauqz3xbdtl0wfoy71da",2025,1,REG,NO,ARI,0,0,0,0,0,0,0,0,0,0,0,0,,,0,,0,0,0,0,0,0,,0,0,0,0,0,0,0,0,0,0,,0,,0.0,0.0,0.0,0,2,0,1,2,13,0,1.5,14.5,2,0,0,1,0,0,0,0,0,0,0,0,0,0,0,0,0,0,0,0,0,0,0,,,0,0,0,0,0,0,0,0,0,0,0,0,,,,0,0,0,0,0,0,0,,0,0,0,0,0,0.0,0.0
00-0029607,D.Davis,Demario Davis,OLB,LB,"https://static.www.nfl.com/image/upload/f_auto,q_auto/league/fx9oohbyik0ibdlvyr8z",2025,1,REG,NO,ARI,0,0,0,0,0,0,0,0,0,0,0,0,,,0,,0,0,0,0,0,0,,0,0,0,0,0,0,0,0,0,0,,0,,0.0,0.0,0.0,0,6,0,3,2,3,0,0.0,0.0,0,0,0,0,0,0,0,0,0,0,0,0,0,1,2,0,0,0,0,0,0,0,0,,,0,0,0,0,0,0,0,0,0,0,0,0,,,,0,0,0,0,0,0,0,,0,0,0,0,0,0.0,0.0
00-0031236,B.Cooks,Brandin Cooks,WR,WR,"https://static.www.nfl.com/image/upload/f_auto,q_auto/league/krz3gv9jjs92arlctvqf",2025,1,REG,NO,ARI,0,0,0,0,0,0,0,0,0,0,0,0,,,0,,0,0,0,0,0,0,,0,3,4,26,0,0,0,18,20,2,1.5354513814090751,0,1.4444444444444444,0.0975609756097561,0.05357142857142857,0.18384146341463417,0,0,0,0,0,0,0,0.0,0.0,0,0,0,0,0,0,0,0,0,0,0,0,0,0,0,0,0,0,0,0,0,0,0,,,0,0,0,0,0,0,0,0,0,0,0,0,,,,0,0,0,0,0,0,0,,0,0,0,0,0,2.6,5.6
00-0033860,D.Godchaux,Davon Godchaux,DT,DL,"https://static.www.nfl.com/image/upload/f_auto,q_auto/league/ggliw5fteiagipksotkk",2025,1,REG,NO,ARI,0,0,0,0,0,0,0,0,0,0,0,0,,,0,,0,0,0,0,0,0,,0,0,0,0,0,0,0,0,0,0,,0,,0.0,0.0,0.0,0,1,0,2,0,0,0,0.0,0.0,0,0,0,0,0,0,0,0,0,0,0,0,0,0,0,0,0,0,0,0,0,0,0,,,0,0,0,0,0,0,0,0,0,0,0,0,,,,0,0,0,0,0,0,0,,0,0,0,0,0,0.0,0.0
00-0033906,A.Kamara,Alvin Kamara,RB,RB,"https://static.www.nfl.com/image/upload/f_auto,q_auto/league/uay6uo9lonegelngihki",2025,1,REG,NO,ARI,0,0,0,0,0,0,0,0,0,0,0,0,,,0,,11,45,1,0,0,3,-0.9219135475868825,0,2,2,12,0,0,0,-3,15,1,0.7563604727620259,0,-4.0,0.04878048780487805,-0.008928571428571428,0.06692073170731708,0,0,0,0,0,0,0,0.0,0.0,0,0,0,0,0,0,0,0,0,0,0,0,0,0,0,0,0,0,0,0,0,0,0,,,0,0,0,0,0,0,0,0,0,0,0,0,,,,0,0,0,0,0,0,0,,0,0,0,0,0,11.7,13.7
00-0034361,J.Reid,Justin Reid,S,DB,"https://static.www.nfl.com/image/upload/f_auto,q_auto/league/ysi7vrkwfhei6adamgb3",2025,1,REG,NO,ARI,0,0,0,0,0,0,0,0,0,0,0,0,,,0,,0,0,0,0,0,0,,0,0,0,0,0,0,0,0,0,0,,0,,0.0,0.0,0.0,0,3,0,3,0,0,0,0.0,0.0,0,0,0,0,0,0,0,0,0,0,0,0,0,0,0,0,0,0,0,0,0,0,0,,,0,0,0,0,0,0,0,0,0,0,0,0,,,,0,0,0,0,0,0,0,,0,0,0,0,0,0.0,0.0
00-0034760,N.Shepherd,Nathan Shepherd,DT,DL,"https://static.www.nfl.com/image/upload/f_auto,q_auto/league/sl9b2jgyvmo5yn0vglok",2025,1,REG,NO,ARI,0,0,0,0,0,0,0,0,0,0,0,0,,,0,,0,0,0,0,0,0,,0,0,0,0,0,0,0,0,0,0,,0,,0.0,0.0,0.0,0,1,0,2,0,0,0,0.0,0.0,0,0,0,0,0,0,0,0,0,0,0,0,0,1,5,0,0,0,0,0,0,0,0,,,0,0,0,0,0,0,0,0,0,0,0,0,,,,0,0,0,0,0,0,0,,0,0,0,0,0,0.0,0.0
00-0034780,I.Yiadom,Isaac Yiadom,CB,DB,"https://static.www.nfl.com/image/upload/f_auto,q_auto/league/yshnc3lfpcams5ropegx",2025,1,REG,NO,ARI,0,0,0,0,0,0,0,0,0,0,0,0,,,0,,0,0,0,0,0,0,,0,0,0,0,0,0,0,0,0,0,,0,,0.0,0.0,0.0,0,2,0,2,0,0,0,0.0,0.0,0,0,0,0,0,0,0,0,0,0,0,0,0,0,0,0,0,0,0,0,0,0,0,,,0,0,0,0,0,0,0,0,0,0,0,0,,,,0,0,0,0,0,0,0,,0,0,0,0,0,0.0,0.0
00-0035402,C.Granderson,Carl Granderson,DE,DL,"https://static.www.nfl.com/image/upload/f_auto,q_auto/league/qubwfcjeareypbdlvwnb",2025,1,REG,NO,ARI,0,0,0,0,0,0,0,0,0,0,0,0,,,0,,0,0,0,0,0,0,,0,0,0,0,0,0,0,0,0,0,,0,,0.0,0.0,0.0,0,4,1,1,1,3,0,1.5,3.5,1,0,0,2,0,0,0,0,0,0,0,0,0,0,0,0,0,0,0,0,0,0,0,,,0,0,0,0,0,0,0,0,0,0,0,0,,,,0,0,0,0,0,0,0,,0,0,0,0,0,0.0,0.0
00-0035944,J.Williams,Jonah Williams,DE,DL,"https://static.www.nfl.com/image/upload/f_auto,q_auto/league/d5yxodbic254mvmcqvel",2025,1,REG,NO,ARI,0,0,0,0,0,0,0,0,0,0,0,0,,,0,,0,0,0,0,0,0,,0,0,0,0,0,0,0,0,0,0,,0,,0.0,0.0,0.0,0,0,0,1,0,0,0,0.0,0.0,0,0,0,0,0,0,0,0,0,0,0,0,0,1,15,0,0,0,0,0,0,0,0,,,0,0,0,0,0,0,0,0,0,0,0,0,,,,0,0,0,0,0,0,0,,0,0,0,0,0,0.0,0.0
00-0036040,J.Johnson,Juwan Johnson,TE,TE,"https://static.www.nfl.com/image/upload/f_auto,q_auto/league/wuyyzdqkh5fve8t7kfuv",2025,1,REG,NO,ARI,0,0,0,0,0,0,0,0,0,0,0,0,,,0,,0,0,0,0,0,0,,0,8,11,76,0,0,0,89,29,4,4.28026783480891,0,0.8539325842696629,0.2682926829268293,0.2648809523809524,0.5878556910569106,0,0,0,0,0,0,0,0.0,0.0,0,0,0,0,0,0,0,0,0,0,0,0,0,0,0,0,0,0,0,0,0,0,0,,,0,0,0,0,0,0,0,0,0,0,0,0,,,,0,0,0,0,0,0,0,,0,0,0,0,0,7.6000000000000005,15.600000000000001
00-0036253,J.Blackmon,Julian Blackmon,SAF,DB,"https://static.www.nfl.com/image/upload/f_auto,q_auto/league/n0wfy5rqjhlshhn0kaqk",2025,1,REG,NO,ARI,0,0,0,0,0,0,0,0,0,0,0,0,,,0,,0,0,0,0,0,0,,0,0,0,0,0,0,0,0,0,0,,0,,0.0,0.0,0.0,0,4,0,3,0,0,0,0.0,0.0,0,0,0,1,0,0,0,0,0,0,0,0,0,0,0,0,0,0,0,0,0,0,0,,,0,0,0,0,0,0,0,0,0,0,0,0,,,,0,0,0,0,0,0,0,,0,0,0,0,0,0.0,0.0
00-0036408,C.Ruiz,Cesar Ruiz,C,OL,"https://static.www.nfl.com/image/upload/f_auto,q_auto/league/i0hu869tzhne0frnt7fx",2025,1,REG,NO,ARI,0,0,0,0,0,0,0,0,0,0,0,0,,,0,,0,0,0,0,0,0,,0,0,0,0,0,0,0,0,0,0,,0,,0.0,0.0,0.0,0,0,0,0,0,0,0,0.0,0.0,0,0,0,0,0,0,0,0,0,0,0,0,0,2,15,0,0,0,0,0,0,0,0,,,0,0,0,0,0,0,0,0,0,0,0,0,,,,0,0,0,0,0,0,0,,0,0,0,0,0,0.0,0.0
00-0036619,D.Radunz,Dillon Radunz,OT,OL,"https://static.www.nfl.com/image/upload/f_auto,q_auto/league/yg2itp7chkpsn8etgdh1",2025,1,REG,NO,ARI,0,0,0,0,0,0,0,0,0,0,0,0,,,0,,0,0,0,0,0,0,,0,0,0,0,0,0,0,0,0,0,,0,,0.0,0.0,0.0,0,0,0,0,0,0,0,0.0,0.0,0,0,0,0,0,0,0,0,0,0,0,0,0,2,9,0,0,0,0,0,0,0,0,,,0,0,0,0,0,0,0,0,0,0,0,0,,,,0,0,0,0,0,0,0,,0,0,0,0,0,0.0,0.0
00-0036741,J.Stoll,Jack Stoll,TE,TE,"https://static.www.nfl.com/image/upload/f_auto,q_auto/league/rtgfs8jwzhtmupqxqgmz",2025,1,REG,NO,ARI,0,0,0,0,0,0,0,0,0,0,0,0,,,0,,0,0,0,0,0,0,,0,0,0,0,0,0,0,0,0,0,,0,,0.0,0.0,0.0,0,1,0,0,0,0,0,0.0,0.0,0,0,0,0,0,0,0,0,0,0,0,0,0,0,0,0,0,0,0,0,0,0,0,,,0,0,0,0,0,0,0,0,0,0,0,0,,,,0,0,0,0,0,0,0,,0,0,0,0,0,0.0,0.0
00-0036867,C.Rumph,Chris Rumph II,DE,DL,"https://static.www.nfl.com/image/upload/f_auto,q_auto/league/ayrvlbmyxlvek7afcioc",2025,1,REG,NO,ARI,0,0,0,0,0,0,0,0,0,0,0,0,,,0,,0,0,0,0,0,0,,0,0,0,0,0,0,0,0,0,0,,0,,0.0,0.0,0.0,0,1,0,2,0,0,0,0.0,0.0,0,0,0,0,0,0,0,0,0,0,0,0,0,1,10,0,0,0,0,0,0,0,0,,,0,0,0,0,0,0,0,0,0,0,0,0,,,,0,0,0,0,0,0,0,,0,0,0,0,0,0.0,0.0
00-0036927,P.Werner,Pete Werner,LB,LB,"https://static.www.nfl.com/image/upload/f_auto,q_auto/league/nqs87jnlklns7tm7w5jj",2025,1,REG,NO,ARI,0,0,0,0,0,0,0,0,0,0,0,0,,,0,,0,0,0,0,0,0,,0,0,0,0,0,0,0,0,0,0,,0,,0.0,0.0,0.0,0,7,0,2,0,0,0,1.0,0.0,1,0,0,0,0,0,0,0,0,0,0,0,0,0,0,0,0,0,0,0,0,0,0,,,0,0,0,0,0,0,0,0,0,0,0,0,,,,0,0,0,0,0,0,0,,0,0,0,0,0,0.0,0.0
00-0037239,C.Olave,Chris Olave,WR,WR,"https://static.www.nfl.com/image/upload/f_auto,q_auto/league/vrrmyvpvujynckag9jop",2025,1,REG,NO,ARI,0,0,0,0,0,0,0,0,0,0,0,0,,,0,,0,0,0,0,0,0,,0,7,13,54,0,0,0,97,16,2,-2.7532702615530007,0,0.5567010309278351,0.3170731707317073,0.28869047619047616,0.6776930894308942,0,0,0,0,0,0,0,0.0,0.0,0,0,0,0,0,0,0,0,0,0,0,0,0,1,5,0,0,0,0,0,0,0,0,,,0,0,0,0,0,0,0,0,0,0,0,0,,,,0,0,0,0,0,0,0,,0,0,0,0,0,5.4,12.4
00-0037545,R.Shaheed,Rashid Shaheed,WR,WR,"https://static.www.nfl.com/image/upload/f_auto,q_auto/league/ezsjaj0orlzpuranocyf",2025,1,REG,NO,ARI,0,0,0,0,0,0,0,0,0,0,0,0,,,0,,0,0,0,0,0,0,,0,6,9,33,0,0,0,79,5,2,-2.1811263631220172,0,0.4177215189873418,0.21951219512195122,0.23511904761904762,0.4938516260162602,0,0,0,0,0,0,0,0.0,0.0,0,0,0,0,0,0,0,0,0,0,0,0,0,0,0,2,18,0,0,0,0,0,0,,,0,0,0,0,0,0,0,0,0,0,0,0,,,,0,0,0,0,0,0,0,,0,0,0,0,0,3.3000000000000003,9.3
00-0037745,V.Jones,Velus Jones Jr.,RB,RB,"https://static.www.nfl.com/image/upload/f_auto,q_auto/league/fchis2k7zzpqg9sv1ya1",2025,1,REG,NO,ARI,0,0,0,0,0,0,0,0,0,0,0,0,,,0,,0,0,0,0,0,0,,0,0,0,0,0,0,0,0,0,0,,0,,0.0,0.0,0.0,0,0,0,0,0,0,0,0.0,0.0,0,0,0,0,0,0,0,0,0,0,0,0,0,0,0,0,0,2,40,0,0,0,0,,,0,0,0,0,0,0,0,0,0,0,0,0,,,,0,0,0,0,0,0,0,,0,0,0,0,0,0.0,0.0
00-0038121,A.Taylor,Alontae Taylor,CB,DB,"https://static.www.nfl.com/image/upload/f_auto,q_auto/league/n5x6q4v3rj8lrkiiva0h",2025,1,REG,NO,ARI,0,0,0,0,0,0,0,0,0,0,0,0,,,0,,0,0,0,0,0,0,,0,0,0,0,0,0,0,0,0,0,,0,,0.0,0.0,0.0,0,1,0,1,1,15,0,1.0,15.0,1,0,0,0,0,0,0,0,0,0,0,0,0,0,0,0,0,0,0,0,0,0,0,,,0,0,0,0,0,0,0,0,0,0,0,0,,,,0,0,0,0,0,0,0,,0,0,0,0,0,0.0,0.0
00-0038551,K.Miller,Kendre Miller,RB,RB,"https://static.www.nfl.com/image/upload/f_auto,q_auto/league/jz3mpvifmldus3ipdvu1",2025,1,REG,NO,ARI,0,0,0,0,0,0,0,0,0,0,0,0,,,0,,5,24,0,0,0,1,0.06019312213174999,0,0,0,0,0,0,0,0,0,0,,0,,0.0,0.0,0.0,0,0,0,0,0,0,0,0.0,0.0,0,0,0,0,0,0,0,0,0,0,0,0,0,0,0,0,0,3,88,0,0,0,0,,,0,0,0,0,0,0,0,0,0,0,0,0,,,,0,0,0,0,0,0,0,,0,0,0,0,0,2.4000000000000004,2.4000000000000004
00-0038601,A.Richards,Asim Richards,OT,OL,"https://static.www.nfl.com/image/upload/f_auto,q_auto/league/kulqn4db5ffrf6xwzd2c",2025,1,REG,NO,ARI,0,0,0,0,0,0,0,0,0,0,0,0,,,0,,0,0,0,0,0,0,,0,0,0,0,0,0,0,0,0,0,,0,,0.0,0.0,0.0,0,0,0,0,0,0,0,0.0,0.0,0,0,0,0,0,0,0,0,0,0,0,0,0,1,5,0,0,0,0,0,0,0,0,,,0,0,0,0,0,0,0,0,0,0,0,0,,,,0,0,0,0,0,0,0,,0,0,0,0,0,0.0,0.0
00-0038905,B.Grupe,Blake Grupe,K,SPEC,"https://static.www.nfl.com/image/upload/f_auto,q_auto/league/de3vz6xjjo9paba6encd",2025,1,REG,NO,ARI,0,0,0,0,0,0,0,0,0,0,0,0,,,0,,0,0,0,0,0,0,,0,0,0,0,0,0,0,0,0,0,,0,,0.0,0.0,0.0,0,0,0,0,0,0,0,0.0,0.0,0,0,0,0,0,0,0,0,0,0,0,0,0,0,0,0,0,0,0,2,3,1,0,36.0,0.6666666666666666,0,1,1,0,0,0,0,0,1,0,0,0,36;28,37,,64,37,0,1,1,0,0,1.0,0,0,0,0,0,0.0,0.0
00-0038995,B.Bresee,Bryan Bresee,DT,DL,"https://static.www.nfl.com/image/upload/f_auto,q_auto/league/ggluxdivvc7bhfhpfrsl",2025,1,REG,NO,ARI,0,0,0,0,0,0,0,0,0,0,0,0,,,0,,0,0,0,0,0,0,,0,0,0,0,0,0,0,0,0,0,,0,,0.0,0.0,0.0,0,1,0,1,0,0,0,0.0,0.0,0,0,0,0,0,0,0,0,0,0,0,0,0,0,0,0,0,0,0,0,0,0,0,,,0,0,0,0,0,0,0,0,0,0,0,0,,,,0,0,0,0,0,0,0,,0,0,0,0,0,0.0,0.0
00-0039376,S.Rattler,Spencer Rattler,QB,QB,"https://static.www.nfl.com/image/upload/f_auto,q_auto/league/uridusydmg6brwrmpmq6",2025,1,REG,NO,ARI,27,46,214,0,0,1,-6,0,0,336,85,12,-3.9408611252955135,-4.9585028392512625,0,0.6369047619047619,4,29,0,0,0,1,1.8226003315648995,0,0,0,0,0,0,0,0,0,0,,0,,0.0,0.0,0.0,0,0,0,0,0,0,0,0.0,0.0,0,0,0,0,0,0,0,0,0,0,0,0,0,0,0,0,0,0,0,0,0,0,0,,,0,0,0,0,0,0,0,0,0,0,0,0,,,,0,0,0,0,0,0,0,,0,0,0,0,0,11.46,11.46
00-0039388,J.Ford,Jaylan Ford,LB,LB,"https://static.www.nfl.com/image/upload/f_auto,q_auto/league/qns0y4mrxe7icohn5ewg",2025,1,REG,NO,ARI,0,0,0,0,0,0,0,0,0,0,0,0,,,0,,0,0,0,0,0,0,,0,0,0,0,0,0,0,0,0,0,,0,,0.0,0.0,0.0,0,0,0,1,0,0,0,0.0,0.0,0,0,0,0,0,0,0,0,0,0,0,0,0,0,0,0,0,0,0,0,0,0,0,,,0,0,0,0,0,0,0,0,0,0,0,0,,,,0,0,0,0,0,0,0,,0,0,0,0,0,0.0,0.0
00-0039424,D.Vele,Devaughn Vele,WR,WR,"https://static.www.nfl.com/image/upload/f_auto,q_auto/league/sxlrltvxbb2utwgjgdbt",2025,1,REG,NO,ARI,0,0,0,0,0,0,0,0,0,0,0,0,,,0,,0,0,0,0,0,0,,0,1,2,13,0,0,0,16,0,1,0.7243675326753873,0,0.8125,0.04878048780487805,0.047619047619047616,0.10650406504065041,0,0,0,0,0,0,0,0.0,0.0,0,0,0,0,0,0,0,0,0,0,0,0,0,0,0,0,0,0,0,0,0,0,0,,,0,0,0,0,0,0,0,0,0,0,0,0,,,,0,0,0,0,0,0,0,,0,0,0,0,0,1.3,2.3
00-0039622,I.Stalbird,Isaiah Stalbird,LB,LB,"https://static.www.nfl.com/image/upload/f_auto,q_auto/league/seronol9msa4ijg9saj8",2025,1,REG,NO,ARI,0,0,0,0,0,0,0,0,0,0,0,0,,,0,,0,0,0,0,0,0,,0,0,0,0,0,0,0,0,0,0,,0,,0.0,0.0,0.0,0,2,0,0,0,0,0,0.0,0.0,0,0,0,0,0,0,0,0,0,0,0,0,0,0,0,0,0,0,0,0,0,0,0,,,0,0,0,0,0,0,0,0,0,0,0,0,,,,0,0,0,0,0,0,0,,0,0,0,0,0,0.0,0.0
00-0039860,K.McKinstry,Kool-Aid McKinstry,CB,DB,"https://static.www.nfl.com/image/upload/f_auto,q_auto/league/grkovrh00bnekyi46niz",2025,1,REG,NO,ARI,0,0,0,0,0,0,0,0,0,0,0,0,,,0,,0,0,0,0,0,0,,0,0,0,0,0,0,0,0,0,0,,0,,0.0,0.0,0.0,0,5,0,2,1,2,0,0.0,0.0,0,0,0,1,0,0,0,0,0,0,0,0,0,1,13,0,0,0,0,0,0,0,0,,,0,0,0,0,0,0,0,0,0,0,0,0,,,,0,0,0,0,0,0,0,,0,0,0,0,0,0.0,0.0
00-0040155,D.Stutsman,Danny Stutsman,LB,LB,"https://static.www.nfl.com/image/upload/f_auto,q_auto/league/nww5qdmhiifl2rgls4up",2025,1,REG,NO,ARI,0,0,0,0,0,0,0,0,0,0,0,0,,,0,,0,0,0,0,0,0,,0,0,0,0,0,0,0,0,0,0,,0,,0.0,0.0,0.0,0,1,0,0,0,0,0,0.0,0.0,0,0,0,0,0,0,0,0,0,0,0,0,0,0,0,0,0,0,0,0,0,0,0,,,0,0,0,0,0,0,0,0,0,0,0,0,,,,0,0,0,0,0,0,0,,0,0,0,0,0,0.0,0.0
00-0040202,D.Neal,Devin Neal,RB,RB,"https://static.www.nfl.com/image/upload/f_auto,q_auto/league/e0pzghslevb27ssozx4s",2025,1,REG,NO,ARI,0,0,0,0,0,0,0,0,0,0,0,0,,,0,,2,9,0,0,0,0,-0.15851033199578524,0,0,0,0,0,0,0,0,0,0,,0,,0.0,0.0,0.0,0,0,0,0,0,0,0,0.0,0.0,0,0,0,0,0,0,0,0,0,0,0,0,0,0,0,0,0,0,0,0,0,0,0,,,0,0,0,0,0,0,0,0,0,0,0,0,,,,0,0,0,0,0,0,0,,0,0,0,0,0,0.9,0.9
00-0040654,K.Kroeger,Kai Kroeger,P,SPEC,,2025,1,REG,NO,ARI,0,0,0,0,0,0,0,0,0,0,0,0,,,0,,0,0,0,0,0,0,,0,0,0,0,0,0,0,0,0,0,,0,,0.0,0.0,0.0,0,0,0,0,0,0,0,0.0,0.0,0,0,0,0,0,0,0,0,0,0,0,0,0,0,0,0,0,0,0,0,0,0,0,,,0,0,0,0,0,0,0,0,0,0,0,0,,,,0,0,0,0,0,0,0,,0,0,0,0,0,0.0,0.0
00-0027962,C.Jordan,Cameron Jordan,DE,DL,"https://static.www.nfl.com/image/upload/f_auto,q_auto/league/eauqz3xbdtl0wfoy71da",2025,2,REG,NO,SF,0,0,0,0,0,0,0,0,0,0,0,0,,,0,,0,0,0,0,0,0,,0,0,0,0,0,0,0,0,0,0,,0,,0.0,0.0,0.0,0,1,0,0,0,0,0,0.0,0.0,0,0,0,0,0,0,0,0,0,0,0,0,0,0,0,0,0,0,0,0,0,0,0,,,0,0,0,0,0,0,0,0,0,0,0,0,,,,0,0,0,0,0,0,0,,0,0,0,0,0,0.0,0.0
00-0029607,D.Davis,Demario Davis,OLB,LB,"https://static.www.nfl.com/image/upload/f_auto,q_auto/league/fx9oohbyik0ibdlvyr8z",2025,2,REG,NO,SF,0,0,0,0,0,0,0,0,0,0,0,0,,,0,,0,0,0,0,0,0,,0,0,0,0,0,0,0,0,0,0,,0,,0.0,0.0,0.0,0,5,0,6,0,0,0,0.0,0.0,0,0,0,0,0,0,0,0,0,0,1,1,0,0,0,0,0,0,0,0,0,0,0,,,0,0,0,0,0,0,0,0,0,0,0,0,,,,0,0,0,0,0,0,0,,0,0,0,0,0,0.0,0.0
00-0031236,B.Cooks,Brandin Cooks,WR,WR,"https://static.www.nfl.com/image/upload/f_auto,q_auto/league/krz3gv9jjs92arlctvqf",2025,2,REG,NO,SF,0,0,0,0,0,0,0,0,0,0,0,0,,,0,,0,0,0,0,0,0,,0,2,2,26,0,0,0,25,1,2,2.7016799633856863,0,1.04,0.058823529411764705,0.1,0.15823529411764703,0,0,0,0,0,0,0,0.0,0.0,0,0,0,0,0,0,0,0,0,0,0,0,0,0,0,0,0,0,0,0,0,0,0,,,0,0,0,0,0,0,0,0,0,0,0,0,,,,0,0,0,0,0,0,0,,0,0,0,0,0,2.6,4.6
00-0033860,D.Godchaux,Davon Godchaux,DT,DL,"https://static.www.nfl.com/image/upload/f_auto,q_auto/league/ggliw5fteiagipksotkk",2025,2,REG,NO,SF,0,0,0,0,0,0,0,0,0,0,0,0,,,0,,0,0,0,0,0,0,,0,0,0,0,0,0,0,0,0,0,,0,,0.0,0.0,0.0,0,1,0,0,0,0,0,0.0,0.0,0,0,0,0,0,0,0,0,0,0,0,0,0,0,0,0,0,0,0,0,0,0,0,,,0,0,0,0,0,0,0,0,0,0,0,0,,,,0,0,0,0,0,0,0,,0,0,0,0,0,0.0,0.0
00-0033906,A.Kamara,Alvin Kamara,RB,RB,"https://static.www.nfl.com/image/upload/f_auto,q_auto/league/uay6uo9lonegelngihki",2025,2,REG,NO,SF,0,0,0,0,0,0,0,0,0,0,0,0,,,0,,21,99,0,0,0,4,0.40721589187160134,0,6,6,21,0,1,1,-13,34,0,-6.441590785165317,0,-1.6153846153846154,0.17647058823529413,-0.052,0.2283058823529412,0,0,0,0,0,0,0,0.0,0.0,0,0,0,0,0,0,0,0,0,0,0,0,0,0,0,0,0,0,0,0,0,0,0,,,0,0,0,0,0,0,0,0,0,0,0,0,,,,0,0,0,0,0,0,0,,0,0,0,0,0,10.0,16.0
00-0034361,J.Reid,Justin Reid,S,DB,"https://static.www.nfl.com/image/upload/f_auto,q_auto/league/ysi7vrkwfhei6adamgb3",2025,2,REG,NO,SF,0,0,0,0,0,0,0,0,0,0,0,0,,,0,,0,0,0,0,0,0,,0,0,0,0,0,0,0,0,0,0,,0,,0.0,0.0,0.0,0,5,0,0,0,0,0,0.0,0.0,0,0,0,1,0,0,0,0,0,0,0,0,0,0,0,0,0,0,0,0,0,0,0,,,0,0,0,0,0,0,0,0,0,0,0,0,,,,0,0,0,0,0,0,0,,0,0,0,0,0,0.0,0.0
00-0034760,N.Shepherd,Nathan Shepherd,DT,DL,"https://static.www.nfl.com/image/upload/f_auto,q_auto/league/sl9b2jgyvmo5yn0vglok",2025,2,REG,NO,SF,0,0,0,0,0,0,0,0,0,0,0,0,,,0,,0,0,0,0,0,0,,0,0,0,0,0,0,0,0,0,0,,0,,0.0,0.0,0.0,0,0,1,1,0,0,0,0.0,0.0,1,0,0,0,0,0,0,0,0,0,0,0,0,0,0,0,0,0,0,0,0,0,0,,,0,0,0,0,0,0,0,0,0,0,0,0,,,,0,0,0,0,0,0,0,,0,0,0,0,0,0.0,0.0
00-0034780,I.Yiadom,Isaac Yiadom,CB,DB,"https://static.www.nfl.com/image/upload/f_auto,q_auto/league/yshnc3lfpcams5ropegx",2025,2,REG,NO,SF,0,0,0,0,0,0,0,0,0,0,0,0,,,0,,0,0,0,0,0,0,,0,0,0,0,0,0,0,0,0,0,,0,,0.0,0.0,0.0,0,5,1,1,1,1,0,0.0,0.0,0,0,0,0,0,0,0,0,0,0,0,0,0,2,20,0,0,0,0,0,0,0,0,,,0,0,0,0,0,0,0,0,0,0,0,0,,,,0,0,0,0,0,0,0,,0,0,0,0,0,0.0,0.0
00-0035242,E.McCoy,Erik McCoy,C,OL,"https://static.www.nfl.com/image/upload/f_auto,q_auto/league/w5kp02xeo5pg9shcddoz",2025,2,REG,NO,SF,0,0,0,0,0,0,0,0,0,0,0,0,,,0,,0,0,0,0,0,0,,0,0,0,0,0,0,0,0,0,0,,0,,0.0,0.0,0.0,0,0,0,0,0,0,0,0.0,0.0,0,0,0,0,0,0,0,0,0,0,0,0,0,1,10,0,0,0,0,0,0,0,0,,,0,0,0,0,0,0,0,0,0,0,0,0,,,,0,0,0,0,0,0,0,,0,0,0,0,0,0.0,0.0
00-0035402,C.Granderson,Carl Granderson,DE,DL,"https://static.www.nfl.com/image/upload/f_auto,q_auto/league/qubwfcjeareypbdlvwnb",2025,2,REG,NO,SF,0,0,0,0,0,0,0,0,0,0,0,0,,,0,,0,0,0,0,0,0,,0,0,0,0,0,0,0,0,0,0,,0,,0.0,0.0,0.0,0,4,1,2,3,9,0,2.0,7.0,3,0,0,0,0,0,0,0,0,0,0,0,0,0,0,0,0,0,0,0,0,0,0,,,0,0,0,0,0,0,0,0,0,0,0,0,,,,0,0,0,0,0,0,0,,0,0,0,0,0,0.0,0.0
00-0036040,J.Johnson,Juwan Johnson,TE,TE,"https://static.www.nfl.com/image/upload/f_auto,q_auto/league/wuyyzdqkh5fve8t7kfuv",2025,2,REG,NO,SF,0,0,0,0,0,0,0,0,0,0,0,0,,,0,,0,0,0,0,0,0,,0,5,9,49,1,0,0,55,36,3,1.81281555298483,0,0.8909090909090909,0.2647058823529412,0.22,0.5510588235294118,0,0,0,0,0,0,0,0.0,0.0,0,0,0,0,0,0,0,0,0,0,0,0,0,0,0,0,0,0,0,0,0,0,0,,,0,0,0,0,0,0,0,0,0,0,0,0,,,,0,0,0,0,0,0,0,,0,0,0,0,0,10.9,15.9
00-0036408,C.Ruiz,Cesar Ruiz,C,OL,"https://static.www.nfl.com/image/upload/f_auto,q_auto/league/i0hu869tzhne0frnt7fx",2025,2,REG,NO,SF,0,0,0,0,0,0,0,0,0,0,0,0,,,0,,0,0,0,0,0,0,,0,0,0,0,0,0,0,0,0,0,,0,,0.0,0.0,0.0,0,0,0,0,0,0,0,0.0,0.0,0,0,0,0,0,0,0,0,1,1,0,0,0,0,0,0,0,0,0,0,0,0,0,,,0,0,0,0,0,0,0,0,0,0,0,0,,,,0,0,0,0,0,0,0,,0,0,0,0,0,0.0,0.0
00-0036867,C.Rumph,Chris Rumph II,DE,DL,"https://static.www.nfl.com/image/upload/f_auto,q_auto/league/ayrvlbmyxlvek7afcioc",2025,2,REG,NO,SF,0,0,0,0,0,0,0,0,0,0,0,0,,,0,,0,0,0,0,0,0,,0,0,0,0,0,0,0,0,0,0,,0,,0.0,0.0,0.0,0,2,0,0,1,5,1,1.0,5.0,1,0,0,0,0,0,0,0,0,0,0,0,0,0,0,0,0,0,0,0,0,0,0,,,0,0,0,0,0,0,0,0,0,0,0,0,,,,0,0,0,0,0,0,0,,0,0,0,0,0,0.0,0.0
00-0036927,P.Werner,Pete Werner,LB,LB,"https://static.www.nfl.com/image/upload/f_auto,q_auto/league/nqs87jnlklns7tm7w5jj",2025,2,REG,NO,SF,0,0,0,0,0,0,0,0,0,0,0,0,,,0,,0,0,0,0,0,0,,0,0,0,0,0,0,0,0,0,0,,0,,0.0,0.0,0.0,0,5,0,0,1,4,0,0.0,0.0,0,0,0,2,0,0,0,0,0,0,0,0,0,0,0,0,0,0,0,0,0,0,0,,,0,0,0,0,0,0,0,0,0,0,0,0,,,,0,0,0,0,0,0,0,,0,0,0,0,0,0.0,0.0
00-0037239,C.Olave,Chris Olave,WR,WR,"https://static.www.nfl.com/image/upload/f_auto,q_auto/league/vrrmyvpvujynckag9jop",2025,2,REG,NO,SF,0,0,0,0,0,0,0,0,0,0,0,0,,,0,,0,0,0,0,0,0,,0,6,10,54,0,0,0,122,6,4,-1.733763101952281,0,0.4426229508196721,0.29411764705882354,0.488,0.7827764705882352,0,0,0,0,0,0,0,0.0,0.0,0,0,0,0,0,0,0,0,0,0,0,0,0,0,0,0,0,0,0,0,0,0,0,,,0,0,0,0,0,0,0,0,0,0,0,0,,,,0,0,0,0,0,0,0,,0,0,0,0,0,5.4,11.4
00-0037545,R.Shaheed,Rashid Shaheed,WR,WR,"https://static.www.nfl.com/image/upload/f_auto,q_auto/league/ezsjaj0orlzpuranocyf",2025,2,REG,NO,SF,0,0,0,0,0,0,0,0,0,0,0,0,,,0,,0,0,0,0,0,0,,0,4,5,52,1,0,0,56,13,2,3.111831243033521,0,0.9285714285714286,0.14705882352941177,0.224,0.37738823529411764,0,0,0,0,0,0,0,0.0,0.0,0,0,0,0,0,0,0,0,0,0,0,0,0,0,0,2,23,0,0,0,0,0,0,,,0,0,0,0,0,0,0,0,0,0,0,0,,,,0,0,0,0,0,0,0,,0,0,0,0,0,11.2,15.2
00-0038121,A.Taylor,Alontae Taylor,CB,DB,"https://static.www.nfl.com/image/upload/f_auto,q_auto/league/n5x6q4v3rj8lrkiiva0h",2025,2,REG,NO,SF,0,0,0,0,0,0,0,0,0,0,0,0,,,0,,0,0,0,0,0,0,,0,0,0,0,0,0,0,0,0,0,,0,,0.0,0.0,0.0,0,3,0,3,1,5,0,0.0,0.0,0,0,0,2,0,0,0,0,0,0,0,0,0,0,0,0,0,0,0,0,0,0,0,,,0,0,0,0,0,0,0,0,0,0,0,0,,,,0,0,0,0,0,0,0,,0,0,0,0,0,0.0,0.0
00-0038551,K.Miller,Kendre Miller,RB,RB,"https://static.www.nfl.com/image/upload/f_auto,q_auto/league/jz3mpvifmldus3ipdvu1",2025,2,REG,NO,SF,0,0,0,0,0,0,0,0,0,0,0,0,,,0,,5,8,0,0,0,0,-1.801566572568845,0,1,1,2,0,0,0,2,0,0,-0.8975461316294968,0,1.0,0.029411764705882353,0.008,0.049717647058823526,0,0,0,0,0,0,0,0.0,0.0,0,0,0,0,0,0,0,0,0,0,0,0,0,0,0,0,0,3,82,0,0,0,0,,,0,0,0,0,0,0,0,0,0,0,0,0,,,,0,0,0,0,0,0,0,,0,0,0,0,0,1.0,2.0
00-0038905,B.Grupe,Blake Grupe,K,SPEC,"https://static.www.nfl.com/image/upload/f_auto,q_auto/league/de3vz6xjjo9paba6encd",2025,2,REG,NO,SF,0,0,0,0,0,0,0,0,0,0,0,0,,,0,,0,0,0,0,0,0,,0,0,0,0,0,0,0,0,0,0,,0,,0.0,0.0,0.0,0,0,0,0,0,0,0,0.0,0.0,0,0,0,0,0,0,0,0,0,0,0,0,0,1,0,0,0,0,0,0,1,1,0,,0.0,0,0,0,0,0,0,0,0,0,1,0,0,,40,,0,40,0,3,3,0,0,1.0,0,0,0,0,0,0.0,0.0
00-0038995,B.Bresee,Bryan Bresee,DT,DL,"https://static.www.nfl.com/image/upload/f_auto,q_auto/league/ggluxdivvc7bhfhpfrsl",2025,2,REG,NO,SF,0,0,0,0,0,0,0,0,0,0,0,0,,,0,,0,0,0,0,0,0,,0,0,0,0,0,0,0,0,0,0,,0,,0.0,0.0,0.0,0,0,0,0,0,0,0,0.0,0.0,1,0,0,1,0,0,0,0,0,0,0,0,0,0,0,0,0,0,0,0,0,0,0,,,0,0,0,0,0,0,0,0,0,0,0,0,,,,0,0,0,0,0,0,0,,0,0,0,0,0,0.0,0.0
00-0039339,T.Fuaga,Taliese Fuaga,OT,OL,"https://static.www.nfl.com/image/upload/f_auto,q_auto/league/b67s32fuqrcohbu78ur5",2025,2,REG,NO,SF,0,0,0,0,0,0,0,0,0,0,0,0,,,0,,0,0,0,0,0,0,,0,0,0,0,0,0,0,0,0,0,,0,,0.0,0.0,0.0,0,0,0,0,0,0,0,0.0,0.0,0,0,0,0,0,0,0,0,0,0,0,0,0,1,5,0,0,0,0,0,0,0,0,,,0,0,0,0,0,0,0,0,0,0,0,0,,,,0,0,0,0,0,0,0,,0,0,0,0,0,0.0,0.0
00-0039376,S.Rattler,Spencer Rattler,QB,QB,"https://static.www.nfl.com/image/upload/f_auto,q_auto/league/uridusydmg6brwrmpmq6",2025,2,REG,NO,SF,25,34,207,3,0,3,-21,1,0,250,90,12,-2.823341653949246,3.784003240220687,0,0.828,4,14,0,0,0,2,3.653800187224988,0,0,0,0,0,0,0,0,0,0,,0,,0.0,0.0,0.0,0,0,0,0,0,0,0,0.0,0.0,0,0,0,0,0,0,0,0,0,0,0,0,0,0,0,0,0,0,0,0,0,0,0,,,0,0,0,0,0,0,0,0,0,0,0,0,,,,0,0,0,0,0,0,0,,0,0,0,0,0,21.68,21.68
00-0039424,D.Vele,Devaughn Vele,WR,WR,"https://static.www.nfl.com/image/upload/f_auto,q_auto/league/sxlrltvxbb2utwgjgdbt",2025,2,REG,NO,SF,0,0,0,0,0,0,0,0,0,0,0,0,,,0,,0,0,0,0,0,0,,0,1,1,3,1,0,0,3,0,1,0.9158886826480739,0,1.0,0.029411764705882353,0.012,0.05251764705882352,0,0,0,0,0,0,0,0.0,0.0,0,0,0,0,0,0,0,0,0,0,0,0,0,0,0,0,0,0,0,0,0,0,0,,,0,0,0,0,0,0,0,0,0,0,0,0,,,,0,0,0,0,0,0,0,,0,0,0,0,0,6.3,7.3
00-0039860,K.McKinstry,Kool-Aid McKinstry,CB,DB,"https://static.www.nfl.com/image/upload/f_auto,q_auto/league/grkovrh00bnekyi46niz",2025,2,REG,NO,SF,0,0,0,0,0,0,0,0,0,0,0,0,,,0,,0,0,0,0,0,0,,0,0,0,0,0,0,0,0,0,0,,0,,0.0,0.0,0.0,0,1,0,0,0,0,0,0.0,0.0,0,0,0,0,0,0,0,0,0,0,0,0,0,1,5,0,0,0,0,0,0,0,0,,,0,0,0,0,0,0,0,0,0,0,0,0,,,,0,0,0,0,0,0,0,,0,0,0,0,0,0.0,0.0
00-0040155,D.Stutsman,Danny Stutsman,LB,LB,"https://static.www.nfl.com/image/upload/f_auto,q_auto/league/nww5qdmhiifl2rgls4up",2025,2,REG,NO,SF,0,0,0,0,0,0,0,0,0,0,0,0,,,0,,0,0,0,0,0,0,,0,0,0,0,0,0,0,0,0,0,,0,,0.0,0.0,0.0,0,1,0,0,0,0,0,0.0,0.0,0,0,0,0,0,0,0,0,0,0,0,0,0,0,0,0,0,0,0,0,0,0,0,,,0,0,0,0,0,0,0,0,0,0,0,0,,,,0,0,0,0,0,0,0,,0,0,0,0,0,0.0,0.0
00-0040166,Q.Riley,Quincy Riley,CB,DB,"https://static.www.nfl.com/image/upload/f_auto,q_auto/league/q4qlahpfgvbren4xt0pj",2025,2,REG,NO,SF,0,0,0,0,0,0,0,0,0,0,0,0,,,0,,0,0,0,0,0,0,,0,0,0,0,0,0,0,0,0,0,,0,,0.0,0.0,0.0,0,1,0,0,0,0,0,0.0,0.0,0,0,0,0,0,0,0,0,0,0,0,0,0,0,0,0,0,0,0,0,0,0,0,,,0,0,0,0,0,0,0,0,0,0,0,0,,,,0,0,0,0,0,0,0,,0,0,0,0,0,0.0,0.0
00-0040249,F.Diggs,Fadil Diggs,LB,LB,"https://static.www.nfl.com/image/upload/f_auto,q_auto/league/oyuhjwmnw2mnr75h5udw",2025,2,REG,NO,SF,0,0,0,0,0,0,0,0,0,0,0,0,,,0,,0,0,0,0,0,0,,0,0,0,0,0,0,0,0,0,0,,0,,0.0,0.0,0.0,0,0,0,0,0,0,0,0.0,0.0,0,0,0,0,0,0,0,0,0,0,0,0,0,1,5,0,0,0,0,0,0,0,0,,,0,0,0,0,0,0,0,0,0,0,0,0,,,,0,0,0,0,0,0,0,,0,0,0,0,0,0.0,0.0
00-0040642,V.Broughton,Vernon Broughton,DT,DL,"https://static.www.nfl.com/image/upload/f_auto,q_auto/league/v5nxtujwmtvpdiqk8hrz",2025,2,REG,NO,SF,0,0,0,0,0,0,0,0,0,0,0,0,,,0,,0,0,0,0,0,0,,0,0,0,0,0,0,0,0,0,0,,0,,0.0,0.0,0.0,0,0,0,3,0,0,0,0.0,0.0,0,0,0,0,0,0,0,0,0,0,0,0,0,0,0,0,0,0,0,0,0,0,0,,,0,0,0,0,0,0,0,0,0,0,0,0,,,,0,0,0,0,0,0,0,,0,0,0,0,0,0.0,0.0
00-0040643,J.Sanker,Jonas Sanker,SAF,DB,"https://static.www.nfl.com/image/upload/f_auto,q_auto/league/hsimdzcratj6wt0gzra8",2025,2,REG,NO,SF,0,0,0,0,0,0,0,0,0,0,0,0,,,0,,0,0,0,0,0,0,,0,0,0,0,0,0,0,0,0,0,,0,,0.0,0.0,0.0,0,5,0,3,0,0,0,0.0,0.0,0,0,0,0,0,0,0,0,0,0,0,0,0,0,0,0,0,0,0,0,0,0,0,,,0,0,0,0,0,0,0,0,0,0,0,0,,,,0,0,0,0,0,0,0,,0,0,0,0,0,0.0,0.0
00-0040654,K.Kroeger,Kai Kroeger,P,SPEC,,2025,2,REG,NO,SF,0,0,0,0,0,0,0,0,0,0,0,0,,,0,,0,0,0,0,0,0,,0,0,0,0,0,0,0,0,0,0,,0,,0.0,0.0,0.0,0,0,0,0,0,0,0,0.0,0.0,0,0,0,0,0,0,0,0,0,0,0,0,0,0,0,0,0,0,0,0,0,0,0,,,0,0,0,0,0,0,0,0,0,0,0,0,,,,0,0,0,0,0,0,0,,0,0,0,0,0,0.0,0.0
00-0027962,C.Jordan,Cameron Jordan,DE,DL,"https://static.www.nfl.com/image/upload/f_auto,q_auto/league/eauqz3xbdtl0wfoy71da",2025,3,REG,NO,SEA,0,0,0,0,0,0,0,0,0,0,0,0,,,0,,0,0,0,0,0,0,,0,0,0,0,0,0,0,0,0,0,,0,,0.0,0.0,0.0,0,1,1,2,1,1,0,0.0,0.0,0,0,0,0,0,0,0,0,0,0,0,0,0,0,0,0,0,0,0,0,0,0,0,,,0,0,0,0,0,0,0,0,0,0,0,0,,,,0,0,0,0,0,0,0,,0,0,0,0,0,0.0,0.0
00-0029607,D.Davis,Demario Davis,OLB,LB,"https://static.www.nfl.com/image/upload/f_auto,q_auto/league/fx9oohbyik0ibdlvyr8z",2025,3,REG,NO,SEA,0,0,0,0,0,0,0,0,0,0,0,0,,,0,,0,0,0,0,0,0,,0,0,0,0,0,0,0,0,0,0,,0,,0.0,0.0,0.0,0,1,1,9,1,1,0,0.0,0.0,0,0,0,0,0,0,0,0,0,0,0,0,0,0,0,0,0,0,0,0,0,0,0,,,0,0,0,0,0,0,0,0,0,0,0,0,,,,0,0,0,0,0,0,0,,0,0,0,0,0,0.0,0.0
00-0031236,B.Cooks,Brandin Cooks,WR,WR,"https://static.www.nfl.com/image/upload/f_auto,q_auto/league/krz3gv9jjs92arlctvqf",2025,3,REG,NO,SEA,0,0,0,0,0,0,0,0,0,0,0,0,,,0,,0,0,0,0,0,0,,0,3,5,24,0,0,0,85,1,1,-2.0781184346756167,0,0.2823529411764706,0.12195121951219512,0.24495677233429394,0.3543965699022984,0,0,0,0,0,0,0,0.0,0.0,0,0,0,0,0,0,0,0,0,0,0,0,0,0,0,0,0,0,0,0,0,0,0,,,0,0,0,0,0,0,0,0,0,0,0,0,,,,0,0,0,0,0,0,0,,0,0,0,0,0,2.4000000000000004,5.4
00-0033093,J.Bullard,Jonathan Bullard,DE,DL,"https://static.www.nfl.com/image/upload/f_auto,q_auto/league/z0iwn1oavvemgjupnkep",2025,3,REG,NO,SEA,0,0,0,0,0,0,0,0,0,0,0,0,,,0,,0,0,0,0,0,0,,0,0,0,0,0,0,0,0,0,0,,0,,0.0,0.0,0.0,0,1,1,0,0,0,0,0.0,0.0,0,0,0,0,0,0,0,0,0,0,0,0,0,0,0,0,0,0,0,0,0,0,0,,,0,0,0,0,0,0,0,0,0,0,0,0,,,,0,0,0,0,0,0,0,,0,0,0,0,0,0.0,0.0
00-0033860,D.Godchaux,Davon Godchaux,DT,DL,"https://static.www.nfl.com/image/upload/f_auto,q_auto/league/ggliw5fteiagipksotkk",2025,3,REG,NO,SEA,0,0,0,0,0,0,0,0,0,0,0,0,,,0,,0,0,0,0,0,0,,0,0,0,0,0,0,0,0,0,0,,0,,0.0,0.0,0.0,0,0,0,0,0,0,0,0.0,0.0,0,0,0,0,0,0,0,0,0,0,0,0,0,1,15,0,0,0,0,0,0,0,0,,,0,0,0,0,0,0,0,0,0,0,0,0,,,,0,0,0,0,0,0,0,,0,0,0,0,0,0.0,0.0
00-0033906,A.Kamara,Alvin Kamara,RB,RB,"https://static.www.nfl.com/image/upload/f_auto,q_auto/league/uay6uo9lonegelngihki",2025,3,REG,NO,SEA,0,0,0,0,0,0,0,0,0,0,0,0,,,0,,18,42,0,0,0,3,-7.336419424740598,0,1,2,14,0,0,0,28,17,1,-0.7768889975268394,0,0.5,0.04878048780487805,0.08069164265129683,0.12965488156322486,0,0,0,0,0,0,0,0.0,0.0,0,0,0,0,0,0,0,0,0,0,0,0,0,0,0,0,0,0,0,0,0,0,0,,,0,0,0,0,0,0,0,0,0,0,0,0,,,,0,0,0,0,0,0,0,,0,0,0,0,0,5.6000000000000005,6.6000000000000005
00-0034361,J.Reid,Justin Reid,S,DB,"https://static.www.nfl.com/image/upload/f_auto,q_auto/league/ysi7vrkwfhei6adamgb3",2025,3,REG,NO,SEA,0,0,0,0,0,0,0,0,0,0,0,0,,,0,,0,0,0,0,0,0,,0,0,0,0,0,0,0,0,0,0,,0,,0.0,0.0,0.0,0,4,0,0,0,0,0,0.0,0.0,0,0,0,0,0,0,0,0,0,0,0,0,0,1,5,0,0,0,0,0,0,0,0,,,0,0,0,0,0,0,0,0,0,0,0,0,,,,0,0,0,0,0,0,0,,0,0,0,0,0,0.0,0.0
00-0034760,N.Shepherd,Nathan Shepherd,DT,DL,"https://static.www.nfl.com/image/upload/f_auto,q_auto/league/sl9b2jgyvmo5yn0vglok",2025,3,REG,NO,SEA,0,0,0,0,0,0,0,0,0,0,0,0,,,0,,0,0,0,0,0,0,,0,0,0,0,0,0,0,0,0,0,,0,,0.0,0.0,0.0,0,1,0,4,1,2,0,0.0,0.0,0,0,0,0,0,0,0,0,0,0,0,0,0,1,5,0,0,0,0,0,0,0,0,,,0,0,0,0,0,0,0,0,0,0,0,0,,,,0,0,0,0,0,0,0,,0,0,0,0,0,0.0,0.0
00-0034780,I.Yiadom,Isaac Yiadom,CB,DB,"https://static.www.nfl.com/image/upload/f_auto,q_auto/league/yshnc3lfpcams5ropegx",2025,3,REG,NO,SEA,0,0,0,0,0,0,0,0,0,0,0,0,,,0,,0,0,0,0,0,0,,0,0,0,0,0,0,0,0,0,0,,0,,0.0,0.0,0.0,0,2,0,0,0,0,0,0.0,0.0,0,0,0,0,0,0,0,0,0,0,0,0,0,0,0,0,0,0,0,0,0,0,0,,,0,0,0,0,0,0,0,0,0,0,0,0,,,,0,0,0,0,0,0,0,,0,0,0,0,0,0.0,0.0
00-0035402,C.Granderson,Carl Granderson,DE,DL,"https://static.www.nfl.com/image/upload/f_auto,q_auto/league/qubwfcjeareypbdlvwnb",2025,3,REG,NO,SEA,0,0,0,0,0,0,0,0,0,0,0,0,,,0,,0,0,0,0,0,0,,0,0,0,0,0,0,0,0,0,0,,0,,0.0,0.0,0.0,0,1,0,1,0,0,0,0.0,0.0,0,0,0,0,0,0,0,0,0,0,0,0,0,0,0,0,0,0,0,0,0,0,0,,,0,0,0,0,0,0,0,0,0,0,0,0,,,,0,0,0,0,0,0,0,,0,0,0,0,0,0.0,0.0
00-0035944,J.Williams,Jonah Williams,DE,DL,"https://static.www.nfl.com/image/upload/f_auto,q_auto/league/d5yxodbic254mvmcqvel",2025,3,REG,NO,SEA,0,0,0,0,0,0,0,0,0,0,0,0,,,0,,0,0,0,0,0,0,,0,0,0,0,0,0,0,0,0,0,,0,,0.0,0.0,0.0,0,0,0,0,0,0,0,0.0,0.0,1,0,0,0,0,0,0,0,0,0,0,0,0,0,0,0,0,0,0,0,0,0,0,,,0,0,0,0,0,0,0,0,0,0,0,0,,,,0,0,0,0,0,0,0,,0,0,0,0,0,0.0,0.0
00-0036040,J.Johnson,Juwan Johnson,TE,TE,"https://static.www.nfl.com/image/upload/f_auto,q_auto/league/wuyyzdqkh5fve8t7kfuv",2025,3,REG,NO,SEA,0,0,0,0,0,0,0,0,0,0,0,0,,,0,,0,0,0,0,0,0,,0,6,8,51,0,0,0,33,28,3,1.0590564607991837,0,1.5454545454545454,0.1951219512195122,0.09510086455331412,0.3592535320165882,0,0,0,0,0,0,0,0.0,0.0,0,0,0,0,0,0,0,0,0,0,0,0,0,0,0,0,0,0,0,0,0,0,0,,,0,0,0,0,0,0,0,0,0,0,0,0,,,,0,0,0,0,0,0,0,,0,0,0,0,0,5.1000000000000005,11.100000000000001
00-0036421,T.Burgess,Terrell Burgess,SAF,DB,"https://static.www.nfl.com/image/upload/f_auto,q_auto/league/noqfcnfnqtsfgkbg4jum",2025,3,REG,NO,SEA,0,0,0,0,0,0,0,0,0,0,0,0,,,0,,0,0,0,0,0,0,,0,0,0,0,0,0,0,0,0,0,,0,,0.0,0.0,0.0,0,1,0,1,0,0,0,0.0,0.0,0,0,0,0,0,0,0,0,0,0,0,0,0,0,0,0,0,0,0,0,0,0,0,,,0,0,0,0,0,0,0,0,0,0,0,0,,,,0,0,0,0,0,0,0,,0,0,0,0,0,0.0,0.0
00-0036741,J.Stoll,Jack Stoll,TE,TE,"https://static.www.nfl.com/image/upload/f_auto,q_auto/league/rtgfs8jwzhtmupqxqgmz",2025,3,REG,NO,SEA,0,0,0,0,0,0,0,0,0,0,0,0,,,0,,0,0,0,0,0,0,,0,2,3,21,1,0,0,27,4,1,2.0269929515197873,0,0.7777777777777778,0.07317073170731707,0.07780979827089338,0.16422295635060097,0,1,0,0,0,0,0,0.0,0.0,0,0,0,0,0,0,0,0,0,0,0,0,0,0,0,0,0,0,0,0,0,0,0,,,0,0,0,0,0,0,0,0,0,0,0,0,,,,0,0,0,0,0,0,0,,0,0,0,0,0,8.1,10.1
00-0036867,C.Rumph,Chris Rumph II,DE,DL,"https://static.www.nfl.com/image/upload/f_auto,q_auto/league/ayrvlbmyxlvek7afcioc",2025,3,REG,NO,SEA,0,0,0,0,0,0,0,0,0,0,0,0,,,0,,0,0,0,0,0,0,,0,0,0,0,0,0,0,0,0,0,,0,,0.0,0.0,0.0,0,2,0,2,0,0,0,0.0,0.0,0,0,0,0,0,0,0,0,0,0,0,0,0,0,0,0,0,0,0,0,0,0,0,,,0,0,0,0,0,0,0,0,0,0,0,0,,,,0,0,0,0,0,0,0,,0,0,0,0,0,0.0,0.0
00-0036927,P.Werner,Pete Werner,LB,LB,"https://static.www.nfl.com/image/upload/f_auto,q_auto/league/nqs87jnlklns7tm7w5jj",2025,3,REG,NO,SEA,0,0,0,0,0,0,0,0,0,0,0,0,,,0,,0,0,0,0,0,0,,0,0,0,0,0,0,0,0,0,0,,0,,0.0,0.0,0.0,0,6,1,6,0,0,0,0.0,0.0,0,0,0,0,0,0,0,0,0,0,1,1,0,0,0,0,0,0,0,0,0,0,0,,,0,0,0,0,0,0,0,0,0,0,0,0,,,,0,0,0,0,0,0,0,,0,0,0,0,0,0.0,0.0
00-0037231,K.Austin,Kevin Austin Jr.,WR,WR,"https://static.www.nfl.com/image/upload/f_auto,q_auto/league/fh2yaqaxkornxeb7d9ie",2025,3,REG,NO,SEA,0,0,0,0,0,0,0,0,0,0,0,0,,,0,,0,0,0,0,0,0,,0,0,1,0,0,0,0,23,0,0,-1.2293068341678008,0,0.0,0.024390243902439025,0.06628242074927954,0.08298306037815421,0,0,0,0,0,0,0,0.0,0.0,0,0,0,0,0,0,0,0,0,0,0,0,0,0,0,0,0,0,0,0,0,0,0,,,0,0,0,0,0,0,0,0,0,0,0,0,,,,0,0,0,0,0,0,0,,0,0,0,0,0,0.0,0.0
00-0037239,C.Olave,Chris Olave,WR,WR,"https://static.www.nfl.com/image/upload/f_auto,q_auto/league/vrrmyvpvujynckag9jop",2025,3,REG,NO,SEA,0,0,0,0,0,0,0,0,0,0,0,0,,,0,,0,0,0,0,0,0,,0,10,14,57,0,0,0,92,27,4,1.8509033784320819,0,0.6195652173913043,0.34146341463414637,0.26512968299711814,0.6977859000492022,0,0,0,0,0,0,0,0.0,0.0,0,0,0,0,0,0,0,0,0,0,0,0,0,1,5,0,0,0,0,0,0,0,0,,,0,0,0,0,0,0,0,0,0,0,0,0,,,,0,0,0,0,0,0,0,,0,0,0,0,0,5.7,15.7
00-0037545,R.Shaheed,Rashid Shaheed,WR,WR,"https://static.www.nfl.com/image/upload/f_auto,q_auto/league/ezsjaj0orlzpuranocyf",2025,3,REG,NO,SEA,0,0,0,0,0,0,0,0,0,0,0,0,,,0,,0,0,0,0,0,0,,0,4,6,42,0,0,0,68,7,2,-0.34130713023629156,0,0.6176470588235294,0.14634146341463414,0.19596541786743515,0.35668798762915577,0,0,0,0,0,0,0,0.0,0.0,0,0,0,0,0,0,0,0,0,0,0,0,0,0,0,1,40,0,0,0,0,0,0,,,0,0,0,0,0,0,0,0,0,0,0,0,,,,0,0,0,0,0,0,0,,0,0,0,0,0,4.2,8.2
00-0037745,V.Jones,Velus Jones Jr.,RB,RB,"https://static.www.nfl.com/image/upload/f_auto,q_auto/league/fchis2k7zzpqg9sv1ya1",2025,3,REG,NO,SEA,0,0,0,0,0,0,0,0,0,0,0,0,,,0,,0,0,0,0,0,0,,0,0,0,0,0,0,0,0,0,0,,0,,0.0,0.0,0.0,0,1,0,0,0,0,0,0.0,0.0,0,0,0,0,0,0,0,0,0,0,0,0,0,0,0,0,0,0,0,0,0,0,0,,,0,0,0,0,0,0,0,0,0,0,0,0,,,,0,0,0,0,0,0,0,,0,0,0,0,0,0.0,0.0
00-0038121,A.Taylor,Alontae Taylor,CB,DB,"https://static.www.nfl.com/image/upload/f_auto,q_auto/league/n5x6q4v3rj8lrkiiva0h",2025,3,REG,NO,SEA,0,0,0,0,0,0,0,0,0,0,0,0,,,0,,0,0,0,0,0,0,,0,0,0,0,0,0,0,0,0,0,,0,,0.0,0.0,0.0,0,2,0,0,0,0,0,0.0,0.0,0,0,0,1,0,0,0,0,0,0,0,0,0,0,0,0,0,0,0,0,0,0,0,,,0,0,0,0,0,0,0,0,0,0,0,0,,,,0,0,0,0,0,0,0,,0,0,0,0,0,0.0,0.0
00-0038551,K.Miller,Kendre Miller,RB,RB,"https://static.www.nfl.com/image/upload/f_auto,q_auto/league/jz3mpvifmldus3ipdvu1",2025,3,REG,NO,SEA,0,0,0,0,0,0,0,0,0,0,0,0,,,0,,7,27,0,0,0,0,-0.6738239349797368,0,2,2,9,0,0,0,-9,18,0,-0.09833565494045615,0,-1.0,0.04878048780487805,-0.025936599423631124,0.0550151121107753,0,0,0,0,0,0,0,0.0,0.0,0,0,0,0,0,0,0,0,0,0,0,0,0,0,0,0,0,8,182,0,0,0,0,,,0,0,0,0,0,0,0,0,0,0,0,0,,,,0,0,0,0,0,0,0,,0,0,0,0,0,3.6,5.6
00-0038588,J.Howden,Jordan Howden,SAF,DB,"https://static.www.nfl.com/image/upload/f_auto,q_auto/league/x87djeswtkpxvuvyw5xh",2025,3,REG,NO,SEA,0,0,0,0,0,0,0,0,0,0,0,0,,,0,,0,0,0,0,0,0,,0,0,0,0,0,0,0,0,0,0,,0,,0.0,0.0,0.0,0,1,0,2,0,0,0,0.0,0.0,0,0,0,0,0,0,0,0,0,0,0,0,0,0,0,0,0,0,0,0,0,0,0,,,0,0,0,0,0,0,0,0,0,0,0,0,,,,0,0,0,0,0,0,0,,0,0,0,0,0,0.0,0.0
00-0038905,B.Grupe,Blake Grupe,K,SPEC,"https://static.www.nfl.com/image/upload/f_auto,q_auto/league/de3vz6xjjo9paba6encd",2025,3,REG,NO,SEA,0,0,0,0,0,0,0,0,0,0,0,0,,,0,,0,0,0,0,0,0,,0,0,0,0,0,0,0,0,0,0,,0,,0.0,0.0,0.0,0,0,0,0,0,0,0,0.0,0.0,0,0,0,0,0,0,0,0,0,0,0,0,0,0,0,0,0,0,0,2,3,1,0,27.0,0.6666666666666666,0,2,0,0,0,0,0,0,0,0,1,0,27;23,52,,50,52,0,1,1,0,0,1.0,0,0,0,0,0,0.0,0.0
00-0038995,B.Bresee,Bryan Bresee,DT,DL,"https://static.www.nfl.com/image/upload/f_auto,q_auto/league/ggluxdivvc7bhfhpfrsl",2025,3,REG,NO,SEA,0,0,0,0,0,0,0,0,0,0,0,0,,,0,,0,0,0,0,0,0,,0,0,0,0,0,0,0,0,0,0,,0,,0.0,0.0,0.0,0,0,0,4,0,0,0,0.0,0.0,1,0,0,0,0,0,0,0,0,0,0,0,0,1,12,0,0,0,0,0,0,0,0,,,0,0,0,0,0,0,0,0,0,0,0,0,,,,0,0,0,0,0,0,0,,0,0,0,0,0,0.0,0.0
00-0039376,S.Rattler,Spencer Rattler,QB,QB,"https://static.www.nfl.com/image/upload/f_auto,q_auto/league/uridusydmg6brwrmpmq6",2025,3,REG,NO,SEA,28,39,218,1,1,2,-13,0,0,314,102,12,1.4428194655963993,7.2301550553395195,0,0.6942675159235668,2,10,0,0,0,1,0.0011216201237402856,0,0,0,0,0,0,0,0,0,0,,0,,0.0,0.0,0.0,0,0,0,0,0,0,0,0.0,0.0,0,0,0,0,0,0,0,0,0,0,0,0,0,0,0,0,0,0,0,0,0,0,0,,,0,0,0,0,0,0,0,0,0,0,0,0,,,,0,0,0,0,0,0,0,,0,0,0,0,0,11.72,11.72
00-0039388,J.Ford,Jaylan Ford,LB,LB,"https://static.www.nfl.com/image/upload/f_auto,q_auto/league/qns0y4mrxe7icohn5ewg",2025,3,REG,NO,SEA,0,0,0,0,0,0,0,0,0,0,0,0,,,0,,0,0,0,0,0,0,,0,0,0,0,0,0,0,0,0,0,,0,,0.0,0.0,0.0,0,0,0,0,0,0,0,0.0,0.0,0,0,0,0,0,0,0,0,0,0,0,0,0,0,0,0,0,0,0,0,0,0,0,,,0,0,0,0,0,0,0,0,0,0,0,0,,,,0,0,0,0,0,0,0,,0,0,0,0,0,0.0,0.0
00-0039622,I.Stalbird,Isaiah Stalbird,LB,LB,"https://static.www.nfl.com/image/upload/f_auto,q_auto/league/seronol9msa4ijg9saj8",2025,3,REG,NO,SEA,0,0,0,0,0,0,0,0,0,0,0,0,,,0,,0,0,0,0,0,0,,0,0,0,0,0,0,0,0,0,0,,0,,0.0,0.0,0.0,0,0,0,0,0,0,0,0.0,0.0,0,0,0,1,0,0,0,0,0,0,0,0,0,0,0,0,0,0,0,0,0,0,0,,,0,0,0,0,0,0,0,0,0,0,0,0,,,,0,0,0,0,0,0,0,,0,0,0,0,0,0.0,0.0
00-0039860,K.McKinstry,Kool-Aid McKinstry,CB,DB,"https://static.www.nfl.com/image/upload/f_auto,q_auto/league/grkovrh00bnekyi46niz",2025,3,REG,NO,SEA,0,0,0,0,0,0,0,0,0,0,0,0,,,0,,0,0,0,0,0,0,,0,0,0,0,0,0,0,0,0,0,,0,,0.0,0.0,0.0,0,1,0,0,0,0,0,0.0,0.0,0,0,0,0,0,0,0,0,0,0,0,0,0,0,0,0,0,0,0,0,0,0,0,,,0,0,0,0,0,0,0,0,0,0,0,0,,,,0,0,0,0,0,0,0,,0,0,0,0,0,0.0,0.0
00-0040125,K.Banks,Kelvin Banks Jr.,OT,OL,"https://static.www.nfl.com/image/upload/f_auto,q_auto/league/pwjfoqwm1af7cjkw7pnr",2025,3,REG,NO,SEA,0,0,0,0,0,0,0,0,0,0,0,0,,,0,,0,0,0,0,0,0,,0,0,0,0,0,0,0,0,0,0,,0,,0.0,0.0,0.0,0,0,0,0,0,0,0,0.0,0.0,0,0,0,0,0,0,0,0,0,0,0,0,0,3,20,0,0,0,0,0,0,0,0,,,0,0,0,0,0,0,0,0,0,0,0,0,,,,0,0,0,0,0,0,0,,0,0,0,0,0,0.0,0.0
00-0040155,D.Stutsman,Danny Stutsman,LB,LB,"https://static.www.nfl.com/image/upload/f_auto,q_auto/league/nww5qdmhiifl2rgls4up",2025,3,REG,NO,SEA,0,0,0,0,0,0,0,0,0,0,0,0,,,0,,0,0,0,0,0,0,,0,0,0,0,0,0,0,0,0,0,,0,,0.0,0.0,0.0,0,2,0,0,0,0,0,0.0,0.0,0,0,0,0,0,0,0,0,0,0,0,0,0,0,0,0,0,0,0,0,0,0,0,,,0,0,0,0,0,0,0,0,0,0,0,0,,,,0,0,0,0,0,0,0,,0,0,0,0,0,0.0,0.0
00-0040166,Q.Riley,Quincy Riley,CB,DB,"https://static.www.nfl.com/image/upload/f_auto,q_auto/league/q4qlahpfgvbren4xt0pj",2025,3,REG,NO,SEA,0,0,0,0,0,0,0,0,0,0,0,0,,,0,,0,0,0,0,0,0,,0,0,0,0,0,0,0,0,0,0,,0,,0.0,0.0,0.0,0,1,0,0,0,0,1,0.0,0.0,0,0,0,0,0,0,0,0,0,0,0,0,0,0,0,0,0,0,0,0,0,0,0,,,0,0,0,0,0,0,0,0,0,0,0,0,,,,0,0,0,0,0,0,0,,0,0,0,0,0,0.0,0.0
00-0040249,F.Diggs,Fadil Diggs,LB,LB,"https://static.www.nfl.com/image/upload/f_auto,q_auto/league/oyuhjwmnw2mnr75h5udw",2025,3,REG,NO,SEA,0,0,0,0,0,0,0,0,0,0,0,0,,,0,,0,0,0,0,0,0,,0,0,0,0,0,0,0,0,0,0,,0,,0.0,0.0,0.0,0,0,0,0,0,0,0,0.0,0.0,0,0,0,0,0,0,0,0,0,0,0,0,0,1,6,0,0,0,0,0,0,0,0,,,0,0,0,0,0,0,0,0,0,0,0,0,,,,0,0,0,0,0,0,0,,0,0,0,0,0,0.0,0.0
00-0040451,X.Truss,Xavier Truss,G,OL,"https://static.www.nfl.com/image/upload/f_auto,q_auto/league/dimz3zv8mumt0yyyrci4",2025,3,REG,NO,SEA,0,0,0,0,0,0,0,0,0,0,0,0,,,0,,0,0,0,0,0,0,,0,0,0,0,0,0,0,0,0,0,,0,,0.0,0.0,0.0,0,0,0,0,0,0,0,0.0,0.0,0,0,0,0,0,0,0,0,0,0,0,0,0,1,5,0,0,0,0,0,0,0,0,,,0,0,0,0,0,0,0,0,0,0,0,0,,,,0,0,0,0,0,0,0,,0,0,0,0,0,0.0,0.0
00-0040541,T.Simpkins,Torricelli Simpkins III,G,OL,,2025,3,REG,NO,SEA,0,0,0,0,0,0,0,0,0,0,0,0,,,0,,0,0,0,0,0,0,,0,0,0,0,0,0,0,0,0,0,,0,,0.0,0.0,0.0,0,0,0,0,0,0,0,0.0,0.0,0,0,0,0,0,0,0,0,0,0,0,0,0,1,4,0,0,0,0,0,0,0,0,,,0,0,0,0,0,0,0,0,0,0,0,0,,,,0,0,0,0,0,0,0,,0,0,0,0,0,0.0,0.0
00-0040643,J.Sanker,Jonas Sanker,SAF,DB,"https://static.www.nfl.com/image/upload/f_auto,q_auto/league/hsimdzcratj6wt0gzra8",2025,3,REG,NO,SEA,0,0,0,0,0,0,0,0,0,0,0,0,,,0,,0,0,0,0,0,0,,0,0,0,0,0,0,0,0,0,0,,0,,0.0,0.0,0.0,0,2,0,1,0,0,0,0.0,0.0,0,0,0,0,0,0,0,0,0,0,0,0,0,0,0,0,0,0,0,0,0,0,0,,,0,0,0,0,0,0,0,0,0,0,0,0,,,,0,0,0,0,0,0,0,,0,0,0,0,0,0.0,0.0
00-0040654,K.Kroeger,Kai Kroeger,P,SPEC,,2025,3,REG,NO,SEA,0,0,0,0,0,0,0,0,0,0,0,0,,,0,,0,0,0,0,0,0,,0,0,0,0,0,0,0,0,0,0,,0,,0.0,0.0,0.0,0,0,0,0,0,0,0,0.0,0.0,0,0,0,0,0,0,0,0,0,0,0,0,0,0,0,0,0,0,0,0,0,0,0,,,0,0,0,0,0,0,0,0,0,0,0,0,,,,0,0,0,0,0,0,0,,0,0,0,0,0,0.0,0.0
00-0040743,T.Shough,Tyler Shough,QB,QB,"https://static.www.nfl.com/image/upload/f_auto,q_auto/league/wsrkib8qgwtb2t2ugaru",2025,3,REG,NO,SEA,0,2,0,0,0,0,0,0,0,33,0,0,-1.774221153347753,-52.12000757455826,0,0.0,0,0,0,0,0,0,,0,0,0,0,0,0,0,0,0,0,,0,,0.0,0.0,0.0,0,0,0,0,0,0,0,0.0,0.0,0,0,0,0,0,0,0,0,0,0,0,0,0,0,0,0,0,0,0,0,0,0,0,,,0,0,0,0,0,0,0,0,0,0,0,0,,,,0,0,0,0,0,0,0,,0,0,0,0,0,0.0,0.0
