player_id,player_name,player_display_name,position,position_group,headshot_url,season,week,season_type,team,opponent_team,completions,attempts,passing_yards,passing_tds,passing_interceptions,sacks_suffered,sack_yards_lost,sack_fumbles,sack_fumbles_lost,passing_air_yards,passing_yards_after_catch,passing_first_downs,passing_epa,passing_cpoe,passing_2pt_conversions,pacr,carries,rushing_yards,rushing_tds,rushing_fumbles,rushing_fumbles_lost,rushing_first_downs,rushing_epa,rushing_2pt_conversions,receptions,targets,receiving_yards,receiving_tds,receiving_fumbles,receiving_fumbles_lost,receiving_air_yards,receiving_yards_after_catch,receiving_first_downs,receiving_epa,receiving_2pt_conversions,racr,target_share,air_yards_share,wopr,special_teams_tds,def_tackles_solo,def_tackles_with_assist,def_tackle_assists,def_tackles_for_loss,def_tackles_for_loss_yards,def_fumbles_forced,def_sacks,def_sack_yards,def_qb_hits,def_interceptions,def_interception_yards,def_pass_defended,def_tds,def_fumbles,def_safeties,misc_yards,fumble_recovery_own,fumble_recovery_yards_own,fumble_recovery_opp,fumble_recovery_yards_opp,fumble_recovery_tds,penalties,penalty_yards,punt_returns,punt_return_yards,kickoff_returns,kickoff_return_yards,fg_made,fg_att,fg_missed,fg_blocked,fg_long,fg_pct,fg_made_0_19,fg_made_20_29,fg_made_30_39,fg_made_40_49,fg_made_50_59,fg_made_60_,fg_missed_0_19,fg_missed_20_29,fg_missed_30_39,fg_missed_40_49,fg_missed_50_59,fg_missed_60_,fg_made_list,fg_missed_list,fg_blocked_list,fg_made_distance,fg_missed_distance,fg_blocked_distance,pat_made,pat_att,pat_missed,pat_blocked,pat_pct,gwfg_made,gwfg_att,gwfg_missed,gwfg_blocked,gwfg_distance,fantasy_points,fantasy_points_ppr
00-0031565,D.Hunter,Danielle Hunter,DE,DL,"https://static.www.nfl.com/image/upload/f_auto,q_auto/league/z2rpuzpb0tm8r6vwnfxk",2025,1,REG,HOU,LA,0,0,0,0,0,0,0,0,0,0,0,0,,,0,,0,0,0,0,0,0,,0,0,0,0,0,0,0,0,0,0,,0,,0.0,0.0,0.0,0,1,0,2,0,0,0,0.0,0.0,0,0,0,0,0,0,0,0,0,0,1,1,0,0,0,0,0,0,0,0,0,0,0,,,0,0,0,0,0,0,0,0,0,0,0,0,,,,0,0,0,0,0,0,0,,0,0,0,0,0,0.0,0.0
00-0032234,L.Tomlinson,Laken Tomlinson,G,OL,"https://static.www.nfl.com/image/upload/f_auto,q_auto/league/thhrfc9q38r0m1qvfctv",2025,1,REG,HOU,LA,0,0,0,0,0,0,0,0,0,0,0,0,,,0,,0,0,0,0,0,0,,0,0,0,0,0,0,0,0,0,0,,0,,0.0,0.0,0.0,0,0,0,0,0,0,0,0.0,0.0,0,0,0,0,0,0,0,0,0,0,0,0,0,1,5,0,0,0,0,0,0,0,0,,,0,0,0,0,0,0,0,0,0,0,0,0,,,,0,0,0,0,0,0,0,,0,0,0,0,0,0.0,0.0
00-0032726,K.Fairbairn,Ka'imi Fairbairn,K,SPEC,"https://static.www.nfl.com/image/upload/f_auto,q_auto/league/nbrs7doetqydf2rzhjjl",2025,1,REG,HOU,LA,0,0,0,0,0,0,0,0,0,0,0,0,,,0,,0,0,0,0,0,0,,0,0,0,0,0,0,0,0,0,0,,0,,0.0,0.0,0.0,0,1,0,0,0,0,0,0.0,0.0,0,0,0,0,0,0,0,0,0,0,0,0,0,0,0,0,0,0,0,3,3,0,0,53.0,1.0,0,0,0,1,2,0,0,0,0,0,0,0,51;45;53,,,149,0,0,0,0,0,0,,0,0,0,0,0,0.0,0.0
00-0032759,S.Rankins,Sheldon Rankins,DT,DL,"https://static.www.nfl.com/image/upload/f_auto,q_auto/league/ec78oc2cpukwczkzhyrw",2025,1,REG,HOU,LA,0,0,0,0,0,0,0,0,0,0,0,0,,,0,,0,0,0,0,0,0,,0,0,0,0,0,0,0,0,0,0,,0,,0.0,0.0,0.0,0,1,0,1,0,0,0,0.0,0.0,2,0,0,0,0,0,0,0,0,0,0,0,0,0,0,0,0,0,0,0,0,0,0,,,0,0,0,0,0,0,0,0,0,0,0,0,,,,0,0,0,0,0,0,0,,0,0,0,0,0,0.0,0.0
00-0033854,D.Ogunbowale,Dare Ogunbowale,RB,RB,"https://static.www.nfl.com/image/upload/f_auto,q_auto/league/bsm0k0jkytuiej2riudv",2025,1,REG,HOU,LA,0,0,0,0,0,0,0,0,0,0,0,0,,,0,,2,9,0,0,0,0,-1.0871769601944834,0,2,2,17,0,1,1,5,12,1,-4.106586049252655,0,3.4,0.07407407407407407,0.029069767441860465,0.13145994832041344,0,1,0,0,0,0,0,0.0,0.0,0,0,0,0,0,0,0,0,0,0,0,0,0,0,0,0,0,0,0,0,0,0,0,,,0,0,0,0,0,0,0,0,0,0,0,0,,,,0,0,0,0,0,0,0,,0,0,0,0,0,0.6000000000000001,2.6
00-0033876,D.Barnett,Derek Barnett,DE,DL,"https://static.www.nfl.com/image/upload/f_auto,q_auto/league/eh9ienpeakbbr9mw4vlm",2025,1,REG,HOU,LA,0,0,0,0,0,0,0,0,0,0,0,0,,,0,,0,0,0,0,0,0,,0,0,0,0,0,0,0,0,0,0,,0,,0.0,0.0,0.0,0,0,0,1,0,0,0,0.0,0.0,0,0,0,0,0,0,0,0,0,0,0,0,0,0,0,0,0,0,0,0,0,0,0,,,0,0,0,0,0,0,0,0,0,0,0,0,,,,0,0,0,0,0,0,0,,0,0,0,0,0,0.0,0.0
00-0033889,C.Robinson,Cam Robinson,OT,OL,"https://static.www.nfl.com/image/upload/f_auto,q_auto/league/kmsstty7s2h4lcxuvaki",2025,1,REG,HOU,LA,0,0,0,0,0,0,0,0,0,0,0,0,,,0,,0,0,0,0,0,0,,0,0,0,0,0,0,0,0,0,0,,0,,0.0,0.0,0.0,0,0,0,0,0,0,0,0.0,0.0,0,0,0,0,0,0,0,0,0,0,0,0,0,1,10,0,0,0,0,0,0,0,0,,,0,0,0,0,0,0,0,0,0,0,0,0,,,,0,0,0,0,0,0,0,,0,0,0,0,0,0.0,0.0
00-0034275,F.Fatukasi,Foley Fatukasi,DT,DL,"https://static.www.nfl.com/image/upload/f_auto,q_auto/league/ttcdigwndhyvmhvgof25",2025,1,REG,HOU,LA,0,0,0,0,0,0,0,0,0,0,0,0,,,0,,0,0,0,0,0,0,,0,0,0,0,0,0,0,0,0,0,,0,,0.0,0.0,0.0,0,2,0,1,1,8,0,1.0,8.0,1,0,0,0,0,0,0,0,0,0,0,0,0,0,0,0,0,0,0,0,0,0,0,,,0,0,0,0,0,0,0,0,0,0,0,0,,,,0,0,0,0,0,0,0,,0,0,0,0,0,0.0,0.0
00-0034278,T.Smith,Tremon Smith,CB,DB,"https://static.www.nfl.com/image/upload/f_auto,q_auto/league/crjcjcsvkq0o689drl3c",2025,1,REG,HOU,LA,0,0,0,0,0,0,0,0,0,0,0,0,,,0,,0,0,0,0,0,0,,0,0,0,0,0,0,0,0,0,0,,0,,0.0,0.0,0.0,0,0,0,0,0,0,0,0.0,0.0,0,0,0,0,0,0,0,0,0,0,0,0,0,0,0,0,0,1,11,0,0,0,0,,,0,0,0,0,0,0,0,0,0,0,0,0,,,,0,0,0,0,0,0,0,,0,0,0,0,0,0.0,0.0
00-0034383,D.Schultz,Dalton Schultz,TE,TE,"https://static.www.nfl.com/image/upload/f_auto,q_auto/league/xbl9mhuamzv5udb4hyzj",2025,1,REG,HOU,LA,0,0,0,0,0,0,0,0,0,0,0,0,,,0,,0,0,0,0,0,0,,0,3,5,28,0,0,0,25,11,2,1.6341393941017128,0,1.12,0.18518518518518517,0.14534883720930233,0.37952196382428943,0,0,0,0,0,0,0,0.0,0.0,0,0,0,0,0,0,0,0,0,0,0,0,0,1,5,0,0,0,0,0,0,0,0,,,0,0,0,0,0,0,0,0,0,0,0,0,,,,0,0,0,0,0,0,0,,0,0,0,0,0,2.8000000000000003,5.800000000000001
00-0034386,J.Watson,Justin Watson,WR,WR,"https://static.www.nfl.com/image/upload/f_auto,q_auto/league/unqrnkfpqg7juhlbyp4v",2025,1,REG,HOU,LA,0,0,0,0,0,0,0,0,0,0,0,0,,,0,,0,0,0,0,0,0,,0,2,2,27,0,0,0,14,13,1,2.830138952238485,0,1.9285714285714286,0.07407407407407407,0.08139534883720931,0.1680878552971576,0,0,0,0,0,0,0,0.0,0.0,0,0,0,0,0,0,0,0,0,0,0,0,0,0,0,0,0,0,0,0,0,0,0,,,0,0,0,0,0,0,0,0,0,0,0,0,,,,0,0,0,0,0,0,0,,0,0,0,0,0,2.7,4.7
00-0034397,T.Settle,Tim Settle,DT,DL,"https://static.www.nfl.com/image/upload/f_auto,q_auto/league/jhb7b9b6r8yybbltih4v",2025,1,REG,HOU,LA,0,0,0,0,0,0,0,0,0,0,0,0,,,0,,0,0,0,0,0,0,,0,0,0,0,0,0,0,0,0,0,,0,,0.0,0.0,0.0,0,0,0,1,0,0,0,0.0,0.0,0,0,0,0,0,0,0,0,0,0,0,0,0,0,0,0,0,0,0,0,0,0,0,,,0,0,0,0,0,0,0,0,0,0,0,0,,,,0,0,0,0,0,0,0,,0,0,0,0,0,0.0,0.0
00-0034791,N.Chubb,Nick Chubb,RB,RB,"https://static.www.nfl.com/image/upload/f_auto,q_auto/league/h5y74trx6l8ivpkbmrkt",2025,1,REG,HOU,LA,0,0,0,0,0,0,0,0,0,0,0,0,,,0,,13,60,0,0,0,4,-0.4878782118903473,0,0,1,0,0,0,0,5,0,0,-0.8781360681168735,0,0.0,0.037037037037037035,0.029069767441860465,0.07590439276485787,0,0,0,0,0,0,0,0.0,0.0,0,0,0,0,0,0,0,0,0,0,0,0,0,0,0,0,0,0,0,0,0,0,0,,,0,0,0,0,0,0,0,0,0,0,0,0,,,,0,0,0,0,0,0,0,,0,0,0,0,0,6.0,6.0
00-0034987,E.Speed,E.J. Speed,LB,LB,"https://static.www.nfl.com/image/upload/f_auto,q_auto/league/lpqe7elzi8tbt8rjzozd",2025,1,REG,HOU,LA,0,0,0,0,0,0,0,0,0,0,0,0,,,0,,0,0,0,0,0,0,,0,0,0,0,0,0,0,0,0,0,,0,,0.0,0.0,0.0,0,0,0,0,0,0,0,0.0,0.0,0,0,0,0,0,0,0,0,0,0,0,0,0,1,5,0,0,0,0,0,0,0,0,,,0,0,0,0,0,0,0,0,0,0,0,0,,,,0,0,0,0,0,0,0,,0,0,0,0,0,0.0,0.0
00-0035166,A.Al-Shaair,Azeez Al-Shaair,LB,LB,"https://static.www.nfl.com/image/upload/f_auto,q_auto/league/gtnnl92squxvzhhydeq8",2025,1,REG,HOU,LA,0,0,0,0,0,0,0,0,0,0,0,0,,,0,,0,0,0,0,0,0,,0,0,0,0,0,0,0,0,0,0,,0,,0.0,0.0,0.0,0,3,0,4,0,0,1,0.0,0.0,0,0,0,0,0,0,0,0,0,0,0,0,0,0,0,0,0,0,0,0,0,0,0,,,0,0,0,0,0,0,0,0,0,0,0,0,,,,0,0,0,0,0,0,0,,0,0,0,0,0,0.0,0.0
00-0035253,C.Gardner-Johnson,C.J. Gardner-Johnson,SAF,DB,"https://static.www.nfl.com/image/upload/f_auto,q_auto/league/h0fki8vjaxmtndolcsqf",2025,1,REG,HOU,LA,0,0,0,0,0,0,0,0,0,0,0,0,,,0,,0,0,0,0,0,0,,0,0,0,0,0,0,0,0,0,0,,0,,0.0,0.0,0.0,0,2,0,2,0,0,0,0.0,0.0,0,0,0,0,0,0,0,0,0,0,0,0,0,0,0,0,0,0,0,0,0,0,0,,,0,0,0,0,0,0,0,0,0,0,0,0,,,,0,0,0,0,0,0,0,,0,0,0,0,0,0.0,0.0
00-0035889,T.Townsend,Tommy Townsend,P,SPEC,"https://static.www.nfl.com/image/upload/f_auto,q_auto/league/r0i19wiyrxqeyssd65ac",2025,1,REG,HOU,LA,0,0,0,0,0,0,0,0,0,0,0,0,,,0,,0,0,0,0,0,0,,0,0,0,0,0,0,0,0,0,0,,0,,0.0,0.0,0.0,0,0,0,0,0,0,0,0.0,0.0,0,0,0,0,0,0,0,0,0,0,0,0,0,0,0,0,0,0,0,0,0,0,0,,,0,0,0,0,0,0,0,0,0,0,0,0,,,,0,0,0,0,0,0,0,,0,0,0,0,0,0.0,0.0
00-0036413,D.Taylor,Darrell Taylor,DE,DL,"https://static.www.nfl.com/image/upload/f_auto,q_auto/league/i0d3vsafckx1qzuzcrp6",2025,1,REG,HOU,LA,0,0,0,0,0,0,0,0,0,0,0,0,,,0,,0,0,0,0,0,0,,0,0,0,0,0,0,0,0,0,0,,0,,0.0,0.0,0.0,0,1,0,0,0,0,0,0.0,0.0,0,0,0,0,0,0,0,0,0,0,0,0,0,1,5,0,0,0,0,0,0,0,0,,,0,0,0,0,0,0,0,0,0,0,0,0,,,,0,0,0,0,0,0,0,,0,0,0,0,0,0.0,0.0
00-0036554,N.Collins,Nico Collins,WR,WR,"https://static.www.nfl.com/image/upload/f_auto,q_auto/league/osmqyvmib3pssxi6cyic",2025,1,REG,HOU,LA,0,0,0,0,0,0,0,0,0,0,0,0,,,0,,0,0,0,0,0,0,,0,3,5,25,0,0,0,35,10,0,0.44440201245015487,0,0.7142857142857143,0.18518518518518517,0.20348837209302326,0.4202196382428941,0,0,0,0,0,0,0,0.0,0.0,0,0,0,0,0,0,0,0,0,0,0,0,0,0,0,0,0,0,0,0,0,0,0,,,0,0,0,0,0,0,0,0,0,0,0,0,,,,0,0,0,0,0,0,0,,0,0,0,0,0,2.5,5.5
00-0037237,D.Stingley,Derek Stingley Jr.,CB,DB,"https://static.www.nfl.com/image/upload/f_auto,q_auto/league/wkzinciyrrmsqdlda8lj",2025,1,REG,HOU,LA,0,0,0,0,0,0,0,0,0,0,0,0,,,0,,0,0,0,0,0,0,,0,0,0,0,0,0,0,0,0,0,,0,,0.0,0.0,0.0,0,4,0,1,0,0,0,0.0,0.0,0,0,0,0,0,0,0,0,0,0,0,0,0,1,5,0,0,0,0,0,0,0,0,,,0,0,0,0,0,0,0,0,0,0,0,0,,,,0,0,0,0,0,0,0,,0,0,0,0,0,0.0,0.0
00-0037246,J.Pitre,Jalen Pitre,SAF,DB,"https://static.www.nfl.com/image/upload/f_auto,q_auto/league/nq8a3zanbbjoihquklor",2025,1,REG,HOU,LA,0,0,0,0,0,0,0,0,0,0,0,0,,,0,,0,0,0,0,0,0,,0,0,0,0,0,0,0,0,0,0,,0,,0.0,0.0,0.0,0,4,0,1,0,0,0,0.0,0.0,0,0,0,0,0,0,0,0,0,0,0,0,0,0,0,0,0,0,0,0,0,0,0,,,0,0,0,0,0,0,0,0,0,0,0,0,,,,0,0,0,0,0,0,0,,0,0,0,0,0,0.0,0.0
00-0037258,D.Pierce,Dameon Pierce,RB,RB,"https://static.www.nfl.com/image/upload/f_auto,q_auto/league/lifrupicniyrosy1vj9c",2025,1,REG,HOU,LA,0,0,0,0,0,0,0,0,0,0,0,0,,,0,,3,5,0,0,0,0,-1.8748225921299309,0,0,1,0,0,0,0,-4,0,0,-0.6312945219688118,0,-0.0,0.037037037037037035,-0.023255813953488372,0.03927648578811369,0,0,0,0,0,0,0,0.0,0.0,0,0,0,0,0,0,0,0,0,0,0,0,0,0,0,0,0,0,0,0,0,0,0,,,0,0,0,0,0,0,0,0,0,0,0,0,,,,0,0,0,0,0,0,0,,0,0,0,0,0,0.5,0.5
00-0037823,C.Harris,Christian Harris,LB,LB,"https://static.www.nfl.com/image/upload/f_auto,q_auto/league/vu59vuwhkncfc8gtsjq4",2025,1,REG,HOU,LA,0,0,0,0,0,0,0,0,0,0,0,0,,,0,,0,0,0,0,0,0,,0,0,0,0,0,0,0,0,0,0,,0,,0.0,0.0,0.0,0,1,0,0,0,0,0,0.0,0.0,0,0,0,0,0,0,0,0,0,0,0,0,0,0,0,0,0,0,0,0,0,0,0,,,0,0,0,0,0,0,0,0,0,0,0,0,,,,0,0,0,0,0,0,0,,0,0,0,0,0,0.0,0.0
00-0038599,H.To'oTo'o,Henry To'oTo'o,LB,LB,"https://static.www.nfl.com/image/upload/f_auto,q_auto/league/epsdr0zqlm2vrhizwama",2025,1,REG,HOU,LA,0,0,0,0,0,0,0,0,0,0,0,0,,,0,,0,0,0,0,0,0,,0,0,0,0,0,0,0,0,0,0,,0,,0.0,0.0,0.0,0,2,0,4,1,7,0,1.0,7.0,1,0,0,1,0,0,0,0,0,0,0,0,0,1,15,0,0,0,0,0,0,0,0,,,0,0,0,0,0,0,0,0,0,0,0,0,,,,0,0,0,0,0,0,0,,0,0,0,0,0,0.0,0.0
00-0038618,X.Hutchinson,Xavier Hutchinson,WR,WR,"https://static.www.nfl.com/image/upload/f_auto,q_auto/league/hv3mfhadliph08b4pl4s",2025,1,REG,HOU,LA,0,0,0,0,0,0,0,0,0,0,0,0,,,0,,1,5,0,0,0,1,0.4475304221268743,0,2,2,30,0,0,0,29,1,1,1.4648441627505235,0,1.0344827586206897,0.07407407407407407,0.1686046511627907,0.2291343669250646,0,0,0,0,0,0,0,0.0,0.0,0,0,0,0,0,0,0,0,0,0,0,0,0,0,0,0,0,0,0,0,0,0,0,,,0,0,0,0,0,0,0,0,0,0,0,0,,,,0,0,0,0,0,0,0,,0,0,0,0,0,3.5,5.5
00-0039009,D.Horton,Dylan Horton,DE,DL,"https://static.www.nfl.com/image/upload/f_auto,q_auto/league/ocqc1uhsjinyou8klloj",2025,1,REG,HOU,LA,0,0,0,0,0,0,0,0,0,0,0,0,,,0,,0,0,0,0,0,0,,0,0,0,0,0,0,0,0,0,0,,0,,0.0,0.0,0.0,0,1,0,0,0,0,0,0.0,0.0,0,0,0,0,0,0,0,0,0,0,0,0,0,0,0,0,0,0,0,0,0,0,0,,,0,0,0,0,0,0,0,0,0,0,0,0,,,,0,0,0,0,0,0,0,,0,0,0,0,0,0.0,0.0
00-0039108,W.Anderson,Will Anderson Jr.,DE,DL,"https://static.www.nfl.com/image/upload/f_auto,q_auto/league/ar9k2r2btzzb10zc0xja",2025,1,REG,HOU,LA,0,0,0,0,0,0,0,0,0,0,0,0,,,0,,0,0,0,0,0,0,,0,0,0,0,0,0,0,0,0,0,,0,,0.0,0.0,0.0,0,3,1,0,3,27,0,1.0,6.0,2,0,0,0,0,0,0,0,0,0,0,0,0,0,0,0,0,0,0,0,0,0,0,,,0,0,0,0,0,0,0,0,0,0,0,0,,,,0,0,0,0,0,0,0,,0,0,0,0,0,0.0,0.0
00-0039163,C.Stroud,C.J. Stroud,QB,QB,"https://static.www.nfl.com/image/upload/f_auto,q_auto/league/tt4zrtxlhifaljhj0rn7",2025,1,REG,HOU,LA,19,27,188,0,1,3,-37,0,0,172,73,7,-4.065033344958763,-0.9746561447779337,0,1.0930232558139534,5,32,0,0,0,3,5.637464377312669,0,0,0,0,0,0,0,0,0,0,,0,,0.0,0.0,0.0,0,0,0,0,0,0,0,0.0,0.0,0,0,0,0,0,0,0,0,0,0,0,0,0,0,0,0,0,0,0,0,0,0,0,,,0,0,0,0,0,0,0,0,0,0,0,0,,,,0,0,0,0,0,0,0,,0,0,0,0,0,8.72,8.72
00-0039343,K.Lassiter,Kamari Lassiter,CB,DB,"https://static.www.nfl.com/image/upload/f_auto,q_auto/league/ats8cbxfzajzvwyzwsjb",2025,1,REG,HOU,LA,0,0,0,0,0,0,0,0,0,0,0,0,,,0,,0,0,0,0,0,0,,0,0,0,0,0,0,0,0,0,0,,0,,0.0,0.0,0.0,0,4,1,4,0,0,0,0.0,0.0,0,0,0,0,0,0,0,0,0,0,0,0,0,0,0,0,0,0,0,0,0,0,0,,,0,0,0,0,0,0,0,0,0,0,0,0,,,,0,0,0,0,0,0,0,,0,0,0,0,0,0.0,0.0
00-0039359,C.Stover,Cade Stover,TE,TE,"https://static.www.nfl.com/image/upload/f_auto,q_auto/league/ltjwprbwuy9dtyz1dg7y",2025,1,REG,HOU,LA,0,0,0,0,0,0,0,0,0,0,0,0,,,0,,0,0,0,0,0,0,,0,4,4,22,0,0,0,9,13,1,0.18128804955631495,0,2.4444444444444446,0.14814814814814814,0.05232558139534884,0.2588501291989664,0,0,0,0,0,0,0,0.0,0.0,0,0,0,0,0,0,0,0,0,0,0,0,0,1,5,0,0,0,0,0,0,0,0,,,0,0,0,0,0,0,0,0,0,0,0,0,,,,0,0,0,0,0,0,0,,0,0,0,0,0,2.2,6.2
00-0039838,C.Bullock,Calen Bullock,SAF,DB,"https://static.www.nfl.com/image/upload/f_auto,q_auto/league/vmntsl9qah1vffuguarz",2025,1,REG,HOU,LA,0,0,0,0,0,0,0,0,0,0,0,0,,,0,,0,0,0,0,0,0,,0,0,0,0,0,0,0,0,0,0,,0,,0.0,0.0,0.0,0,2,1,0,0,0,0,0.0,0.0,0,0,0,0,0,0,0,0,0,0,0,0,0,0,0,0,0,0,0,0,0,0,0,,,0,0,0,0,0,0,0,0,0,0,0,0,,,,0,0,0,0,0,0,0,,0,0,0,0,0,0.0,0.0
00-0039857,B.Fisher,Blake Fisher,OT,OL,"https://static.www.nfl.com/image/upload/f_auto,q_auto/league/eco81lxhu3wgpkkqjsyw",2025,1,REG,HOU,LA,0,0,0,0,0,0,0,0,0,0,0,0,,,0,,0,0,0,0,0,0,,0,0,0,0,0,0,0,0,0,0,,0,,0.0,0.0,0.0,0,0,0,0,0,0,0,0.0,0.0,0,0,0,0,0,0,0,0,0,0,0,0,0,1,15,0,0,0,0,0,0,0,0,,,0,0,0,0,0,0,0,0,0,0,0,0,,,,0,0,0,0,0,0,0,,0,0,0,0,0,0.0,0.0
00-0040130,J.Higgins,Jayden Higgins,WR,WR,"https://static.www.nfl.com/image/upload/f_auto,q_auto/league/wrdw1u4onrmfuuluuipk",2025,1,REG,HOU,LA,0,0,0,0,0,0,0,0,0,0,0,0,,,0,,0,0,0,0,0,0,,0,2,3,32,0,0,0,52,2,1,-2.727807557210326,0,0.6153846153846154,0.1111111111111111,0.3023255813953488,0.3782945736434108,0,1,0,0,0,0,0,0.0,0.0,0,0,0,0,0,0,0,0,0,0,0,0,0,1,5,0,0,0,0,0,0,0,0,,,0,0,0,0,0,0,0,0,0,0,0,0,,,,0,0,0,0,0,0,0,,0,0,0,0,0,3.2,5.2
00-0040138,J.Noel,Jaylin Noel,WR,WR,"https://static.www.nfl.com/image/upload/f_auto,q_auto/league/dajbyvtsggwqinlijxnf",2025,1,REG,HOU,LA,0,0,0,0,0,0,0,0,0,0,0,0,,,0,,0,0,0,0,0,0,,0,1,2,7,0,0,0,2,11,0,-0.7427450038376264,0,3.5,0.07407407407407407,0.011627906976744186,0.11925064599483204,0,0,0,0,0,0,0,0.0,0.0,0,0,0,0,0,0,0,0,0,0,0,0,0,0,0,2,20,0,0,0,0,0,0,,,0,0,0,0,0,0,0,0,0,0,0,0,,,,0,0,0,0,0,0,0,,0,0,0,0,0,0.7000000000000001,1.7000000000000002
00-0040149,J.Smith,Jaylin Smith,CB,DB,"https://static.www.nfl.com/image/upload/f_auto,q_auto/league/pm4jhvtvmy4uvtcuxzpj",2025,1,REG,HOU,LA,0,0,0,0,0,0,0,0,0,0,0,0,,,0,,0,0,0,0,0,0,,0,0,0,0,0,0,0,0,0,0,,0,,0.0,0.0,0.0,0,1,0,1,0,0,0,0.0,0.0,0,0,0,0,0,0,0,0,0,0,0,0,0,0,0,0,0,0,0,0,0,0,0,,,0,0,0,0,0,0,0,0,0,0,0,0,,,,0,0,0,0,0,0,0,,0,0,0,0,0,0.0,0.0
00-0040583,W.Marks,Woody Marks,RB,RB,"https://static.www.nfl.com/image/upload/f_auto,q_auto/league/pwvxisrnjitkkghkfcn3",2025,1,REG,HOU,LA,0,0,0,0,0,0,0,0,0,0,0,0,,,0,,3,3,0,0,0,0,-1.5832205631304532,0,0,0,0,0,0,0,0,0,0,,0,,0.0,0.0,0.0,0,0,0,0,0,0,0,0.0,0.0,0,0,0,0,0,0,0,0,0,0,0,0,0,0,0,0,0,0,0,0,0,0,0,,,0,0,0,0,0,0,0,0,0,0,0,0,,,,0,0,0,0,0,0,0,,0,0,0,0,0,0.30000000000000004,0.30000000000000004
00-0031565,D.Hunter,Danielle Hunter,DE,DL,"https://static.www.nfl.com/image/upload/f_auto,q_auto/league/z2rpuzpb0tm8r6vwnfxk",2025,2,REG,HOU,TB,0,0,0,0,0,0,0,0,0,0,0,0,,,0,,0,0,0,0,0,0,,0,0,0,0,0,0,0,0,0,0,,0,,0.0,0.0,0.0,0,3,0,2,2,11,1,2.0,11.0,1,0,0,0,0,0,0,0,0,0,0,0,0,0,0,0,0,0,0,0,0,0,0,,,0,0,0,0,0,0,0,0,0,0,0,0,,,,0,0,0,0,0,0,0,,0,0,0,0,0,0.0,0.0
00-0032726,K.Fairbairn,Ka'imi Fairbairn,K,SPEC,"https://static.www.nfl.com/image/upload/f_auto,q_auto/league/nbrs7doetqydf2rzhjjl",2025,2,REG,HOU,TB,0,0,0,0,0,0,0,0,0,0,0,0,,,0,,0,0,0,0,0,0,,0,0,0,0,0,0,0,0,0,0,,0,,0.0,0.0,0.0,0,0,0,0,0,0,0,0.0,0.0,0,0,0,0,0,0,0,0,0,0,0,0,0,0,0,0,0,0,0,2,2,0,0,53.0,1.0,0,0,1,0,1,0,0,0,0,0,0,0,35;53,,,88,0,0,1,1,0,0,1.0,0,0,0,0,0,0.0,0.0
00-0032759,S.Rankins,Sheldon Rankins,DT,DL,"https://static.www.nfl.com/image/upload/f_auto,q_auto/league/ec78oc2cpukwczkzhyrw",2025,2,REG,HOU,TB,0,0,0,0,0,0,0,0,0,0,0,0,,,0,,0,0,0,0,0,0,,0,0,0,0,0,0,0,0,0,0,,0,,0.0,0.0,0.0,0,1,1,0,2,6,0,1.0,5.0,1,0,0,0,0,0,0,0,0,0,0,0,0,0,0,0,0,0,0,0,0,0,0,,,0,0,0,0,0,0,0,0,0,0,0,0,,,,0,0,0,0,0,0,0,,0,0,0,0,0,0.0,0.0
00-0033854,D.Ogunbowale,Dare Ogunbowale,RB,RB,"https://static.www.nfl.com/image/upload/f_auto,q_auto/league/bsm0k0jkytuiej2riudv",2025,2,REG,HOU,TB,0,0,0,0,0,0,0,0,0,0,0,0,,,0,,0,0,0,0,0,0,,0,0,0,0,0,0,0,0,0,0,,0,,0.0,0.0,0.0,0,1,0,1,0,0,0,0.0,0.0,0,0,0,0,0,0,0,0,0,0,0,0,0,0,0,0,0,0,0,0,0,0,0,,,0,0,0,0,0,0,0,0,0,0,0,0,,,,0,0,0,0,0,0,0,,0,0,0,0,0,0.0,0.0
00-0033876,D.Barnett,Derek Barnett,DE,DL,"https://static.www.nfl.com/image/upload/f_auto,q_auto/league/eh9ienpeakbbr9mw4vlm",2025,2,REG,HOU,TB,0,0,0,0,0,0,0,0,0,0,0,0,,,0,,0,0,0,0,0,0,,0,0,0,0,0,0,0,0,0,0,,0,,0.0,0.0,0.0,0,0,0,0,0,0,0,0.0,0.0,2,0,0,0,0,0,0,0,0,0,0,0,0,0,0,0,0,0,0,0,0,0,0,,,0,0,0,0,0,0,0,0,0,0,0,0,,,,0,0,0,0,0,0,0,,0,0,0,0,0,0.0,0.0
00-0034275,F.Fatukasi,Foley Fatukasi,DT,DL,"https://static.www.nfl.com/image/upload/f_auto,q_auto/league/ttcdigwndhyvmhvgof25",2025,2,REG,HOU,TB,0,0,0,0,0,0,0,0,0,0,0,0,,,0,,0,0,0,0,0,0,,0,0,0,0,0,0,0,0,0,0,,0,,0.0,0.0,0.0,0,3,0,0,0,0,0,0.0,0.0,0,0,0,0,0,0,0,0,0,0,0,0,0,0,0,0,0,0,0,0,0,0,0,,,0,0,0,0,0,0,0,0,0,0,0,0,,,,0,0,0,0,0,0,0,,0,0,0,0,0,0.0,0.0
00-0034278,T.Smith,Tremon Smith,CB,DB,"https://static.www.nfl.com/image/upload/f_auto,q_auto/league/crjcjcsvkq0o689drl3c",2025,2,REG,HOU,TB,0,0,0,0,0,0,0,0,0,0,0,0,,,0,,0,0,0,0,0,0,,0,0,0,0,0,0,0,0,0,0,,0,,0.0,0.0,0.0,0,0,0,0,0,0,0,0.0,0.0,0,0,0,0,0,0,0,0,0,0,0,0,0,0,0,0,0,1,29,0,0,0,0,,,0,0,0,0,0,0,0,0,0,0,0,0,,,,0,0,0,0,0,0,0,,0,0,0,0,0,0.0,0.0
00-0034355,M.Stewart,M.J. Stewart,SAF,DB,"https://static.www.nfl.com/image/upload/f_auto,q_auto/league/ks5w5s7jghanmslipbfs",2025,2,REG,HOU,TB,0,0,0,0,0,0,0,0,0,0,0,0,,,0,,0,0,0,0,0,0,,0,0,0,0,0,0,0,0,0,0,,0,,0.0,0.0,0.0,0,0,0,1,0,0,0,0.0,0.0,0,0,0,0,0,0,0,0,0,0,0,0,0,0,0,0,0,0,0,0,0,0,0,,,0,0,0,0,0,0,0,0,0,0,0,0,,,,0,0,0,0,0,0,0,,0,0,0,0,0,0.0,0.0
00-0034383,D.Schultz,Dalton Schultz,TE,TE,"https://static.www.nfl.com/image/upload/f_auto,q_auto/league/xbl9mhuamzv5udb4hyzj",2025,2,REG,HOU,TB,0,0,0,0,0,0,0,0,0,0,0,0,,,0,,0,0,0,0,0,0,,0,3,4,29,0,0,0,20,15,1,1.2288289116113447,0,1.45,0.17391304347826086,0.10256410256410256,0.3326644370122631,0,0,0,0,0,0,0,0.0,0.0,0,0,0,0,0,0,0,0,0,0,0,0,0,0,0,0,0,0,0,0,0,0,0,,,0,0,0,0,0,0,0,0,0,0,0,0,,,,0,0,0,0,0,0,0,,0,0,0,0,0,2.9000000000000004,5.9
00-0034386,J.Watson,Justin Watson,WR,WR,"https://static.www.nfl.com/image/upload/f_auto,q_auto/league/unqrnkfpqg7juhlbyp4v",2025,2,REG,HOU,TB,0,0,0,0,0,0,0,0,0,0,0,0,,,0,,0,0,0,0,0,0,,0,1,2,3,0,0,0,19,1,0,-1.4786366591706934,0,0.15789473684210525,0.08695652173913043,0.09743589743589744,0.19863991081382384,0,0,0,0,0,0,0,0.0,0.0,0,0,0,0,0,0,0,1,0,0,0,0,0,0,0,0,0,0,0,0,0,0,0,,,0,0,0,0,0,0,0,0,0,0,0,0,,,,0,0,0,0,0,0,0,,0,0,0,0,0,0.30000000000000004,1.3
00-0034397,T.Settle,Tim Settle,DT,DL,"https://static.www.nfl.com/image/upload/f_auto,q_auto/league/jhb7b9b6r8yybbltih4v",2025,2,REG,HOU,TB,0,0,0,0,0,0,0,0,0,0,0,0,,,0,,0,0,0,0,0,0,,0,0,0,0,0,0,0,0,0,0,,0,,0.0,0.0,0.0,0,1,0,1,0,0,0,0.0,0.0,0,0,0,0,0,0,0,0,0,0,0,0,0,0,0,0,0,0,0,0,0,0,0,,,0,0,0,0,0,0,0,0,0,0,0,0,,,,0,0,0,0,0,0,0,,0,0,0,0,0,0.0,0.0
00-0034791,N.Chubb,Nick Chubb,RB,RB,"https://static.www.nfl.com/image/upload/f_auto,q_auto/league/h5y74trx6l8ivpkbmrkt",2025,2,REG,HOU,TB,0,0,0,0,0,0,0,0,0,0,0,0,,,0,,12,43,1,0,0,2,-0.18371136643690988,0,2,2,29,0,0,0,-7,36,1,1.8603197974152863,0,-4.142857142857143,0.08695652173913043,-0.035897435897435895,0.10530657748049052,0,0,0,0,0,0,0,0.0,0.0,0,0,0,0,0,0,0,0,0,0,0,0,0,0,0,0,0,0,0,0,0,0,0,,,0,0,0,0,0,0,0,0,0,0,0,0,,,,0,0,0,0,0,0,0,,0,0,0,0,0,13.2,15.2
00-0034987,E.Speed,E.J. Speed,LB,LB,"https://static.www.nfl.com/image/upload/f_auto,q_auto/league/lpqe7elzi8tbt8rjzozd",2025,2,REG,HOU,TB,0,0,0,0,0,0,0,0,0,0,0,0,,,0,,0,0,0,0,0,0,,0,0,0,0,0,0,0,0,0,0,,0,,0.0,0.0,0.0,0,1,0,0,0,0,0,0.0,0.0,0,0,0,0,0,0,0,0,0,0,0,0,0,0,0,0,0,0,0,0,0,0,0,,,0,0,0,0,0,0,0,0,0,0,0,0,,,,0,0,0,0,0,0,0,,0,0,0,0,0,0.0,0.0
00-0035166,A.Al-Shaair,Azeez Al-Shaair,LB,LB,"https://static.www.nfl.com/image/upload/f_auto,q_auto/league/gtnnl92squxvzhhydeq8",2025,2,REG,HOU,TB,0,0,0,0,0,0,0,0,0,0,0,0,,,0,,0,0,0,0,0,0,,0,0,0,0,0,0,0,0,0,0,,0,,0.0,0.0,0.0,0,8,0,2,0,0,0,0.0,0.0,0,0,0,1,0,0,0,0,0,0,0,0,0,0,0,0,0,0,0,0,0,0,0,,,0,0,0,0,0,0,0,0,0,0,0,0,,,,0,0,0,0,0,0,0,,0,0,0,0,0,0.0,0.0
00-0035234,T.Howard,Tytus Howard,OT,OL,"https://static.www.nfl.com/image/upload/f_auto,q_auto/league/dsxhasekno62of0prulo",2025,2,REG,HOU,TB,0,0,0,0,0,0,0,0,0,0,0,0,,,0,,0,0,0,0,0,0,,0,0,0,0,0,0,0,0,0,0,,0,,0.0,0.0,0.0,0,0,0,0,0,0,0,0.0,0.0,0,0,0,0,0,0,0,0,0,0,0,0,0,1,10,0,0,0,0,0,0,0,0,,,0,0,0,0,0,0,0,0,0,0,0,0,,,,0,0,0,0,0,0,0,,0,0,0,0,0,0.0,0.0
00-0035253,C.Gardner-Johnson,C.J. Gardner-Johnson,SAF,DB,"https://static.www.nfl.com/image/upload/f_auto,q_auto/league/h0fki8vjaxmtndolcsqf",2025,2,REG,HOU,TB,0,0,0,0,0,0,0,0,0,0,0,0,,,0,,0,0,0,0,0,0,,0,0,0,0,0,0,0,0,0,0,,0,,0.0,0.0,0.0,0,5,1,0,0,0,0,0.0,0.0,1,0,0,0,0,0,0,0,0,0,0,0,0,0,0,0,0,0,0,0,0,0,0,,,0,0,0,0,0,0,0,0,0,0,0,0,,,,0,0,0,0,0,0,0,,0,0,0,0,0,0.0,0.0
00-0035726,J.Johnson,Jakob Johnson,RB,RB,"https://static.www.nfl.com/image/upload/f_auto,q_auto/league/awuzhbfuubbmxzxxdtsb",2025,2,REG,HOU,TB,0,0,0,0,0,0,0,0,0,0,0,0,,,0,,0,0,0,0,0,0,,0,0,0,0,0,0,0,0,0,0,,0,,0.0,0.0,0.0,0,0,0,0,0,0,0,0.0,0.0,0,0,0,0,0,0,0,0,0,0,0,0,0,0,0,0,0,0,0,0,0,0,0,,,0,0,0,0,0,0,0,0,0,0,0,0,,,,0,0,0,0,0,0,0,,0,0,0,0,0,0.0,0.0
00-0035889,T.Townsend,Tommy Townsend,P,SPEC,"https://static.www.nfl.com/image/upload/f_auto,q_auto/league/r0i19wiyrxqeyssd65ac",2025,2,REG,HOU,TB,0,0,0,0,0,0,0,0,0,0,0,0,,,0,,0,0,0,0,0,0,,0,0,0,0,0,0,0,0,0,0,,0,,0.0,0.0,0.0,0,0,0,0,0,0,0,0.0,0.0,0,0,0,0,0,0,0,0,0,0,0,0,0,0,0,0,0,0,0,0,0,0,0,,,0,0,0,0,0,0,0,0,0,0,0,0,,,,0,0,0,0,0,0,0,,0,0,0,0,0,0.0,0.0
00-0036232,H.Bryant,Harrison Bryant,TE,TE,"https://static.www.nfl.com/image/upload/f_auto,q_auto/league/vwgfcphijens8pkr0r3i",2025,2,REG,HOU,TB,0,0,0,0,0,0,0,0,0,0,0,0,,,0,,0,0,0,0,0,0,,0,0,1,0,0,0,0,14,0,0,-0.46446120203472674,0,0.0,0.043478260869565216,0.07179487179487179,0.11547380156075807,0,0,0,0,0,0,0,0.0,0.0,0,0,0,0,0,0,0,0,0,0,0,0,0,0,0,0,0,0,0,0,0,0,0,,,0,0,0,0,0,0,0,0,0,0,0,0,,,,0,0,0,0,0,0,0,,0,0,0,0,0,0.0,0.0
00-0036554,N.Collins,Nico Collins,WR,WR,"https://static.www.nfl.com/image/upload/f_auto,q_auto/league/osmqyvmib3pssxi6cyic",2025,2,REG,HOU,TB,0,0,0,0,0,0,0,0,0,0,0,0,,,0,,0,0,0,0,0,0,,0,3,9,52,1,0,0,88,6,2,-4.0003713875669975,0,0.5909090909090909,0.391304347826087,0.4512820512820513,0.9028539576365664,0,0,0,0,0,0,0,0.0,0.0,0,0,0,0,0,0,0,0,0,0,0,0,0,0,0,0,0,0,0,0,0,0,0,,,0,0,0,0,0,0,0,0,0,0,0,0,,,,0,0,0,0,0,0,0,,0,0,0,0,0,11.2,14.2
00-0037237,D.Stingley,Derek Stingley Jr.,CB,DB,"https://static.www.nfl.com/image/upload/f_auto,q_auto/league/wkzinciyrrmsqdlda8lj",2025,2,REG,HOU,TB,0,0,0,0,0,0,0,0,0,0,0,0,,,0,,0,0,0,0,0,0,,0,0,0,0,0,0,0,0,0,0,,0,,0.0,0.0,0.0,0,3,0,0,0,0,0,0.0,0.0,0,0,0,2,0,0,0,0,0,0,0,0,0,1,5,0,0,0,0,0,0,0,0,,,0,0,0,0,0,0,0,0,0,0,0,0,,,,0,0,0,0,0,0,0,,0,0,0,0,0,0.0,0.0
00-0037246,J.Pitre,Jalen Pitre,SAF,DB,"https://static.www.nfl.com/image/upload/f_auto,q_auto/league/nq8a3zanbbjoihquklor",2025,2,REG,HOU,TB,0,0,0,0,0,0,0,0,0,0,0,0,,,0,,0,0,0,0,0,0,,0,0,0,0,0,0,0,0,0,0,,0,,0.0,0.0,0.0,0,4,1,1,0,0,0,0.0,0.0,0,0,0,0,0,0,0,0,0,0,0,0,0,0,0,0,0,0,0,0,0,0,0,,,0,0,0,0,0,0,0,0,0,0,0,0,,,,0,0,0,0,0,0,0,,0,0,0,0,0,0.0,0.0
00-0037457,J.Hansen,Jake Hansen,LB,LB,"https://static.www.nfl.com/image/upload/f_auto,q_auto/league/x63vwyjtybkdrulfmr2j",2025,2,REG,HOU,TB,0,0,0,0,0,0,0,0,0,0,0,0,,,0,,0,0,0,0,0,0,,0,0,0,0,0,0,0,0,0,0,,0,,0.0,0.0,0.0,0,1,0,0,0,0,0,0.0,0.0,0,0,0,0,0,0,0,0,0,0,0,0,0,0,0,0,0,0,0,0,0,0,0,,,0,0,0,0,0,0,0,0,0,0,0,0,,,,0,0,0,0,0,0,0,,0,0,0,0,0,0.0,0.0
00-0037823,C.Harris,Christian Harris,LB,LB,"https://static.www.nfl.com/image/upload/f_auto,q_auto/league/vu59vuwhkncfc8gtsjq4",2025,2,REG,HOU,TB,0,0,0,0,0,0,0,0,0,0,0,0,,,0,,0,0,0,0,0,0,,0,0,0,0,0,0,0,0,0,0,,0,,0.0,0.0,0.0,0,1,0,0,0,0,0,0.0,0.0,0,0,0,0,0,0,0,0,0,0,0,0,0,1,15,0,0,0,0,0,0,0,0,,,0,0,0,0,0,0,0,0,0,0,0,0,,,,0,0,0,0,0,0,0,,0,0,0,0,0,0.0,0.0
00-0038599,H.To'oTo'o,Henry To'oTo'o,LB,LB,"https://static.www.nfl.com/image/upload/f_auto,q_auto/league/epsdr0zqlm2vrhizwama",2025,2,REG,HOU,TB,0,0,0,0,0,0,0,0,0,0,0,0,,,0,,0,0,0,0,0,0,,0,0,0,0,0,0,0,0,0,0,,0,,0.0,0.0,0.0,0,7,0,4,1,1,0,0.0,0.0,0,0,0,0,0,0,0,0,0,0,0,0,0,0,0,0,0,0,0,0,0,0,0,,,0,0,0,0,0,0,0,0,0,0,0,0,,,,0,0,0,0,0,0,0,,0,0,0,0,0,0.0,0.0
00-0038618,X.Hutchinson,Xavier Hutchinson,WR,WR,"https://static.www.nfl.com/image/upload/f_auto,q_auto/league/hv3mfhadliph08b4pl4s",2025,2,REG,HOU,TB,0,0,0,0,0,0,0,0,0,0,0,0,,,0,,0,0,0,0,0,0,,0,2,3,29,0,0,0,33,10,1,2.2033461158862337,0,0.8787878787878788,0.13043478260869565,0.16923076923076924,0.3141137123745819,0,0,0,0,0,0,0,0.0,0.0,0,0,0,0,0,0,0,0,0,0,0,0,0,0,0,0,0,0,0,0,0,0,0,,,0,0,0,0,0,0,0,0,0,0,0,0,,,,0,0,0,0,0,0,0,,0,0,0,0,0,2.9000000000000004,4.9
00-0039009,D.Horton,Dylan Horton,DE,DL,"https://static.www.nfl.com/image/upload/f_auto,q_auto/league/ocqc1uhsjinyou8klloj",2025,2,REG,HOU,TB,0,0,0,0,0,0,0,0,0,0,0,0,,,0,,0,0,0,0,0,0,,0,0,0,0,0,0,0,0,0,0,,0,,0.0,0.0,0.0,0,0,0,0,0,0,0,0.0,0.0,0,0,0,0,0,0,0,0,0,0,0,0,0,1,5,0,0,0,0,0,0,0,0,,,0,0,0,0,0,0,0,0,0,0,0,0,,,,0,0,0,0,0,0,0,,0,0,0,0,0,0.0,0.0
00-0039108,W.Anderson,Will Anderson Jr.,DE,DL,"https://static.www.nfl.com/image/upload/f_auto,q_auto/league/ar9k2r2btzzb10zc0xja",2025,2,REG,HOU,TB,0,0,0,0,0,0,0,0,0,0,0,0,,,0,,0,0,0,0,0,0,,0,0,0,0,0,0,0,0,0,0,,0,,0.0,0.0,0.0,0,3,0,1,1,8,0,1.0,8.0,1,0,0,0,0,0,0,0,0,0,0,0,0,1,5,0,0,0,0,0,0,0,0,,,0,0,0,0,0,0,0,0,0,0,0,0,,,,0,0,0,0,0,0,0,,0,0,0,0,0,0.0,0.0
00-0039163,C.Stroud,C.J. Stroud,QB,QB,"https://static.www.nfl.com/image/upload/f_auto,q_auto/league/tt4zrtxlhifaljhj0rn7",2025,2,REG,HOU,TB,13,24,207,1,0,3,-25,0,0,195,124,7,-4.481482616525894,-9.786830648131993,0,1.0615384615384615,4,27,0,0,0,1,1.8889251031796448,0,0,0,0,0,0,0,0,0,0,,0,,0.0,0.0,0.0,0,0,0,0,0,0,0,0.0,0.0,0,0,0,0,0,0,0,0,0,0,0,0,0,0,0,0,0,0,0,0,0,0,0,,,0,0,0,0,0,0,0,0,0,0,0,0,,,,0,0,0,0,0,0,0,,0,0,0,0,0,14.98,14.98
00-0039343,K.Lassiter,Kamari Lassiter,CB,DB,"https://static.www.nfl.com/image/upload/f_auto,q_auto/league/ats8cbxfzajzvwyzwsjb",2025,2,REG,HOU,TB,0,0,0,0,0,0,0,0,0,0,0,0,,,0,,0,0,0,0,0,0,,0,0,0,0,0,0,0,0,0,0,,0,,0.0,0.0,0.0,0,4,0,1,0,0,0,0.0,0.0,0,0,0,0,0,0,0,0,0,0,0,0,0,1,5,0,0,0,0,0,0,0,0,,,0,0,0,0,0,0,0,0,0,0,0,0,,,,0,0,0,0,0,0,0,,0,0,0,0,0,0.0,0.0
00-0039838,C.Bullock,Calen Bullock,SAF,DB,"https://static.www.nfl.com/image/upload/f_auto,q_auto/league/vmntsl9qah1vffuguarz",2025,2,REG,HOU,TB,0,0,0,0,0,0,0,0,0,0,0,0,,,0,,0,0,0,0,0,0,,0,0,0,0,0,0,0,0,0,0,,0,,0.0,0.0,0.0,0,3,0,0,0,0,0,0.0,0.0,0,0,0,0,0,0,0,0,0,0,0,0,0,0,0,0,0,0,0,0,0,0,0,,,0,0,0,0,0,0,0,0,0,0,0,0,,,,0,0,0,0,0,0,0,,0,0,0,0,0,0.0,0.0
00-0040130,J.Higgins,Jayden Higgins,WR,WR,"https://static.www.nfl.com/image/upload/f_auto,q_auto/league/wrdw1u4onrmfuuluuipk",2025,2,REG,HOU,TB,0,0,0,0,0,0,0,0,0,0,0,0,,,0,,0,0,0,0,0,0,,0,1,1,28,0,0,0,4,24,1,1.5756146092899144,0,7.0,0.043478260869565216,0.020512820512820513,0.07957636566332218,0,0,0,0,0,0,0,0.0,0.0,0,0,0,0,0,0,0,0,0,0,0,0,0,0,0,0,0,0,0,0,0,0,0,,,0,0,0,0,0,0,0,0,0,0,0,0,,,,0,0,0,0,0,0,0,,0,0,0,0,0,2.8000000000000003,3.8000000000000003
00-0040138,J.Noel,Jaylin Noel,WR,WR,"https://static.www.nfl.com/image/upload/f_auto,q_auto/league/dajbyvtsggwqinlijxnf",2025,2,REG,HOU,TB,0,0,0,0,0,0,0,0,0,0,0,0,,,0,,0,0,0,0,0,0,,0,0,0,0,0,0,0,0,0,0,,0,,0.0,0.0,0.0,0,0,0,0,0,0,0,0.0,0.0,0,0,0,0,0,0,0,0,0,0,0,0,0,0,0,3,67,3,78,0,0,0,0,,,0,0,0,0,0,0,0,0,0,0,0,0,,,,0,0,0,0,0,0,0,,0,0,0,0,0,0.0,0.0
00-0040149,J.Smith,Jaylin Smith,CB,DB,"https://static.www.nfl.com/image/upload/f_auto,q_auto/league/pm4jhvtvmy4uvtcuxzpj",2025,2,REG,HOU,TB,0,0,0,0,0,0,0,0,0,0,0,0,,,0,,0,0,0,0,0,0,,0,0,0,0,0,0,0,0,0,0,,0,,0.0,0.0,0.0,0,1,0,1,0,0,0,0.0,0.0,0,0,0,0,0,0,0,0,0,0,0,0,0,0,0,0,0,0,0,0,0,0,0,,,0,0,0,0,0,0,0,0,0,0,0,0,,,,0,0,0,0,0,0,0,,0,0,0,0,0,0.0,0.0
00-0040583,W.Marks,Woody Marks,RB,RB,"https://static.www.nfl.com/image/upload/f_auto,q_auto/league/pwvxisrnjitkkghkfcn3",2025,2,REG,HOU,TB,0,0,0,0,0,0,0,0,0,0,0,0,,,0,,3,14,0,0,0,0,-0.23174879723228514,0,1,1,37,0,0,0,5,32,1,2.7709994838223793,0,7.4,0.043478260869565216,0.02564102564102564,0.08316610925306578,0,0,0,0,0,0,0,0.0,0.0,0,0,0,0,0,0,0,0,0,0,0,0,0,0,0,0,0,0,0,0,0,0,0,,,0,0,0,0,0,0,0,0,0,0,0,0,,,,0,0,0,0,0,0,0,,0,0,0,0,0,5.1000000000000005,6.1000000000000005
00-0031565,D.Hunter,Danielle Hunter,DE,DL,"https://static.www.nfl.com/image/upload/f_auto,q_auto/league/z2rpuzpb0tm8r6vwnfxk",2025,3,REG,HOU,JAX,0,0,0,0,0,0,0,0,0,0,0,0,,,0,,0,0,0,0,0,0,,0,0,0,0,0,0,0,0,0,0,,0,,0.0,0.0,0.0,0,0,0,0,0,0,0,0.0,0.0,1,0,0,0,0,0,0,0,0,0,0,0,0,1,5,0,0,0,0,0,0,0,0,,,0,0,0,0,0,0,0,0,0,0,0,0,,,,0,0,0,0,0,0,0,,0,0,0,0,0,0.0,0.0
00-0032726,K.Fairbairn,Ka'imi Fairbairn,K,SPEC,"https://static.www.nfl.com/image/upload/f_auto,q_auto/league/nbrs7doetqydf2rzhjjl",2025,3,REG,HOU,JAX,0,0,0,0,0,0,0,0,0,0,0,0,,,0,,0,0,0,0,0,0,,0,0,0,0,0,0,0,0,0,0,,0,,0.0,0.0,0.0,0,0,0,0,0,0,0,0.0,0.0,0,0,0,0,0,0,0,0,0,0,0,0,0,0,0,0,0,0,0,1,2,1,0,27.0,0.5,0,1,0,0,0,0,0,0,0,0,1,0,27,52,,27,52,0,1,1,0,0,1.0,0,0,0,0,0,0.0,0.0
00-0032759,S.Rankins,Sheldon Rankins,DT,DL,"https://static.www.nfl.com/image/upload/f_auto,q_auto/league/ec78oc2cpukwczkzhyrw",2025,3,REG,HOU,JAX,0,0,0,0,0,0,0,0,0,0,0,0,,,0,,0,0,0,0,0,0,,0,0,0,0,0,0,0,0,0,0,,0,,0.0,0.0,0.0,0,2,0,0,0,0,0,0.0,0.0,0,0,0,0,0,0,0,0,0,0,0,0,0,0,0,0,0,0,0,0,0,0,0,,,0,0,0,0,0,0,0,0,0,0,0,0,,,,0,0,0,0,0,0,0,,0,0,0,0,0,0.0,0.0
00-0033854,D.Ogunbowale,Dare Ogunbowale,RB,RB,"https://static.www.nfl.com/image/upload/f_auto,q_auto/league/bsm0k0jkytuiej2riudv",2025,3,REG,HOU,JAX,0,0,0,0,0,0,0,0,0,0,0,0,,,0,,0,0,0,0,0,0,,0,0,0,0,0,0,0,0,0,0,,0,,0.0,0.0,0.0,0,0,0,1,0,0,0,0.0,0.0,0,0,0,0,0,0,0,0,0,0,0,0,0,0,0,0,0,0,0,0,0,0,0,,,0,0,0,0,0,0,0,0,0,0,0,0,,,,0,0,0,0,0,0,0,,0,0,0,0,0,0.0,0.0
00-0033876,D.Barnett,Derek Barnett,DE,DL,"https://static.www.nfl.com/image/upload/f_auto,q_auto/league/eh9ienpeakbbr9mw4vlm",2025,3,REG,HOU,JAX,0,0,0,0,0,0,0,0,0,0,0,0,,,0,,0,0,0,0,0,0,,0,0,0,0,0,0,0,0,0,0,,0,,0.0,0.0,0.0,0,0,0,0,0,0,0,0.0,0.0,0,0,0,0,0,0,0,0,0,0,0,0,0,1,15,0,0,0,0,0,0,0,0,,,0,0,0,0,0,0,0,0,0,0,0,0,,,,0,0,0,0,0,0,0,,0,0,0,0,0,0.0,0.0
00-0034275,F.Fatukasi,Foley Fatukasi,DT,DL,"https://static.www.nfl.com/image/upload/f_auto,q_auto/league/ttcdigwndhyvmhvgof25",2025,3,REG,HOU,JAX,0,0,0,0,0,0,0,0,0,0,0,0,,,0,,0,0,0,0,0,0,,0,0,0,0,0,0,0,0,0,0,,0,,0.0,0.0,0.0,0,0,0,1,0,0,0,0.5,2.0,1,0,0,0,0,0,0,0,0,0,0,0,0,0,0,0,0,0,0,0,0,0,0,,,0,0,0,0,0,0,0,0,0,0,0,0,,,,0,0,0,0,0,0,0,,0,0,0,0,0,0.0,0.0
00-0034278,T.Smith,Tremon Smith,CB,DB,"https://static.www.nfl.com/image/upload/f_auto,q_auto/league/crjcjcsvkq0o689drl3c",2025,3,REG,HOU,JAX,0,0,0,0,0,0,0,0,0,0,0,0,,,0,,0,0,0,0,0,0,,0,0,0,0,0,0,0,0,0,0,,0,,0.0,0.0,0.0,0,3,0,1,1,2,0,0.0,0.0,0,0,0,0,0,0,0,0,0,0,0,0,0,0,0,0,0,0,0,0,0,0,0,,,0,0,0,0,0,0,0,0,0,0,0,0,,,,0,0,0,0,0,0,0,,0,0,0,0,0,0.0,0.0
00-0034355,M.Stewart,M.J. Stewart,SAF,DB,"https://static.www.nfl.com/image/upload/f_auto,q_auto/league/ks5w5s7jghanmslipbfs",2025,3,REG,HOU,JAX,0,0,0,0,0,0,0,0,0,0,0,0,,,0,,0,0,0,0,0,0,,0,0,0,0,0,0,0,0,0,0,,0,,0.0,0.0,0.0,0,1,0,0,0,0,0,0.0,0.0,0,0,0,0,0,0,0,0,0,0,0,0,0,0,0,0,0,0,0,0,0,0,0,,,0,0,0,0,0,0,0,0,0,0,0,0,,,,0,0,0,0,0,0,0,,0,0,0,0,0,0.0,0.0
00-0034383,D.Schultz,Dalton Schultz,TE,TE,"https://static.www.nfl.com/image/upload/f_auto,q_auto/league/xbl9mhuamzv5udb4hyzj",2025,3,REG,HOU,JAX,0,0,0,0,0,0,0,0,0,0,0,0,,,0,,0,0,0,0,0,0,,0,5,6,39,0,0,0,37,11,2,1.7792761624929851,0,1.054054054054054,0.16666666666666666,0.1284722222222222,0.3399305555555555,0,1,0,1,0,0,0,0.0,0.0,0,0,0,0,0,0,0,0,0,0,0,0,0,1,5,0,0,0,0,0,0,0,0,,,0,0,0,0,0,0,0,0,0,0,0,0,,,,0,0,0,0,0,0,0,,0,0,0,0,0,3.9000000000000004,8.9
00-0034397,T.Settle,Tim Settle,DT,DL,"https://static.www.nfl.com/image/upload/f_auto,q_auto/league/jhb7b9b6r8yybbltih4v",2025,3,REG,HOU,JAX,0,0,0,0,0,0,0,0,0,0,0,0,,,0,,0,0,0,0,0,0,,0,0,0,0,0,0,0,0,0,0,,0,,0.0,0.0,0.0,0,1,0,0,1,1,0,0.0,0.0,0,0,0,1,0,0,0,0,0,0,0,0,0,0,0,0,0,0,0,0,0,0,0,,,0,0,0,0,0,0,0,0,0,0,0,0,,,,0,0,0,0,0,0,0,,0,0,0,0,0,0.0,0.0
00-0034775,C.Kirk,Christian Kirk,WR,WR,"https://static.www.nfl.com/image/upload/f_auto,q_auto/league/bugikrmfz5k4jvyaogza",2025,3,REG,HOU,JAX,0,0,0,0,0,0,0,0,0,0,0,0,,,0,,0,0,0,0,0,0,,0,3,8,25,0,0,0,98,20,2,-7.796333823003806,0,0.25510204081632654,0.2222222222222222,0.3402777777777778,0.5715277777777777,0,0,0,0,0,0,0,0.0,0.0,0,0,0,0,0,0,0,0,0,0,0,0,0,0,0,0,0,0,0,0,0,0,0,,,0,0,0,0,0,0,0,0,0,0,0,0,,,,0,0,0,0,0,0,0,,0,0,0,0,0,2.5,5.5
00-0034791,N.Chubb,Nick Chubb,RB,RB,"https://static.www.nfl.com/image/upload/f_auto,q_auto/league/h5y74trx6l8ivpkbmrkt",2025,3,REG,HOU,JAX,0,0,0,0,0,0,0,0,0,0,0,0,,,0,,9,38,0,0,0,1,-1.0830672279116698,0,3,4,2,0,0,0,-7,4,0,-1.7884975471533835,0,-0.2857142857142857,0.1111111111111111,-0.024305555555555556,0.14965277777777777,0,0,0,0,0,0,0,0.0,0.0,0,0,0,0,0,0,0,0,0,0,0,0,0,0,0,0,0,0,0,0,0,0,0,,,0,0,0,0,0,0,0,0,0,0,0,0,,,,0,0,0,0,0,0,0,,0,0,0,0,0,4.0,7.0
00-0034987,E.Speed,E.J. Speed,LB,LB,"https://static.www.nfl.com/image/upload/f_auto,q_auto/league/lpqe7elzi8tbt8rjzozd",2025,3,REG,HOU,JAX,0,0,0,0,0,0,0,0,0,0,0,0,,,0,,0,0,0,0,0,0,,0,0,0,0,0,0,0,0,0,0,,0,,0.0,0.0,0.0,0,2,0,3,0,0,0,0.0,0.0,0,0,0,0,0,0,0,0,0,0,0,0,0,0,0,0,0,0,0,0,0,0,0,,,0,0,0,0,0,0,0,0,0,0,0,0,,,,0,0,0,0,0,0,0,,0,0,0,0,0,0.0,0.0
00-0035166,A.Al-Shaair,Azeez Al-Shaair,LB,LB,"https://static.www.nfl.com/image/upload/f_auto,q_auto/league/gtnnl92squxvzhhydeq8",2025,3,REG,HOU,JAX,0,0,0,0,0,0,0,0,0,0,0,0,,,0,,0,0,0,0,0,0,,0,0,0,0,0,0,0,0,0,0,,0,,0.0,0.0,0.0,0,4,0,4,0,0,0,0.0,0.0,0,0,0,0,0,0,0,0,0,0,0,0,0,0,0,0,0,0,0,0,0,0,0,,,0,0,0,0,0,0,0,0,0,0,0,0,,,,0,0,0,0,0,0,0,,0,0,0,0,0,0.0,0.0
00-0035234,T.Howard,Tytus Howard,OT,OL,"https://static.www.nfl.com/image/upload/f_auto,q_auto/league/dsxhasekno62of0prulo",2025,3,REG,HOU,JAX,0,0,0,0,0,0,0,0,0,0,0,0,,,0,,0,0,0,0,0,0,,0,0,0,0,0,0,0,0,0,0,,0,,0.0,0.0,0.0,0,0,0,0,0,0,0,0.0,0.0,0,0,0,0,0,0,0,0,0,0,0,0,0,1,5,0,0,0,0,0,0,0,0,,,0,0,0,0,0,0,0,0,0,0,0,0,,,,0,0,0,0,0,0,0,,0,0,0,0,0,0.0,0.0
00-0035253,C.Gardner-Johnson,C.J. Gardner-Johnson,SAF,DB,"https://static.www.nfl.com/image/upload/f_auto,q_auto/league/h0fki8vjaxmtndolcsqf",2025,3,REG,HOU,JAX,0,0,0,0,0,0,0,0,0,0,0,0,,,0,,0,0,0,0,0,0,,0,0,0,0,0,0,0,0,0,0,,0,,0.0,0.0,0.0,0,3,0,2,0,0,0,0.0,0.0,0,0,0,0,0,0,0,0,0,0,0,0,0,0,0,0,0,0,0,0,0,0,0,,,0,0,0,0,0,0,0,0,0,0,0,0,,,,0,0,0,0,0,0,0,,0,0,0,0,0,0.0,0.0
00-0035726,J.Johnson,Jakob Johnson,RB,RB,"https://static.www.nfl.com/image/upload/f_auto,q_auto/league/awuzhbfuubbmxzxxdtsb",2025,3,REG,HOU,JAX,0,0,0,0,0,0,0,0,0,0,0,0,,,0,,0,0,0,0,0,0,,0,0,0,0,0,0,0,0,0,0,,0,,0.0,0.0,0.0,0,1,0,0,0,0,0,0.0,0.0,0,0,0,0,0,0,0,0,0,0,0,0,0,0,0,0,0,0,0,0,0,0,0,,,0,0,0,0,0,0,0,0,0,0,0,0,,,,0,0,0,0,0,0,0,,0,0,0,0,0,0.0,0.0
00-0035889,T.Townsend,Tommy Townsend,P,SPEC,"https://static.www.nfl.com/image/upload/f_auto,q_auto/league/r0i19wiyrxqeyssd65ac",2025,3,REG,HOU,JAX,0,0,0,0,0,0,0,0,0,0,0,0,,,0,,0,0,0,0,0,0,,0,0,0,0,0,0,0,0,0,0,,0,,0.0,0.0,0.0,0,0,0,0,0,0,0,0.0,0.0,0,0,0,0,0,0,0,0,0,0,0,0,0,0,0,0,0,0,0,0,0,0,0,,,0,0,0,0,0,0,0,0,0,0,0,0,,,,0,0,0,0,0,0,0,,0,0,0,0,0,0.0,0.0
00-0036554,N.Collins,Nico Collins,WR,WR,"https://static.www.nfl.com/image/upload/f_auto,q_auto/league/osmqyvmib3pssxi6cyic",2025,3,REG,HOU,JAX,0,0,0,0,0,0,0,0,0,0,0,0,,,0,,0,0,0,0,0,0,,0,8,11,104,1,1,1,139,34,3,3.967344638775103,0,0.7482014388489209,0.3055555555555556,0.4826388888888889,0.7961805555555556,0,0,0,0,0,0,0,0.0,0.0,0,0,0,0,0,0,0,0,0,0,0,0,0,0,0,0,0,0,0,0,0,0,0,,,0,0,0,0,0,0,0,0,0,0,0,0,,,,0,0,0,0,0,0,0,,0,0,0,0,0,14.399999999999999,22.4
00-0036883,T.Togiai,Tommy Togiai,DT,DL,"https://static.www.nfl.com/image/upload/f_auto,q_auto/league/vq1st1d5nifz8aze1aix",2025,3,REG,HOU,JAX,0,0,0,0,0,0,0,0,0,0,0,0,,,0,,0,0,0,0,0,0,,0,0,0,0,0,0,0,0,0,0,,0,,0.0,0.0,0.0,0,2,0,1,0,0,0,0.0,0.0,0,0,0,0,0,0,0,0,0,0,0,0,0,0,0,0,0,0,0,0,0,0,0,,,0,0,0,0,0,0,0,0,0,0,0,0,,,,0,0,0,0,0,0,0,,0,0,0,0,0,0.0,0.0
00-0037237,D.Stingley,Derek Stingley Jr.,CB,DB,"https://static.www.nfl.com/image/upload/f_auto,q_auto/league/wkzinciyrrmsqdlda8lj",2025,3,REG,HOU,JAX,0,0,0,0,0,0,0,0,0,0,0,0,,,0,,0,0,0,0,0,0,,0,0,0,0,0,0,0,0,0,0,,0,,0.0,0.0,0.0,0,0,0,0,0,0,0,0.0,0.0,0,0,0,1,0,0,0,0,0,0,0,0,0,1,11,0,0,0,0,0,0,0,0,,,0,0,0,0,0,0,0,0,0,0,0,0,,,,0,0,0,0,0,0,0,,0,0,0,0,0,0.0,0.0
00-0037246,J.Pitre,Jalen Pitre,SAF,DB,"https://static.www.nfl.com/image/upload/f_auto,q_auto/league/nq8a3zanbbjoihquklor",2025,3,REG,HOU,JAX,0,0,0,0,0,0,0,0,0,0,0,0,,,0,,0,0,0,0,0,0,,0,0,0,0,0,0,0,0,0,0,,0,,0.0,0.0,0.0,0,3,0,0,0,0,0,0.0,0.0,0,1,0,3,0,0,0,0,0,0,0,0,0,0,0,0,0,0,0,0,0,0,0,,,0,0,0,0,0,0,0,0,0,0,0,0,,,,0,0,0,0,0,0,0,,0,0,0,0,0,0.0,0.0
00-0037457,J.Hansen,Jake Hansen,LB,LB,"https://static.www.nfl.com/image/upload/f_auto,q_auto/league/x63vwyjtybkdrulfmr2j",2025,3,REG,HOU,JAX,0,0,0,0,0,0,0,0,0,0,0,0,,,0,,0,0,0,0,0,0,,0,0,0,0,0,0,0,0,0,0,,0,,0.0,0.0,0.0,0,0,0,1,0,0,0,0.0,0.0,0,0,0,0,0,0,0,0,0,0,0,0,0,0,0,0,0,0,0,0,0,0,0,,,0,0,0,0,0,0,0,0,0,0,0,0,,,,0,0,0,0,0,0,0,,0,0,0,0,0,0.0,0.0
00-0037823,C.Harris,Christian Harris,LB,LB,"https://static.www.nfl.com/image/upload/f_auto,q_auto/league/vu59vuwhkncfc8gtsjq4",2025,3,REG,HOU,JAX,0,0,0,0,0,0,0,0,0,0,0,0,,,0,,0,0,0,0,0,0,,0,0,0,0,0,0,0,0,0,0,,0,,0.0,0.0,0.0,0,1,0,0,0,0,0,0.0,0.0,0,0,0,1,0,0,0,0,0,0,0,0,0,0,0,0,0,0,0,0,0,0,0,,,0,0,0,0,0,0,0,0,0,0,0,0,,,,0,0,0,0,0,0,0,,0,0,0,0,0,0.0,0.0
00-0038599,H.To'oTo'o,Henry To'oTo'o,LB,LB,"https://static.www.nfl.com/image/upload/f_auto,q_auto/league/epsdr0zqlm2vrhizwama",2025,3,REG,HOU,JAX,0,0,0,0,0,0,0,0,0,0,0,0,,,0,,0,0,0,0,0,0,,0,0,0,0,0,0,0,0,0,0,,0,,0.0,0.0,0.0,0,3,0,1,0,0,0,0.0,0.0,0,0,0,0,0,0,0,0,0,0,0,0,0,0,0,0,0,0,0,0,0,0,0,,,0,0,0,0,0,0,0,0,0,0,0,0,,,,0,0,0,0,0,0,0,,0,0,0,0,0,0.0,0.0
00-0038618,X.Hutchinson,Xavier Hutchinson,WR,WR,"https://static.www.nfl.com/image/upload/f_auto,q_auto/league/hv3mfhadliph08b4pl4s",2025,3,REG,HOU,JAX,0,0,0,0,0,0,0,0,0,0,0,0,,,0,,0,0,0,0,0,0,,0,3,3,16,0,0,0,9,7,0,-0.1470073948148638,0,1.7777777777777777,0.08333333333333333,0.03125,0.146875,0,1,0,1,0,0,0,0.0,0.0,0,0,0,0,0,0,0,0,0,0,0,0,0,0,0,0,0,0,0,0,0,0,0,,,0,0,0,0,0,0,0,0,0,0,0,0,,,,0,0,0,0,0,0,0,,0,0,0,0,0,1.6,4.6
00-0039009,D.Horton,Dylan Horton,DE,DL,"https://static.www.nfl.com/image/upload/f_auto,q_auto/league/ocqc1uhsjinyou8klloj",2025,3,REG,HOU,JAX,0,0,0,0,0,0,0,0,0,0,0,0,,,0,,0,0,0,0,0,0,,0,0,0,0,0,0,0,0,0,0,,0,,0.0,0.0,0.0,0,2,0,1,0,0,0,0.5,2.0,1,0,0,0,0,0,0,0,0,0,0,0,0,0,0,0,0,0,0,0,0,0,0,,,0,0,0,0,0,0,0,0,0,0,0,0,,,,0,0,0,0,0,0,0,,0,0,0,0,0,0.0,0.0
00-0039108,W.Anderson,Will Anderson Jr.,DE,DL,"https://static.www.nfl.com/image/upload/f_auto,q_auto/league/ar9k2r2btzzb10zc0xja",2025,3,REG,HOU,JAX,0,0,0,0,0,0,0,0,0,0,0,0,,,0,,0,0,0,0,0,0,,0,0,0,0,0,0,0,0,0,0,,0,,0.0,0.0,0.0,0,3,0,1,1,13,0,1.0,13.0,2,0,0,0,0,0,0,0,0,0,0,0,0,0,0,0,0,0,0,0,0,0,0,,,0,0,0,0,0,0,0,0,0,0,0,0,,,,0,0,0,0,0,0,0,,0,0,0,0,0,0.0,0.0
00-0039163,C.Stroud,C.J. Stroud,QB,QB,"https://static.www.nfl.com/image/upload/f_auto,q_auto/league/tt4zrtxlhifaljhj0rn7",2025,3,REG,HOU,JAX,25,38,204,1,2,2,-20,0,0,288,91,8,-4.190346033706602,1.464213016960356,0,0.7083333333333334,4,22,0,0,0,1,0.5001627132296562,0,0,0,0,0,0,0,0,0,0,,0,,0.0,0.0,0.0,0,0,0,0,0,0,0,0.0,0.0,0,0,0,0,0,0,0,0,0,0,0,0,0,0,0,0,0,0,0,0,0,0,0,,,0,0,0,0,0,0,0,0,0,0,0,0,,,,0,0,0,0,0,0,0,,0,0,0,0,0,10.36,10.36
00-0039343,K.Lassiter,Kamari Lassiter,CB,DB,"https://static.www.nfl.com/image/upload/f_auto,q_auto/league/ats8cbxfzajzvwyzwsjb",2025,3,REG,HOU,JAX,0,0,0,0,0,0,0,0,0,0,0,0,,,0,,0,0,0,0,0,0,,0,0,0,0,0,0,0,0,0,0,,0,,0.0,0.0,0.0,0,5,0,0,0,0,0,0.0,0.0,0,0,0,0,0,0,0,0,0,0,0,0,0,0,0,0,0,0,0,0,0,0,0,,,0,0,0,0,0,0,0,0,0,0,0,0,,,,0,0,0,0,0,0,0,,0,0,0,0,0,0.0,0.0
00-0039838,C.Bullock,Calen Bullock,SAF,DB,"https://static.www.nfl.com/image/upload/f_auto,q_auto/league/vmntsl9qah1vffuguarz",2025,3,REG,HOU,JAX,0,0,0,0,0,0,0,0,0,0,0,0,,,0,,0,0,0,0,0,0,,0,0,0,0,0,0,0,0,0,0,,0,,0.0,0.0,0.0,0,2,0,1,0,0,0,0.0,0.0,0,0,0,1,0,0,0,0,0,0,0,0,0,0,0,0,0,0,0,0,0,0,0,,,0,0,0,0,0,0,0,0,0,0,0,0,,,,0,0,0,0,0,0,0,,0,0,0,0,0,0.0,0.0
00-0040130,J.Higgins,Jayden Higgins,WR,WR,"https://static.www.nfl.com/image/upload/f_auto,q_auto/league/wrdw1u4onrmfuuluuipk",2025,3,REG,HOU,JAX,0,0,0,0,0,0,0,0,0,0,0,0,,,0,,0,0,0,0,0,0,,0,1,1,5,0,0,0,5,0,1,0.7252379732672125,0,1.0,0.027777777777777776,0.017361111111111112,0.05381944444444444,0,0,0,0,0,0,0,0.0,0.0,0,0,0,0,0,0,0,0,0,0,0,0,0,0,0,0,0,0,0,0,0,0,0,,,0,0,0,0,0,0,0,0,0,0,0,0,,,,0,0,0,0,0,0,0,,0,0,0,0,0,0.5,1.5
00-0040138,J.Noel,Jaylin Noel,WR,WR,"https://static.www.nfl.com/image/upload/f_auto,q_auto/league/dajbyvtsggwqinlijxnf",2025,3,REG,HOU,JAX,0,0,0,0,0,0,0,0,0,0,0,0,,,0,,0,0,0,0,0,0,,0,1,1,4,0,0,0,-4,8,0,-0.2522777244448662,0,0.0,0.027777777777777776,-0.013888888888888888,0.03194444444444444,0,0,0,0,0,0,0,0.0,0.0,0,0,0,0,0,0,0,0,0,0,0,0,0,0,0,2,11,2,53,0,0,0,0,,,0,0,0,0,0,0,0,0,0,0,0,0,,,,0,0,0,0,0,0,0,,0,0,0,0,0,0.4,1.4
00-0040583,W.Marks,Woody Marks,RB,RB,"https://static.www.nfl.com/image/upload/f_auto,q_auto/league/pwvxisrnjitkkghkfcn3",2025,3,REG,HOU,JAX,0,0,0,0,0,0,0,0,0,0,0,0,,,0,,6,27,0,0,0,1,-2.799459923640825,0,1,2,9,0,0,0,-1,7,0,-0.5581928425591727,0,-9.0,0.05555555555555555,-0.003472222222222222,0.08090277777777777,0,0,0,0,0,0,0,0.0,0.0,0,0,0,0,0,0,0,0,0,0,0,0,0,0,0,0,0,0,0,0,0,0,0,,,0,0,0,0,0,0,0,0,0,0,0,0,,,,0,0,0,0,0,0,0,,0,0,0,0,0,3.6,4.6
00-0040745,A.Ersery,Aireontae Ersery,OT,OL,"https://static.www.nfl.com/image/upload/f_auto,q_auto/league/nvdycakgyrk5nllug02b",2025,3,REG,HOU,JAX,0,0,0,0,0,0,0,0,0,0,0,0,,,0,,0,0,0,0,0,0,,0,0,0,0,0,0,0,0,0,0,,0,,0.0,0.0,0.0,0,0,0,0,0,0,0,0.0,0.0,0,0,0,0,0,0,0,0,0,0,0,0,0,2,25,0,0,0,0,0,0,0,0,,,0,0,0,0,0,0,0,0,0,0,0,0,,,,0,0,0,0,0,0,0,,0,0,0,0,0,0.0,0.0
