player_id,player_name,player_display_name,position,position_group,headshot_url,season,week,season_type,team,opponent_team,completions,attempts,passing_yards,passing_tds,passing_interceptions,sacks_suffered,sack_yards_lost,sack_fumbles,sack_fumbles_lost,passing_air_yards,passing_yards_after_catch,passing_first_downs,passing_epa,passing_cpoe,passing_2pt_conversions,pacr,carries,rushing_yards,rushing_tds,rushing_fumbles,rushing_fumbles_lost,rushing_first_downs,rushing_epa,rushing_2pt_conversions,receptions,targets,receiving_yards,receiving_tds,receiving_fumbles,receiving_fumbles_lost,receiving_air_yards,receiving_yards_after_catch,receiving_first_downs,receiving_epa,receiving_2pt_conversions,racr,target_share,air_yards_share,wopr,special_teams_tds,def_tackles_solo,def_tackles_with_assist,def_tackle_assists,def_tackles_for_loss,def_tackles_for_loss_yards,def_fumbles_forced,def_sacks,def_sack_yards,def_qb_hits,def_interceptions,def_interception_yards,def_pass_defended,def_tds,def_fumbles,def_safeties,misc_yards,fumble_recovery_own,fumble_recovery_yards_own,fumble_recovery_opp,fumble_recovery_yards_opp,fumble_recovery_tds,penalties,penalty_yards,punt_returns,punt_return_yards,kickoff_returns,kickoff_return_yards,fg_made,fg_att,fg_missed,fg_blocked,fg_long,fg_pct,fg_made_0_19,fg_made_20_29,fg_made_30_39,fg_made_40_49,fg_made_50_59,fg_made_60_,fg_missed_0_19,fg_missed_20_29,fg_missed_30_39,fg_missed_40_49,fg_missed_50_59,fg_missed_60_,fg_made_list,fg_missed_list,fg_blocked_list,fg_made_distance,fg_missed_distance,fg_blocked_distance,pat_made,pat_att,pat_missed,pat_blocked,pat_pct,gwfg_made,gwfg_att,gwfg_missed,gwfg_blocked,gwfg_distance,fantasy_points,fantasy_points_ppr
00-0026858,G.Gano,Graham Gano,K,SPEC,"https://static.www.nfl.com/image/upload/f_auto,q_auto/league/wp5wochy7uuqcgyjcrrd",2025,1,REG,NYG,WAS,0,0,0,0,0,0,0,0,0,0,0,0,,,0,,0,0,0,0,0,0,,0,0,0,0,0,0,0,0,0,0,,0,,0.0,0.0,0.0,0,0,0,0,0,0,0,0.0,0.0,0,0,0,0,0,0,0,0,0,0,0,0,0,0,0,0,0,0,0,2,2,0,0,55.0,1.0,0,1,0,0,1,0,0,0,0,0,0,0,21;55,,,76,0,0,0,0,0,0,,0,0,0,0,0,0.0,0.0
00-0029263,R.Wilson,Russell Wilson,QB,QB,"https://static.www.nfl.com/image/upload/f_auto,q_auto/league/vkstxj0evgkjiycu4glc",2025,1,REG,NYG,WAS,17,37,168,0,0,2,-11,0,0,226,84,9,-11.39383654077999,-13.457901123911142,0,0.7433628318584071,8,44,0,1,0,3,2.0431199607555754,0,0,0,0,0,0,0,0,0,0,,0,,0.0,0.0,0.0,0,0,0,0,0,0,0,0.0,0.0,0,0,0,0,0,0,0,0,1,1,0,0,0,0,0,0,0,0,0,0,0,0,0,,,0,0,0,0,0,0,0,0,0,0,0,0,,,,0,0,0,0,0,0,0,,0,0,0,0,0,11.120000000000001,11.120000000000001
00-0031957,R.Nunez-Roches,Rakeem Nunez-Roches,DT,DL,"https://static.www.nfl.com/image/upload/f_auto,q_auto/league/iugbhtbumlnt3nb8wqmi",2025,1,REG,NYG,WAS,0,0,0,0,0,0,0,0,0,0,0,0,,,0,,0,0,0,0,0,0,,0,0,0,0,0,0,0,0,0,0,,0,,0.0,0.0,0.0,0,0,0,1,0,0,0,0.0,0.0,0,0,0,0,0,0,0,0,0,0,0,0,0,1,5,0,0,0,0,0,0,0,0,,,0,0,0,0,0,0,0,0,0,0,0,0,,,,0,0,0,0,0,0,0,,0,0,0,0,0,0.0,0.0
00-0032667,R.Robertson-Harris,Roy Robertson-Harris,DE,DL,"https://static.www.nfl.com/image/upload/f_auto,q_auto/league/lu3nlgnkltamn4jtdbtg",2025,1,REG,NYG,WAS,0,0,0,0,0,0,0,0,0,0,0,0,,,0,,0,0,0,0,0,0,,0,0,0,0,0,0,0,0,0,0,,0,,0.0,0.0,0.0,0,0,0,2,0,0,0,0.0,0.0,0,0,0,0,0,0,0,0,0,0,0,0,0,0,0,0,0,0,0,0,0,0,0,,,0,0,0,0,0,0,0,0,0,0,0,0,,,,0,0,0,0,0,0,0,,0,0,0,0,0,0.0,0.0
00-0033290,J.Eluemunor,Jermaine Eluemunor,G,OL,"https://static.www.nfl.com/image/upload/f_auto,q_auto/league/xqlquhcisz9ykfedvele",2025,1,REG,NYG,WAS,0,0,0,0,0,0,0,0,0,0,0,0,,,0,,0,0,0,0,0,0,,0,0,0,0,0,0,0,0,0,0,,0,,0.0,0.0,0.0,0,0,0,0,0,0,0,0.0,0.0,0,0,0,0,0,0,0,0,0,0,0,0,0,2,10,0,0,0,0,0,0,0,0,,,0,0,0,0,0,0,0,0,0,0,0,0,,,,0,0,0,0,0,0,0,,0,0,0,0,0,0.0,0.0
00-0035042,J.Gillan,Jamie Gillan,P,SPEC,"https://static.www.nfl.com/image/upload/f_auto,q_auto/league/kxwddoiqqghc1kxaajco",2025,1,REG,NYG,WAS,0,0,0,0,0,0,0,0,0,0,0,0,,,0,,0,0,0,0,0,0,,0,0,0,0,0,0,0,0,0,0,,0,,0.0,0.0,0.0,0,0,0,0,0,0,0,0.0,0.0,0,0,0,0,0,0,0,0,0,0,0,0,0,0,0,0,0,0,0,0,0,0,0,,,0,0,0,0,0,0,0,0,0,0,0,0,,,,0,0,0,0,0,0,0,,0,0,0,0,0,0.0,0.0
00-0035250,D.Singletary,Devin Singletary,RB,RB,"https://static.www.nfl.com/image/upload/f_auto,q_auto/league/wqw8ee4nsxsisqb3bagw",2025,1,REG,NYG,WAS,0,0,0,0,0,0,0,0,0,0,0,0,,,0,,3,9,0,0,0,0,-0.3419777057133615,0,0,0,0,0,0,0,0,0,0,,0,,0.0,0.0,0.0,0,0,0,0,0,0,0,0.0,0.0,0,0,0,0,0,0,0,0,0,0,0,0,0,0,0,0,0,0,0,0,0,0,0,,,0,0,0,0,0,0,0,0,0,0,0,0,,,,0,0,0,0,0,0,0,,0,0,0,0,0,0.9,0.9
00-0035535,D.Slayton,Darius Slayton,WR,WR,"https://static.www.nfl.com/image/upload/f_auto,q_auto/league/fyjkvaekv40jn72d0b3q",2025,1,REG,NYG,WAS,0,0,0,0,0,0,0,0,0,0,0,0,,,0,,0,0,0,0,0,0,,0,0,1,0,0,0,0,16,0,0,-0.49697030894458294,0,0.0,0.03125,0.07079646017699115,0.0964325221238938,0,0,0,0,0,0,0,0.0,0.0,0,0,0,0,0,0,0,0,0,0,0,0,0,0,0,0,0,0,0,0,0,0,0,,,0,0,0,0,0,0,0,0,0,0,0,0,,,,0,0,0,0,0,0,0,,0,0,0,0,0,0.0,0.0
00-0035645,G.Olszewski,Gunner Olszewski,WR,WR,"https://static.www.nfl.com/image/upload/f_auto,q_auto/league/q6fs5e2eotgeh47xeo74",2025,1,REG,NYG,WAS,0,0,0,0,0,0,0,0,0,0,0,0,,,0,,0,0,0,0,0,0,,0,0,0,0,0,0,0,0,0,0,,0,,0.0,0.0,0.0,0,0,0,0,0,0,0,0.0,0.0,0,0,0,0,0,0,0,0,0,0,0,0,0,0,0,3,24,0,0,0,0,0,0,,,0,0,0,0,0,0,0,0,0,0,0,0,,,,0,0,0,0,0,0,0,,0,0,0,0,0,0.0,0.0
00-0035683,D.Lawrence,Dexter Lawrence,DT,DL,"https://static.www.nfl.com/image/upload/f_auto,q_auto/league/t204hku4pnzartvixi2m",2025,1,REG,NYG,WAS,0,0,0,0,0,0,0,0,0,0,0,0,,,0,,0,0,0,0,0,0,,0,0,0,0,0,0,0,0,0,0,,0,,0.0,0.0,0.0,0,0,0,3,0,0,0,0.0,0.0,0,0,0,0,0,0,0,0,0,0,0,0,0,0,0,0,0,0,0,0,0,0,0,,,0,0,0,0,0,0,0,0,0,0,0,0,,,,0,0,0,0,0,0,0,,0,0,0,0,0,0.0,0.0
00-0035687,B.Okereke,Bobby Okereke,ILB,LB,"https://static.www.nfl.com/image/upload/f_auto,q_auto/league/q5gc9nwmikqcyza7m3ku",2025,1,REG,NYG,WAS,0,0,0,0,0,0,0,0,0,0,0,0,,,0,,0,0,0,0,0,0,,0,0,0,0,0,0,0,0,0,0,,0,,0.0,0.0,0.0,0,7,0,9,0,0,0,0.0,0.0,0,0,0,0,0,0,0,0,0,0,0,0,0,0,0,0,0,0,0,0,0,0,0,,,0,0,0,0,0,0,0,0,0,0,0,0,,,,0,0,0,0,0,0,0,,0,0,0,0,0,0.0,0.0
00-0035713,B.Burns,Brian Burns,LB,LB,"https://static.www.nfl.com/image/upload/f_auto,q_auto/league/glmrmpqkmsc0jiyicmlg",2025,1,REG,NYG,WAS,0,0,0,0,0,0,0,0,0,0,0,0,,,0,,0,0,0,0,0,0,,0,0,0,0,0,0,0,0,0,0,,0,,0.0,0.0,0.0,0,2,0,4,2,10,0,2.0,10.0,2,0,0,0,0,0,0,0,0,0,0,0,0,0,0,0,0,0,0,0,0,0,0,,,0,0,0,0,0,0,0,0,0,0,0,0,,,,0,0,0,0,0,0,0,,0,0,0,0,0,0.0,0.0
00-0036866,J.Hudson,James Hudson,OT,OL,"https://static.www.nfl.com/image/upload/f_auto,q_auto/league/awncy5wgubdzptt9ici9",2025,1,REG,NYG,WAS,0,0,0,0,0,0,0,0,0,0,0,0,,,0,,0,0,0,0,0,0,,0,0,0,0,0,0,0,0,0,0,,0,,0.0,0.0,0.0,0,0,0,0,0,0,0,0.0,0.0,0,0,0,0,0,0,0,0,0,0,0,0,0,1,10,0,0,0,0,0,0,0,0,,,0,0,0,0,0,0,0,0,0,0,0,0,,,,0,0,0,0,0,0,0,,0,0,0,0,0,0.0,0.0
00-0036937,P.Adebo,Paulson Adebo,CB,DB,"https://static.www.nfl.com/image/upload/f_auto,q_auto/league/syndlzqvjmmeplufohl8",2025,1,REG,NYG,WAS,0,0,0,0,0,0,0,0,0,0,0,0,,,0,,0,0,0,0,0,0,,0,0,0,0,0,0,0,0,0,0,,0,,0.0,0.0,0.0,0,6,0,1,0,0,0,0.0,0.0,0,0,0,1,0,0,0,0,0,0,0,0,0,0,0,0,0,0,0,0,0,0,0,,,0,0,0,0,0,0,0,0,0,0,0,0,,,,0,0,0,0,0,0,0,,0,0,0,0,0,0.0,0.0
00-0036998,J.Holland,Jevon Holland,SAF,DB,"https://static.www.nfl.com/image/upload/f_auto,q_auto/league/zuvtkp7vhs3iqvpj9nen",2025,1,REG,NYG,WAS,0,0,0,0,0,0,0,0,0,0,0,0,,,0,,0,0,0,0,0,0,,0,0,0,0,0,0,0,0,0,0,,0,,0.0,0.0,0.0,0,3,0,5,0,0,0,0.0,0.0,0,0,0,1,0,0,0,0,0,0,0,0,0,1,5,0,0,0,0,0,0,0,0,,,0,0,0,0,0,0,0,0,0,0,0,0,,,,0,0,0,0,0,0,0,,0,0,0,0,0,0.0,0.0
00-0037051,E.Garcia,Elijah Garcia,DE,DL,"https://static.www.nfl.com/image/upload/f_auto,q_auto/league/vygbzd5tl09jzhyjyiyh",2025,1,REG,NYG,WAS,0,0,0,0,0,0,0,0,0,0,0,0,,,0,,0,0,0,0,0,0,,0,0,0,0,0,0,0,0,0,0,,0,,0.0,0.0,0.0,0,1,0,0,0,0,0,0.0,0.0,0,0,0,0,0,0,0,0,0,0,0,0,0,0,0,0,0,0,0,0,0,0,0,,,0,0,0,0,0,0,0,0,0,0,0,0,,,,0,0,0,0,0,0,0,,0,0,0,0,0,0.0,0.0
00-0037259,M.McFadden,Micah McFadden,LB,LB,"https://static.www.nfl.com/image/upload/f_auto,q_auto/league/a5tbqialvnrvrvntreuj",2025,1,REG,NYG,WAS,0,0,0,0,0,0,0,0,0,0,0,0,,,0,,0,0,0,0,0,0,,0,0,0,0,0,0,0,0,0,0,,0,,0.0,0.0,0.0,0,2,0,1,0,0,0,0.0,0.0,1,0,0,0,0,0,0,0,0,0,0,0,0,0,0,0,0,0,0,0,0,0,0,,,0,0,0,0,0,0,0,0,0,0,0,0,,,,0,0,0,0,0,0,0,,0,0,0,0,0,0.0,0.0
00-0037611,K.Thibodeaux,Kayvon Thibodeaux,LB,LB,"https://static.www.nfl.com/image/upload/f_auto,q_auto/league/dbu5kzu0gwuszwd81dcz",2025,1,REG,NYG,WAS,0,0,0,0,0,0,0,0,0,0,0,0,,,0,,0,0,0,0,0,0,,0,0,0,0,0,0,0,0,0,0,,0,,0.0,0.0,0.0,0,0,1,1,1,4,0,0.5,5.5,1,0,0,0,0,0,0,0,0,0,0,0,0,0,0,0,0,0,0,0,0,0,0,,,0,0,0,0,0,0,0,0,0,0,0,0,,,,0,0,0,0,0,0,0,,0,0,0,0,0,0.0,0.0
00-0037758,C.Flott,Cordale Flott,CB,DB,"https://static.www.nfl.com/image/upload/f_auto,q_auto/league/dk8b5dpa5fflut1j4ynl",2025,1,REG,NYG,WAS,0,0,0,0,0,0,0,0,0,0,0,0,,,0,,0,0,0,0,0,0,,0,0,0,0,0,0,0,0,0,0,,0,,0.0,0.0,0.0,0,1,0,1,0,0,0,0.0,0.0,0,0,0,1,0,0,0,0,0,0,0,0,0,0,0,0,0,0,0,0,0,0,0,,,0,0,0,0,0,0,0,0,0,0,0,0,,,,0,0,0,0,0,0,0,,0,0,0,0,0,0.0,0.0
00-0038115,D.Bellinger,Daniel Bellinger,TE,TE,"https://static.www.nfl.com/image/upload/f_auto,q_auto/league/hu3gywcwp2rlsefvawh1",2025,1,REG,NYG,WAS,0,0,0,0,0,0,0,0,0,0,0,0,,,0,,0,0,0,0,0,0,,0,1,1,14,0,0,0,14,0,1,2.393617668392835,0,1.0,0.03125,0.061946902654867256,0.09023783185840709,0,0,0,0,0,0,0,0.0,0.0,0,0,0,0,0,0,0,0,0,0,0,0,0,0,0,0,0,0,0,0,0,0,0,,,0,0,0,0,0,0,0,0,0,0,0,0,,,,0,0,0,0,0,0,0,,0,0,0,0,0,1.4000000000000001,2.4000000000000004
00-0038117,W.Robinson,Wan'Dale Robinson,WR,WR,"https://static.www.nfl.com/image/upload/f_auto,q_auto/league/yzcvyhmilvxedfjfjglc",2025,1,REG,NYG,WAS,0,0,0,0,0,0,0,0,0,0,0,0,,,0,,0,0,0,0,0,0,,0,6,8,55,0,0,0,25,34,4,1.3861523538362235,0,2.2,0.25,0.11061946902654868,0.4524336283185841,0,0,0,0,0,0,0,0.0,0.0,0,0,0,0,0,0,0,0,0,0,0,0,0,0,0,0,0,2,41,0,0,0,0,,,0,0,0,0,0,0,0,0,0,0,0,0,,,,0,0,0,0,0,0,0,,0,0,0,0,0,5.5,11.5
00-0038123,D.Belton,Dane Belton,SAF,DB,"https://static.www.nfl.com/image/upload/f_auto,q_auto/league/dteu26qeqai20d4da21f",2025,1,REG,NYG,WAS,0,0,0,0,0,0,0,0,0,0,0,0,,,0,,0,0,0,0,0,0,,0,0,0,0,0,0,0,0,0,0,,0,,0.0,0.0,0.0,0,2,0,2,0,0,0,0.0,0.0,0,0,0,0,0,0,0,0,0,0,0,0,0,0,0,0,0,0,0,0,0,0,0,,,0,0,0,0,0,0,0,0,0,0,0,0,,,,0,0,0,0,0,0,0,,0,0,0,0,0,0.0,0.0
00-0038986,N.Jones,Nic Jones,CB,DB,"https://static.www.nfl.com/image/upload/f_auto,q_auto/league/y6vbjn7oqj8j5zm94cwx",2025,1,REG,NYG,WAS,0,0,0,0,0,0,0,0,0,0,0,0,,,0,,0,0,0,0,0,0,,0,0,0,0,0,0,0,0,0,0,,0,,0.0,0.0,0.0,0,1,0,0,0,0,0,0.0,0.0,0,0,0,0,0,0,0,0,0,0,0,0,0,0,0,0,0,0,0,0,0,0,0,,,0,0,0,0,0,0,0,0,0,0,0,0,,,,0,0,0,0,0,0,0,,0,0,0,0,0,0.0,0.0
00-0039337,M.Nabers,Malik Nabers,WR,WR,"https://static.www.nfl.com/image/upload/f_auto,q_auto/league/w3edoyyuomqlovvp9ixc",2025,1,REG,NYG,WAS,0,0,0,0,0,0,0,0,0,0,0,0,,,0,,0,0,0,0,0,0,,0,5,12,71,0,0,0,122,24,4,-1.0847371362615377,0,0.5819672131147541,0.375,0.5398230088495575,0.9403761061946903,0,0,0,0,0,0,0,0.0,0.0,0,0,0,0,0,0,0,0,0,0,0,0,0,0,0,0,0,0,0,0,0,0,0,,,0,0,0,0,0,0,0,0,0,0,0,0,,,,0,0,0,0,0,0,0,,0,0,0,0,0,7.1000000000000005,12.100000000000001
00-0039384,T.Tracy,Tyrone Tracy Jr.,RB,RB,"https://static.www.nfl.com/image/upload/f_auto,q_auto/league/b9nje50lohbprf06xoom",2025,1,REG,NYG,WAS,0,0,0,0,0,0,0,0,0,0,0,0,,,0,,10,24,0,0,0,1,-3.0572303901426494,0,2,5,11,0,0,0,-1,9,0,-4.1764441268930295,0,-11.0,0.15625,-0.004424778761061947,0.23127765486725663,0,0,0,0,0,0,0,0.0,0.0,0,0,0,0,0,0,0,0,0,0,0,0,0,0,0,0,0,0,0,0,0,0,0,,,0,0,0,0,0,0,0,0,0,0,0,0,,,,0,0,0,0,0,0,0,,0,0,0,0,0,3.5,5.5
00-0039821,A.Phillips,Andru Phillips,CB,DB,"https://static.www.nfl.com/image/upload/f_auto,q_auto/league/kh3iigah1t49ywg0scb9",2025,1,REG,NYG,WAS,0,0,0,0,0,0,0,0,0,0,0,0,,,0,,0,0,0,0,0,0,,0,0,0,0,0,0,0,0,0,0,,0,,0.0,0.0,0.0,0,3,0,1,0,0,0,0.0,0.0,0,0,0,0,0,0,0,0,0,0,0,0,0,0,0,0,0,0,0,0,0,0,0,,,0,0,0,0,0,0,0,0,0,0,0,0,,,,0,0,0,0,0,0,0,,0,0,0,0,0,0.0,0.0
00-0039829,D.Muasau,Darius Muasau,LB,LB,"https://static.www.nfl.com/image/upload/f_auto,q_auto/league/jp2tinbi0erohx4jdtta",2025,1,REG,NYG,WAS,0,0,0,0,0,0,0,0,0,0,0,0,,,0,,0,0,0,0,0,0,,0,0,0,0,0,0,0,0,0,0,,0,,0.0,0.0,0.0,0,1,0,1,0,0,0,0.0,0.0,0,0,0,0,0,0,0,0,0,0,0,0,0,0,0,0,0,0,0,0,0,0,0,,,0,0,0,0,0,0,0,0,0,0,0,0,,,,0,0,0,0,0,0,0,,0,0,0,0,0,0.0,0.0
00-0039847,T.Johnson,Theo Johnson,TE,TE,"https://static.www.nfl.com/image/upload/f_auto,q_auto/league/naoiheinxogchairenzf",2025,1,REG,NYG,WAS,0,0,0,0,0,0,0,0,0,0,0,0,,,0,,0,0,0,0,0,0,,0,1,3,5,0,0,0,-2,6,0,-2.329213915276341,0,0.0,0.09375,-0.008849557522123894,0.13443030973451328,0,0,0,0,0,0,0,0.0,0.0,0,0,0,0,0,0,0,0,0,0,0,0,0,0,0,0,0,0,0,0,0,0,0,,,0,0,0,0,0,0,0,0,0,0,0,0,,,,0,0,0,0,0,0,0,,0,0,0,0,0,0.5,1.5
00-0039861,T.Nubin,Tyler Nubin,SAF,DB,"https://static.www.nfl.com/image/upload/f_auto,q_auto/league/qsakq172gdexg9js8gs1",2025,1,REG,NYG,WAS,0,0,0,0,0,0,0,0,0,0,0,0,,,0,,0,0,0,0,0,0,,0,0,0,0,0,0,0,0,0,0,,0,,0.0,0.0,0.0,0,1,0,5,0,0,0,0.0,0.0,0,0,0,0,0,0,0,0,0,0,0,0,0,1,5,0,0,0,0,0,0,0,0,,,0,0,0,0,0,0,0,0,0,0,0,0,,,,0,0,0,0,0,0,0,,0,0,0,0,0,0.0,0.0
00-0040677,A.Carter,Abdul Carter,LB,LB,"https://static.www.nfl.com/image/upload/f_auto,q_auto/league/tfchuu4khsh6jarotqga",2025,1,REG,NYG,WAS,0,0,0,0,0,0,0,0,0,0,0,0,,,0,,0,0,0,0,0,0,,0,0,0,0,0,0,0,0,0,0,,0,,0.0,0.0,0.0,0,1,0,2,0,0,0,0.5,5.5,1,0,0,0,0,0,0,0,0,0,0,0,0,0,0,0,0,0,0,0,0,0,0,,,0,0,0,0,0,0,0,0,0,0,0,0,,,,0,0,0,0,0,0,0,,0,0,0,0,0,0.0,0.0
00-0040715,C.Skattebo,Cam Skattebo,RB,RB,"https://static.www.nfl.com/image/upload/f_auto,q_auto/league/vnftthkbvw7ucsqtqjpq",2025,1,REG,NYG,WAS,0,0,0,0,0,0,0,0,0,0,0,0,,,0,,2,-3,0,0,0,0,-2.1997760449303314,0,2,2,12,0,0,0,1,11,0,-0.1069615560118109,0,12.0,0.0625,0.004424778761061947,0.09684734513274336,0,0,0,0,0,0,0,0.0,0.0,0,0,0,0,0,0,0,0,0,0,0,0,0,0,0,0,0,0,0,0,0,0,0,,,0,0,0,0,0,0,0,0,0,0,0,0,,,,0,0,0,0,0,0,0,,0,0,0,0,0,0.9,2.9
00-0026858,G.Gano,Graham Gano,K,SPEC,"https://static.www.nfl.com/image/upload/f_auto,q_auto/league/wp5wochy7uuqcgyjcrrd",2025,2,REG,NYG,DAL,0,0,0,0,0,0,0,0,0,0,0,0,,,0,,0,0,0,0,0,0,,0,0,0,0,0,0,0,0,0,0,,0,,0.0,0.0,0.0,0,0,0,0,0,0,0,0.0,0.0,0,0,0,0,0,0,0,0,0,0,0,0,0,0,0,0,0,0,0,3,3,0,0,38.0,1.0,0,0,3,0,0,0,0,0,0,0,0,0,38;33;33,,,104,0,0,4,4,0,0,1.0,0,0,0,0,0,0.0,0.0
00-0029263,R.Wilson,Russell Wilson,QB,QB,"https://static.www.nfl.com/image/upload/f_auto,q_auto/league/vkstxj0evgkjiycu4glc",2025,2,REG,NYG,DAL,30,41,450,3,1,3,-28,1,0,522,137,15,17.073441614049575,13.416483923792839,0,0.8620689655172413,3,23,0,0,0,1,0.3662356305285357,0,0,0,0,0,0,0,0,0,0,,0,,0.0,0.0,0.0,0,0,0,0,0,0,0,0.0,0.0,0,0,0,0,0,0,0,0,0,0,0,0,0,0,0,0,0,0,0,0,0,0,0,,,0,0,0,0,0,0,0,0,0,0,0,0,,,,0,0,0,0,0,0,0,,0,0,0,0,0,30.3,30.3
00-0032667,R.Robertson-Harris,Roy Robertson-Harris,DE,DL,"https://static.www.nfl.com/image/upload/f_auto,q_auto/league/lu3nlgnkltamn4jtdbtg",2025,2,REG,NYG,DAL,0,0,0,0,0,0,0,0,0,0,0,0,,,0,,0,0,0,0,0,0,,0,0,0,0,0,0,0,0,0,0,,0,,0.0,0.0,0.0,0,0,0,0,0,0,0,0.0,0.0,0,0,0,0,0,0,0,0,0,0,0,0,0,1,15,0,0,0,0,0,0,0,0,,,0,0,0,0,0,0,0,0,0,0,0,0,,,,0,0,0,0,0,0,0,,0,0,0,0,0,0.0,0.0
00-0034787,C.Board,Chris Board,LB,LB,"https://static.www.nfl.com/image/upload/f_auto,q_auto/league/xrhz4xljlfr6cpmfbgjw",2025,2,REG,NYG,DAL,0,0,0,0,0,0,0,0,0,0,0,0,,,0,,0,0,0,0,0,0,,0,0,0,0,0,0,0,0,0,0,,0,,0.0,0.0,0.0,0,2,0,1,0,0,0,0.0,0.0,0,0,0,0,0,0,0,0,0,0,0,0,0,0,0,0,0,0,0,0,0,0,0,,,0,0,0,0,0,0,0,0,0,0,0,0,,,,0,0,0,0,0,0,0,,0,0,0,0,0,0.0,0.0
00-0035042,J.Gillan,Jamie Gillan,P,SPEC,"https://static.www.nfl.com/image/upload/f_auto,q_auto/league/kxwddoiqqghc1kxaajco",2025,2,REG,NYG,DAL,0,0,0,0,0,0,0,0,0,0,0,0,,,0,,0,0,0,0,0,0,,0,0,0,0,0,0,0,0,0,0,,0,,0.0,0.0,0.0,0,0,0,0,0,0,0,0.0,0.0,0,0,0,0,0,0,0,0,0,0,0,0,0,0,0,0,0,0,0,0,0,0,0,,,0,0,0,0,0,0,0,0,0,0,0,0,,,,0,0,0,0,0,0,0,,0,0,0,0,0,0.0,0.0
00-0035250,D.Singletary,Devin Singletary,RB,RB,"https://static.www.nfl.com/image/upload/f_auto,q_auto/league/wqw8ee4nsxsisqb3bagw",2025,2,REG,NYG,DAL,0,0,0,0,0,0,0,0,0,0,0,0,,,0,,1,4,0,0,0,0,-0.25184564385563135,0,1,1,-4,0,0,0,-7,3,0,-0.7753539928235114,0,0.5714285714285714,0.025,-0.013409961685823755,0.02811302681992338,0,0,0,0,0,0,0,0.0,0.0,0,0,0,0,0,0,0,0,0,0,0,0,0,0,0,0,0,0,0,0,0,0,0,,,0,0,0,0,0,0,0,0,0,0,0,0,,,,0,0,0,0,0,0,0,,0,0,0,0,0,0.0,1.0
00-0035535,D.Slayton,Darius Slayton,WR,WR,"https://static.www.nfl.com/image/upload/f_auto,q_auto/league/fyjkvaekv40jn72d0b3q",2025,2,REG,NYG,DAL,0,0,0,0,0,0,0,0,0,0,0,0,,,0,,0,0,0,0,0,0,,0,2,3,61,0,0,0,43,28,1,3.4002862939378247,0,1.4186046511627908,0.075,0.08237547892720307,0.17016283524904213,0,0,0,0,0,0,0,0.0,0.0,0,0,0,0,0,0,0,0,0,0,0,0,0,1,10,0,0,0,0,0,0,0,0,,,0,0,0,0,0,0,0,0,0,0,0,0,,,,0,0,0,0,0,0,0,,0,0,0,0,0,6.1000000000000005,8.100000000000001
00-0035645,G.Olszewski,Gunner Olszewski,WR,WR,"https://static.www.nfl.com/image/upload/f_auto,q_auto/league/q6fs5e2eotgeh47xeo74",2025,2,REG,NYG,DAL,0,0,0,0,0,0,0,0,0,0,0,0,,,0,,0,0,0,0,0,0,,0,0,0,0,0,0,0,0,0,0,,0,,0.0,0.0,0.0,0,0,0,0,0,0,0,0.0,0.0,0,0,0,0,0,0,0,0,0,0,0,0,0,0,0,3,38,1,29,0,0,0,0,,,0,0,0,0,0,0,0,0,0,0,0,0,,,,0,0,0,0,0,0,0,,0,0,0,0,0,0.0,0.0
00-0035683,D.Lawrence,Dexter Lawrence,DT,DL,"https://static.www.nfl.com/image/upload/f_auto,q_auto/league/t204hku4pnzartvixi2m",2025,2,REG,NYG,DAL,0,0,0,0,0,0,0,0,0,0,0,0,,,0,,0,0,0,0,0,0,,0,0,0,0,0,0,0,0,0,0,,0,,0.0,0.0,0.0,0,4,0,0,0,0,0,0.0,0.0,0,0,0,0,0,0,0,0,0,0,0,0,0,0,0,0,0,0,0,0,0,0,0,,,0,0,0,0,0,0,0,0,0,0,0,0,,,,0,0,0,0,0,0,0,,0,0,0,0,0,0.0,0.0
00-0035687,B.Okereke,Bobby Okereke,ILB,LB,"https://static.www.nfl.com/image/upload/f_auto,q_auto/league/q5gc9nwmikqcyza7m3ku",2025,2,REG,NYG,DAL,0,0,0,0,0,0,0,0,0,0,0,0,,,0,,0,0,0,0,0,0,,0,0,0,0,0,0,0,0,0,0,,0,,0.0,0.0,0.0,0,4,0,6,0,0,0,0.0,0.0,1,0,0,1,0,0,0,0,0,0,0,0,0,1,15,0,0,0,0,0,0,0,0,,,0,0,0,0,0,0,0,0,0,0,0,0,,,,0,0,0,0,0,0,0,,0,0,0,0,0,0.0,0.0
00-0035713,B.Burns,Brian Burns,LB,LB,"https://static.www.nfl.com/image/upload/f_auto,q_auto/league/glmrmpqkmsc0jiyicmlg",2025,2,REG,NYG,DAL,0,0,0,0,0,0,0,0,0,0,0,0,,,0,,0,0,0,0,0,0,,0,0,0,0,0,0,0,0,0,0,,0,,0.0,0.0,0.0,0,3,0,0,2,2,0,1.0,1.0,1,0,0,1,0,0,0,0,0,0,0,0,0,0,0,0,0,0,0,0,0,0,0,,,0,0,0,0,0,0,0,0,0,0,0,0,,,,0,0,0,0,0,0,0,,0,0,0,0,0,0.0,0.0
00-0036866,J.Hudson,James Hudson,OT,OL,"https://static.www.nfl.com/image/upload/f_auto,q_auto/league/awncy5wgubdzptt9ici9",2025,2,REG,NYG,DAL,0,0,0,0,0,0,0,0,0,0,0,0,,,0,,0,0,0,0,0,0,,0,0,0,0,0,0,0,0,0,0,,0,,0.0,0.0,0.0,0,0,0,0,0,0,0,0.0,0.0,0,0,0,0,0,0,0,0,0,0,0,0,0,4,40,0,0,0,0,0,0,0,0,,,0,0,0,0,0,0,0,0,0,0,0,0,,,,0,0,0,0,0,0,0,,0,0,0,0,0,0.0,0.0
00-0036937,P.Adebo,Paulson Adebo,CB,DB,"https://static.www.nfl.com/image/upload/f_auto,q_auto/league/syndlzqvjmmeplufohl8",2025,2,REG,NYG,DAL,0,0,0,0,0,0,0,0,0,0,0,0,,,0,,0,0,0,0,0,0,,0,0,0,0,0,0,0,0,0,0,,0,,0.0,0.0,0.0,0,11,0,2,0,0,0,0.0,0.0,0,0,0,1,0,0,0,0,0,0,0,0,0,1,23,0,0,0,0,0,0,0,0,,,0,0,0,0,0,0,0,0,0,0,0,0,,,,0,0,0,0,0,0,0,,0,0,0,0,0,0.0,0.0
00-0036982,C.Golston,Chauncey Golston,DE,DL,"https://static.www.nfl.com/image/upload/f_auto,q_auto/league/sxmy7rxufyanqn2mpsba",2025,2,REG,NYG,DAL,0,0,0,0,0,0,0,0,0,0,0,0,,,0,,0,0,0,0,0,0,,0,0,0,0,0,0,0,0,0,0,,0,,0.0,0.0,0.0,0,2,0,0,0,0,0,0.0,0.0,0,0,0,0,0,0,0,0,0,0,0,0,0,0,0,0,0,0,0,0,0,0,0,,,0,0,0,0,0,0,0,0,0,0,0,0,,,,0,0,0,0,0,0,0,,0,0,0,0,0,0.0,0.0
00-0036998,J.Holland,Jevon Holland,SAF,DB,"https://static.www.nfl.com/image/upload/f_auto,q_auto/league/zuvtkp7vhs3iqvpj9nen",2025,2,REG,NYG,DAL,0,0,0,0,0,0,0,0,0,0,0,0,,,0,,0,0,0,0,0,0,,0,0,0,0,0,0,0,0,0,0,,0,,0.0,0.0,0.0,0,6,0,1,0,0,0,0.0,0.0,0,0,0,0,0,0,0,0,0,0,0,0,0,0,0,0,0,0,0,0,0,0,0,,,0,0,0,0,0,0,0,0,0,0,0,0,,,,0,0,0,0,0,0,0,,0,0,0,0,0,0.0,0.0
00-0037051,E.Garcia,Elijah Garcia,DE,DL,"https://static.www.nfl.com/image/upload/f_auto,q_auto/league/vygbzd5tl09jzhyjyiyh",2025,2,REG,NYG,DAL,0,0,0,0,0,0,0,0,0,0,0,0,,,0,,0,0,0,0,0,0,,0,0,0,0,0,0,0,0,0,0,,0,,0.0,0.0,0.0,0,1,0,0,1,9,0,1.0,9.0,1,0,0,0,0,0,0,0,0,0,0,0,0,0,0,0,0,0,0,0,0,0,0,,,0,0,0,0,0,0,0,0,0,0,0,0,,,,0,0,0,0,0,0,0,,0,0,0,0,0,0.0,0.0
00-0037611,K.Thibodeaux,Kayvon Thibodeaux,LB,LB,"https://static.www.nfl.com/image/upload/f_auto,q_auto/league/dbu5kzu0gwuszwd81dcz",2025,2,REG,NYG,DAL,0,0,0,0,0,0,0,0,0,0,0,0,,,0,,0,0,0,0,0,0,,0,0,0,0,0,0,0,0,0,0,,0,,0.0,0.0,0.0,0,4,0,1,1,8,0,1.0,8.0,2,0,0,1,0,0,0,0,0,0,0,0,0,0,0,0,0,0,0,0,0,0,0,,,0,0,0,0,0,0,0,0,0,0,0,0,,,,0,0,0,0,0,0,0,,0,0,0,0,0,0.0,0.0
00-0037758,C.Flott,Cordale Flott,CB,DB,"https://static.www.nfl.com/image/upload/f_auto,q_auto/league/dk8b5dpa5fflut1j4ynl",2025,2,REG,NYG,DAL,0,0,0,0,0,0,0,0,0,0,0,0,,,0,,0,0,0,0,0,0,,0,0,0,0,0,0,0,0,0,0,,0,,0.0,0.0,0.0,0,1,0,1,0,0,0,0.0,0.0,0,0,0,2,0,0,0,0,0,0,0,0,0,0,0,0,0,0,0,0,0,0,0,,,0,0,0,0,0,0,0,0,0,0,0,0,,,,0,0,0,0,0,0,0,,0,0,0,0,0,0.0,0.0
00-0038115,D.Bellinger,Daniel Bellinger,TE,TE,"https://static.www.nfl.com/image/upload/f_auto,q_auto/league/hu3gywcwp2rlsefvawh1",2025,2,REG,NYG,DAL,0,0,0,0,0,0,0,0,0,0,0,0,,,0,,0,0,0,0,0,0,,0,0,0,0,0,0,0,0,0,0,,0,,0.0,0.0,0.0,0,0,0,0,0,0,0,0.0,0.0,0,0,0,0,0,0,0,0,0,0,0,0,0,1,5,0,0,0,0,0,0,0,0,,,0,0,0,0,0,0,0,0,0,0,0,0,,,,0,0,0,0,0,0,0,,0,0,0,0,0,0.0,0.0
00-0038117,W.Robinson,Wan'Dale Robinson,WR,WR,"https://static.www.nfl.com/image/upload/f_auto,q_auto/league/yzcvyhmilvxedfjfjglc",2025,2,REG,NYG,DAL,0,0,0,0,0,0,0,0,0,0,0,0,,,0,,0,0,0,0,0,0,,0,8,10,142,1,0,0,162,31,5,10.54119138224118,0,0.8765432098765432,0.25,0.3103448275862069,0.5922413793103448,0,0,0,0,0,0,0,0.0,0.0,0,0,0,0,0,0,0,0,0,0,0,0,0,0,0,0,0,0,0,0,0,0,0,,,0,0,0,0,0,0,0,0,0,0,0,0,,,,0,0,0,0,0,0,0,,0,0,0,0,0,20.200000000000003,28.200000000000003
00-0038123,D.Belton,Dane Belton,SAF,DB,"https://static.www.nfl.com/image/upload/f_auto,q_auto/league/dteu26qeqai20d4da21f",2025,2,REG,NYG,DAL,0,0,0,0,0,0,0,0,0,0,0,0,,,0,,0,0,0,0,0,0,,0,0,0,0,0,0,0,0,0,0,,0,,0.0,0.0,0.0,0,2,0,5,0,0,0,0.0,0.0,0,0,0,1,0,0,0,0,0,0,0,0,0,0,0,0,0,0,0,0,0,0,0,,,0,0,0,0,0,0,0,0,0,0,0,0,,,,0,0,0,0,0,0,0,,0,0,0,0,0,0.0,0.0
00-0038788,A.Green,Art Green,CB,DB,"https://static.www.nfl.com/image/upload/f_auto,q_auto/league/ubfznl2ifvpvai5cfftv",2025,2,REG,NYG,DAL,0,0,0,0,0,0,0,0,0,0,0,0,,,0,,0,0,0,0,0,0,,0,0,0,0,0,0,0,0,0,0,,0,,0.0,0.0,0.0,0,1,0,0,0,0,0,0.0,0.0,0,0,0,0,0,0,0,0,0,0,0,0,0,0,0,0,0,0,0,0,0,0,0,,,0,0,0,0,0,0,0,0,0,0,0,0,,,,0,0,0,0,0,0,0,,0,0,0,0,0,0.0,0.0
00-0039000,D.Banks,Deonte Banks,CB,DB,"https://static.www.nfl.com/image/upload/f_auto,q_auto/league/disrzmax4qwvr20oheiw",2025,2,REG,NYG,DAL,0,0,0,0,0,0,0,0,0,0,0,0,,,0,,0,0,0,0,0,0,,0,0,0,0,0,0,0,0,0,0,,0,,0.0,0.0,0.0,0,6,0,0,2,2,0,0.0,0.0,0,0,0,0,0,0,0,0,0,0,0,0,0,0,0,0,0,0,0,0,0,0,0,,,0,0,0,0,0,0,0,0,0,0,0,0,,,,0,0,0,0,0,0,0,,0,0,0,0,0,0.0,0.0
00-0039241,B.Brade,Beau Brade,SAF,DB,"https://static.www.nfl.com/image/upload/f_auto,q_auto/league/jgc7jy3ywowpnflfrzd5",2025,2,REG,NYG,DAL,0,0,0,0,0,0,0,0,0,0,0,0,,,0,,0,0,0,0,0,0,,0,0,0,0,0,0,0,0,0,0,,0,,0.0,0.0,0.0,0,0,0,1,0,0,0,0.0,0.0,0,0,0,0,0,0,0,0,0,0,0,0,0,0,0,0,0,0,0,0,0,0,0,,,0,0,0,0,0,0,0,0,0,0,0,0,,,,0,0,0,0,0,0,0,,0,0,0,0,0,0.0,0.0
00-0039313,S.Bozeman,Swayze Bozeman,LB,LB,"https://static.www.nfl.com/image/upload/f_auto,q_auto/league/x5fvun7baplarpt8deoq",2025,2,REG,NYG,DAL,0,0,0,0,0,0,0,0,0,0,0,0,,,0,,0,0,0,0,0,0,,0,0,0,0,0,0,0,0,0,0,,0,,0.0,0.0,0.0,0,0,0,1,0,0,0,0.0,0.0,0,0,0,0,0,0,0,0,0,0,0,0,0,1,10,0,0,0,0,0,0,0,0,,,0,0,0,0,0,0,0,0,0,0,0,0,,,,0,0,0,0,0,0,0,,0,0,0,0,0,0.0,0.0
00-0039337,M.Nabers,Malik Nabers,WR,WR,"https://static.www.nfl.com/image/upload/f_auto,q_auto/league/w3edoyyuomqlovvp9ixc",2025,2,REG,NYG,DAL,0,0,0,0,0,0,0,0,0,0,0,0,,,0,,0,0,0,0,0,0,,0,9,13,167,2,0,0,263,21,6,10.71974633917107,0,0.6349809885931559,0.325,0.5038314176245211,0.8401819923371647,0,1,0,0,0,0,0,0.0,0.0,0,0,0,0,0,0,0,0,0,0,0,0,0,0,0,0,0,0,0,0,0,0,0,,,0,0,0,0,0,0,0,0,0,0,0,0,,,,0,0,0,0,0,0,0,,0,0,0,0,0,28.7,37.7
00-0039384,T.Tracy,Tyrone Tracy Jr.,RB,RB,"https://static.www.nfl.com/image/upload/f_auto,q_auto/league/b9nje50lohbprf06xoom",2025,2,REG,NYG,DAL,0,0,0,0,0,0,0,0,0,0,0,0,,,0,,5,15,0,0,0,3,-1.36979309853632,0,4,5,36,0,0,0,1,37,1,0.13987328740768135,0,36.0,0.125,0.0019157088122605363,0.18884099616858238,0,0,0,0,0,0,0,0.0,0.0,0,0,0,0,0,0,0,0,0,0,0,0,0,0,0,0,0,5,132,0,0,0,0,,,0,0,0,0,0,0,0,0,0,0,0,0,,,,0,0,0,0,0,0,0,,0,0,0,0,0,5.1000000000000005,9.100000000000001
00-0039821,A.Phillips,Andru Phillips,CB,DB,"https://static.www.nfl.com/image/upload/f_auto,q_auto/league/kh3iigah1t49ywg0scb9",2025,2,REG,NYG,DAL,0,0,0,0,0,0,0,0,0,0,0,0,,,0,,0,0,0,0,0,0,,0,0,0,0,0,0,0,0,0,0,,0,,0.0,0.0,0.0,0,8,0,3,1,2,0,0.0,0.0,0,1,0,2,0,0,0,0,0,0,0,0,0,2,32,0,0,0,0,0,0,0,0,,,0,0,0,0,0,0,0,0,0,0,0,0,,,,0,0,0,0,0,0,0,,0,0,0,0,0,0.0,0.0
00-0039829,D.Muasau,Darius Muasau,LB,LB,"https://static.www.nfl.com/image/upload/f_auto,q_auto/league/jp2tinbi0erohx4jdtta",2025,2,REG,NYG,DAL,0,0,0,0,0,0,0,0,0,0,0,0,,,0,,0,0,0,0,0,0,,0,0,0,0,0,0,0,0,0,0,,0,,0.0,0.0,0.0,0,1,0,0,0,0,0,0.0,0.0,0,0,0,0,0,0,0,0,0,0,0,0,0,0,0,0,0,0,0,0,0,0,0,,,0,0,0,0,0,0,0,0,0,0,0,0,,,,0,0,0,0,0,0,0,,0,0,0,0,0,0.0,0.0
00-0039847,T.Johnson,Theo Johnson,TE,TE,"https://static.www.nfl.com/image/upload/f_auto,q_auto/league/naoiheinxogchairenzf",2025,2,REG,NYG,DAL,0,0,0,0,0,0,0,0,0,0,0,0,,,0,,0,0,0,0,0,0,,0,4,5,34,0,0,0,42,7,2,1.6354276982019655,0,0.8095238095238095,0.125,0.08045977011494253,0.24382183908045976,0,0,0,0,0,0,0,0.0,0.0,0,0,0,0,0,0,0,0,0,0,0,0,0,0,0,0,0,0,0,0,0,0,0,,,0,0,0,0,0,0,0,0,0,0,0,0,,,,0,0,0,0,0,0,0,,0,0,0,0,0,3.4000000000000004,7.4
00-0039861,T.Nubin,Tyler Nubin,SAF,DB,"https://static.www.nfl.com/image/upload/f_auto,q_auto/league/qsakq172gdexg9js8gs1",2025,2,REG,NYG,DAL,0,0,0,0,0,0,0,0,0,0,0,0,,,0,,0,0,0,0,0,0,,0,0,0,0,0,0,0,0,0,0,,0,,0.0,0.0,0.0,0,5,0,0,1,1,0,0.0,0.0,0,0,0,0,0,0,0,0,0,0,0,0,0,0,0,0,0,0,0,0,0,0,0,,,0,0,0,0,0,0,0,0,0,0,0,0,,,,0,0,0,0,0,0,0,,0,0,0,0,0,0.0,0.0
00-0040432,B.Collins,Beaux Collins,WR,WR,"https://static.www.nfl.com/image/upload/f_auto,q_auto/league/hmdciwdixqbmrh7nj9fy",2025,2,REG,NYG,DAL,0,0,0,0,0,0,0,0,0,0,0,0,,,0,,0,0,0,0,0,0,,0,0,0,0,0,0,0,0,0,0,,0,,0.0,0.0,0.0,0,0,0,2,0,0,0,0.0,0.0,0,0,0,0,0,0,0,0,0,0,0,0,0,0,0,0,0,0,0,0,0,0,0,,,0,0,0,0,0,0,0,0,0,0,0,0,,,,0,0,0,0,0,0,0,,0,0,0,0,0,0.0,0.0
00-0040677,A.Carter,Abdul Carter,LB,LB,"https://static.www.nfl.com/image/upload/f_auto,q_auto/league/tfchuu4khsh6jarotqga",2025,2,REG,NYG,DAL,0,0,0,0,0,0,0,0,0,0,0,0,,,0,,0,0,0,0,0,0,,0,0,0,0,0,0,0,0,0,0,,0,,0.0,0.0,0.0,0,1,0,0,0,0,0,0.0,0.0,1,0,0,0,0,0,0,0,0,0,0,0,0,1,5,0,0,0,0,0,0,0,0,,,0,0,0,0,0,0,0,0,0,0,0,0,,,,0,0,0,0,0,0,0,,0,0,0,0,0,0.0,0.0
00-0040691,J.Dart,Jaxson Dart,QB,QB,"https://static.www.nfl.com/image/upload/f_auto,q_auto/league/n6uymxssgiicjmxkzxoc",2025,2,REG,NYG,DAL,0,0,0,0,0,0,0,0,0,0,0,0,,,0,,1,-3,0,0,0,0,-0.9751277542090975,0,0,0,0,0,0,0,0,0,0,,0,,0.0,0.0,0.0,0,0,0,0,0,0,0,0.0,0.0,0,0,0,0,0,0,0,0,0,0,0,0,0,0,0,0,0,0,0,0,0,0,0,,,0,0,0,0,0,0,0,0,0,0,0,0,,,,0,0,0,0,0,0,0,,0,0,0,0,0,-0.30000000000000004,-0.30000000000000004
00-0040694,D.Alexander,Darius Alexander,DT,DL,"https://static.www.nfl.com/image/upload/f_auto,q_auto/league/pppak1njaiplvvzdwkn7",2025,2,REG,NYG,DAL,0,0,0,0,0,0,0,0,0,0,0,0,,,0,,0,0,0,0,0,0,,0,0,0,0,0,0,0,0,0,0,,0,,0.0,0.0,0.0,0,0,0,0,0,0,0,0.0,0.0,1,0,0,0,0,0,0,0,0,0,0,0,0,0,0,0,0,0,0,0,0,0,0,,,0,0,0,0,0,0,0,0,0,0,0,0,,,,0,0,0,0,0,0,0,,0,0,0,0,0,0.0,0.0
00-0040715,C.Skattebo,Cam Skattebo,RB,RB,"https://static.www.nfl.com/image/upload/f_auto,q_auto/league/vnftthkbvw7ucsqtqjpq",2025,2,REG,NYG,DAL,0,0,0,0,0,0,0,0,0,0,0,0,,,0,,11,45,1,0,0,3,-0.43353286100318655,0,2,3,14,0,0,0,8,10,0,-2.268863602192141,0,1.75,0.075,0.01532567049808429,0.123227969348659,0,0,0,0,0,0,0,0.0,0.0,0,0,0,0,0,0,0,0,0,0,0,0,0,0,0,0,0,0,0,0,0,0,0,,,0,0,0,0,0,0,0,0,0,0,0,0,,,,0,0,0,0,0,0,0,,0,0,0,0,0,11.9,13.9
00-0026858,G.Gano,Graham Gano,K,SPEC,"https://static.www.nfl.com/image/upload/f_auto,q_auto/league/wp5wochy7uuqcgyjcrrd",2025,3,REG,NYG,KC,0,0,0,0,0,0,0,0,0,0,0,0,,,0,,0,0,0,0,0,0,,0,0,0,0,0,0,0,0,0,0,,0,,0.0,0.0,0.0,0,0,0,0,0,0,0,0.0,0.0,0,0,0,0,0,0,0,0,0,0,0,0,0,0,0,0,0,0,0,1,1,0,0,25.0,1.0,0,1,0,0,0,0,0,0,0,0,0,0,25,,,25,0,0,0,0,0,0,,0,0,0,0,0,0.0,0.0
00-0029263,R.Wilson,Russell Wilson,QB,QB,"https://static.www.nfl.com/image/upload/f_auto,q_auto/league/vkstxj0evgkjiycu4glc",2025,3,REG,NYG,KC,18,32,160,0,2,2,-9,0,0,284,96,7,-14.818524984584656,-6.2246667345364886,0,0.5633802816901409,5,27,0,0,0,1,-2.4348573697670113,0,0,0,0,0,0,0,0,0,0,,0,,0.0,0.0,0.0,0,0,0,0,0,0,0,0.0,0.0,0,0,0,0,0,0,0,0,0,0,0,0,0,1,10,0,0,0,0,0,0,0,0,,,0,0,0,0,0,0,0,0,0,0,0,0,,,,0,0,0,0,0,0,0,,0,0,0,0,0,5.1000000000000005,5.1000000000000005
00-0031484,C.Manhertz,Chris Manhertz,TE,TE,"https://static.www.nfl.com/image/upload/f_auto,q_auto/league/azx76rspzgxfogsqhxet",2025,3,REG,NYG,KC,0,0,0,0,0,0,0,0,0,0,0,0,,,0,,0,0,0,0,0,0,,0,1,1,7,0,0,0,1,6,0,0.41485402529360726,0,7.0,0.03333333333333333,0.0035211267605633804,0.052464788732394366,0,0,0,0,0,0,0,0.0,0.0,0,0,0,0,0,0,0,0,0,0,0,0,0,0,0,0,0,0,0,0,0,0,0,,,0,0,0,0,0,0,0,0,0,0,0,0,,,,0,0,0,0,0,0,0,,0,0,0,0,0,0.7000000000000001,1.7000000000000002
00-0031740,N.Hewitt,Neville Hewitt,LB,LB,"https://static.www.nfl.com/image/upload/f_auto,q_auto/league/tohlmo4ymgsmbe3egoac",2025,3,REG,NYG,KC,0,0,0,0,0,0,0,0,0,0,0,0,,,0,,0,0,0,0,0,0,,0,0,0,0,0,0,0,0,0,0,,0,,0.0,0.0,0.0,0,2,0,0,0,0,0,0.0,0.0,0,0,0,0,0,0,0,0,0,0,0,0,0,0,0,0,0,0,0,0,0,0,0,,,0,0,0,0,0,0,0,0,0,0,0,0,,,,0,0,0,0,0,0,0,,0,0,0,0,0,0.0,0.0
00-0032667,R.Robertson-Harris,Roy Robertson-Harris,DE,DL,"https://static.www.nfl.com/image/upload/f_auto,q_auto/league/lu3nlgnkltamn4jtdbtg",2025,3,REG,NYG,KC,0,0,0,0,0,0,0,0,0,0,0,0,,,0,,0,0,0,0,0,0,,0,0,0,0,0,0,0,0,0,0,,0,,0.0,0.0,0.0,0,1,0,1,0,0,0,0.0,0.0,0,0,0,0,0,0,0,0,0,0,0,0,0,0,0,0,0,0,0,0,0,0,0,,,0,0,0,0,0,0,0,0,0,0,0,0,,,,0,0,0,0,0,0,0,,0,0,0,0,0,0.0,0.0
00-0035042,J.Gillan,Jamie Gillan,P,SPEC,"https://static.www.nfl.com/image/upload/f_auto,q_auto/league/kxwddoiqqghc1kxaajco",2025,3,REG,NYG,KC,0,0,0,0,0,0,0,0,0,0,0,0,,,0,,0,0,0,0,0,0,,0,0,0,0,0,0,0,0,0,0,,0,,0.0,0.0,0.0,0,0,0,0,0,0,0,0.0,0.0,0,0,0,0,0,0,0,0,0,0,0,0,0,0,0,0,0,0,0,0,0,0,0,,,0,0,0,0,0,0,0,0,0,0,0,0,,,,0,0,0,0,1,0,1,0.0,0,0,0,0,0,0.0,0.0
00-0035250,D.Singletary,Devin Singletary,RB,RB,"https://static.www.nfl.com/image/upload/f_auto,q_auto/league/wqw8ee4nsxsisqb3bagw",2025,3,REG,NYG,KC,0,0,0,0,0,0,0,0,0,0,0,0,,,0,,4,11,0,0,0,0,-0.6431895348941907,0,0,0,0,0,0,0,0,0,0,,0,,0.0,0.0,0.0,0,0,0,0,0,0,0,0.0,0.0,0,0,0,0,0,0,0,0,0,0,0,0,0,0,0,0,0,5,134,0,0,0,0,,,0,0,0,0,0,0,0,0,0,0,0,0,,,,0,0,0,0,0,0,0,,0,0,0,0,0,1.1,1.1
00-0035535,D.Slayton,Darius Slayton,WR,WR,"https://static.www.nfl.com/image/upload/f_auto,q_auto/league/fyjkvaekv40jn72d0b3q",2025,3,REG,NYG,KC,0,0,0,0,0,0,0,0,0,0,0,0,,,0,,0,0,0,0,0,0,,0,4,4,30,0,0,0,25,5,1,1.8895206291344948,0,1.2,0.13333333333333333,0.0880281690140845,0.26161971830985914,0,0,0,0,0,0,0,0.0,0.0,0,0,0,0,0,0,0,0,0,0,0,0,0,1,5,0,0,0,0,0,0,0,0,,,0,0,0,0,0,0,0,0,0,0,0,0,,,,0,0,0,0,0,0,0,,0,0,0,0,0,3.0,7.0
00-0035645,G.Olszewski,Gunner Olszewski,WR,WR,"https://static.www.nfl.com/image/upload/f_auto,q_auto/league/q6fs5e2eotgeh47xeo74",2025,3,REG,NYG,KC,0,0,0,0,0,0,0,0,0,0,0,0,,,0,,0,0,0,0,0,0,,0,0,0,0,0,0,0,0,0,0,,0,,0.0,0.0,0.0,0,0,0,0,0,0,0,0.0,0.0,0,0,0,0,0,0,0,0,0,0,0,0,0,0,0,2,17,0,0,0,0,0,0,,,0,0,0,0,0,0,0,0,0,0,0,0,,,,0,0,0,0,0,0,0,,0,0,0,0,0,0.0,0.0
00-0035683,D.Lawrence,Dexter Lawrence,DT,DL,"https://static.www.nfl.com/image/upload/f_auto,q_auto/league/t204hku4pnzartvixi2m",2025,3,REG,NYG,KC,0,0,0,0,0,0,0,0,0,0,0,0,,,0,,0,0,0,0,0,0,,0,0,0,0,0,0,0,0,0,0,,0,,0.0,0.0,0.0,0,0,0,1,0,0,0,0.0,0.0,2,0,0,0,0,0,0,0,0,0,0,0,0,0,0,0,0,0,0,0,0,0,0,,,0,0,0,0,0,0,0,0,0,0,0,0,,,,0,0,0,0,0,0,0,,0,0,0,0,0,0.0,0.0
00-0035687,B.Okereke,Bobby Okereke,ILB,LB,"https://static.www.nfl.com/image/upload/f_auto,q_auto/league/q5gc9nwmikqcyza7m3ku",2025,3,REG,NYG,KC,0,0,0,0,0,0,0,0,0,0,0,0,,,0,,0,0,0,0,0,0,,0,0,0,0,0,0,0,0,0,0,,0,,0.0,0.0,0.0,0,4,0,4,0,0,0,0.0,0.0,0,0,0,0,0,0,0,0,0,0,0,0,0,0,0,0,0,0,0,0,0,0,0,,,0,0,0,0,0,0,0,0,0,0,0,0,,,,0,0,0,0,0,0,0,,0,0,0,0,0,0.0,0.0
00-0035713,B.Burns,Brian Burns,LB,LB,"https://static.www.nfl.com/image/upload/f_auto,q_auto/league/glmrmpqkmsc0jiyicmlg",2025,3,REG,NYG,KC,0,0,0,0,0,0,0,0,0,0,0,0,,,0,,0,0,0,0,0,0,,0,0,0,0,0,0,0,0,0,0,,0,,0.0,0.0,0.0,0,5,0,1,1,15,1,1.0,15.0,2,0,0,2,0,0,0,0,0,0,0,0,0,0,0,0,0,0,0,0,0,0,0,,,0,0,0,0,0,0,0,0,0,0,0,0,,,,0,0,0,0,0,0,0,,0,0,0,0,0,0.0,0.0
00-0036246,J.Runyan,Jon Runyan,G,OL,"https://static.www.nfl.com/image/upload/f_auto,q_auto/league/kauh0olqkhebxe8gf1if",2025,3,REG,NYG,KC,0,0,0,0,0,0,0,0,0,0,0,0,,,0,,0,0,0,0,0,0,,0,0,0,0,0,0,0,0,0,0,,0,,0.0,0.0,0.0,0,0,0,0,0,0,0,0.0,0.0,0,0,0,0,0,0,0,0,0,0,0,0,0,1,5,0,0,0,0,0,0,0,0,,,0,0,0,0,0,0,0,0,0,0,0,0,,,,0,0,0,0,0,0,0,,0,0,0,0,0,0.0,0.0
00-0036937,P.Adebo,Paulson Adebo,CB,DB,"https://static.www.nfl.com/image/upload/f_auto,q_auto/league/syndlzqvjmmeplufohl8",2025,3,REG,NYG,KC,0,0,0,0,0,0,0,0,0,0,0,0,,,0,,0,0,0,0,0,0,,0,0,0,0,0,0,0,0,0,0,,0,,0.0,0.0,0.0,0,6,0,1,0,0,0,0.0,0.0,0,0,0,1,0,0,0,0,0,0,0,0,0,0,0,0,0,0,0,0,0,0,0,,,0,0,0,0,0,0,0,0,0,0,0,0,,,,0,0,0,0,0,0,0,,0,0,0,0,0,0.0,0.0
00-0036998,J.Holland,Jevon Holland,SAF,DB,"https://static.www.nfl.com/image/upload/f_auto,q_auto/league/zuvtkp7vhs3iqvpj9nen",2025,3,REG,NYG,KC,0,0,0,0,0,0,0,0,0,0,0,0,,,0,,0,0,0,0,0,0,,0,0,0,0,0,0,0,0,0,0,,0,,0.0,0.0,0.0,0,3,0,2,0,0,0,0.0,0.0,0,0,0,0,0,0,0,0,0,0,0,0,0,0,0,0,0,0,0,0,0,0,0,,,0,0,0,0,0,0,0,0,0,0,0,0,,,,0,0,0,0,0,0,0,,0,0,0,0,0,0.0,0.0
00-0037051,E.Garcia,Elijah Garcia,DE,DL,"https://static.www.nfl.com/image/upload/f_auto,q_auto/league/vygbzd5tl09jzhyjyiyh",2025,3,REG,NYG,KC,0,0,0,0,0,0,0,0,0,0,0,0,,,0,,0,0,0,0,0,0,,0,0,0,0,0,0,0,0,0,0,,0,,0.0,0.0,0.0,0,0,0,2,0,0,0,0.0,0.0,0,0,0,0,0,0,0,0,0,0,0,0,0,0,0,0,0,0,0,0,0,0,0,,,0,0,0,0,0,0,0,0,0,0,0,0,,,,0,0,0,0,0,0,0,,0,0,0,0,0,0.0,0.0
00-0037611,K.Thibodeaux,Kayvon Thibodeaux,LB,LB,"https://static.www.nfl.com/image/upload/f_auto,q_auto/league/dbu5kzu0gwuszwd81dcz",2025,3,REG,NYG,KC,0,0,0,0,0,0,0,0,0,0,0,0,,,0,,0,0,0,0,0,0,,0,0,0,0,0,0,0,0,0,0,,0,,0.0,0.0,0.0,0,1,0,1,0,0,0,0.0,0.0,2,0,0,0,0,0,0,0,0,0,0,0,0,0,0,0,0,0,0,0,0,0,0,,,0,0,0,0,0,0,0,0,0,0,0,0,,,,0,0,0,0,0,0,0,,0,0,0,0,0,0.0,0.0
00-0037758,C.Flott,Cordale Flott,CB,DB,"https://static.www.nfl.com/image/upload/f_auto,q_auto/league/dk8b5dpa5fflut1j4ynl",2025,3,REG,NYG,KC,0,0,0,0,0,0,0,0,0,0,0,0,,,0,,0,0,0,0,0,0,,0,0,0,0,0,0,0,0,0,0,,0,,0.0,0.0,0.0,0,2,0,1,0,0,0,0.0,0.0,0,0,0,0,0,0,0,0,0,0,0,0,0,0,0,0,0,0,0,0,0,0,0,,,0,0,0,0,0,0,0,0,0,0,0,0,,,,0,0,0,0,0,0,0,,0,0,0,0,0,0.0,0.0
00-0038115,D.Bellinger,Daniel Bellinger,TE,TE,"https://static.www.nfl.com/image/upload/f_auto,q_auto/league/hu3gywcwp2rlsefvawh1",2025,3,REG,NYG,KC,0,0,0,0,0,0,0,0,0,0,0,0,,,0,,0,0,0,0,0,0,,0,1,1,6,0,0,0,6,0,0,0.1498008596827276,0,1.0,0.03333333333333333,0.02112676056338028,0.0647887323943662,0,0,0,0,0,0,0,0.0,0.0,0,0,0,0,0,0,0,0,0,0,0,0,0,0,0,0,0,0,0,0,0,0,0,,,0,0,0,0,0,0,0,0,0,0,0,0,,,,0,0,0,0,0,0,0,,0,0,0,0,0,0.6000000000000001,1.6
00-0038117,W.Robinson,Wan'Dale Robinson,WR,WR,"https://static.www.nfl.com/image/upload/f_auto,q_auto/league/yzcvyhmilvxedfjfjglc",2025,3,REG,NYG,KC,0,0,0,0,0,0,0,0,0,0,0,0,,,0,,0,0,0,0,0,0,,0,1,4,26,0,0,0,88,3,1,0.1553092216490768,0,0.29545454545454547,0.13333333333333333,0.30985915492957744,0.4169014084507042,0,0,0,0,0,0,0,0.0,0.0,0,0,0,0,0,0,0,0,0,0,0,0,0,1,0,0,0,0,0,0,0,0,0,,,0,0,0,0,0,0,0,0,0,0,0,0,,,,0,0,0,0,0,0,0,,0,0,0,0,0,2.6,3.6
00-0038123,D.Belton,Dane Belton,SAF,DB,"https://static.www.nfl.com/image/upload/f_auto,q_auto/league/dteu26qeqai20d4da21f",2025,3,REG,NYG,KC,0,0,0,0,0,0,0,0,0,0,0,0,,,0,,0,0,0,0,0,0,,0,0,0,0,0,0,0,0,0,0,,0,,0.0,0.0,0.0,0,2,0,0,0,0,0,0.0,0.0,0,0,0,0,0,0,0,0,0,0,0,0,0,0,0,0,0,0,0,0,0,0,0,,,0,0,0,0,0,0,0,0,0,0,0,0,,,,0,0,0,0,0,0,0,,0,0,0,0,0,0.0,0.0
00-0038788,A.Green,Art Green,CB,DB,"https://static.www.nfl.com/image/upload/f_auto,q_auto/league/ubfznl2ifvpvai5cfftv",2025,3,REG,NYG,KC,0,0,0,0,0,0,0,0,0,0,0,0,,,0,,0,0,0,0,0,0,,0,0,0,0,0,0,0,0,0,0,,0,,0.0,0.0,0.0,0,2,0,0,0,0,0,0.0,0.0,0,0,0,0,0,0,0,0,0,0,0,0,0,0,0,0,0,0,0,0,0,0,0,,,0,0,0,0,0,0,0,0,0,0,0,0,,,,0,0,0,0,0,0,0,,0,0,0,0,0,0.0,0.0
00-0039000,D.Banks,Deonte Banks,CB,DB,"https://static.www.nfl.com/image/upload/f_auto,q_auto/league/disrzmax4qwvr20oheiw",2025,3,REG,NYG,KC,0,0,0,0,0,0,0,0,0,0,0,0,,,0,,0,0,0,0,0,0,,0,0,0,0,0,0,0,0,0,0,,0,,0.0,0.0,0.0,0,1,0,0,0,0,0,0.0,0.0,0,0,0,1,0,0,0,0,0,0,0,0,0,0,0,0,0,0,0,0,0,0,0,,,0,0,0,0,0,0,0,0,0,0,0,0,,,,0,0,0,0,0,0,0,,0,0,0,0,0,0.0,0.0
00-0039313,S.Bozeman,Swayze Bozeman,LB,LB,"https://static.www.nfl.com/image/upload/f_auto,q_auto/league/x5fvun7baplarpt8deoq",2025,3,REG,NYG,KC,0,0,0,0,0,0,0,0,0,0,0,0,,,0,,0,0,0,0,0,0,,0,0,0,0,0,0,0,0,0,0,,0,,0.0,0.0,0.0,0,0,0,1,0,0,0,0.0,0.0,0,0,0,0,0,0,0,0,0,0,0,0,0,0,0,0,0,0,0,0,0,0,0,,,0,0,0,0,0,0,0,0,0,0,0,0,,,,0,0,0,0,0,0,0,,0,0,0,0,0,0.0,0.0
00-0039337,M.Nabers,Malik Nabers,WR,WR,"https://static.www.nfl.com/image/upload/f_auto,q_auto/league/w3edoyyuomqlovvp9ixc",2025,3,REG,NYG,KC,0,0,0,0,0,0,0,0,0,0,0,0,,,0,,0,0,0,0,0,0,,0,2,7,13,0,0,0,146,4,0,-7.970936925325077,0,0.08904109589041095,0.23333333333333334,0.5140845070422535,0.7098591549295774,0,1,0,0,0,0,0,0.0,0.0,0,0,0,0,0,0,0,0,0,0,0,0,0,0,0,0,0,0,0,0,0,0,0,,,0,0,0,0,0,0,0,0,0,0,0,0,,,,0,0,0,0,0,0,0,,0,0,0,0,0,1.3,3.3
00-0039384,T.Tracy,Tyrone Tracy Jr.,RB,RB,"https://static.www.nfl.com/image/upload/f_auto,q_auto/league/b9nje50lohbprf06xoom",2025,3,REG,NYG,KC,0,0,0,0,0,0,0,0,0,0,0,0,,,0,,7,29,0,0,0,3,-0.4772114611696452,0,2,3,7,0,0,0,-8,10,0,-3.4688505529193208,0,-0.875,0.1,-0.028169014084507043,0.1302816901408451,0,0,0,0,0,0,0,0.0,0.0,0,0,0,0,0,0,0,0,0,0,0,0,0,0,0,0,0,0,0,0,0,0,0,,,0,0,0,0,0,0,0,0,0,0,0,0,,,,0,0,0,0,0,0,0,,0,0,0,0,0,3.6,5.6
00-0039821,A.Phillips,Andru Phillips,CB,DB,"https://static.www.nfl.com/image/upload/f_auto,q_auto/league/kh3iigah1t49ywg0scb9",2025,3,REG,NYG,KC,0,0,0,0,0,0,0,0,0,0,0,0,,,0,,0,0,0,0,0,0,,0,0,0,0,0,0,0,0,0,0,,0,,0.0,0.0,0.0,0,3,1,1,1,2,0,0.0,0.0,0,0,0,2,0,0,0,0,0,0,0,0,0,3,62,0,0,0,0,0,0,0,0,,,0,0,0,0,0,0,0,0,0,0,0,0,,,,0,0,0,0,0,0,0,,0,0,0,0,0,0.0,0.0
00-0039847,T.Johnson,Theo Johnson,TE,TE,"https://static.www.nfl.com/image/upload/f_auto,q_auto/league/naoiheinxogchairenzf",2025,3,REG,NYG,KC,0,0,0,0,0,0,0,0,0,0,0,0,,,0,,0,0,0,0,0,0,,0,1,2,10,0,0,0,7,13,1,-2.2952675381093286,0,1.4285714285714286,0.06666666666666667,0.02464788732394366,0.11725352112676057,0,0,0,0,0,0,0,0.0,0.0,0,0,0,0,0,0,0,0,0,0,0,0,0,0,0,0,0,0,0,0,0,0,0,,,0,0,0,0,0,0,0,0,0,0,0,0,,,,0,0,0,0,0,0,0,,0,0,0,0,0,1.0,2.0
00-0039861,T.Nubin,Tyler Nubin,SAF,DB,"https://static.www.nfl.com/image/upload/f_auto,q_auto/league/qsakq172gdexg9js8gs1",2025,3,REG,NYG,KC,0,0,0,0,0,0,0,0,0,0,0,0,,,0,,0,0,0,0,0,0,,0,0,0,0,0,0,0,0,0,0,,0,,0.0,0.0,0.0,0,5,0,0,1,3,0,0.0,0.0,0,0,0,0,0,0,0,0,0,0,0,0,0,0,0,0,0,0,0,0,0,0,0,,,0,0,0,0,0,0,0,0,0,0,0,0,,,,0,0,0,0,0,0,0,,0,0,0,0,0,0.0,0.0
00-0040677,A.Carter,Abdul Carter,LB,LB,"https://static.www.nfl.com/image/upload/f_auto,q_auto/league/tfchuu4khsh6jarotqga",2025,3,REG,NYG,KC,0,0,0,0,0,0,0,0,0,0,0,0,,,0,,0,0,0,0,0,0,,0,0,0,0,0,0,0,0,0,0,,0,,0.0,0.0,0.0,0,2,1,1,1,1,0,0.0,0.0,1,0,0,0,0,0,0,0,0,0,0,0,0,0,0,0,0,0,0,0,0,0,0,,,0,0,0,0,0,0,0,0,0,0,0,0,,,,0,0,0,0,0,0,0,,0,0,0,0,0,0.0,0.0
00-0040691,J.Dart,Jaxson Dart,QB,QB,"https://static.www.nfl.com/image/upload/f_auto,q_auto/league/n6uymxssgiicjmxkzxoc",2025,3,REG,NYG,KC,0,0,0,0,0,0,0,0,0,0,0,0,,,0,,1,3,0,0,0,0,-0.3242715129163116,0,0,0,0,0,0,0,0,0,0,,0,,0.0,0.0,0.0,0,0,0,0,0,0,0,0.0,0.0,0,0,0,0,0,0,0,0,0,0,0,0,0,0,0,0,0,0,0,0,0,0,0,,,0,0,0,0,0,0,0,0,0,0,0,0,,,,0,0,0,0,0,0,0,,0,0,0,0,0,0.30000000000000004,0.30000000000000004
00-0040694,D.Alexander,Darius Alexander,DT,DL,"https://static.www.nfl.com/image/upload/f_auto,q_auto/league/pppak1njaiplvvzdwkn7",2025,3,REG,NYG,KC,0,0,0,0,0,0,0,0,0,0,0,0,,,0,,0,0,0,0,0,0,,0,0,0,0,0,0,0,0,0,0,,0,,0.0,0.0,0.0,0,1,0,1,0,0,0,0.0,0.0,0,0,0,0,0,0,0,0,0,0,0,0,0,0,0,0,0,0,0,0,0,0,0,,,0,0,0,0,0,0,0,0,0,0,0,0,,,,0,0,0,0,0,0,0,,0,0,0,0,0,0.0,0.0
00-0040715,C.Skattebo,Cam Skattebo,RB,RB,"https://static.www.nfl.com/image/upload/f_auto,q_auto/league/vnftthkbvw7ucsqtqjpq",2025,3,REG,NYG,KC,0,0,0,0,0,0,0,0,0,0,0,0,,,0,,10,60,1,0,0,4,3.457024908042513,0,6,8,61,0,0,0,5,55,4,1.9361886529950425,0,12.2,0.26666666666666666,0.017605633802816902,0.41232394366197184,0,0,0,0,0,0,0,0.0,0.0,0,0,0,0,0,0,0,0,0,0,0,0,0,0,0,0,0,0,0,0,0,0,0,,,0,0,0,0,0,0,0,0,0,0,0,0,,,,0,0,0,0,0,0,0,,0,0,0,0,0,18.1,24.1
