player_id,player_name,player_display_name,position,position_group,headshot_url,season,week,season_type,team,opponent_team,completions,attempts,passing_yards,passing_tds,passing_interceptions,sacks_suffered,sack_yards_lost,sack_fumbles,sack_fumbles_lost,passing_air_yards,passing_yards_after_catch,passing_first_downs,passing_epa,passing_cpoe,passing_2pt_conversions,pacr,carries,rushing_yards,rushing_tds,rushing_fumbles,rushing_fumbles_lost,rushing_first_downs,rushing_epa,rushing_2pt_conversions,receptions,targets,receiving_yards,receiving_tds,receiving_fumbles,receiving_fumbles_lost,receiving_air_yards,receiving_yards_after_catch,receiving_first_downs,receiving_epa,receiving_2pt_conversions,racr,target_share,air_yards_share,wopr,special_teams_tds,def_tackles_solo,def_tackles_with_assist,def_tackle_assists,def_tackles_for_loss,def_tackles_for_loss_yards,def_fumbles_forced,def_sacks,def_sack_yards,def_qb_hits,def_interceptions,def_interception_yards,def_pass_defended,def_tds,def_fumbles,def_safeties,misc_yards,fumble_recovery_own,fumble_recovery_yards_own,fumble_recovery_opp,fumble_recovery_yards_opp,fumble_recovery_tds,penalties,penalty_yards,punt_returns,punt_return_yards,kickoff_returns,kickoff_return_yards,fg_made,fg_att,fg_missed,fg_blocked,fg_long,fg_pct,fg_made_0_19,fg_made_20_29,fg_made_30_39,fg_made_40_49,fg_made_50_59,fg_made_60_,fg_missed_0_19,fg_missed_20_29,fg_missed_30_39,fg_missed_40_49,fg_missed_50_59,fg_missed_60_,fg_made_list,fg_missed_list,fg_blocked_list,fg_made_distance,fg_missed_distance,fg_blocked_distance,pat_made,pat_att,pat_missed,pat_blocked,pat_pct,gwfg_made,gwfg_att,gwfg_missed,gwfg_blocked,gwfg_distance,fantasy_points,fantasy_points_ppr
00-0030092,S.Martin,Sam Martin,P,SPEC,"https://static.www.nfl.com/image/upload/f_auto,q_auto/league/hkewwfpluyhrcdgquthf",2025,1,REG,CAR,JAX,0,0,0,0,0,0,0,0,0,0,0,0,,,0,,0,0,0,0,0,0,,0,0,0,0,0,0,0,0,0,0,,0,,0.0,0.0,0.0,0,0,0,0,0,0,0,0.0,0.0,0,0,0,0,0,0,0,0,0,0,0,0,0,0,0,0,0,0,0,0,0,0,0,,,0,0,0,0,0,0,0,0,0,0,0,0,,,,0,0,0,0,0,0,0,,0,0,0,0,0,0.0,0.0
00-0032889,A.Robinson,A'Shawn Robinson,DE,DL,"https://static.www.nfl.com/image/upload/f_auto,q_auto/league/o2si1evbe2wsnwyrypjj",2025,1,REG,CAR,JAX,0,0,0,0,0,0,0,0,0,0,0,0,,,0,,0,0,0,0,0,0,,0,0,0,0,0,0,0,0,0,0,,0,,0.0,0.0,0.0,0,4,0,2,0,0,0,0.0,0.0,1,0,0,0,0,0,0,0,0,0,0,0,0,0,0,0,0,0,0,0,0,0,0,,,0,0,0,0,0,0,0,0,0,0,0,0,,,,0,0,0,0,0,0,0,,0,0,0,0,0,0.0,0.0
00-0033589,D.Moore,David Moore,WR,WR,"https://static.www.nfl.com/image/upload/f_auto,q_auto/league/k2szy47lyxy9u5om7vd1",2025,1,REG,CAR,JAX,0,0,0,0,0,0,0,0,0,0,0,0,,,0,,0,0,0,0,0,0,,0,0,0,0,0,0,0,0,0,0,,0,,0.0,0.0,0.0,0,0,0,0,0,0,0,0.0,0.0,0,0,0,0,0,0,0,0,0,0,0,0,0,0,0,1,0,0,0,0,0,0,0,,,0,0,0,0,0,0,0,0,0,0,0,0,,,,0,0,0,0,0,0,0,,0,0,0,0,0,0.0,0.0
00-0034261,A.Corbett,Austin Corbett,C,OL,"https://static.www.nfl.com/image/upload/f_auto,q_auto/league/ry8oftk4wq0uiivdxyzw",2025,1,REG,CAR,JAX,0,0,0,0,0,0,0,0,0,0,0,0,,,0,,0,0,0,0,0,0,,0,0,0,0,0,0,0,0,0,0,,0,,0.0,0.0,0.0,0,0,0,0,0,0,0,0.0,0.0,0,0,0,0,0,0,0,0,0,0,0,0,0,1,5,0,0,0,0,0,0,0,0,,,0,0,0,0,0,0,0,0,0,0,0,0,,,,0,0,0,0,0,0,0,,0,0,0,0,0,0.0,0.0
00-0034983,H.Renfrow,Hunter Renfrow,WR,WR,"https://static.www.nfl.com/image/upload/f_auto,q_auto/league/sgrqk1a6fm34swazm2bx",2025,1,REG,CAR,JAX,0,0,0,0,0,0,0,0,0,0,0,0,,,0,,0,0,0,0,0,0,,0,2,6,11,0,0,0,66,0,2,-1.7235092250870152,0,0.16666666666666666,0.17647058823529413,0.24535315985130113,0.4364530942488519,0,0,0,0,0,0,0,0.0,0.0,0,0,0,0,0,0,0,0,0,0,0,0,0,0,0,0,0,0,0,0,0,0,0,,,0,0,0,0,0,0,0,0,0,0,0,0,,,,0,0,0,0,0,0,0,,0,0,0,0,0,1.1,3.1
00-0035084,Y.Nijman,Yosh Nijman,OT,OL,"https://static.www.nfl.com/image/upload/f_auto,q_auto/league/zkc4avbq8cmmqo9flz4z",2025,1,REG,CAR,JAX,0,0,0,0,0,0,0,0,0,0,0,0,,,0,,0,0,0,0,0,0,,0,0,0,0,0,0,0,0,0,0,,0,,0.0,0.0,0.0,0,0,0,0,0,0,0,0.0,0.0,0,0,0,0,0,0,0,0,0,0,0,0,0,1,5,0,0,0,0,0,0,0,0,,,0,0,0,0,0,0,0,0,0,0,0,0,,,,0,0,0,0,0,0,0,,0,0,0,0,0,0.0,0.0
00-0035277,M.Jackson,Mike Jackson,CB,DB,"https://static.www.nfl.com/image/upload/f_auto,q_auto/league/cqvxm9n1ncjq7hd2dtqb",2025,1,REG,CAR,JAX,0,0,0,0,0,0,0,0,0,0,0,0,,,0,,0,0,0,0,0,0,,0,0,0,0,0,0,0,0,0,0,,0,,0.0,0.0,0.0,0,4,0,0,1,2,0,0.0,0.0,0,0,0,1,0,0,0,0,0,0,0,0,0,0,0,0,0,0,0,0,0,0,0,,,0,0,0,0,0,0,0,0,0,0,0,0,,,,0,0,0,0,0,0,0,,0,0,0,0,0,0.0,0.0
00-0035669,N.Scott,Nick Scott,SAF,DB,"https://static.www.nfl.com/image/upload/f_auto,q_auto/league/cjfueipnys7gl5bby6gc",2025,1,REG,CAR,JAX,0,0,0,0,0,0,0,0,0,0,0,0,,,0,,0,0,0,0,0,0,,0,0,0,0,0,0,0,0,0,0,,0,,0.0,0.0,0.0,0,2,0,3,0,0,0,0.0,0.0,0,0,0,1,0,0,0,0,0,0,0,0,0,0,0,0,0,0,0,0,0,0,0,,,0,0,0,0,0,0,0,0,0,0,0,0,,,,0,0,0,0,0,0,0,,0,0,0,0,0,0.0,0.0
00-0035890,T.Wharton,Tershawn Wharton,DE,DL,"https://static.www.nfl.com/image/private/f_auto,q_auto/league/pbuynfvzq7bojcivxbba",2025,1,REG,CAR,JAX,0,0,0,0,0,0,0,0,0,0,0,0,,,0,,0,0,0,0,0,0,,0,0,0,0,0,0,0,0,0,0,,0,,0.0,0.0,0.0,0,1,0,3,0,0,0,0.0,0.0,0,0,0,0,0,0,0,0,0,0,0,0,0,0,0,0,0,0,0,0,0,0,0,,,0,0,0,0,0,0,0,0,0,0,0,0,,,,0,0,0,0,0,0,0,,0,0,0,0,0,0.0,0.0
00-0035942,C.Rozeboom,Christian Rozeboom,LB,LB,"https://static.www.nfl.com/image/upload/f_auto,q_auto/league/kobbnik0wg5amqr1imnr",2025,1,REG,CAR,JAX,0,0,0,0,0,0,0,0,0,0,0,0,,,0,,0,0,0,0,0,0,,0,0,0,0,0,0,0,0,0,0,,0,,0.0,0.0,0.0,0,7,0,1,0,0,0,0.0,0.0,0,0,0,0,0,0,0,0,0,0,0,0,0,0,0,0,0,0,0,0,0,0,0,,,0,0,0,0,0,0,0,0,0,0,0,0,,,,0,0,0,0,0,0,0,,0,0,0,0,0,0.0,0.0
00-0036139,R.Dowdle,Rico Dowdle,RB,RB,"https://static.www.nfl.com/image/upload/f_auto,q_auto/league/cvnrzndsiaojvvxz8vo5",2025,1,REG,CAR,JAX,0,0,0,0,0,0,0,0,0,0,0,0,,,0,,3,12,0,0,0,0,-0.07264196663163602,0,2,3,4,0,0,0,-1,8,0,-3.7288321455125697,0,-4.0,0.08823529411764706,-0.0037174721189591076,0.1297507106931992,0,1,0,0,0,0,0,0.0,0.0,0,0,0,0,0,0,0,0,0,0,0,0,0,0,0,0,0,0,0,0,0,0,0,,,0,0,0,0,0,0,0,0,0,0,0,0,,,,0,0,0,0,0,0,0,,0,0,0,0,0,1.6,3.6
00-0036220,D.Brown,Derrick Brown,DE,DL,"https://static.www.nfl.com/image/upload/f_auto,q_auto/league/nneryzn7ehs21yeed5ny",2025,1,REG,CAR,JAX,0,0,0,0,0,0,0,0,0,0,0,0,,,0,,0,0,0,0,0,0,,0,0,0,0,0,0,0,0,0,0,,0,,0.0,0.0,0.0,0,3,0,1,0,0,0,0.0,0.0,0,0,0,0,0,0,0,0,0,0,0,0,0,1,15,0,0,0,0,0,0,0,0,,,0,0,0,0,0,0,0,0,0,0,0,0,,,,0,0,0,0,0,0,0,,0,0,0,0,0,0.0,0.0
00-0036335,D.Wonnum,D.J. Wonnum,LB,LB,"https://static.www.nfl.com/image/upload/f_auto,q_auto/league/i4vqp3hdkbfiakcdmnmo",2025,1,REG,CAR,JAX,0,0,0,0,0,0,0,0,0,0,0,0,,,0,,0,0,0,0,0,0,,0,0,0,0,0,0,0,0,0,0,,0,,0.0,0.0,0.0,0,0,0,0,0,0,0,0.0,0.0,0,0,0,1,0,0,0,0,0,0,0,0,0,0,0,0,0,0,0,0,0,0,0,,,0,0,0,0,0,0,0,0,0,0,0,0,,,,0,0,0,0,0,0,0,,0,0,0,0,0,0.0,0.0
00-0036555,C.Hubbard,Chuba Hubbard,RB,RB,"https://static.www.nfl.com/image/upload/f_auto,q_auto/league/pjgml85ghq7oa48dctn7",2025,1,REG,CAR,JAX,0,0,0,0,0,0,0,0,0,0,0,0,,,0,,16,57,0,0,0,3,-1.7093556129257195,0,3,5,32,1,0,0,-14,36,1,1.3745098644285463,0,-2.2857142857142856,0.14705882352941177,-0.05204460966542751,0.1841570085283184,0,0,0,0,0,0,0,0.0,0.0,0,0,0,0,0,0,0,0,0,0,0,0,0,0,0,0,0,0,0,0,0,0,0,,,0,0,0,0,0,0,0,0,0,0,0,0,,,,0,0,0,0,0,0,0,,0,0,0,0,0,14.9,17.9
00-0036903,B.Brown,Bobby Brown III,DT,DL,"https://static.www.nfl.com/image/upload/f_auto,q_auto/league/f3fspidlfqws3asws3gw",2025,1,REG,CAR,JAX,0,0,0,0,0,0,0,0,0,0,0,0,,,0,,0,0,0,0,0,0,,0,0,0,0,0,0,0,0,0,0,,0,,0.0,0.0,0.0,0,1,0,2,0,0,0,0.0,0.0,0,0,0,0,0,0,0,0,0,0,0,0,0,0,0,0,0,0,0,0,0,0,0,,,0,0,0,0,0,0,0,0,0,0,0,0,,,,0,0,0,0,0,0,0,,0,0,0,0,0,0.0,0.0
00-0036944,Ja.Horn,Jaycee Horn,CB,DB,"https://static.www.nfl.com/image/upload/f_auto,q_auto/league/lvqdczrm0ebvb8m3n5fu",2025,1,REG,CAR,JAX,0,0,0,0,0,0,0,0,0,0,0,0,,,0,,0,0,0,0,0,0,,0,0,0,0,0,0,0,0,0,0,,0,,0.0,0.0,0.0,0,1,0,1,0,0,0,0.0,0.0,0,1,10,1,0,0,0,0,0,0,0,0,0,0,0,0,0,0,0,0,0,0,0,,,0,0,0,0,0,0,0,0,0,0,0,0,,,,0,0,0,0,0,0,0,,0,0,0,0,0,0.0,0.0
00-0036962,T.Moehrig,Tre'von Moehrig,SAF,DB,"https://static.www.nfl.com/image/upload/f_auto,q_auto/league/cyprwi2vzj1a3oitgseo",2025,1,REG,CAR,JAX,0,0,0,0,0,0,0,0,0,0,0,0,,,0,,0,0,0,0,0,0,,0,0,0,0,0,0,0,0,0,0,,0,,0.0,0.0,0.0,0,7,0,4,0,0,0,0.0,0.0,0,0,0,0,0,0,0,0,0,0,0,0,0,0,0,0,0,0,0,0,0,0,0,,,0,0,0,0,0,0,0,0,0,0,0,0,,,,0,0,0,0,0,0,0,,0,0,0,0,0,0.0,0.0
00-0037005,T.Tremble,Tommy Tremble,TE,TE,"https://static.www.nfl.com/image/upload/f_auto,q_auto/league/j0atbeflgj05pldxfon6",2025,1,REG,CAR,JAX,0,0,0,0,0,0,0,0,0,0,0,0,,,0,,0,0,0,0,0,0,,0,1,1,2,0,0,0,0,2,0,-0.20466113812290132,0,0.0,0.029411764705882353,0.0,0.044117647058823525,0,0,0,0,0,0,0,0.0,0.0,0,0,0,0,0,0,0,0,0,0,0,0,0,0,0,0,0,0,0,0,0,0,0,,,0,0,0,0,0,0,0,0,0,0,0,0,,,,0,0,0,0,0,0,0,,0,0,0,0,0,0.2,1.2
00-0037007,P.Jones,Patrick Jones II,LB,LB,"https://static.www.nfl.com/image/private/f_auto,q_auto/league/ir3m4wipss4exri1xenv",2025,1,REG,CAR,JAX,0,0,0,0,0,0,0,0,0,0,0,0,,,0,,0,0,0,0,0,0,,0,0,0,0,0,0,0,0,0,0,,0,,0.0,0.0,0.0,0,1,0,0,0,0,0,0.0,0.0,0,0,0,0,0,0,0,0,0,0,0,0,0,0,0,0,0,0,0,0,0,0,0,,,0,0,0,0,0,0,0,0,0,0,0,0,,,,0,0,0,0,0,0,0,,0,0,0,0,0,0.0,0.0
00-0038101,A.Evans,Akayleb Evans,CB,DB,"https://static.www.nfl.com/image/upload/f_auto,q_auto/league/anmntl6frvbrhct3tzn1",2025,1,REG,CAR,JAX,0,0,0,0,0,0,0,0,0,0,0,0,,,0,,0,0,0,0,0,0,,0,0,0,0,0,0,0,0,0,0,,0,,0.0,0.0,0.0,0,1,0,0,0,0,0,0.0,0.0,0,0,0,0,0,0,0,0,0,0,0,0,0,0,0,0,0,0,0,0,0,0,0,,,0,0,0,0,0,0,0,0,0,0,0,0,,,,0,0,0,0,0,0,0,,0,0,0,0,0,0.0,0.0
00-0038840,B.Tremayne,Brycen Tremayne,WR,WR,"https://static.www.nfl.com/image/upload/f_auto,q_auto/league/mpjkirsgrx6qavqrdum6",2025,1,REG,CAR,JAX,0,0,0,0,0,0,0,0,0,0,0,0,,,0,,0,0,0,0,0,0,,0,0,0,0,0,0,0,0,0,0,,0,,0.0,0.0,0.0,0,1,0,1,0,0,0,0.0,0.0,0,0,0,0,0,0,0,0,0,0,0,0,0,0,0,0,0,0,0,0,0,0,0,,,0,0,0,0,0,0,0,0,0,0,0,0,,,,0,0,0,0,0,0,0,,0,0,0,0,0,0.0,0.0
00-0039150,B.Young,Bryce Young,QB,QB,"https://static.www.nfl.com/image/upload/f_auto,q_auto/league/qy1lfhlzhiacsyzzm1j7",2025,1,REG,CAR,JAX,18,35,154,1,2,1,-12,0,0,269,60,8,-15.40268957134174,-12.371582757024203,0,0.5724907063197026,5,40,0,1,1,2,1.8774604791542515,0,0,0,0,0,0,0,0,0,0,,0,,0.0,0.0,0.0,0,0,0,0,0,0,0,0.0,0.0,0,0,0,0,0,0,0,0,0,0,0,0,0,0,0,0,0,0,0,0,0,0,0,,,0,0,0,0,0,0,0,0,0,0,0,0,,,,0,0,0,0,0,0,0,,0,0,0,0,0,8.16,8.16
00-0039342,X.Legette,Xavier Legette,WR,WR,"https://static.www.nfl.com/image/upload/f_auto,q_auto/league/j4jj8rvgzji7zut86ux7",2025,1,REG,CAR,JAX,0,0,0,0,0,0,0,0,0,0,0,0,,,0,,0,0,0,0,0,0,,0,3,7,10,0,0,0,61,-3,0,-10.263983418932185,0,0.16393442622950818,0.20588235294117646,0.22676579925650558,0.46755958889131866,0,0,0,0,0,0,0,0.0,0.0,0,0,0,0,0,0,0,0,0,0,0,0,0,0,0,0,0,0,0,0,0,0,0,,,0,0,0,0,0,0,0,0,0,0,0,0,,,,0,0,0,0,0,0,0,,0,0,0,0,0,1.0,4.0
00-0039347,T.Wallace,Trevin Wallace,LB,LB,"https://static.www.nfl.com/image/upload/f_auto,q_auto/league/m4dt3rza3lvzhhxsag4u",2025,1,REG,CAR,JAX,0,0,0,0,0,0,0,0,0,0,0,0,,,0,,0,0,0,0,0,0,,0,0,0,0,0,0,0,0,0,0,,0,,0.0,0.0,0.0,0,5,0,0,0,0,0,0.0,0.0,0,0,0,0,0,0,0,0,0,0,0,0,0,0,0,0,0,0,0,0,0,0,0,,,0,0,0,0,0,0,0,0,0,0,0,0,,,,0,0,0,0,0,0,0,,0,0,0,0,0,0.0,0.0
00-0039356,J.Sanders,Ja'Tavion Sanders,TE,TE,"https://static.www.nfl.com/image/upload/f_auto,q_auto/league/le2akm1cbou170ioctxl",2025,1,REG,CAR,JAX,0,0,0,0,0,0,0,0,0,0,0,0,,,0,,0,0,0,0,0,0,,0,2,3,27,0,0,0,41,5,1,1.0947753008804284,0,0.6585365853658537,0.08823529411764706,0.1524163568773234,0.239044390990597,0,1,0,0,0,0,0,0.0,0.0,0,0,0,0,0,0,0,0,0,0,0,0,0,0,0,0,0,0,0,0,0,0,0,,,0,0,0,0,0,0,0,0,0,0,0,0,,,,0,0,0,0,0,0,0,,0,0,0,0,0,2.7,4.7
00-0039380,C.Smith-Wade,Chau Smith-Wade,CB,DB,"https://static.www.nfl.com/image/upload/f_auto,q_auto/league/zaw1uynft16o6ltvxjpf",2025,1,REG,CAR,JAX,0,0,0,0,0,0,0,0,0,0,0,0,,,0,,0,0,0,0,0,0,,0,0,0,0,0,0,0,0,0,0,,0,,0.0,0.0,0.0,0,1,0,0,0,0,0,0.0,0.0,0,0,0,0,0,0,0,0,0,0,0,0,0,0,0,0,0,0,0,0,0,0,0,,,0,0,0,0,0,0,0,0,0,0,0,0,,,,0,0,0,0,0,0,0,,0,0,0,0,0,0.0,0.0
00-0039601,D.Richardson,Demani Richardson,SAF,DB,"https://static.www.nfl.com/image/upload/f_auto,q_auto/league/tpjhwnupzg65sx5zyzbx",2025,1,REG,CAR,JAX,0,0,0,0,0,0,0,0,0,0,0,0,,,0,,0,0,0,0,0,0,,0,0,0,0,0,0,0,0,0,0,,0,,0.0,0.0,0.0,0,0,0,1,0,0,0,0.0,0.0,0,0,0,0,0,0,0,0,0,0,0,0,0,0,0,0,0,0,0,0,0,0,0,,,0,0,0,0,0,0,0,0,0,0,0,0,,,,0,0,0,0,0,0,0,,0,0,0,0,0,0.0,0.0
00-0040124,T.McMillan,Tetairoa McMillan,WR,WR,"https://static.www.nfl.com/image/upload/f_auto,q_auto/league/hokqp6gl5xujtlqwecg8",2025,1,REG,CAR,JAX,0,0,0,0,0,0,0,0,0,0,0,0,,,0,,0,0,0,0,0,0,,0,5,9,68,0,0,0,104,12,4,1.7114196179318242,0,0.6538461538461539,0.2647058823529412,0.38661710037174724,0.6676907937896348,0,0,0,0,0,0,0,0.0,0.0,0,0,0,0,0,0,0,0,0,0,0,0,0,0,0,0,0,0,0,0,0,0,0,,,0,0,0,0,0,0,0,0,0,0,0,0,,,,0,0,0,0,0,0,0,,0,0,0,0,0,6.800000000000001,11.8
00-0040136,P.Umanmielen,Princely Umanmielen,LB,LB,"https://static.www.nfl.com/image/upload/f_auto,q_auto/league/tujabrenppanxhgla1ed",2025,1,REG,CAR,JAX,0,0,0,0,0,0,0,0,0,0,0,0,,,0,,0,0,0,0,0,0,,0,0,0,0,0,0,0,0,0,0,,0,,0.0,0.0,0.0,0,1,0,0,0,0,0,0.0,0.0,0,0,0,0,0,0,0,0,0,0,0,0,0,0,0,0,0,0,0,0,0,0,0,,,0,0,0,0,0,0,0,0,0,0,0,0,,,,0,0,0,0,0,0,0,,0,0,0,0,0,0.0,0.0
00-0040159,L.Ransom,Lathan Ransom,SAF,DB,"https://static.www.nfl.com/image/upload/f_auto,q_auto/league/nfytveo0hvpm3whml1hv",2025,1,REG,CAR,JAX,0,0,0,0,0,0,0,0,0,0,0,0,,,0,,0,0,0,0,0,0,,0,0,0,0,0,0,0,0,0,0,,0,,0.0,0.0,0.0,0,0,0,1,0,0,0,0.0,0.0,0,0,0,0,0,0,0,0,0,0,0,0,0,0,0,0,0,0,0,0,0,0,0,,,0,0,0,0,0,0,0,0,0,0,0,0,,,,0,0,0,0,0,0,0,,0,0,0,0,0,0.0,0.0
00-0040279,R.Fitzgerald,Ryan Fitzgerald,K,SPEC,"https://static.www.nfl.com/image/upload/f_auto,q_auto/league/abfug5vjak5ixdcqca7x",2025,1,REG,CAR,JAX,0,0,0,0,0,0,0,0,0,0,0,0,,,0,,0,0,0,0,0,0,,0,0,0,0,0,0,0,0,0,0,,0,,0.0,0.0,0.0,0,0,0,0,0,0,0,0.0,0.0,0,0,0,0,0,0,0,0,0,0,0,0,0,0,0,0,0,0,0,1,1,0,0,48.0,1.0,0,0,0,1,0,0,0,0,0,0,0,0,48,,,48,0,0,1,1,0,0,1.0,0,0,0,0,0,0.0,0.0
00-0040296,C.Thornton,Corey Thornton,CB,DB,"https://static.www.nfl.com/image/upload/f_auto,q_auto/league/tlmmgdiwijyhzguzyjwy",2025,1,REG,CAR,JAX,0,0,0,0,0,0,0,0,0,0,0,0,,,0,,0,0,0,0,0,0,,0,0,0,0,0,0,0,0,0,0,,0,,0.0,0.0,0.0,0,0,0,0,0,0,0,0.0,0.0,0,0,0,0,0,0,0,0,0,0,0,0,0,1,10,0,0,0,0,0,0,0,0,,,0,0,0,0,0,0,0,0,0,0,0,0,,,,0,0,0,0,0,0,0,,0,0,0,0,0,0.0,0.0
00-0040644,T.Etienne,Trevor Etienne,RB,RB,"https://static.www.nfl.com/image/upload/f_auto,q_auto/league/futkvr4juiazofhntj0p",2025,1,REG,CAR,JAX,0,0,0,0,0,0,0,0,0,0,0,0,,,0,,1,4,0,0,0,0,-0.07555583352223039,0,0,0,0,0,0,0,0,0,0,,0,,0.0,0.0,0.0,0,0,0,0,0,0,0,0.0,0.0,0,0,0,0,0,0,0,0,0,0,0,0,0,0,0,1,0,2,43,0,0,0,0,,,0,0,0,0,0,0,0,0,0,0,0,0,,,,0,0,0,0,0,0,0,,0,0,0,0,0,0.4,0.4
00-0030092,S.Martin,Sam Martin,P,SPEC,"https://static.www.nfl.com/image/upload/f_auto,q_auto/league/hkewwfpluyhrcdgquthf",2025,2,REG,CAR,ARI,0,0,0,0,0,0,0,0,0,0,0,0,,,0,,0,0,0,0,0,0,,0,0,0,0,0,0,0,0,0,0,,0,,0.0,0.0,0.0,0,0,0,0,0,0,0,0.0,0.0,0,0,0,0,0,0,0,0,0,0,0,0,0,0,0,0,0,0,0,0,0,0,0,,,0,0,0,0,0,0,0,0,0,0,0,0,,,,0,0,0,0,0,0,0,,0,0,0,0,0,0.0,0.0
00-0032889,A.Robinson,A'Shawn Robinson,DE,DL,"https://static.www.nfl.com/image/upload/f_auto,q_auto/league/o2si1evbe2wsnwyrypjj",2025,2,REG,CAR,ARI,0,0,0,0,0,0,0,0,0,0,0,0,,,0,,0,0,0,0,0,0,,0,0,0,0,0,0,0,0,0,0,,0,,0.0,0.0,0.0,0,0,0,1,0,0,0,0.0,0.0,0,0,0,0,0,0,0,0,0,0,0,0,0,0,0,0,0,0,0,0,0,0,0,,,0,0,0,0,0,0,0,0,0,0,0,0,,,,0,0,0,0,0,0,0,,0,0,0,0,0,0.0,0.0
00-0033284,T.Moton,Taylor Moton,OT,OL,"https://static.www.nfl.com/image/upload/f_auto,q_auto/league/sfwnn5fqfzp64p0zkwkl",2025,2,REG,CAR,ARI,0,0,0,0,0,0,0,0,0,0,0,0,,,0,,0,0,0,0,0,0,,0,0,0,0,0,0,0,0,0,0,,0,,0.0,0.0,0.0,0,0,0,0,0,0,0,0.0,0.0,0,0,0,0,0,0,0,0,0,0,0,0,0,1,5,0,0,0,0,0,0,0,0,,,0,0,0,0,0,0,0,0,0,0,0,0,,,,0,0,0,0,0,0,0,,0,0,0,0,0,0.0,0.0
00-0034983,H.Renfrow,Hunter Renfrow,WR,WR,"https://static.www.nfl.com/image/upload/f_auto,q_auto/league/sgrqk1a6fm34swazm2bx",2025,2,REG,CAR,ARI,0,0,0,0,0,0,0,0,0,0,0,0,,,0,,0,0,0,0,0,0,,0,7,9,48,2,0,0,64,11,4,3.615212524653194,0,0.75,0.16981132075471697,0.17066666666666666,0.37418364779874214,0,0,0,0,0,0,0,0.0,0.0,0,0,0,0,0,0,0,0,0,0,0,0,0,0,0,0,0,0,0,0,0,0,0,,,0,0,0,0,0,0,0,0,0,0,0,0,,,,0,0,0,0,0,0,0,,0,0,0,0,0,16.8,23.8
00-0035277,M.Jackson,Mike Jackson,CB,DB,"https://static.www.nfl.com/image/upload/f_auto,q_auto/league/cqvxm9n1ncjq7hd2dtqb",2025,2,REG,CAR,ARI,0,0,0,0,0,0,0,0,0,0,0,0,,,0,,0,0,0,0,0,0,,0,0,0,0,0,0,0,0,0,0,,0,,0.0,0.0,0.0,0,1,0,0,0,0,0,0.0,0.0,0,0,0,1,0,0,0,0,0,0,0,0,0,1,38,0,0,0,0,0,0,0,0,,,0,0,0,0,0,0,0,0,0,0,0,0,,,,0,0,0,0,0,0,0,,0,0,0,0,0,0.0,0.0
00-0035669,N.Scott,Nick Scott,SAF,DB,"https://static.www.nfl.com/image/upload/f_auto,q_auto/league/cjfueipnys7gl5bby6gc",2025,2,REG,CAR,ARI,0,0,0,0,0,0,0,0,0,0,0,0,,,0,,0,0,0,0,0,0,,0,0,0,0,0,0,0,0,0,0,,0,,0.0,0.0,0.0,0,3,0,0,0,0,0,0.0,0.0,0,0,0,0,0,0,0,0,0,0,0,0,0,0,0,0,0,0,0,0,0,0,0,,,0,0,0,0,0,0,0,0,0,0,0,0,,,,0,0,0,0,0,0,0,,0,0,0,0,0,0.0,0.0
00-0035942,C.Rozeboom,Christian Rozeboom,LB,LB,"https://static.www.nfl.com/image/upload/f_auto,q_auto/league/kobbnik0wg5amqr1imnr",2025,2,REG,CAR,ARI,0,0,0,0,0,0,0,0,0,0,0,0,,,0,,0,0,0,0,0,0,,0,0,0,0,0,0,0,0,0,0,,0,,0.0,0.0,0.0,0,1,0,6,0,0,0,0.0,0.0,0,0,0,0,0,0,0,0,0,0,0,0,0,0,0,0,0,0,0,0,0,0,0,,,0,0,0,0,0,0,0,0,0,0,0,0,,,,0,0,0,0,0,0,0,,0,0,0,0,0,0.0,0.0
00-0036139,R.Dowdle,Rico Dowdle,RB,RB,"https://static.www.nfl.com/image/upload/f_auto,q_auto/league/cvnrzndsiaojvvxz8vo5",2025,2,REG,CAR,ARI,0,0,0,0,0,0,0,0,0,0,0,0,,,0,,6,9,0,0,0,0,-3.4139320487300866,0,1,1,10,0,0,0,4,6,1,0.7876682844944298,0,2.5,0.018867924528301886,0.010666666666666666,0.035768553459119494,0,0,0,0,0,0,0,0.0,0.0,0,0,0,0,0,0,0,0,0,0,0,0,0,0,0,0,0,1,24,0,0,0,0,,,0,0,0,0,0,0,0,0,0,0,0,0,,,,0,0,0,0,0,0,0,,0,0,0,0,0,1.9000000000000001,2.9000000000000004
00-0036220,D.Brown,Derrick Brown,DE,DL,"https://static.www.nfl.com/image/upload/f_auto,q_auto/league/nneryzn7ehs21yeed5ny",2025,2,REG,CAR,ARI,0,0,0,0,0,0,0,0,0,0,0,0,,,0,,0,0,0,0,0,0,,0,0,0,0,0,0,0,0,0,0,,0,,0.0,0.0,0.0,0,3,0,0,0,0,0,0.0,0.0,1,0,0,2,0,0,0,0,0,0,0,0,0,0,0,0,0,0,0,0,0,0,0,,,0,0,0,0,0,0,0,0,0,0,0,0,,,,0,0,0,0,0,0,0,,0,0,0,0,0,0.0,0.0
00-0036325,R.Hunt,Robert Hunt,OT,OL,"https://static.www.nfl.com/image/upload/f_auto,q_auto/league/i7mowb5kq5lqz7tjpstc",2025,2,REG,CAR,ARI,0,0,0,0,0,0,0,0,0,0,0,0,,,0,,0,0,0,0,0,0,,0,0,0,0,0,0,0,0,0,0,,0,,0.0,0.0,0.0,0,1,0,0,0,0,0,0.0,0.0,0,0,0,0,0,0,0,0,0,0,0,0,0,0,0,0,0,0,0,0,0,0,0,,,0,0,0,0,0,0,0,0,0,0,0,0,,,,0,0,0,0,0,0,0,,0,0,0,0,0,0.0,0.0
00-0036335,D.Wonnum,D.J. Wonnum,LB,LB,"https://static.www.nfl.com/image/upload/f_auto,q_auto/league/i4vqp3hdkbfiakcdmnmo",2025,2,REG,CAR,ARI,0,0,0,0,0,0,0,0,0,0,0,0,,,0,,0,0,0,0,0,0,,0,0,0,0,0,0,0,0,0,0,,0,,0.0,0.0,0.0,0,1,0,3,1,2,0,0.0,0.0,1,1,0,1,0,0,0,0,0,0,0,0,0,0,0,0,0,0,0,0,0,0,0,,,0,0,0,0,0,0,0,0,0,0,0,0,,,,0,0,0,0,0,0,0,,0,0,0,0,0,0.0,0.0
00-0036555,C.Hubbard,Chuba Hubbard,RB,RB,"https://static.www.nfl.com/image/upload/f_auto,q_auto/league/pjgml85ghq7oa48dctn7",2025,2,REG,CAR,ARI,0,0,0,0,0,0,0,0,0,0,0,0,,,0,,10,38,0,0,0,4,-0.29164965964434664,0,5,6,39,1,0,0,16,41,3,4.566262943495531,0,2.4375,0.11320754716981132,0.042666666666666665,0.19967798742138365,0,0,0,0,0,0,0,0.0,0.0,0,0,0,0,0,0,0,0,0,0,0,0,0,0,0,0,0,0,0,0,0,0,0,,,0,0,0,0,0,0,0,0,0,0,0,0,,,,0,0,0,0,0,0,0,,0,0,0,0,0,13.7,18.7
00-0036903,B.Brown,Bobby Brown III,DT,DL,"https://static.www.nfl.com/image/upload/f_auto,q_auto/league/f3fspidlfqws3asws3gw",2025,2,REG,CAR,ARI,0,0,0,0,0,0,0,0,0,0,0,0,,,0,,0,0,0,0,0,0,,0,0,0,0,0,0,0,0,0,0,,0,,0.0,0.0,0.0,0,2,0,1,1,3,0,0.0,0.0,0,0,0,0,0,0,0,0,0,0,0,0,0,0,0,0,0,0,0,0,0,0,0,,,0,0,0,0,0,0,0,0,0,0,0,0,,,,0,0,0,0,0,0,0,,0,0,0,0,0,0.0,0.0
00-0036944,Ja.Horn,Jaycee Horn,CB,DB,"https://static.www.nfl.com/image/upload/f_auto,q_auto/league/lvqdczrm0ebvb8m3n5fu",2025,2,REG,CAR,ARI,0,0,0,0,0,0,0,0,0,0,0,0,,,0,,0,0,0,0,0,0,,0,0,0,0,0,0,0,0,0,0,,0,,0.0,0.0,0.0,0,2,0,0,0,0,0,0.0,0.0,0,0,0,0,0,0,0,0,0,0,0,0,0,0,0,0,0,0,0,0,0,0,0,,,0,0,0,0,0,0,0,0,0,0,0,0,,,,0,0,0,0,0,0,0,,0,0,0,0,0,0.0,0.0
00-0036962,T.Moehrig,Tre'von Moehrig,SAF,DB,"https://static.www.nfl.com/image/upload/f_auto,q_auto/league/cyprwi2vzj1a3oitgseo",2025,2,REG,CAR,ARI,0,0,0,0,0,0,0,0,0,0,0,0,,,0,,0,0,0,0,0,0,,0,0,0,0,0,0,0,0,0,0,,0,,0.0,0.0,0.0,0,6,1,2,0,0,0,0.0,0.0,0,0,0,0,0,0,0,0,0,0,0,0,0,0,0,0,0,0,0,0,0,0,0,,,0,0,0,0,0,0,0,0,0,0,0,0,,,,0,0,0,0,0,0,0,,0,0,0,0,0,0.0,0.0
00-0037005,T.Tremble,Tommy Tremble,TE,TE,"https://static.www.nfl.com/image/upload/f_auto,q_auto/league/j0atbeflgj05pldxfon6",2025,2,REG,CAR,ARI,0,0,0,0,0,0,0,0,0,0,0,0,,,0,,0,0,0,0,0,0,,0,3,3,20,0,0,0,18,2,1,1.4647843083366752,0,1.1111111111111112,0.05660377358490566,0.048,0.11850566037735849,0,1,0,0,0,0,0,0.0,0.0,0,0,0,0,0,0,0,0,0,0,0,0,0,0,0,0,0,0,0,0,0,0,0,,,0,0,0,0,0,0,0,0,0,0,0,0,,,,0,0,0,0,0,0,0,,0,0,0,0,0,2.0,5.0
00-0037007,P.Jones,Patrick Jones II,LB,LB,"https://static.www.nfl.com/image/private/f_auto,q_auto/league/ir3m4wipss4exri1xenv",2025,2,REG,CAR,ARI,0,0,0,0,0,0,0,0,0,0,0,0,,,0,,0,0,0,0,0,0,,0,0,0,0,0,0,0,0,0,0,,0,,0.0,0.0,0.0,0,3,0,1,1,3,0,0.0,0.0,1,0,0,1,0,0,0,0,0,0,0,0,0,0,0,0,0,0,0,0,0,0,0,,,0,0,0,0,0,0,0,0,0,0,0,0,,,,0,0,0,0,0,0,0,,0,0,0,0,0,0.0,0.0
00-0038536,C.Zavala,Chandler Zavala,G,OL,"https://static.www.nfl.com/image/upload/f_auto,q_auto/league/i9wpf8cyyxwj1uou1jyy",2025,2,REG,CAR,ARI,0,0,0,0,0,0,0,0,0,0,0,0,,,0,,0,0,0,0,0,0,,0,0,0,0,0,0,0,0,0,0,,0,,0.0,0.0,0.0,0,0,0,0,0,0,0,0.0,0.0,0,0,0,0,0,0,0,0,0,0,0,0,0,1,10,0,0,0,0,0,0,0,0,,,0,0,0,0,0,0,0,0,0,0,0,0,,,,0,0,0,0,0,0,0,,0,0,0,0,0,0.0,0.0
00-0038791,T.Incoom,Thomas Incoom,LB,LB,"https://static.www.nfl.com/image/upload/f_auto,q_auto/league/fdp1jblpdjc6l7nw8u8a",2025,2,REG,CAR,ARI,0,0,0,0,0,0,0,0,0,0,0,0,,,0,,0,0,0,0,0,0,,0,0,0,0,0,0,0,0,0,0,,0,,0.0,0.0,0.0,0,1,0,1,0,0,0,0.0,0.0,0,0,0,0,0,0,0,0,0,0,0,0,0,0,0,0,0,0,0,0,0,0,0,,,0,0,0,0,0,0,0,0,0,0,0,0,,,,0,0,0,0,0,0,0,,0,0,0,0,0,0.0,0.0
00-0038840,B.Tremayne,Brycen Tremayne,WR,WR,"https://static.www.nfl.com/image/upload/f_auto,q_auto/league/mpjkirsgrx6qavqrdum6",2025,2,REG,CAR,ARI,0,0,0,0,0,0,0,0,0,0,0,0,,,0,,0,0,0,0,0,0,,0,3,5,48,0,0,0,62,12,2,3.2470483878278174,0,0.7741935483870968,0.09433962264150944,0.16533333333333333,0.2572427672955975,0,1,0,1,0,0,0,0.0,0.0,0,0,0,0,0,0,0,0,0,0,0,0,0,0,0,0,0,0,0,0,0,0,0,,,0,0,0,0,0,0,0,0,0,0,0,0,,,,0,0,0,0,0,0,0,,0,0,0,0,0,4.800000000000001,7.800000000000001
00-0039150,B.Young,Bryce Young,QB,QB,"https://static.www.nfl.com/image/upload/f_auto,q_auto/league/qy1lfhlzhiacsyzzm1j7",2025,2,REG,CAR,ARI,35,55,328,3,1,3,-25,1,1,375,150,19,3.2342329092731377,-2.3493665006925477,0,0.8746666666666667,2,2,0,0,0,0,-0.42250979074742645,0,0,0,0,0,0,0,0,0,0,,0,,0.0,0.0,0.0,0,0,0,0,0,0,0,0.0,0.0,0,0,0,0,0,0,0,0,0,0,0,0,0,1,10,0,0,0,0,0,0,0,0,,,0,0,0,0,0,0,0,0,0,0,0,0,,,,0,0,0,0,0,0,0,,0,0,0,0,0,21.32,21.32
00-0039342,X.Legette,Xavier Legette,WR,WR,"https://static.www.nfl.com/image/upload/f_auto,q_auto/league/j4jj8rvgzji7zut86ux7",2025,2,REG,CAR,ARI,0,0,0,0,0,0,0,0,0,0,0,0,,,0,,1,0,0,0,0,0,-0.5305159189738333,0,1,8,-2,0,0,0,33,1,0,-5.017915760341566,0,-0.06060606060606061,0.1509433962264151,0.088,0.28801509433962263,0,0,0,0,0,0,0,0.0,0.0,0,0,0,0,0,0,0,0,0,0,0,0,0,0,0,0,0,0,0,0,0,0,0,,,0,0,0,0,0,0,0,0,0,0,0,0,,,,0,0,0,0,0,0,0,,0,0,0,0,0,-0.2,0.8
00-0039347,T.Wallace,Trevin Wallace,LB,LB,"https://static.www.nfl.com/image/upload/f_auto,q_auto/league/m4dt3rza3lvzhhxsag4u",2025,2,REG,CAR,ARI,0,0,0,0,0,0,0,0,0,0,0,0,,,0,,0,0,0,0,0,0,,0,0,0,0,0,0,0,0,0,0,,0,,0.0,0.0,0.0,0,1,0,2,0,0,0,0.0,0.0,0,0,0,0,0,0,0,0,0,0,0,0,0,0,0,0,0,0,0,0,0,0,0,,,0,0,0,0,0,0,0,0,0,0,0,0,,,,0,0,0,0,0,0,0,,0,0,0,0,0,0.0,0.0
00-0039356,J.Sanders,Ja'Tavion Sanders,TE,TE,"https://static.www.nfl.com/image/upload/f_auto,q_auto/league/le2akm1cbou170ioctxl",2025,2,REG,CAR,ARI,0,0,0,0,0,0,0,0,0,0,0,0,,,0,,0,0,0,0,0,0,,0,7,9,54,0,0,0,56,19,3,3.1975846444256604,0,0.9642857142857143,0.16981132075471697,0.14933333333333335,0.3592503144654088,0,0,0,0,0,0,0,0.0,0.0,0,0,0,0,0,0,0,0,0,0,0,0,0,0,0,0,0,0,0,0,0,0,0,,,0,0,0,0,0,0,0,0,0,0,0,0,,,,0,0,0,0,0,0,0,,0,0,0,0,0,5.4,12.4
00-0039380,C.Smith-Wade,Chau Smith-Wade,CB,DB,"https://static.www.nfl.com/image/upload/f_auto,q_auto/league/zaw1uynft16o6ltvxjpf",2025,2,REG,CAR,ARI,0,0,0,0,0,0,0,0,0,0,0,0,,,0,,0,0,0,0,0,0,,0,0,0,0,0,0,0,0,0,0,,0,,0.0,0.0,0.0,0,1,0,1,0,0,0,0.0,0.0,0,0,0,0,0,0,0,0,0,0,0,0,0,0,0,0,0,0,0,0,0,0,0,,,0,0,0,0,0,0,0,0,0,0,0,0,,,,0,0,0,0,0,0,0,,0,0,0,0,0,0.0,0.0
00-0039601,D.Richardson,Demani Richardson,SAF,DB,"https://static.www.nfl.com/image/upload/f_auto,q_auto/league/tpjhwnupzg65sx5zyzbx",2025,2,REG,CAR,ARI,0,0,0,0,0,0,0,0,0,0,0,0,,,0,,0,0,0,0,0,0,,0,0,0,0,0,0,0,0,0,0,,0,,0.0,0.0,0.0,0,0,0,0,0,0,0,0.0,0.0,0,0,0,0,0,0,0,0,0,0,0,0,0,0,0,0,0,0,0,0,0,0,0,,,0,0,0,0,0,0,0,0,0,0,0,0,,,,0,0,0,0,0,0,0,,0,0,0,0,0,0.0,0.0
00-0040124,T.McMillan,Tetairoa McMillan,WR,WR,"https://static.www.nfl.com/image/upload/f_auto,q_auto/league/hokqp6gl5xujtlqwecg8",2025,2,REG,CAR,ARI,0,0,0,0,0,0,0,0,0,0,0,0,,,0,,0,0,0,0,0,0,,0,6,10,100,0,0,0,82,49,5,2.783317092456855,0,1.2195121951219512,0.18867924528301888,0.21866666666666668,0.43608553459119503,0,0,0,0,0,0,0,0.0,0.0,0,0,0,0,0,0,0,0,0,0,0,0,0,0,0,0,0,0,0,0,0,0,0,,,0,0,0,0,0,0,0,0,0,0,0,0,,,,0,0,0,0,0,0,0,,0,0,0,0,0,10.0,16.0
00-0040136,P.Umanmielen,Princely Umanmielen,LB,LB,"https://static.www.nfl.com/image/upload/f_auto,q_auto/league/tujabrenppanxhgla1ed",2025,2,REG,CAR,ARI,0,0,0,0,0,0,0,0,0,0,0,0,,,0,,0,0,0,0,0,0,,0,0,0,0,0,0,0,0,0,0,,0,,0.0,0.0,0.0,0,1,0,0,1,9,0,1.0,9.0,1,0,0,0,0,0,0,0,0,0,0,0,0,0,0,0,0,0,0,0,0,0,0,,,0,0,0,0,0,0,0,0,0,0,0,0,,,,0,0,0,0,0,0,0,,0,0,0,0,0,0.0,0.0
00-0040159,L.Ransom,Lathan Ransom,SAF,DB,"https://static.www.nfl.com/image/upload/f_auto,q_auto/league/nfytveo0hvpm3whml1hv",2025,2,REG,CAR,ARI,0,0,0,0,0,0,0,0,0,0,0,0,,,0,,0,0,0,0,0,0,,0,0,0,0,0,0,0,0,0,0,,0,,0.0,0.0,0.0,0,1,0,3,0,0,0,0.0,0.0,0,0,0,0,0,0,0,0,0,0,0,0,0,0,0,0,0,0,0,0,0,0,0,,,0,0,0,0,0,0,0,0,0,0,0,0,,,,0,0,0,0,0,0,0,,0,0,0,0,0,0.0,0.0
00-0040187,M.Evans,Mitchell Evans,TE,TE,"https://static.www.nfl.com/image/upload/f_auto,q_auto/league/gbu3iik4i1mi6vllmwlz",2025,2,REG,CAR,ARI,0,0,0,0,0,0,0,0,0,0,0,0,,,0,,0,0,0,0,0,0,,0,1,1,9,0,0,0,5,4,0,0.8130568566266447,0,1.8,0.018867924528301886,0.013333333333333334,0.03763522012578616,0,0,0,0,0,0,0,0.0,0.0,0,0,0,0,0,0,0,0,0,0,0,0,0,0,0,0,0,0,0,0,0,0,0,,,0,0,0,0,0,0,0,0,0,0,0,0,,,,0,0,0,0,0,0,0,,0,0,0,0,0,0.9,1.9
00-0040279,R.Fitzgerald,Ryan Fitzgerald,K,SPEC,"https://static.www.nfl.com/image/upload/f_auto,q_auto/league/abfug5vjak5ixdcqca7x",2025,2,REG,CAR,ARI,0,0,0,0,0,0,0,0,0,0,0,0,,,0,,0,0,0,0,0,0,,0,0,0,0,0,0,0,0,0,0,,0,,0.0,0.0,0.0,0,0,0,0,0,0,0,0.0,0.0,0,0,0,0,0,0,0,0,0,0,0,0,0,0,0,0,0,0,0,1,1,0,0,27.0,1.0,0,1,0,0,0,0,0,0,0,0,0,0,27,,,27,0,0,1,1,0,0,1.0,0,0,0,0,0,0.0,0.0
00-0040289,B.Martin-Scott,Bam Martin-Scott,LB,LB,,2025,2,REG,CAR,ARI,0,0,0,0,0,0,0,0,0,0,0,0,,,0,,0,0,0,0,0,0,,0,0,0,0,0,0,0,0,0,0,,0,,0.0,0.0,0.0,0,1,0,0,0,0,0,0.0,0.0,0,0,0,0,0,0,0,0,0,0,0,0,0,1,10,0,0,0,0,0,0,0,0,,,0,0,0,0,0,0,0,0,0,0,0,0,,,,0,0,0,0,0,0,0,,0,0,0,0,0,0.0,0.0
00-0040644,T.Etienne,Trevor Etienne,RB,RB,"https://static.www.nfl.com/image/upload/f_auto,q_auto/league/futkvr4juiazofhntj0p",2025,2,REG,CAR,ARI,0,0,0,0,0,0,0,0,0,0,0,0,,,0,,0,0,0,0,0,0,,0,1,1,2,0,0,0,-3,5,0,-0.6572534672450274,0,-0.6666666666666666,0.018867924528301886,-0.008,0.02270188679245283,0,0,0,0,0,0,0,0.0,0.0,0,0,0,0,0,0,0,0,0,0,0,0,0,0,0,1,12,4,89,0,0,0,0,,,0,0,0,0,0,0,0,0,0,0,0,0,,,,0,0,0,0,0,0,0,,0,0,0,0,0,0.2,1.2
00-0040746,N.Scourton,Nic Scourton,LB,LB,"https://static.www.nfl.com/image/upload/f_auto,q_auto/league/iyf5alwnsqxygvayiom5",2025,2,REG,CAR,ARI,0,0,0,0,0,0,0,0,0,0,0,0,,,0,,0,0,0,0,0,0,,0,0,0,0,0,0,0,0,0,0,,0,,0.0,0.0,0.0,0,0,0,1,0,0,0,0.0,0.0,0,0,0,0,0,0,0,0,0,0,0,0,0,0,0,0,0,0,0,0,0,0,0,,,0,0,0,0,0,0,0,0,0,0,0,0,,,,0,0,0,0,0,0,0,,0,0,0,0,0,0.0,0.0
00-0027973,A.Dalton,Andy Dalton,QB,QB,"https://static.www.nfl.com/image/upload/f_auto,q_auto/league/nyjb97rajdqckaxsoniv",2025,3,REG,CAR,ATL,0,0,0,0,0,0,0,0,0,0,0,0,,,0,,1,-1,0,0,0,0,0.0,0,0,0,0,0,0,0,0,0,0,,0,,0.0,0.0,0.0,0,0,0,0,0,0,0,0.0,0.0,0,0,0,0,0,0,0,0,0,0,0,0,0,0,0,0,0,0,0,0,0,0,0,,,0,0,0,0,0,0,0,0,0,0,0,0,,,,0,0,0,0,0,0,0,,0,0,0,0,0,-0.1,-0.1
00-0030092,S.Martin,Sam Martin,P,SPEC,"https://static.www.nfl.com/image/upload/f_auto,q_auto/league/hkewwfpluyhrcdgquthf",2025,3,REG,CAR,ATL,0,0,0,0,0,0,0,0,0,0,0,0,,,0,,0,0,0,0,0,0,,0,0,0,0,0,0,0,0,0,0,,0,,0.0,0.0,0.0,0,0,0,0,0,0,0,0.0,0.0,0,0,0,0,0,0,0,0,0,0,0,0,0,0,0,0,0,0,0,0,0,0,0,,,0,0,0,0,0,0,0,0,0,0,0,0,,,,0,0,0,0,0,0,0,,0,0,0,0,0,0.0,0.0
00-0032889,A.Robinson,A'Shawn Robinson,DE,DL,"https://static.www.nfl.com/image/upload/f_auto,q_auto/league/o2si1evbe2wsnwyrypjj",2025,3,REG,CAR,ATL,0,0,0,0,0,0,0,0,0,0,0,0,,,0,,0,0,0,0,0,0,,0,0,0,0,0,0,0,0,0,0,,0,,0.0,0.0,0.0,0,1,0,1,0,0,0,0.0,0.0,0,0,0,0,0,0,0,0,0,0,0,0,0,0,0,0,0,0,0,0,0,0,0,,,0,0,0,0,0,0,0,0,0,0,0,0,,,,0,0,0,0,0,0,0,,0,0,0,0,0,0.0,0.0
00-0033284,T.Moton,Taylor Moton,OT,OL,"https://static.www.nfl.com/image/upload/f_auto,q_auto/league/sfwnn5fqfzp64p0zkwkl",2025,3,REG,CAR,ATL,0,0,0,0,0,0,0,0,0,0,0,0,,,0,,0,0,0,0,0,0,,0,0,0,0,0,0,0,0,0,0,,0,,0.0,0.0,0.0,0,0,0,0,0,0,0,0.0,0.0,0,0,0,0,0,0,0,0,0,0,0,0,0,1,5,0,0,0,0,0,0,0,0,,,0,0,0,0,0,0,0,0,0,0,0,0,,,,0,0,0,0,0,0,0,,0,0,0,0,0,0.0,0.0
00-0033589,D.Moore,David Moore,WR,WR,"https://static.www.nfl.com/image/upload/f_auto,q_auto/league/k2szy47lyxy9u5om7vd1",2025,3,REG,CAR,ATL,0,0,0,0,0,0,0,0,0,0,0,0,,,0,,0,0,0,0,0,0,,0,1,1,5,0,0,0,5,0,0,-0.30323291127569973,0,1.0,0.041666666666666664,0.03759398496240601,0.08881578947368421,0,0,0,0,0,0,0,0.0,0.0,0,0,0,0,0,0,0,0,0,0,0,0,0,0,0,0,0,0,0,0,0,0,0,,,0,0,0,0,0,0,0,0,0,0,0,0,,,,0,0,0,0,0,0,0,,0,0,0,0,0,0.5,1.5
00-0034983,H.Renfrow,Hunter Renfrow,WR,WR,"https://static.www.nfl.com/image/upload/f_auto,q_auto/league/sgrqk1a6fm34swazm2bx",2025,3,REG,CAR,ATL,0,0,0,0,0,0,0,0,0,0,0,0,,,0,,0,0,0,0,0,0,,0,2,4,6,0,0,0,23,7,0,-3.200794655028941,0,0.2608695652173913,0.16666666666666666,0.17293233082706766,0.37105263157894736,0,0,0,0,0,0,0,0.0,0.0,0,0,0,0,0,0,0,0,0,0,0,0,0,0,0,0,0,0,0,0,0,0,0,,,0,0,0,0,0,0,0,0,0,0,0,0,,,,0,0,0,0,0,0,0,,0,0,0,0,0,0.6000000000000001,2.6
00-0035277,M.Jackson,Mike Jackson,CB,DB,"https://static.www.nfl.com/image/upload/f_auto,q_auto/league/cqvxm9n1ncjq7hd2dtqb",2025,3,REG,CAR,ATL,0,0,0,0,0,0,0,0,0,0,0,0,,,0,,0,0,0,0,0,0,,0,0,0,0,0,0,0,0,0,0,,0,,0.0,0.0,0.0,0,5,0,1,0,0,0,0.0,0.0,0,1,54,1,0,0,0,0,0,0,0,0,0,0,0,0,0,0,0,0,0,0,0,,,0,0,0,0,0,0,0,0,0,0,0,0,,,,0,0,0,0,0,0,0,,0,0,0,0,0,0.0,0.0
00-0035669,N.Scott,Nick Scott,SAF,DB,"https://static.www.nfl.com/image/upload/f_auto,q_auto/league/cjfueipnys7gl5bby6gc",2025,3,REG,CAR,ATL,0,0,0,0,0,0,0,0,0,0,0,0,,,0,,0,0,0,0,0,0,,0,0,0,0,0,0,0,0,0,0,,0,,0.0,0.0,0.0,0,2,0,1,0,0,0,0.0,0.0,0,0,0,0,0,0,0,0,0,0,0,0,0,0,0,0,0,0,0,0,0,0,0,,,0,0,0,0,0,0,0,0,0,0,0,0,,,,0,0,0,0,0,0,0,,0,0,0,0,0,0.0,0.0
00-0035942,C.Rozeboom,Christian Rozeboom,LB,LB,"https://static.www.nfl.com/image/upload/f_auto,q_auto/league/kobbnik0wg5amqr1imnr",2025,3,REG,CAR,ATL,0,0,0,0,0,0,0,0,0,0,0,0,,,0,,0,0,0,0,0,0,,0,0,0,0,0,0,0,0,0,0,,0,,0.0,0.0,0.0,0,5,0,3,0,0,0,0.0,0.0,0,0,0,0,0,0,0,0,0,0,0,0,0,0,0,0,0,0,0,0,0,0,0,,,0,0,0,0,0,0,0,0,0,0,0,0,,,,0,0,0,0,0,0,0,,0,0,0,0,0,0.0,0.0
00-0036139,R.Dowdle,Rico Dowdle,RB,RB,"https://static.www.nfl.com/image/upload/f_auto,q_auto/league/cvnrzndsiaojvvxz8vo5",2025,3,REG,CAR,ATL,0,0,0,0,0,0,0,0,0,0,0,0,,,0,,10,30,1,0,0,3,2.195487317745574,0,1,1,8,0,0,0,-7,15,1,0.7071177379693836,0,-1.1428571428571428,0.041666666666666664,-0.05263157894736842,0.02565789473684211,0,0,0,0,0,0,0,0.0,0.0,0,0,0,0,0,0,0,0,0,0,0,0,0,0,0,0,0,1,21,0,0,0,0,,,0,0,0,0,0,0,0,0,0,0,0,0,,,,0,0,0,0,0,0,0,,0,0,0,0,0,9.8,10.8
00-0036220,D.Brown,Derrick Brown,DE,DL,"https://static.www.nfl.com/image/upload/f_auto,q_auto/league/nneryzn7ehs21yeed5ny",2025,3,REG,CAR,ATL,0,0,0,0,0,0,0,0,0,0,0,0,,,0,,0,0,0,0,0,0,,0,0,0,0,0,0,0,0,0,0,,0,,0.0,0.0,0.0,0,1,0,1,0,0,0,0.0,0.0,1,0,0,0,0,0,0,0,0,0,0,0,0,0,0,0,0,0,0,0,0,0,0,,,0,0,0,0,0,0,0,0,0,0,0,0,,,,0,0,0,0,0,0,0,,0,0,0,0,0,0.0,0.0
00-0036335,D.Wonnum,D.J. Wonnum,LB,LB,"https://static.www.nfl.com/image/upload/f_auto,q_auto/league/i4vqp3hdkbfiakcdmnmo",2025,3,REG,CAR,ATL,0,0,0,0,0,0,0,0,0,0,0,0,,,0,,0,0,0,0,0,0,,0,0,0,0,0,0,0,0,0,0,,0,,0.0,0.0,0.0,0,1,0,1,0,0,0,0.0,0.0,0,0,0,0,0,0,0,0,0,0,0,0,0,0,0,0,0,0,0,0,0,0,0,,,0,0,0,0,0,0,0,0,0,0,0,0,,,,0,0,0,0,0,0,0,,0,0,0,0,0,0.0,0.0
00-0036417,D.Lewis,Damien Lewis,G,OL,"https://static.www.nfl.com/image/upload/f_auto,q_auto/league/aerw6b5qa0plz8ejg68g",2025,3,REG,CAR,ATL,0,0,0,0,0,0,0,0,0,0,0,0,,,0,,0,0,0,0,0,0,,0,0,0,0,0,0,0,0,0,0,,0,,0.0,0.0,0.0,0,0,0,0,0,0,0,0.0,0.0,0,0,0,0,0,0,0,0,0,0,0,0,0,2,20,0,0,0,0,0,0,0,0,,,0,0,0,0,0,0,0,0,0,0,0,0,,,,0,0,0,0,0,0,0,,0,0,0,0,0,0.0,0.0
00-0036555,C.Hubbard,Chuba Hubbard,RB,RB,"https://static.www.nfl.com/image/upload/f_auto,q_auto/league/pjgml85ghq7oa48dctn7",2025,3,REG,CAR,ATL,0,0,0,0,0,0,0,0,0,0,0,0,,,0,,17,73,0,0,0,3,-1.8132573041366413,0,2,3,3,0,0,0,13,9,0,-1.1687674251152202,0,0.23076923076923078,0.125,0.09774436090225563,0.25592105263157894,0,0,0,0,0,0,0,0.0,0.0,0,0,0,0,0,0,0,0,0,0,0,0,0,0,0,0,0,0,0,0,0,0,0,,,0,0,0,0,0,0,0,0,0,0,0,0,,,,0,0,0,0,0,0,0,,0,0,0,0,0,7.6000000000000005,9.600000000000001
00-0036944,Ja.Horn,Jaycee Horn,CB,DB,"https://static.www.nfl.com/image/upload/f_auto,q_auto/league/lvqdczrm0ebvb8m3n5fu",2025,3,REG,CAR,ATL,0,0,0,0,0,0,0,0,0,0,0,0,,,0,,0,0,0,0,0,0,,0,0,0,0,0,0,0,0,0,0,,0,,0.0,0.0,0.0,0,3,0,0,0,0,0,0.0,0.0,0,0,0,0,0,0,0,0,0,0,0,0,0,0,0,0,0,0,0,0,0,0,0,,,0,0,0,0,0,0,0,0,0,0,0,0,,,,0,0,0,0,0,0,0,,0,0,0,0,0,0.0,0.0
00-0036962,T.Moehrig,Tre'von Moehrig,SAF,DB,"https://static.www.nfl.com/image/upload/f_auto,q_auto/league/cyprwi2vzj1a3oitgseo",2025,3,REG,CAR,ATL,0,0,0,0,0,0,0,0,0,0,0,0,,,0,,0,0,0,0,0,0,,0,0,0,0,0,0,0,0,0,0,,0,,0.0,0.0,0.0,0,4,0,2,1,2,0,0.0,0.0,1,0,0,0,0,0,0,0,0,0,0,0,0,0,0,0,0,0,0,0,0,0,0,,,0,0,0,0,0,0,0,0,0,0,0,0,,,,0,0,0,0,0,0,0,,0,0,0,0,0,0.0,0.0
00-0037005,T.Tremble,Tommy Tremble,TE,TE,"https://static.www.nfl.com/image/upload/f_auto,q_auto/league/j0atbeflgj05pldxfon6",2025,3,REG,CAR,ATL,0,0,0,0,0,0,0,0,0,0,0,0,,,0,,0,0,0,0,0,0,,0,2,2,16,0,0,0,4,12,1,0.47234208364386987,0,4.0,0.08333333333333333,0.03007518796992481,0.14605263157894738,0,0,0,0,0,0,0,0.0,0.0,0,0,0,0,0,0,0,0,0,0,0,0,0,0,0,0,0,0,0,0,0,0,0,,,0,0,0,0,0,0,0,0,0,0,0,0,,,,0,0,0,0,0,0,0,,0,0,0,0,0,1.6,3.6
00-0037297,C.Mays,Cade Mays,C,OL,"https://static.www.nfl.com/image/upload/f_auto,q_auto/league/lvwir8l56pkjixweaca4",2025,3,REG,CAR,ATL,0,0,0,0,0,0,0,0,0,0,0,0,,,0,,0,0,0,0,0,0,,0,0,0,0,0,0,0,0,0,0,,0,,0.0,0.0,0.0,0,0,0,0,0,0,0,0.0,0.0,0,0,0,0,0,0,0,0,0,0,0,0,0,1,10,0,0,0,0,0,0,0,0,,,0,0,0,0,0,0,0,0,0,0,0,0,,,,0,0,0,0,0,0,0,,0,0,0,0,0,0.0,0.0
00-0038101,A.Evans,Akayleb Evans,CB,DB,"https://static.www.nfl.com/image/upload/f_auto,q_auto/league/anmntl6frvbrhct3tzn1",2025,3,REG,CAR,ATL,0,0,0,0,0,0,0,0,0,0,0,0,,,0,,0,0,0,0,0,0,,0,0,0,0,0,0,0,0,0,0,,0,,0.0,0.0,0.0,0,1,0,0,0,0,0,0.0,0.0,0,0,0,0,0,0,0,0,0,0,0,0,0,1,5,0,0,0,0,0,0,0,0,,,0,0,0,0,0,0,0,0,0,0,0,0,,,,0,0,0,0,0,0,0,,0,0,0,0,0,0.0,0.0
00-0038535,D.Johnson,DJ Johnson,LB,LB,"https://static.www.nfl.com/image/upload/f_auto,q_auto/league/msiycion6qjuafdstc2z",2025,3,REG,CAR,ATL,0,0,0,0,0,0,0,0,0,0,0,0,,,0,,0,0,0,0,0,0,,0,0,0,0,0,0,0,0,0,0,,0,,0.0,0.0,0.0,0,1,0,0,0,0,0,0.0,0.0,0,0,0,0,0,0,0,0,0,0,0,0,0,0,0,0,0,0,0,0,0,0,0,,,0,0,0,0,0,0,0,0,0,0,0,0,,,,0,0,0,0,0,0,0,,0,0,0,0,0,0.0,0.0
00-0038791,T.Incoom,Thomas Incoom,LB,LB,"https://static.www.nfl.com/image/upload/f_auto,q_auto/league/fdp1jblpdjc6l7nw8u8a",2025,3,REG,CAR,ATL,0,0,0,0,0,0,0,0,0,0,0,0,,,0,,0,0,0,0,0,0,,0,0,0,0,0,0,0,0,0,0,,0,,0.0,0.0,0.0,0,0,1,0,0,0,0,0.0,0.0,0,0,0,0,0,0,0,0,0,0,0,0,0,0,0,0,0,0,0,0,0,0,0,,,0,0,0,0,0,0,0,0,0,0,0,0,,,,0,0,0,0,0,0,0,,0,0,0,0,0,0.0,0.0
00-0038840,B.Tremayne,Brycen Tremayne,WR,WR,"https://static.www.nfl.com/image/upload/f_auto,q_auto/league/mpjkirsgrx6qavqrdum6",2025,3,REG,CAR,ATL,0,0,0,0,0,0,0,0,0,0,0,0,,,0,,0,0,0,0,0,0,,0,2,2,15,0,0,0,9,6,1,0.8706169321667403,0,1.6666666666666667,0.08333333333333333,0.06766917293233082,0.17236842105263156,0,0,0,1,0,0,0,0.0,0.0,0,0,0,0,0,0,0,0,0,0,0,0,0,0,0,0,0,0,0,0,0,0,0,,,0,0,0,0,0,0,0,0,0,0,0,0,,,,0,0,0,0,0,0,0,,0,0,0,0,0,1.5,3.5
00-0039150,B.Young,Bryce Young,QB,QB,"https://static.www.nfl.com/image/upload/f_auto,q_auto/league/qy1lfhlzhiacsyzzm1j7",2025,3,REG,CAR,ATL,16,24,121,0,0,1,-7,0,0,133,76,7,-2.4837949486153077,-1.299610361456871,0,0.9097744360902256,2,8,1,0,0,2,1.6179113783873618,0,0,0,0,0,0,0,0,0,0,,0,,0.0,0.0,0.0,0,0,0,0,0,0,0,0.0,0.0,0,0,0,0,0,0,0,0,0,0,0,0,0,0,0,0,0,0,0,0,0,0,0,,,0,0,0,0,0,0,0,0,0,0,0,0,,,,0,0,0,0,0,0,0,,0,0,0,0,0,11.64,11.64
00-0039347,T.Wallace,Trevin Wallace,LB,LB,"https://static.www.nfl.com/image/upload/f_auto,q_auto/league/m4dt3rza3lvzhhxsag4u",2025,3,REG,CAR,ATL,0,0,0,0,0,0,0,0,0,0,0,0,,,0,,0,0,0,0,0,0,,0,0,0,0,0,0,0,0,0,0,,0,,0.0,0.0,0.0,0,3,0,1,1,5,0,0.0,0.0,0,0,0,0,0,0,0,0,0,0,0,0,0,0,0,0,0,0,0,0,0,0,0,,,0,0,0,0,0,0,0,0,0,0,0,0,,,,0,0,0,0,0,0,0,,0,0,0,0,0,0.0,0.0
00-0039356,J.Sanders,Ja'Tavion Sanders,TE,TE,"https://static.www.nfl.com/image/upload/f_auto,q_auto/league/le2akm1cbou170ioctxl",2025,3,REG,CAR,ATL,0,0,0,0,0,0,0,0,0,0,0,0,,,0,,0,0,0,0,0,0,,0,2,2,11,0,0,0,1,10,1,1.4165408302797005,0,11.0,0.08333333333333333,0.007518796992481203,0.13026315789473683,0,0,0,0,0,0,0,0.0,0.0,0,0,0,0,0,0,0,0,0,0,0,0,0,0,0,0,0,0,0,0,0,0,0,,,0,0,0,0,0,0,0,0,0,0,0,0,,,,0,0,0,0,0,0,0,,0,0,0,0,0,1.1,3.1
00-0039380,C.Smith-Wade,Chau Smith-Wade,CB,DB,"https://static.www.nfl.com/image/upload/f_auto,q_auto/league/zaw1uynft16o6ltvxjpf",2025,3,REG,CAR,ATL,0,0,0,0,0,0,0,0,0,0,0,0,,,0,,0,0,0,0,0,0,,0,0,0,0,0,0,0,0,0,0,,0,,0.0,0.0,0.0,0,5,0,0,0,0,0,0.0,0.0,0,1,11,1,1,0,0,0,0,0,0,0,0,0,0,0,0,0,0,0,0,0,0,,,0,0,0,0,0,0,0,0,0,0,0,0,,,,0,0,0,0,0,0,0,,0,0,0,0,0,0.0,0.0
00-0039402,J.Crumedy,Jaden Crumedy,DT,DL,"https://static.www.nfl.com/image/upload/f_auto,q_auto/league/xmbnm0swk4oqrrnslrn5",2025,3,REG,CAR,ATL,0,0,0,0,0,0,0,0,0,0,0,0,,,0,,0,0,0,0,0,0,,0,0,0,0,0,0,0,0,0,0,,0,,0.0,0.0,0.0,0,0,0,2,0,0,0,0.0,0.0,0,0,0,0,0,0,0,0,0,0,0,0,0,0,0,0,0,0,0,0,0,0,0,,,0,0,0,0,0,0,0,0,0,0,0,0,,,,0,0,0,0,0,0,0,,0,0,0,0,0,0.0,0.0
00-0039601,D.Richardson,Demani Richardson,SAF,DB,"https://static.www.nfl.com/image/upload/f_auto,q_auto/league/tpjhwnupzg65sx5zyzbx",2025,3,REG,CAR,ATL,0,0,0,0,0,0,0,0,0,0,0,0,,,0,,0,0,0,0,0,0,,0,0,0,0,0,0,0,0,0,0,,0,,0.0,0.0,0.0,0,1,0,1,0,0,0,0.0,0.0,0,0,0,0,0,0,0,0,0,0,1,1,0,0,0,0,0,0,0,0,0,0,0,,,0,0,0,0,0,0,0,0,0,0,0,0,,,,0,0,0,0,0,0,0,,0,0,0,0,0,0.0,0.0
00-0039637,M.Njongmeta,Maema Njongmeta,LB,LB,"https://static.www.nfl.com/image/upload/f_auto,q_auto/league/tmjqotinfienbj2r8gf7",2025,3,REG,CAR,ATL,0,0,0,0,0,0,0,0,0,0,0,0,,,0,,0,0,0,0,0,0,,0,0,0,0,0,0,0,0,0,0,,0,,0.0,0.0,0.0,0,1,0,1,0,0,0,0.0,0.0,0,0,0,0,0,0,0,0,0,0,0,0,0,0,0,0,0,0,0,0,0,0,0,,,0,0,0,0,0,0,0,0,0,0,0,0,,,,0,0,0,0,0,0,0,,0,0,0,0,0,0.0,0.0
00-0040124,T.McMillan,Tetairoa McMillan,WR,WR,"https://static.www.nfl.com/image/upload/f_auto,q_auto/league/hokqp6gl5xujtlqwecg8",2025,3,REG,CAR,ATL,0,0,0,0,0,0,0,0,0,0,0,0,,,0,,0,0,0,0,0,0,,0,3,8,48,0,0,0,78,15,3,0.09019754617474973,0,0.6153846153846154,0.3333333333333333,0.5864661654135338,0.9105263157894736,0,0,0,0,0,0,0,0.0,0.0,0,0,0,0,0,0,0,0,0,0,0,0,0,0,0,0,0,0,0,0,0,0,0,,,0,0,0,0,0,0,0,0,0,0,0,0,,,,0,0,0,0,0,0,0,,0,0,0,0,0,4.800000000000001,7.800000000000001
00-0040159,L.Ransom,Lathan Ransom,SAF,DB,"https://static.www.nfl.com/image/upload/f_auto,q_auto/league/nfytveo0hvpm3whml1hv",2025,3,REG,CAR,ATL,0,0,0,0,0,0,0,0,0,0,0,0,,,0,,0,0,0,0,0,0,,0,0,0,0,0,0,0,0,0,0,,0,,0.0,0.0,0.0,0,5,0,0,0,0,1,0.0,0.0,0,0,0,0,0,0,0,0,0,0,0,0,0,0,0,0,0,0,0,0,0,0,0,,,0,0,0,0,0,0,0,0,0,0,0,0,,,,0,0,0,0,0,0,0,,0,0,0,0,0,0.0,0.0
00-0040174,C.Jackson,Cam Jackson,DT,DL,"https://static.www.nfl.com/image/upload/f_auto,q_auto/league/xxxuppsldwpxstrwfo9u",2025,3,REG,CAR,ATL,0,0,0,0,0,0,0,0,0,0,0,0,,,0,,0,0,0,0,0,0,,0,0,0,0,0,0,0,0,0,0,,0,,0.0,0.0,0.0,0,1,0,1,0,0,0,0.0,0.0,0,0,0,0,0,0,0,0,0,0,0,0,0,0,0,0,0,0,0,0,0,0,0,,,0,0,0,0,0,0,0,0,0,0,0,0,,,,0,0,0,0,0,0,0,,0,0,0,0,0,0.0,0.0
00-0040187,M.Evans,Mitchell Evans,TE,TE,"https://static.www.nfl.com/image/upload/f_auto,q_auto/league/gbu3iik4i1mi6vllmwlz",2025,3,REG,CAR,ATL,0,0,0,0,0,0,0,0,0,0,0,0,,,0,,0,0,0,0,0,0,,0,1,1,9,0,0,0,7,2,0,0.8080747004132718,0,1.2857142857142858,0.041666666666666664,0.05263157894736842,0.0993421052631579,0,0,0,0,0,0,0,0.0,0.0,0,0,0,0,0,0,0,0,0,0,0,0,0,0,0,0,0,0,0,0,0,0,0,,,0,0,0,0,0,0,0,0,0,0,0,0,,,,0,0,0,0,0,0,0,,0,0,0,0,0,0.9,1.9
00-0040279,R.Fitzgerald,Ryan Fitzgerald,K,SPEC,"https://static.www.nfl.com/image/upload/f_auto,q_auto/league/abfug5vjak5ixdcqca7x",2025,3,REG,CAR,ATL,0,0,0,0,0,0,0,0,0,0,0,0,,,0,,0,0,0,0,0,0,,0,0,0,0,0,0,0,0,0,0,,0,,0.0,0.0,0.0,0,0,0,0,0,0,0,0.0,0.0,0,0,0,0,0,0,0,0,0,0,0,0,0,0,0,0,0,0,0,3,3,0,0,57.0,1.0,0,0,1,1,1,0,0,0,0,0,0,0,57;35;41,,,133,0,0,3,3,0,0,1.0,0,0,0,0,0,0.0,0.0
00-0040289,B.Martin-Scott,Bam Martin-Scott,LB,LB,,2025,3,REG,CAR,ATL,0,0,0,0,0,0,0,0,0,0,0,0,,,0,,0,0,0,0,0,0,,0,0,0,0,0,0,0,0,0,0,,0,,0.0,0.0,0.0,0,1,0,1,0,0,0,0.0,0.0,0,0,0,0,0,0,0,0,0,0,0,0,0,0,0,0,0,0,0,0,0,0,0,,,0,0,0,0,0,0,0,0,0,0,0,0,,,,0,0,0,0,0,0,0,,0,0,0,0,0,0.0,0.0
00-0040296,C.Thornton,Corey Thornton,CB,DB,"https://static.www.nfl.com/image/upload/f_auto,q_auto/league/tlmmgdiwijyhzguzyjwy",2025,3,REG,CAR,ATL,0,0,0,0,0,0,0,0,0,0,0,0,,,0,,0,0,0,0,0,0,,0,0,0,0,0,0,0,0,0,0,,0,,0.0,0.0,0.0,0,0,0,1,0,0,0,0.0,0.0,0,0,0,0,0,0,0,0,0,0,0,0,0,0,0,0,0,0,0,0,0,0,0,,,0,0,0,0,0,0,0,0,0,0,0,0,,,,0,0,0,0,0,0,0,,0,0,0,0,0,0.0,0.0
00-0040629,D.Campbell,Dalevon Campbell,WR,WR,"https://static.www.nfl.com/image/upload/f_auto,q_auto/league/lmdwuz4anz0nhbaeewmm",2025,3,REG,CAR,ATL,0,0,0,0,0,0,0,0,0,0,0,0,,,0,,0,0,0,0,0,0,,0,0,0,0,0,0,0,0,0,0,,0,,0.0,0.0,0.0,0,1,0,0,0,0,0,0.0,0.0,0,0,0,0,0,0,0,0,0,0,0,0,0,0,0,0,0,0,0,0,0,0,0,,,0,0,0,0,0,0,0,0,0,0,0,0,,,,0,0,0,0,0,0,0,,0,0,0,0,0,0.0,0.0
00-0040644,T.Etienne,Trevor Etienne,RB,RB,"https://static.www.nfl.com/image/upload/f_auto,q_auto/league/futkvr4juiazofhntj0p",2025,3,REG,CAR,ATL,0,0,0,0,0,0,0,0,0,0,0,0,,,0,,0,0,0,0,0,0,,0,0,0,0,0,0,0,0,0,0,,0,,0.0,0.0,0.0,0,0,0,0,0,0,0,0.0,0.0,0,0,0,0,0,1,0,0,0,0,0,0,0,0,0,1,0,0,0,0,0,0,0,,,0,0,0,0,0,0,0,0,0,0,0,0,,,,0,0,0,0,0,0,0,,0,0,0,0,0,0.0,0.0
00-0040746,N.Scourton,Nic Scourton,LB,LB,"https://static.www.nfl.com/image/upload/f_auto,q_auto/league/iyf5alwnsqxygvayiom5",2025,3,REG,CAR,ATL,0,0,0,0,0,0,0,0,0,0,0,0,,,0,,0,0,0,0,0,0,,0,0,0,0,0,0,0,0,0,0,,0,,0.0,0.0,0.0,0,1,0,0,0,0,0,0.0,0.0,0,0,0,1,0,0,0,0,0,0,0,0,0,0,0,0,0,0,0,0,0,0,0,,,0,0,0,0,0,0,0,0,0,0,0,0,,,,0,0,0,0,0,0,0,,0,0,0,0,0,0.0,0.0
