player_id,player_name,player_display_name,position,position_group,headshot_url,season,week,season_type,team,opponent_team,completions,attempts,passing_yards,passing_tds,passing_interceptions,sacks_suffered,sack_yards_lost,sack_fumbles,sack_fumbles_lost,passing_air_yards,passing_yards_after_catch,passing_first_downs,passing_epa,passing_cpoe,passing_2pt_conversions,pacr,carries,rushing_yards,rushing_tds,rushing_fumbles,rushing_fumbles_lost,rushing_first_downs,rushing_epa,rushing_2pt_conversions,receptions,targets,receiving_yards,receiving_tds,receiving_fumbles,receiving_fumbles_lost,receiving_air_yards,receiving_yards_after_catch,receiving_first_downs,receiving_epa,receiving_2pt_conversions,racr,target_share,air_yards_share,wopr,special_teams_tds,def_tackles_solo,def_tackles_with_assist,def_tackle_assists,def_tackles_for_loss,def_tackles_for_loss_yards,def_fumbles_forced,def_sacks,def_sack_yards,def_qb_hits,def_interceptions,def_interception_yards,def_pass_defended,def_tds,def_fumbles,def_safeties,misc_yards,fumble_recovery_own,fumble_recovery_yards_own,fumble_recovery_opp,fumble_recovery_yards_opp,fumble_recovery_tds,penalties,penalty_yards,punt_returns,punt_return_yards,kickoff_returns,kickoff_return_yards,fg_made,fg_att,fg_missed,fg_blocked,fg_long,fg_pct,fg_made_0_19,fg_made_20_29,fg_made_30_39,fg_made_40_49,fg_made_50_59,fg_made_60_,fg_missed_0_19,fg_missed_20_29,fg_missed_30_39,fg_missed_40_49,fg_missed_50_59,fg_missed_60_,fg_made_list,fg_missed_list,fg_blocked_list,fg_made_distance,fg_missed_distance,fg_blocked_distance,pat_made,pat_att,pat_missed,pat_blocked,pat_pct,gwfg_made,gwfg_att,gwfg_missed,gwfg_blocked,gwfg_distance,fantasy_points,fantasy_points_ppr
00-0031898,A.Singleton,Alex Singleton,LB,LB,"https://static.www.nfl.com/image/upload/f_auto,q_auto/league/zohji3gr704zraihhqyl",2025,1,REG,DEN,TEN,0,0,0,0,0,0,0,0,0,0,0,0,,,0,,0,0,0,0,0,0,,0,0,0,0,0,0,0,0,0,0,,0,,0.0,0.0,0.0,0,1,1,4,0,0,0,0.0,0.0,0,0,0,1,0,0,0,0,0,0,0,0,0,0,0,0,0,0,0,0,0,0,0,,,0,0,0,0,0,0,0,0,0,0,0,0,,,,0,0,0,0,0,0,0,,0,0,0,0,0,0.0,0.0
00-0032569,W.Lutz,Wil Lutz,K,SPEC,"https://static.www.nfl.com/image/upload/f_auto,q_auto/league/lcfurzhyjudmrwjxkgfs",2025,1,REG,DEN,TEN,0,0,0,0,0,0,0,0,0,0,0,0,,,0,,0,0,0,0,0,0,,0,0,0,0,0,0,0,0,0,0,,0,,0.0,0.0,0.0,0,0,0,0,0,0,0,0.0,0.0,0,0,0,0,0,0,0,0,0,0,0,0,0,0,0,0,0,0,0,2,2,0,0,39.0,1.0,0,0,2,0,0,0,0,0,0,0,0,0,39;33,,,72,0,0,2,2,0,0,1.0,0,0,0,0,0,0.0,0.0
00-0033297,D.Jones,D.J. Jones,DT,DL,"https://static.www.nfl.com/image/upload/f_auto,q_auto/league/ft4g8bxpn85mshqvp4lj",2025,1,REG,DEN,TEN,0,0,0,0,0,0,0,0,0,0,0,0,,,0,,0,0,0,0,0,0,,0,0,0,0,0,0,0,0,0,0,,0,,0.0,0.0,0.0,0,1,0,0,0,0,0,0.0,0.0,1,0,0,0,0,0,0,0,0,0,0,0,0,0,0,0,0,0,0,0,0,0,0,,,0,0,0,0,0,0,0,0,0,0,0,0,,,,0,0,0,0,0,0,0,,0,0,0,0,0,0.0,0.0
00-0033881,E.Engram,Evan Engram,TE,TE,"https://static.www.nfl.com/image/upload/f_auto,q_auto/league/vsrjso6phkjqki88qw9y",2025,1,REG,DEN,TEN,0,0,0,0,0,0,0,0,0,0,0,0,,,0,,0,0,0,0,0,0,,0,3,4,21,0,0,0,10,16,1,1.6787176717771217,0,2.1,0.10810810810810811,0.046948356807511735,0.1950260119274204,0,0,0,0,0,0,0,0.0,0.0,0,0,0,0,0,0,0,0,0,0,0,0,0,0,0,0,0,0,0,0,0,0,0,,,0,0,0,0,0,0,0,0,0,0,0,0,,,,0,0,0,0,0,0,0,,0,0,0,0,0,2.1,5.1
00-0034348,C.Sutton,Courtland Sutton,WR,WR,"https://static.www.nfl.com/image/upload/f_auto,q_auto/league/r2sr6cbma4c7wc3isejj",2025,1,REG,DEN,TEN,0,0,0,0,0,0,0,0,0,0,0,0,,,0,,0,0,0,0,0,0,,0,6,9,61,1,0,0,107,8,4,3.078325612761546,0,0.5700934579439252,0.24324324324324326,0.5023474178403756,0.7165080573531278,0,1,0,0,0,0,0,0.0,0.0,0,0,0,0,0,0,0,0,0,0,0,0,0,0,0,0,0,0,0,0,0,0,0,,,0,0,0,0,0,0,0,0,0,0,0,0,,,,0,0,0,0,0,0,0,,0,0,0,0,0,12.100000000000001,18.1
00-0034487,T.Sherfield,Trent Sherfield,WR,WR,"https://static.www.nfl.com/image/upload/f_auto,q_auto/league/esdvav44ezzmwbwe1rju",2025,1,REG,DEN,TEN,0,0,0,0,0,0,0,0,0,0,0,0,,,0,,0,0,0,0,0,0,,0,1,1,3,0,0,0,-2,5,0,-0.24517847155220807,0,0.0,0.02702702702702703,-0.009389671361502348,0.0339677705874889,0,1,0,0,0,0,0,0.0,0.0,0,0,0,0,0,0,0,0,0,0,0,0,0,2,20,0,0,0,0,0,0,0,0,,,0,0,0,0,0,0,0,0,0,0,0,0,,,,0,0,0,0,0,0,0,,0,0,0,0,0,0.30000000000000004,1.3
00-0034805,J.Franklin-Myers,John Franklin-Myers,DE,DL,"https://static.www.nfl.com/image/upload/f_auto,q_auto/league/uddpcfoopacmfjcovnvi",2025,1,REG,DEN,TEN,0,0,0,0,0,0,0,0,0,0,0,0,,,0,,0,0,0,0,0,0,,0,0,0,0,0,0,0,0,0,0,,0,,0.0,0.0,0.0,0,0,0,1,0,0,0,0.0,0.0,0,0,0,0,0,0,0,0,0,0,0,0,0,0,0,0,0,0,0,0,0,0,0,,,0,0,0,0,0,0,0,0,0,0,0,0,,,,0,0,0,0,0,0,0,,0,0,0,0,0,0.0,0.0
00-0034847,M.McGlinchey,Mike McGlinchey,OT,OL,"https://static.www.nfl.com/image/upload/f_auto,q_auto/league/rlmc7tqeolzj5btkdicj",2025,1,REG,DEN,TEN,0,0,0,0,0,0,0,0,0,0,0,0,,,0,,0,0,0,0,0,0,,0,0,0,0,0,0,0,0,0,0,,0,,0.0,0.0,0.0,0,1,0,0,0,0,0,0.0,0.0,0,0,0,0,0,0,0,0,0,0,0,0,0,0,0,0,0,0,0,0,0,0,0,,,0,0,0,0,0,0,0,0,0,0,0,0,,,,0,0,0,0,0,0,0,,0,0,0,0,0,0.0,0.0
00-0034978,B.Powers,Ben Powers,G,OL,"https://static.www.nfl.com/image/upload/f_auto,q_auto/league/fajb5zieqq91lh0ymlws",2025,1,REG,DEN,TEN,0,0,0,0,0,0,0,0,0,0,0,0,,,0,,0,0,0,0,0,0,,0,0,0,0,0,0,0,0,0,0,,0,,0.0,0.0,0.0,0,0,0,0,0,0,0,0.0,0.0,0,0,0,0,0,0,0,0,0,0,0,0,0,1,10,0,0,0,0,0,0,0,0,,,0,0,0,0,0,0,0,0,0,0,0,0,,,,0,0,0,0,0,0,0,,0,0,0,0,0,0.0,0.0
00-0035248,Z.Allen,Zach Allen,DE,DL,"https://static.www.nfl.com/image/upload/f_auto,q_auto/league/alnctfzlh2giup65i5zt",2025,1,REG,DEN,TEN,0,0,0,0,0,0,0,0,0,0,0,0,,,0,,0,0,0,0,0,0,,0,0,0,0,0,0,0,0,0,0,,0,,0.0,0.0,0.0,0,1,0,0,1,11,0,1.0,11.0,5,0,0,0,0,0,0,0,0,0,0,0,0,0,0,0,0,0,0,0,0,0,0,,,0,0,0,0,0,0,0,0,0,0,0,0,,,,0,0,0,0,0,0,0,,0,0,0,0,0,0.0,0.0
00-0036158,J.Dobbins,J.K. Dobbins,RB,RB,"https://static.www.nfl.com/image/upload/f_auto,q_auto/league/cevotvl3ho5h1mioruyg",2025,1,REG,DEN,TEN,0,0,0,0,0,0,0,0,0,0,0,0,,,0,,16,63,1,0,0,2,-2.1700274884933606,0,2,2,5,0,0,0,-3,8,0,-1.1692595942877233,0,-1.6666666666666667,0.05405405405405406,-0.014084507042253521,0.07122192615150362,0,0,0,0,0,0,0,0.0,0.0,0,0,0,0,0,0,0,0,0,0,0,0,0,0,0,0,0,0,0,0,0,0,0,,,0,0,0,0,0,0,0,0,0,0,0,0,,,,0,0,0,0,0,0,0,,0,0,0,0,0,12.8,14.8
00-0036221,B.Jones,Brandon Jones,SAF,DB,"https://static.www.nfl.com/image/upload/f_auto,q_auto/league/qcgihmzgbq4osnqywbng",2025,1,REG,DEN,TEN,0,0,0,0,0,0,0,0,0,0,0,0,,,0,,0,0,0,0,0,0,,0,0,0,0,0,0,0,0,0,0,,0,,0.0,0.0,0.0,0,1,1,5,0,0,0,0.0,0.0,0,0,0,0,0,0,0,0,0,0,1,1,0,0,0,0,0,0,0,0,0,0,0,,,0,0,0,0,0,0,0,0,0,0,0,0,,,,0,0,0,0,0,0,0,,0,0,0,0,0,0.0,0.0
00-0036422,A.Trautman,Adam Trautman,TE,TE,"https://static.www.nfl.com/image/upload/f_auto,q_auto/league/ck9dspk0ykijetdshyn4",2025,1,REG,DEN,TEN,0,0,0,0,0,0,0,0,0,0,0,0,,,0,,0,0,0,0,0,0,,0,1,1,5,0,0,0,5,0,0,0.06701383402105421,0,1.0,0.02702702702702703,0.023474178403755867,0.05697246542316965,0,0,0,0,0,0,0,0.0,0.0,0,0,0,0,0,0,0,0,0,0,0,0,0,0,0,0,0,0,0,0,0,0,0,,,0,0,0,0,0,0,0,0,0,0,0,0,,,,0,0,0,0,0,0,0,,0,0,0,0,0,0.5,1.5
00-0036428,J.Strnad,Justin Strnad,LB,LB,"https://static.www.nfl.com/image/upload/f_auto,q_auto/league/qeikhakzijz2ipub82bt",2025,1,REG,DEN,TEN,0,0,0,0,0,0,0,0,0,0,0,0,,,0,,0,0,0,0,0,0,,0,0,0,0,0,0,0,0,0,0,,0,,0.0,0.0,0.0,0,2,1,2,1,3,0,1.0,3.0,2,0,0,0,0,0,0,0,0,0,0,0,0,0,0,0,0,0,0,0,0,0,0,,,0,0,0,0,0,0,0,0,0,0,0,0,,,,0,0,0,0,0,0,0,,0,0,0,0,0,0.0,0.0
00-0036564,T.Hufanga,Talanoa Hufanga,SAF,DB,"https://static.www.nfl.com/image/upload/f_auto,q_auto/league/gyoo1p5nckluov1mihbe",2025,1,REG,DEN,TEN,0,0,0,0,0,0,0,0,0,0,0,0,,,0,,0,0,0,0,0,0,,0,0,0,0,0,0,0,0,0,0,,0,,0.0,0.0,0.0,0,7,0,4,0,0,1,0.0,0.0,0,0,0,0,0,0,0,0,0,0,0,0,0,0,0,0,0,0,0,0,0,0,0,,,0,0,0,0,0,0,0,0,0,0,0,0,,,,0,0,0,0,0,0,0,,0,0,0,0,0,0.0,0.0
00-0036683,D.Key,Devon Key,SAF,DB,"https://static.www.nfl.com/image/upload/f_auto,q_auto/league/aax1z5qptzbpatde06cf",2025,1,REG,DEN,TEN,0,0,0,0,0,0,0,0,0,0,0,0,,,0,,0,0,0,0,0,0,,0,0,0,0,0,0,0,0,0,0,,0,,0.0,0.0,0.0,0,1,0,0,0,0,0,0.0,0.0,0,0,0,0,0,0,0,0,0,0,0,0,0,0,0,0,0,0,0,0,0,0,0,,,0,0,0,0,0,0,0,0,0,0,0,0,,,,0,0,0,0,0,0,0,,0,0,0,0,0,0.0,0.0
00-0036727,A.Prentice,Adam Prentice,RB,RB,"https://static.www.nfl.com/image/upload/f_auto,q_auto/league/yiwqv2dccizjdkw1dmye",2025,1,REG,DEN,TEN,0,0,0,0,0,0,0,0,0,0,0,0,,,0,,0,0,0,0,0,0,,0,1,1,4,0,0,0,0,4,0,-1.1184890426229686,0,0.0,0.02702702702702703,0.0,0.04054054054054054,0,0,0,0,0,0,0,0.0,0.0,0,0,0,0,0,0,0,0,0,0,0,0,0,0,0,0,0,0,0,0,0,0,0,,,0,0,0,0,0,0,0,0,0,0,0,0,,,,0,0,0,0,0,0,0,,0,0,0,0,0,0.4,1.4
00-0036874,P.Surtain,Pat Surtain II,CB,DB,"https://static.www.nfl.com/image/upload/f_auto,q_auto/league/soec8zk3n5jvxvywq1gm",2025,1,REG,DEN,TEN,0,0,0,0,0,0,0,0,0,0,0,0,,,0,,0,0,0,0,0,0,,0,0,0,0,0,0,0,0,0,0,,0,,0.0,0.0,0.0,0,0,0,0,0,0,0,0.0,0.0,0,0,0,1,0,0,0,0,0,0,0,0,0,0,0,0,0,0,0,0,0,0,0,,,0,0,0,0,0,0,0,0,0,0,0,0,,,,0,0,0,0,0,0,0,,0,0,0,0,0,0.0,0.0
00-0036952,J.Cooper,Jonathon Cooper,LB,LB,"https://static.www.nfl.com/image/upload/f_auto,q_auto/league/rzjdnsaz0sfs9v4xetov",2025,1,REG,DEN,TEN,0,0,0,0,0,0,0,0,0,0,0,0,,,0,,0,0,0,0,0,0,,0,0,0,0,0,0,0,0,0,0,,0,,0.0,0.0,0.0,0,1,1,0,1,6,0,1.0,6.0,1,0,0,0,0,0,0,0,0,0,0,0,0,0,0,0,0,0,0,0,0,0,0,,,0,0,0,0,0,0,0,0,0,0,0,0,,,,0,0,0,0,0,0,0,,0,0,0,0,0,0.0,0.0
00-0037001,Q.Meinerz,Quinn Meinerz,G,OL,"https://static.www.nfl.com/image/upload/f_auto,q_auto/league/wataecqih21xww0giu06",2025,1,REG,DEN,TEN,0,0,0,0,0,0,0,0,0,0,0,0,,,0,,0,0,0,0,0,0,,0,0,0,0,0,0,0,0,0,0,,0,,0.0,0.0,0.0,0,0,0,1,0,0,0,0.0,0.0,0,0,0,0,0,0,0,0,0,0,0,0,0,0,0,0,0,0,0,0,0,0,0,,,0,0,0,0,0,0,0,0,0,0,0,0,,,,0,0,0,0,0,0,0,,0,0,0,0,0,0.0,0.0
00-0037085,T.Badie,Tyler Badie,RB,RB,"https://static.www.nfl.com/image/upload/f_auto,q_auto/league/ger5eiktec0vzmrxjnaw",2025,1,REG,DEN,TEN,0,0,0,0,0,0,0,0,0,0,0,0,,,0,,0,0,0,0,0,0,,0,2,6,16,0,0,0,18,18,0,-2.791747919642288,0,0.8888888888888888,0.16216216216216217,0.08450704225352113,0.302398172820708,0,0,0,0,0,0,0,0.0,0.0,0,0,0,0,0,0,0,0,0,0,0,0,0,0,0,0,0,0,0,0,0,0,0,,,0,0,0,0,0,0,0,0,0,0,0,0,,,,0,0,0,0,0,0,0,,0,0,0,0,0,1.6,3.6
00-0037249,N.Bonitto,Nik Bonitto,LB,LB,"https://static.www.nfl.com/image/upload/f_auto,q_auto/league/y1ptokk7b6jovbe2gtss",2025,1,REG,DEN,TEN,0,0,0,0,0,0,0,0,0,0,0,0,,,0,,0,0,0,0,0,0,,0,0,0,0,0,0,0,0,0,0,,0,,0.0,0.0,0.0,0,2,1,0,2,13,0,1.0,12.0,3,0,0,0,0,0,0,0,0,0,0,0,0,0,0,0,0,0,0,0,0,0,0,,,0,0,0,0,0,0,0,0,0,0,0,0,,,,0,0,0,0,0,0,0,,0,0,0,0,0,0.0,0.0
00-0037278,L.Wattenberg,Luke Wattenberg,C,OL,"https://static.www.nfl.com/image/upload/f_auto,q_auto/league/sedgtg4ekxez8itnkm2d",2025,1,REG,DEN,TEN,0,0,0,0,0,0,0,0,0,0,0,0,,,0,,0,0,0,0,0,0,,0,0,0,0,0,0,0,0,0,0,,0,,0.0,0.0,0.0,0,0,0,1,0,0,0,0.0,0.0,0,0,0,0,0,0,0,0,0,0,0,0,0,1,5,0,0,0,0,0,0,0,0,,,0,0,0,0,0,0,0,0,0,0,0,0,,,,0,0,0,0,0,0,0,,0,0,0,0,0,0.0,0.0
00-0037294,J.Jackson,Jordan Jackson,DT,DL,"https://static.www.nfl.com/image/upload/f_auto,q_auto/league/mygiulff7wmcrv8menhg",2025,1,REG,DEN,TEN,0,0,0,0,0,0,0,0,0,0,0,0,,,0,,0,0,0,0,0,0,,0,0,0,0,0,0,0,0,0,0,,0,,0.0,0.0,0.0,0,0,0,1,0,0,0,0.0,0.0,0,0,0,0,0,0,0,0,0,0,0,0,0,0,0,0,0,0,0,0,0,0,0,,,0,0,0,0,0,0,0,0,0,0,0,0,,,,0,0,0,0,0,0,0,,0,0,0,0,0,0.0,0.0
00-0037384,J.McMillian,Ja'Quan McMillian,CB,DB,"https://static.www.nfl.com/image/upload/f_auto,q_auto/league/kpgabuesfqci0swbrkem",2025,1,REG,DEN,TEN,0,0,0,0,0,0,0,0,0,0,0,0,,,0,,0,0,0,0,0,0,,0,0,0,0,0,0,0,0,0,0,,0,,0.0,0.0,0.0,0,1,0,1,1,2,1,1.0,2.0,1,0,0,0,0,0,0,0,0,0,0,0,0,0,0,0,0,0,0,0,0,0,0,,,0,0,0,0,0,0,0,0,0,0,0,0,,,,0,0,0,0,0,0,0,,0,0,0,0,0,0.0,0.0
00-0037539,L.Krull,Lucas Krull,TE,TE,"https://static.www.nfl.com/image/upload/f_auto,q_auto/league/eolvpkk5jjmipuqmf5v6",2025,1,REG,DEN,TEN,0,0,0,0,0,0,0,0,0,0,0,0,,,0,,0,0,0,0,0,0,,0,1,2,6,0,0,0,9,1,0,-0.9699541308218613,0,0.6666666666666666,0.05405405405405406,0.04225352112676056,0.11065854586981348,0,0,0,0,0,0,0,0.0,0.0,0,0,0,0,0,0,0,0,0,0,0,0,0,0,0,0,0,0,0,0,0,0,0,,,0,0,0,0,0,0,0,0,0,0,0,0,,,,0,0,0,0,0,0,0,,0,0,0,0,0,0.6000000000000001,1.6
00-0037799,D.Tillman,Dondrea Tillman,LB,LB,"https://static.www.nfl.com/image/upload/f_auto,q_auto/league/gb1dadvtgeeixkcqjwgv",2025,1,REG,DEN,TEN,0,0,0,0,0,0,0,0,0,0,0,0,,,0,,0,0,0,0,0,0,,0,0,0,0,0,0,0,0,0,0,,0,,0.0,0.0,0.0,0,0,0,1,0,0,0,0.0,0.0,0,0,0,0,0,0,0,0,0,0,0,0,0,0,0,0,0,0,0,0,0,0,0,,,0,0,0,0,0,0,0,0,0,0,0,0,,,,0,0,0,0,0,0,0,,0,0,0,0,0,0.0,0.0
00-0038106,E.Uwazurike,Eyioma Uwazurike,DT,DL,"https://static.www.nfl.com/image/upload/f_auto,q_auto/league/tkr7tz1k8al4ddckvjz6",2025,1,REG,DEN,TEN,0,0,0,0,0,0,0,0,0,0,0,0,,,0,,0,0,0,0,0,0,,0,0,0,0,0,0,0,0,0,0,,0,,0.0,0.0,0.0,0,0,0,3,0,0,0,0.0,0.0,0,0,0,0,0,0,0,0,0,0,0,0,0,0,0,0,0,0,0,0,0,0,0,,,0,0,0,0,0,0,0,0,0,0,0,0,,,,0,0,0,0,0,0,0,,0,0,0,0,0,0.0,0.0
00-0038552,R.Moss,Riley Moss,CB,DB,"https://static.www.nfl.com/image/upload/f_auto,q_auto/league/ien8dnxggtcrizatnuom",2025,1,REG,DEN,TEN,0,0,0,0,0,0,0,0,0,0,0,0,,,0,,0,0,0,0,0,0,,0,0,0,0,0,0,0,0,0,0,,0,,0.0,0.0,0.0,0,5,0,2,0,0,0,0.0,0.0,0,0,0,2,0,0,0,0,0,0,0,0,0,0,0,0,0,0,0,0,0,0,0,,,0,0,0,0,0,0,0,0,0,0,0,0,,,,0,0,0,0,0,0,0,,0,0,0,0,0,0.0,0.0
00-0038976,M.Mims,Marvin Mims Jr.,WR,WR,"https://static.www.nfl.com/image/upload/f_auto,q_auto/league/zbdjtph5xplbf4yocz0l",2025,1,REG,DEN,TEN,0,0,0,0,0,0,0,0,0,0,0,0,,,0,,0,0,0,0,0,0,,0,3,4,12,0,0,0,35,7,1,4.534595437056851,0,0.34285714285714286,0.10810810810810811,0.1643192488262911,0.2771856363405659,0,0,0,0,0,0,0,0.0,0.0,0,0,0,0,0,1,0,0,0,0,0,0,0,0,0,4,47,3,82,0,0,0,0,,,0,0,0,0,0,0,0,0,0,0,0,0,,,,0,0,0,0,0,0,0,,0,0,0,0,0,1.2000000000000002,4.2
00-0039371,K.Abrams-Draine,Kris Abrams-Draine,CB,DB,"https://static.www.nfl.com/image/upload/f_auto,q_auto/league/q96h765zxponbrs6cnon",2025,1,REG,DEN,TEN,0,0,0,0,0,0,0,0,0,0,0,0,,,0,,0,0,0,0,0,0,,0,0,0,0,0,0,0,0,0,0,,0,,0.0,0.0,0.0,0,1,0,0,0,0,0,0.0,0.0,0,0,0,0,0,0,0,0,0,0,0,0,0,0,0,0,0,0,0,0,0,0,0,,,0,0,0,0,0,0,0,0,0,0,0,0,,,,0,0,0,0,0,0,0,,0,0,0,0,0,0.0,0.0
00-0039732,B.Nix,Bo Nix,QB,QB,"https://static.www.nfl.com/image/upload/f_auto,q_auto/league/igirshmrr6lqtxcpxsea",2025,1,REG,DEN,TEN,25,40,176,1,2,1,-10,1,1,213,94,9,-7.6557667409744266,-1.6720025120554745,0,0.8262910798122066,8,18,0,0,0,2,-5.084191289963201,0,0,0,0,0,0,0,0,0,0,,0,,0.0,0.0,0.0,0,0,0,0,0,0,0,0.0,0.0,0,0,0,0,0,0,0,0,0,0,0,0,0,0,0,0,0,0,0,0,0,0,0,,,0,0,0,0,0,0,0,0,0,0,0,0,,,,0,0,0,0,0,0,0,,0,0,0,0,0,6.84,6.84
00-0039809,J.Elliss,Jonah Elliss,LB,LB,"https://static.www.nfl.com/image/upload/f_auto,q_auto/league/f3dukr2ntse8qnsyhu3b",2025,1,REG,DEN,TEN,0,0,0,0,0,0,0,0,0,0,0,0,,,0,,0,0,0,0,0,0,,0,0,0,0,0,0,0,0,0,0,,0,,0.0,0.0,0.0,0,2,1,0,1,16,0,1.0,16.0,1,0,0,0,0,0,0,0,0,0,0,0,0,0,0,0,0,0,0,0,0,0,0,,,0,0,0,0,0,0,0,0,0,0,0,0,,,,0,0,0,0,0,0,0,,0,0,0,0,0,0.0,0.0
00-0039868,T.Franklin,Troy Franklin,WR,WR,"https://static.www.nfl.com/image/upload/f_auto,q_auto/league/belpdlyoda8cmzbvjkqh",2025,1,REG,DEN,TEN,0,0,0,0,0,0,0,0,0,0,0,0,,,0,,0,0,0,0,0,0,,0,4,6,44,0,0,0,45,26,3,-2.5409189204801805,0,0.9777777777777777,0.16216216216216217,0.2112676056338028,0.3911305671869052,0,0,0,0,0,0,0,0.0,0.0,0,0,0,0,0,0,0,0,0,0,0,0,0,0,0,0,0,0,0,0,0,0,0,,,0,0,0,0,0,0,0,0,0,0,0,0,,,,0,0,0,0,0,0,0,,0,0,0,0,0,4.4,8.4
00-0040223,J.Crawshaw,Jeremy Crawshaw,P,SPEC,"https://static.www.nfl.com/image/upload/f_auto,q_auto/league/nqnll8kqdpeuajt2lkyx",2025,1,REG,DEN,TEN,0,0,0,0,0,0,0,0,0,0,0,0,,,0,,0,0,0,0,0,0,,0,0,0,0,0,0,0,0,0,0,,0,,0.0,0.0,0.0,0,0,0,0,0,0,0,0.0,0.0,0,0,0,0,0,0,0,0,0,0,0,0,0,0,0,0,0,0,0,0,0,0,0,,,0,0,0,0,0,0,0,0,0,0,0,0,,,,0,0,0,0,0,0,0,,0,0,0,0,0,0.0,0.0
00-0040720,J.Barron,Jahdae Barron,CB,DB,"https://static.www.nfl.com/image/upload/f_auto,q_auto/league/pftuc6gjil6zstrg4ht2",2025,1,REG,DEN,TEN,0,0,0,0,0,0,0,0,0,0,0,0,,,0,,0,0,0,0,0,0,,0,0,0,0,0,0,0,0,0,0,,0,,0.0,0.0,0.0,0,1,0,0,0,0,0,0.0,0.0,0,0,0,0,0,0,0,0,0,0,1,1,0,0,0,0,0,0,0,0,0,0,0,,,0,0,0,0,0,0,0,0,0,0,0,0,,,,0,0,0,0,0,0,0,,0,0,0,0,0,0.0,0.0
00-0040730,R.Harvey,RJ Harvey,RB,RB,"https://static.www.nfl.com/image/upload/f_auto,q_auto/league/i1qxzydetb2orrynzvzk",2025,1,REG,DEN,TEN,0,0,0,0,0,0,0,0,0,0,0,0,,,0,,6,70,0,0,0,1,2.755651300831232,0,1,1,-1,0,0,0,-2,1,0,-0.7962830399628729,0,0.5,0.02702702702702703,-0.009389671361502348,0.0339677705874889,0,0,0,0,0,0,0,0.0,0.0,0,0,0,0,0,0,0,0,0,0,0,0,0,0,0,0,0,0,0,0,0,0,0,,,0,0,0,0,0,0,0,0,0,0,0,0,,,,0,0,0,0,0,0,0,,0,0,0,0,0,6.9,7.9
00-0031898,A.Singleton,Alex Singleton,LB,LB,"https://static.www.nfl.com/image/upload/f_auto,q_auto/league/zohji3gr704zraihhqyl",2025,2,REG,DEN,IND,0,0,0,0,0,0,0,0,0,0,0,0,,,0,,0,0,0,0,0,0,,0,0,0,0,0,0,0,0,0,0,,0,,0.0,0.0,0.0,0,4,0,5,0,0,0,0.0,0.0,0,0,0,0,0,0,0,0,0,0,0,0,0,0,0,0,0,0,0,0,0,0,0,,,0,0,0,0,0,0,0,0,0,0,0,0,,,,0,0,0,0,0,0,0,,0,0,0,0,0,0.0,0.0
00-0032569,W.Lutz,Wil Lutz,K,SPEC,"https://static.www.nfl.com/image/upload/f_auto,q_auto/league/lcfurzhyjudmrwjxkgfs",2025,2,REG,DEN,IND,0,0,0,0,0,0,0,0,0,0,0,0,,,0,,0,0,0,0,0,0,,0,0,0,0,0,0,0,0,0,0,,0,,0.0,0.0,0.0,0,0,0,0,0,0,0,0.0,0.0,0,0,0,0,0,0,0,0,0,0,0,0,0,0,0,0,0,0,0,0,1,1,0,,0.0,0,0,0,0,0,0,0,0,0,1,0,0,,42,,0,42,0,4,4,0,0,1.0,0,0,0,0,0,0.0,0.0
00-0033297,D.Jones,D.J. Jones,DT,DL,"https://static.www.nfl.com/image/upload/f_auto,q_auto/league/ft4g8bxpn85mshqvp4lj",2025,2,REG,DEN,IND,0,0,0,0,0,0,0,0,0,0,0,0,,,0,,0,0,0,0,0,0,,0,0,0,0,0,0,0,0,0,0,,0,,0.0,0.0,0.0,0,1,0,0,0,0,0,0.0,0.0,0,0,0,0,0,0,0,0,0,0,0,0,0,0,0,0,0,0,0,0,0,0,0,,,0,0,0,0,0,0,0,0,0,0,0,0,,,,0,0,0,0,0,0,0,,0,0,0,0,0,0.0,0.0
00-0033881,E.Engram,Evan Engram,TE,TE,"https://static.www.nfl.com/image/upload/f_auto,q_auto/league/vsrjso6phkjqki88qw9y",2025,2,REG,DEN,IND,0,0,0,0,0,0,0,0,0,0,0,0,,,0,,0,0,0,0,0,0,,0,1,2,12,0,0,0,9,7,1,-0.2777565555879846,0,1.3333333333333333,0.06666666666666667,0.061224489795918366,0.14285714285714285,0,0,0,0,0,0,0,0.0,0.0,0,0,0,0,0,0,0,0,0,0,0,0,0,1,5,0,0,0,0,0,0,0,0,,,0,0,0,0,0,0,0,0,0,0,0,0,,,,0,0,0,0,0,0,0,,0,0,0,0,0,1.2000000000000002,2.2
00-0034348,C.Sutton,Courtland Sutton,WR,WR,"https://static.www.nfl.com/image/upload/f_auto,q_auto/league/r2sr6cbma4c7wc3isejj",2025,2,REG,DEN,IND,0,0,0,0,0,0,0,0,0,0,0,0,,,0,,0,0,0,0,0,0,,0,1,4,6,0,0,0,47,0,0,-5.678667579020839,0,0.1276595744680851,0.13333333333333333,0.3197278911564626,0.42380952380952386,0,1,0,0,0,0,0,0.0,0.0,0,0,0,0,0,0,0,0,0,0,0,0,0,0,0,0,0,0,0,0,0,0,0,,,0,0,0,0,0,0,0,0,0,0,0,0,,,,0,0,0,0,0,0,0,,0,0,0,0,0,0.6000000000000001,1.6
00-0034487,T.Sherfield,Trent Sherfield,WR,WR,"https://static.www.nfl.com/image/upload/f_auto,q_auto/league/esdvav44ezzmwbwe1rju",2025,2,REG,DEN,IND,0,0,0,0,0,0,0,0,0,0,0,0,,,0,,0,0,0,0,0,0,,0,1,1,3,0,0,0,3,0,0,-0.23044884006958455,0,1.0,0.03333333333333333,0.02040816326530612,0.06428571428571428,0,0,0,0,0,0,0,0.0,0.0,0,0,0,0,0,0,0,0,0,0,0,0,0,0,0,0,0,0,0,0,0,0,0,,,0,0,0,0,0,0,0,0,0,0,0,0,,,,0,0,0,0,0,0,0,,0,0,0,0,0,0.30000000000000004,1.3
00-0035227,P.Locke,P.J. Locke,SAF,DB,"https://static.www.nfl.com/image/upload/f_auto,q_auto/league/ojoaoxeadc6x0iekj3my",2025,2,REG,DEN,IND,0,0,0,0,0,0,0,0,0,0,0,0,,,0,,0,0,0,0,0,0,,0,0,0,0,0,0,0,0,0,0,,0,,0.0,0.0,0.0,0,1,0,0,0,0,0,0.0,0.0,0,0,0,1,0,0,0,0,0,0,0,0,0,0,0,0,0,0,0,0,0,0,0,,,0,0,0,0,0,0,0,0,0,0,0,0,,,,0,0,0,0,0,0,0,,0,0,0,0,0,0.0,0.0
00-0035248,Z.Allen,Zach Allen,DE,DL,"https://static.www.nfl.com/image/upload/f_auto,q_auto/league/alnctfzlh2giup65i5zt",2025,2,REG,DEN,IND,0,0,0,0,0,0,0,0,0,0,0,0,,,0,,0,0,0,0,0,0,,0,0,0,0,0,0,0,0,0,0,,0,,0.0,0.0,0.0,0,1,0,4,0,0,0,0.0,0.0,3,0,0,0,0,0,0,0,0,0,0,0,0,0,0,0,0,0,0,0,0,0,0,,,0,0,0,0,0,0,0,0,0,0,0,0,,,,0,0,0,0,0,0,0,,0,0,0,0,0,0.0,0.0
00-0036158,J.Dobbins,J.K. Dobbins,RB,RB,"https://static.www.nfl.com/image/upload/f_auto,q_auto/league/cevotvl3ho5h1mioruyg",2025,2,REG,DEN,IND,0,0,0,0,0,0,0,0,0,0,0,0,,,0,,14,76,1,0,0,5,3.147095713764429,0,1,2,9,0,0,0,0,9,0,0.2940565214958042,0,0.0,0.06666666666666667,0.0,0.1,0,0,0,0,0,0,0,0.0,0.0,0,0,0,0,0,0,0,0,0,0,0,0,0,1,5,0,0,0,0,0,0,0,0,,,0,0,0,0,0,0,0,0,0,0,0,0,,,,0,0,0,0,0,0,0,,0,0,0,0,0,14.5,15.5
00-0036221,B.Jones,Brandon Jones,SAF,DB,"https://static.www.nfl.com/image/upload/f_auto,q_auto/league/qcgihmzgbq4osnqywbng",2025,2,REG,DEN,IND,0,0,0,0,0,0,0,0,0,0,0,0,,,0,,0,0,0,0,0,0,,0,0,0,0,0,0,0,0,0,0,,0,,0.0,0.0,0.0,0,3,0,4,0,0,0,0.0,0.0,0,0,0,1,0,0,0,0,0,0,0,0,0,0,0,0,0,0,0,0,0,0,0,,,0,0,0,0,0,0,0,0,0,0,0,0,,,,0,0,0,0,0,0,0,,0,0,0,0,0,0.0,0.0
00-0036422,A.Trautman,Adam Trautman,TE,TE,"https://static.www.nfl.com/image/upload/f_auto,q_auto/league/ck9dspk0ykijetdshyn4",2025,2,REG,DEN,IND,0,0,0,0,0,0,0,0,0,0,0,0,,,0,,0,0,0,0,0,0,,0,3,3,10,1,0,0,7,3,2,1.4733163099153899,0,1.4285714285714286,0.1,0.047619047619047616,0.18333333333333335,0,0,0,0,0,0,0,0.0,0.0,0,0,0,0,0,0,0,0,0,0,0,0,0,1,15,0,0,0,0,0,0,0,0,,,0,0,0,0,0,0,0,0,0,0,0,0,,,,0,0,0,0,0,0,0,,0,0,0,0,0,7.0,10.0
00-0036428,J.Strnad,Justin Strnad,LB,LB,"https://static.www.nfl.com/image/upload/f_auto,q_auto/league/qeikhakzijz2ipub82bt",2025,2,REG,DEN,IND,0,0,0,0,0,0,0,0,0,0,0,0,,,0,,0,0,0,0,0,0,,0,0,0,0,0,0,0,0,0,0,,0,,0.0,0.0,0.0,0,2,0,3,1,10,0,1.0,10.0,1,0,0,0,0,0,0,0,0,0,0,0,0,0,0,0,0,0,0,0,0,0,0,,,0,0,0,0,0,0,0,0,0,0,0,0,,,,0,0,0,0,0,0,0,,0,0,0,0,0,0.0,0.0
00-0036564,T.Hufanga,Talanoa Hufanga,SAF,DB,"https://static.www.nfl.com/image/upload/f_auto,q_auto/league/gyoo1p5nckluov1mihbe",2025,2,REG,DEN,IND,0,0,0,0,0,0,0,0,0,0,0,0,,,0,,0,0,0,0,0,0,,0,0,0,0,0,0,0,0,0,0,,0,,0.0,0.0,0.0,0,5,0,5,0,0,0,0.0,0.0,0,0,0,0,0,0,0,0,0,0,0,0,0,0,0,0,0,0,0,0,0,0,0,,,0,0,0,0,0,0,0,0,0,0,0,0,,,,0,0,0,0,0,0,0,,0,0,0,0,0,0.0,0.0
00-0036683,D.Key,Devon Key,SAF,DB,"https://static.www.nfl.com/image/upload/f_auto,q_auto/league/aax1z5qptzbpatde06cf",2025,2,REG,DEN,IND,0,0,0,0,0,0,0,0,0,0,0,0,,,0,,0,0,0,0,0,0,,0,0,0,0,0,0,0,0,0,0,,0,,0.0,0.0,0.0,0,3,0,0,0,0,0,0.0,0.0,0,0,0,0,0,0,0,0,0,0,0,0,0,0,0,0,0,0,0,0,0,0,0,,,0,0,0,0,0,0,0,0,0,0,0,0,,,,0,0,0,0,0,0,0,,0,0,0,0,0,0.0,0.0
00-0036844,G.Wallow,Garret Wallow,LB,LB,"https://static.www.nfl.com/image/upload/f_auto,q_auto/league/jf7xnestp0wmq0lbezxs",2025,2,REG,DEN,IND,0,0,0,0,0,0,0,0,0,0,0,0,,,0,,0,0,0,0,0,0,,0,0,0,0,0,0,0,0,0,0,,0,,0.0,0.0,0.0,0,0,0,1,0,0,0,0.0,0.0,0,0,0,0,0,0,0,0,0,0,0,0,0,0,0,0,0,0,0,0,0,0,0,,,0,0,0,0,0,0,0,0,0,0,0,0,,,,0,0,0,0,0,0,0,,0,0,0,0,0,0.0,0.0
00-0036874,P.Surtain,Pat Surtain II,CB,DB,"https://static.www.nfl.com/image/upload/f_auto,q_auto/league/soec8zk3n5jvxvywq1gm",2025,2,REG,DEN,IND,0,0,0,0,0,0,0,0,0,0,0,0,,,0,,0,0,0,0,0,0,,0,0,0,0,0,0,0,0,0,0,,0,,0.0,0.0,0.0,0,9,0,2,0,0,0,0.0,0.0,0,0,0,1,0,0,0,0,0,0,0,0,0,1,23,0,0,0,0,0,0,0,0,,,0,0,0,0,0,0,0,0,0,0,0,0,,,,0,0,0,0,0,0,0,,0,0,0,0,0,0.0,0.0
00-0036943,M.Fraboni,Mitchell Fraboni,LS,SPEC,"https://static.www.nfl.com/image/upload/f_auto,q_auto/league/csvbeqtitr9ixpgdt0fu",2025,2,REG,DEN,IND,0,0,0,0,0,0,0,0,0,0,0,0,,,0,,0,0,0,0,0,0,,0,0,0,0,0,0,0,0,0,0,,0,,0.0,0.0,0.0,0,0,0,1,0,0,0,0.0,0.0,0,0,0,0,0,0,0,0,0,0,0,0,0,0,0,0,0,0,0,0,0,0,0,,,0,0,0,0,0,0,0,0,0,0,0,0,,,,0,0,0,0,0,0,0,,0,0,0,0,0,0.0,0.0
00-0036952,J.Cooper,Jonathon Cooper,LB,LB,"https://static.www.nfl.com/image/upload/f_auto,q_auto/league/rzjdnsaz0sfs9v4xetov",2025,2,REG,DEN,IND,0,0,0,0,0,0,0,0,0,0,0,0,,,0,,0,0,0,0,0,0,,0,0,0,0,0,0,0,0,0,0,,0,,0.0,0.0,0.0,0,2,0,2,1,2,0,0.0,0.0,0,0,0,0,0,0,0,0,0,0,0,0,0,1,5,0,0,0,0,0,0,0,0,,,0,0,0,0,0,0,0,0,0,0,0,0,,,,0,0,0,0,0,0,0,,0,0,0,0,0,0.0,0.0
00-0037085,T.Badie,Tyler Badie,RB,RB,"https://static.www.nfl.com/image/upload/f_auto,q_auto/league/ger5eiktec0vzmrxjnaw",2025,2,REG,DEN,IND,0,0,0,0,0,0,0,0,0,0,0,0,,,0,,1,3,0,0,0,0,-0.3101142451632768,0,2,2,19,0,0,0,-10,29,1,2.443875457451213,0,-1.9,0.06666666666666667,-0.06802721088435375,0.05238095238095238,0,0,0,1,0,0,0,0.0,0.0,0,0,0,0,0,0,0,0,0,0,0,0,0,0,0,0,0,0,0,0,0,0,0,,,0,0,0,0,0,0,0,0,0,0,0,0,,,,0,0,0,0,0,0,0,,0,0,0,0,0,2.2,4.2
00-0037249,N.Bonitto,Nik Bonitto,LB,LB,"https://static.www.nfl.com/image/upload/f_auto,q_auto/league/y1ptokk7b6jovbe2gtss",2025,2,REG,DEN,IND,0,0,0,0,0,0,0,0,0,0,0,0,,,0,,0,0,0,0,0,0,,0,0,0,0,0,0,0,0,0,0,,0,,0.0,0.0,0.0,0,1,0,2,0,0,0,0.0,0.0,1,0,0,0,0,0,0,0,0,0,0,0,0,1,15,0,0,0,0,0,0,0,0,,,0,0,0,0,0,0,0,0,0,0,0,0,,,,0,0,0,0,0,0,0,,0,0,0,0,0,0.0,0.0
00-0037294,J.Jackson,Jordan Jackson,DT,DL,"https://static.www.nfl.com/image/upload/f_auto,q_auto/league/mygiulff7wmcrv8menhg",2025,2,REG,DEN,IND,0,0,0,0,0,0,0,0,0,0,0,0,,,0,,0,0,0,0,0,0,,0,0,0,0,0,0,0,0,0,0,,0,,0.0,0.0,0.0,0,1,0,0,0,0,0,0.0,0.0,0,0,0,0,0,0,0,0,0,0,0,0,0,0,0,0,0,0,0,0,0,0,0,,,0,0,0,0,0,0,0,0,0,0,0,0,,,,0,0,0,0,0,0,0,,0,0,0,0,0,0.0,0.0
00-0037384,J.McMillian,Ja'Quan McMillian,CB,DB,"https://static.www.nfl.com/image/upload/f_auto,q_auto/league/kpgabuesfqci0swbrkem",2025,2,REG,DEN,IND,0,0,0,0,0,0,0,0,0,0,0,0,,,0,,0,0,0,0,0,0,,0,0,0,0,0,0,0,0,0,0,,0,,0.0,0.0,0.0,0,1,0,1,0,0,0,0.0,0.0,0,0,0,0,0,0,0,0,0,0,0,0,0,0,0,0,0,0,0,0,0,0,0,,,0,0,0,0,0,0,0,0,0,0,0,0,,,,0,0,0,0,0,0,0,,0,0,0,0,0,0.0,0.0
00-0037799,D.Tillman,Dondrea Tillman,LB,LB,"https://static.www.nfl.com/image/upload/f_auto,q_auto/league/gb1dadvtgeeixkcqjwgv",2025,2,REG,DEN,IND,0,0,0,0,0,0,0,0,0,0,0,0,,,0,,0,0,0,0,0,0,,0,0,0,0,0,0,0,0,0,0,,0,,0.0,0.0,0.0,0,1,0,2,0,0,0,0.0,0.0,0,0,0,0,0,0,0,0,0,0,0,0,0,1,15,0,0,0,0,0,0,0,0,,,0,0,0,0,0,0,0,0,0,0,0,0,,,,0,0,0,0,0,0,0,,0,0,0,0,0,0.0,0.0
00-0038106,E.Uwazurike,Eyioma Uwazurike,DT,DL,"https://static.www.nfl.com/image/upload/f_auto,q_auto/league/tkr7tz1k8al4ddckvjz6",2025,2,REG,DEN,IND,0,0,0,0,0,0,0,0,0,0,0,0,,,0,,0,0,0,0,0,0,,0,0,0,0,0,0,0,0,0,0,,0,,0.0,0.0,0.0,0,1,0,1,0,0,0,0.0,0.0,0,0,0,0,0,0,0,0,0,0,0,0,0,1,0,0,0,0,0,0,0,0,0,,,0,0,0,0,0,0,0,0,0,0,0,0,,,,0,0,0,0,0,0,0,,0,0,0,0,0,0.0,0.0
00-0038552,R.Moss,Riley Moss,CB,DB,"https://static.www.nfl.com/image/upload/f_auto,q_auto/league/ien8dnxggtcrizatnuom",2025,2,REG,DEN,IND,0,0,0,0,0,0,0,0,0,0,0,0,,,0,,0,0,0,0,0,0,,0,0,0,0,0,0,0,0,0,0,,0,,0.0,0.0,0.0,0,4,0,1,0,0,0,0.0,0.0,0,0,0,1,0,0,0,0,0,0,0,0,0,0,0,0,0,0,0,0,0,0,0,,,0,0,0,0,0,0,0,0,0,0,0,0,,,,0,0,0,0,0,0,0,,0,0,0,0,0,0.0,0.0
00-0038605,J.Skinner,JL Skinner,SAF,DB,"https://static.www.nfl.com/image/upload/f_auto,q_auto/league/pss2lrg9jx4qauwyu3hu",2025,2,REG,DEN,IND,0,0,0,0,0,0,0,0,0,0,0,0,,,0,,0,0,0,0,0,0,,0,0,0,0,0,0,0,0,0,0,,0,,0.0,0.0,0.0,0,0,0,1,0,0,0,0.0,0.0,0,0,0,0,0,0,0,0,0,0,0,0,0,0,0,0,0,0,0,0,0,0,0,,,0,0,0,0,0,0,0,0,0,0,0,0,,,,0,0,0,0,0,0,0,,0,0,0,0,0,0.0,0.0
00-0038976,M.Mims,Marvin Mims Jr.,WR,WR,"https://static.www.nfl.com/image/upload/f_auto,q_auto/league/zbdjtph5xplbf4yocz0l",2025,2,REG,DEN,IND,0,0,0,0,0,0,0,0,0,0,0,0,,,0,,0,0,0,0,0,0,,0,2,2,24,1,0,0,18,6,1,1.726758666569367,0,1.3333333333333333,0.06666666666666667,0.12244897959183673,0.18571428571428572,0,0,0,0,0,0,0,0.0,0.0,0,0,0,0,0,0,0,0,0,0,0,0,0,0,0,0,0,2,52,0,0,0,0,,,0,0,0,0,0,0,0,0,0,0,0,0,,,,0,0,0,0,0,0,0,,0,0,0,0,0,8.4,10.4
00-0039371,K.Abrams-Draine,Kris Abrams-Draine,CB,DB,"https://static.www.nfl.com/image/upload/f_auto,q_auto/league/q96h765zxponbrs6cnon",2025,2,REG,DEN,IND,0,0,0,0,0,0,0,0,0,0,0,0,,,0,,0,0,0,0,0,0,,0,0,0,0,0,0,0,0,0,0,,0,,0.0,0.0,0.0,0,1,0,0,0,0,0,0.0,0.0,0,0,0,0,0,0,0,0,0,0,0,0,0,0,0,0,0,0,0,0,0,0,0,,,0,0,0,0,0,0,0,0,0,0,0,0,,,,0,0,0,0,0,0,0,,0,0,0,0,0,0.0,0.0
00-0039732,B.Nix,Bo Nix,QB,QB,"https://static.www.nfl.com/image/upload/f_auto,q_auto/league/igirshmrr6lqtxcpxsea",2025,2,REG,DEN,IND,22,30,206,3,1,0,0,0,0,147,123,11,8.345343489918493,0.9910997748374939,0,1.401360544217687,3,20,0,0,0,1,1.1109086073702201,0,0,0,0,0,0,0,0,0,0,,0,,0.0,0.0,0.0,0,0,0,0,0,0,0,0.0,0.0,0,0,0,0,0,0,0,0,0,0,0,0,0,0,0,0,0,0,0,0,0,0,0,,,0,0,0,0,0,0,0,0,0,0,0,0,,,,0,0,0,0,0,0,0,,0,0,0,0,0,20.240000000000002,20.240000000000002
00-0039809,J.Elliss,Jonah Elliss,LB,LB,"https://static.www.nfl.com/image/upload/f_auto,q_auto/league/f3dukr2ntse8qnsyhu3b",2025,2,REG,DEN,IND,0,0,0,0,0,0,0,0,0,0,0,0,,,0,,0,0,0,0,0,0,,0,0,0,0,0,0,0,0,0,0,,0,,0.0,0.0,0.0,0,1,0,0,1,5,0,0.0,0.0,1,0,0,0,0,0,0,0,0,0,0,0,0,0,0,0,0,0,0,0,0,0,0,,,0,0,0,0,0,0,0,0,0,0,0,0,,,,0,0,0,0,0,0,0,,0,0,0,0,0,0.0,0.0
00-0039868,T.Franklin,Troy Franklin,WR,WR,"https://static.www.nfl.com/image/upload/f_auto,q_auto/league/belpdlyoda8cmzbvjkqh",2025,2,REG,DEN,IND,0,0,0,0,0,0,0,0,0,0,0,0,,,0,,1,11,0,0,0,1,0.6632875180803239,0,8,9,89,1,0,0,60,47,3,5.7690544945272695,0,1.4833333333333334,0.3,0.40816326530612246,0.7357142857142857,0,0,0,0,0,0,0,0.0,0.0,0,0,0,0,0,0,0,0,0,0,0,0,0,0,0,0,0,0,0,0,0,0,0,,,0,0,0,0,0,0,0,0,0,0,0,0,,,,0,0,0,0,0,0,0,,0,0,0,0,0,16.0,24.0
00-0040134,P.Bryant,Pat Bryant,WR,WR,"https://static.www.nfl.com/image/upload/f_auto,q_auto/league/ljo1rgbaewlzsf7tvavm",2025,2,REG,DEN,IND,0,0,0,0,0,0,0,0,0,0,0,0,,,0,,0,0,0,0,0,0,,0,2,3,18,0,0,0,8,10,2,2.1824397174059413,0,2.25,0.1,0.05442176870748299,0.18809523809523812,0,0,0,0,0,0,0,0.0,0.0,0,0,0,0,0,0,0,0,0,0,0,0,0,0,0,0,0,0,0,0,0,0,0,,,0,0,0,0,0,0,0,0,0,0,0,0,,,,0,0,0,0,0,0,0,,0,0,0,0,0,1.8,3.8
00-0040223,J.Crawshaw,Jeremy Crawshaw,P,SPEC,"https://static.www.nfl.com/image/upload/f_auto,q_auto/league/nqnll8kqdpeuajt2lkyx",2025,2,REG,DEN,IND,0,0,0,0,0,0,0,0,0,0,0,0,,,0,,0,0,0,0,0,0,,0,0,0,0,0,0,0,0,0,0,,0,,0.0,0.0,0.0,0,0,0,0,0,0,0,0.0,0.0,0,0,0,0,0,0,0,0,0,0,0,0,0,0,0,0,0,0,0,0,0,0,0,,,0,0,0,0,0,0,0,0,0,0,0,0,,,,0,0,0,0,0,0,0,,0,0,0,0,0,0.0,0.0
00-0040720,J.Barron,Jahdae Barron,CB,DB,"https://static.www.nfl.com/image/upload/f_auto,q_auto/league/pftuc6gjil6zstrg4ht2",2025,2,REG,DEN,IND,0,0,0,0,0,0,0,0,0,0,0,0,,,0,,0,0,0,0,0,0,,0,0,0,0,0,0,0,0,0,0,,0,,0.0,0.0,0.0,0,0,0,0,0,0,0,0.0,0.0,0,0,0,1,0,0,0,0,0,0,0,0,0,0,0,0,0,0,0,0,0,0,0,,,0,0,0,0,0,0,0,0,0,0,0,0,,,,0,0,0,0,0,0,0,,0,0,0,0,0,0.0,0.0
00-0040730,R.Harvey,RJ Harvey,RB,RB,"https://static.www.nfl.com/image/upload/f_auto,q_auto/league/i1qxzydetb2orrynzvzk",2025,2,REG,DEN,IND,0,0,0,0,0,0,0,0,0,0,0,0,,,0,,5,8,0,0,0,0,-2.5981877663289197,0,1,2,16,0,0,0,5,12,1,0.6427152972319163,0,3.2,0.06666666666666667,0.034013605442176874,0.12380952380952381,0,0,0,0,0,0,0,0.0,0.0,0,0,0,0,0,0,0,0,0,0,0,0,0,0,0,0,0,3,70,0,0,0,0,,,0,0,0,0,0,0,0,0,0,0,0,0,,,,0,0,0,0,0,0,0,,0,0,0,0,0,2.4000000000000004,3.4000000000000004
00-0031898,A.Singleton,Alex Singleton,LB,LB,"https://static.www.nfl.com/image/upload/f_auto,q_auto/league/zohji3gr704zraihhqyl",2025,3,REG,DEN,LAC,0,0,0,0,0,0,0,0,0,0,0,0,,,0,,0,0,0,0,0,0,,0,0,0,0,0,0,0,0,0,0,,0,,0.0,0.0,0.0,0,4,0,8,0,0,0,0.0,0.0,1,0,0,0,0,0,0,0,0,0,0,0,0,0,0,0,0,0,0,0,0,0,0,,,0,0,0,0,0,0,0,0,0,0,0,0,,,,0,0,0,0,0,0,0,,0,0,0,0,0,0.0,0.0
00-0032569,W.Lutz,Wil Lutz,K,SPEC,"https://static.www.nfl.com/image/upload/f_auto,q_auto/league/lcfurzhyjudmrwjxkgfs",2025,3,REG,DEN,LAC,0,0,0,0,0,0,0,0,0,0,0,0,,,0,,0,0,0,0,0,0,,0,0,0,0,0,0,0,0,0,0,,0,,0.0,0.0,0.0,0,0,0,0,0,0,0,0.0,0.0,0,0,0,0,0,0,0,0,0,0,0,0,0,0,0,0,0,0,0,2,2,0,0,42.0,1.0,0,1,0,1,0,0,0,0,0,0,0,0,42;26,,,68,0,0,2,2,0,0,1.0,0,0,0,0,0,0.0,0.0
00-0033297,D.Jones,D.J. Jones,DT,DL,"https://static.www.nfl.com/image/upload/f_auto,q_auto/league/ft4g8bxpn85mshqvp4lj",2025,3,REG,DEN,LAC,0,0,0,0,0,0,0,0,0,0,0,0,,,0,,0,0,0,0,0,0,,0,0,0,0,0,0,0,0,0,0,,0,,0.0,0.0,0.0,0,2,0,0,2,5,0,1.0,1.0,1,0,0,0,0,0,0,0,0,0,0,0,0,0,0,0,0,0,0,0,0,0,0,,,0,0,0,0,0,0,0,0,0,0,0,0,,,,0,0,0,0,0,0,0,,0,0,0,0,0,0.0,0.0
00-0033538,G.Bolles,Garett Bolles,OT,OL,"https://static.www.nfl.com/image/upload/f_auto,q_auto/league/dpgttf9sbcrvmqvohqtn",2025,3,REG,DEN,LAC,0,0,0,0,0,0,0,0,0,0,0,0,,,0,,0,0,0,0,0,0,,0,0,0,0,0,0,0,0,0,0,,0,,0.0,0.0,0.0,0,0,0,0,0,0,0,0.0,0.0,0,0,0,0,0,0,0,0,0,0,0,0,0,1,9,0,0,0,0,0,0,0,0,,,0,0,0,0,0,0,0,0,0,0,0,0,,,,0,0,0,0,0,0,0,,0,0,0,0,0,0.0,0.0
00-0034348,C.Sutton,Courtland Sutton,WR,WR,"https://static.www.nfl.com/image/upload/f_auto,q_auto/league/r2sr6cbma4c7wc3isejj",2025,3,REG,DEN,LAC,0,0,0,0,0,0,0,0,0,0,0,0,,,0,,0,0,0,0,0,0,,0,6,8,118,1,0,0,146,34,5,12.163943261664826,0,0.8082191780821918,0.34782608695652173,0.5427509293680297,0.9016647809924034,0,0,0,0,0,0,0,0.0,0.0,0,0,0,0,0,0,0,0,0,0,0,0,0,0,0,0,0,0,0,0,0,0,0,,,0,0,0,0,0,0,0,0,0,0,0,0,,,,0,0,0,0,0,0,0,,0,0,0,0,0,17.8,23.8
00-0034805,J.Franklin-Myers,John Franklin-Myers,DE,DL,"https://static.www.nfl.com/image/upload/f_auto,q_auto/league/uddpcfoopacmfjcovnvi",2025,3,REG,DEN,LAC,0,0,0,0,0,0,0,0,0,0,0,0,,,0,,0,0,0,0,0,0,,0,0,0,0,0,0,0,0,0,0,,0,,0.0,0.0,0.0,0,2,0,1,1,6,0,1.0,6.0,2,0,0,0,0,0,0,0,0,0,0,0,0,1,5,0,0,0,0,0,0,0,0,,,0,0,0,0,0,0,0,0,0,0,0,0,,,,0,0,0,0,0,0,0,,0,0,0,0,0,0.0,0.0
00-0035248,Z.Allen,Zach Allen,DE,DL,"https://static.www.nfl.com/image/upload/f_auto,q_auto/league/alnctfzlh2giup65i5zt",2025,3,REG,DEN,LAC,0,0,0,0,0,0,0,0,0,0,0,0,,,0,,0,0,0,0,0,0,,0,0,0,0,0,0,0,0,0,0,,0,,0.0,0.0,0.0,0,0,0,2,0,0,0,0.0,0.0,2,0,0,0,0,0,0,0,0,0,0,0,0,0,0,0,0,0,0,0,0,0,0,,,0,0,0,0,0,0,0,0,0,0,0,0,,,,0,0,0,0,0,0,0,,0,0,0,0,0,0.0,0.0
00-0036158,J.Dobbins,J.K. Dobbins,RB,RB,"https://static.www.nfl.com/image/upload/f_auto,q_auto/league/cevotvl3ho5h1mioruyg",2025,3,REG,DEN,LAC,0,0,0,0,0,0,0,0,0,0,0,0,,,0,,11,83,1,0,0,3,2.137136272736825,0,1,2,0,0,0,0,-13,6,0,-1.6538717381190509,0,-0.0,0.08695652173913043,-0.048327137546468404,0.09660578632616776,0,0,0,0,0,0,0,0.0,0.0,0,0,0,0,0,0,0,0,0,0,0,0,0,0,0,0,0,0,0,0,0,0,0,,,0,0,0,0,0,0,0,0,0,0,0,0,,,,0,0,0,0,0,0,0,,0,0,0,0,0,14.3,15.3
00-0036221,B.Jones,Brandon Jones,SAF,DB,"https://static.www.nfl.com/image/upload/f_auto,q_auto/league/qcgihmzgbq4osnqywbng",2025,3,REG,DEN,LAC,0,0,0,0,0,0,0,0,0,0,0,0,,,0,,0,0,0,0,0,0,,0,0,0,0,0,0,0,0,0,0,,0,,0.0,0.0,0.0,0,6,0,5,0,0,0,0.0,0.0,0,1,0,1,0,0,0,0,0,0,0,0,0,0,0,0,0,0,0,0,0,0,0,,,0,0,0,0,0,0,0,0,0,0,0,0,,,,0,0,0,0,0,0,0,,0,0,0,0,0,0.0,0.0
00-0036422,A.Trautman,Adam Trautman,TE,TE,"https://static.www.nfl.com/image/upload/f_auto,q_auto/league/ck9dspk0ykijetdshyn4",2025,3,REG,DEN,LAC,0,0,0,0,0,0,0,0,0,0,0,0,,,0,,0,0,0,0,0,0,,0,0,0,0,0,0,0,0,0,0,,0,,0.0,0.0,0.0,0,0,0,0,0,0,0,0.0,0.0,0,0,0,0,0,0,0,0,0,0,0,0,0,2,15,0,0,0,0,0,0,0,0,,,0,0,0,0,0,0,0,0,0,0,0,0,,,,0,0,0,0,0,0,0,,0,0,0,0,0,0.0,0.0
00-0036428,J.Strnad,Justin Strnad,LB,LB,"https://static.www.nfl.com/image/upload/f_auto,q_auto/league/qeikhakzijz2ipub82bt",2025,3,REG,DEN,LAC,0,0,0,0,0,0,0,0,0,0,0,0,,,0,,0,0,0,0,0,0,,0,0,0,0,0,0,0,0,0,0,,0,,0.0,0.0,0.0,0,0,0,5,0,0,0,0.0,0.0,0,0,0,1,0,0,0,0,0,0,0,0,0,0,0,0,0,0,0,0,0,0,0,,,0,0,0,0,0,0,0,0,0,0,0,0,,,,0,0,0,0,0,0,0,,0,0,0,0,0,0.0,0.0
00-0036564,T.Hufanga,Talanoa Hufanga,SAF,DB,"https://static.www.nfl.com/image/upload/f_auto,q_auto/league/gyoo1p5nckluov1mihbe",2025,3,REG,DEN,LAC,0,0,0,0,0,0,0,0,0,0,0,0,,,0,,0,0,0,0,0,0,,0,0,0,0,0,0,0,0,0,0,,0,,0.0,0.0,0.0,0,4,0,2,0,0,0,0.0,0.0,0,0,0,2,0,0,0,0,0,0,0,0,0,3,41,0,0,0,0,0,0,0,0,,,0,0,0,0,0,0,0,0,0,0,0,0,,,,0,0,0,0,0,0,0,,0,0,0,0,0,0.0,0.0
00-0036683,D.Key,Devon Key,SAF,DB,"https://static.www.nfl.com/image/upload/f_auto,q_auto/league/aax1z5qptzbpatde06cf",2025,3,REG,DEN,LAC,0,0,0,0,0,0,0,0,0,0,0,0,,,0,,0,0,0,0,0,0,,0,0,0,0,0,0,0,0,0,0,,0,,0.0,0.0,0.0,0,1,0,1,0,0,0,0.0,0.0,0,0,0,0,0,0,0,0,0,0,0,0,0,0,0,0,0,0,0,0,0,0,0,,,0,0,0,0,0,0,0,0,0,0,0,0,,,,0,0,0,0,0,0,0,,0,0,0,0,0,0.0,0.0
00-0036844,G.Wallow,Garret Wallow,LB,LB,"https://static.www.nfl.com/image/upload/f_auto,q_auto/league/jf7xnestp0wmq0lbezxs",2025,3,REG,DEN,LAC,0,0,0,0,0,0,0,0,0,0,0,0,,,0,,0,0,0,0,0,0,,0,0,0,0,0,0,0,0,0,0,,0,,0.0,0.0,0.0,0,0,0,1,0,0,0,0.0,0.0,0,0,0,0,0,0,0,0,0,0,0,0,0,0,0,0,0,0,0,0,0,0,0,,,0,0,0,0,0,0,0,0,0,0,0,0,,,,0,0,0,0,0,0,0,,0,0,0,0,0,0.0,0.0
00-0036874,P.Surtain,Pat Surtain II,CB,DB,"https://static.www.nfl.com/image/upload/f_auto,q_auto/league/soec8zk3n5jvxvywq1gm",2025,3,REG,DEN,LAC,0,0,0,0,0,0,0,0,0,0,0,0,,,0,,0,0,0,0,0,0,,0,0,0,0,0,0,0,0,0,0,,0,,0.0,0.0,0.0,0,2,0,0,0,0,0,0.0,0.0,0,0,0,1,0,0,0,0,0,0,0,0,0,1,5,0,0,0,0,0,0,0,0,,,0,0,0,0,0,0,0,0,0,0,0,0,,,,0,0,0,0,0,0,0,,0,0,0,0,0,0.0,0.0
00-0036943,M.Fraboni,Mitchell Fraboni,LS,SPEC,"https://static.www.nfl.com/image/upload/f_auto,q_auto/league/csvbeqtitr9ixpgdt0fu",2025,3,REG,DEN,LAC,0,0,0,0,0,0,0,0,0,0,0,0,,,0,,0,0,0,0,0,0,,0,0,0,0,0,0,0,0,0,0,,0,,0.0,0.0,0.0,0,1,0,0,0,0,0,0.0,0.0,0,0,0,0,0,0,0,0,0,0,0,0,0,0,0,0,0,0,0,0,0,0,0,,,0,0,0,0,0,0,0,0,0,0,0,0,,,,0,0,0,0,0,0,0,,0,0,0,0,0,0.0,0.0
00-0036952,J.Cooper,Jonathon Cooper,LB,LB,"https://static.www.nfl.com/image/upload/f_auto,q_auto/league/rzjdnsaz0sfs9v4xetov",2025,3,REG,DEN,LAC,0,0,0,0,0,0,0,0,0,0,0,0,,,0,,0,0,0,0,0,0,,0,0,0,0,0,0,0,0,0,0,,0,,0.0,0.0,0.0,0,2,0,2,1,7,0,1.0,7.0,1,0,0,0,0,0,0,0,0,0,0,0,0,0,0,0,0,0,0,0,0,0,0,,,0,0,0,0,0,0,0,0,0,0,0,0,,,,0,0,0,0,0,0,0,,0,0,0,0,0,0.0,0.0
00-0037085,T.Badie,Tyler Badie,RB,RB,"https://static.www.nfl.com/image/upload/f_auto,q_auto/league/ger5eiktec0vzmrxjnaw",2025,3,REG,DEN,LAC,0,0,0,0,0,0,0,0,0,0,0,0,,,0,,0,0,0,0,0,0,,0,0,0,0,0,0,0,0,0,0,,0,,0.0,0.0,0.0,0,1,0,1,0,0,0,0.0,0.0,0,0,0,0,0,0,0,0,0,0,0,0,0,0,0,0,0,0,0,0,0,0,0,,,0,0,0,0,0,0,0,0,0,0,0,0,,,,0,0,0,0,0,0,0,,0,0,0,0,0,0.0,0.0
00-0037249,N.Bonitto,Nik Bonitto,LB,LB,"https://static.www.nfl.com/image/upload/f_auto,q_auto/league/y1ptokk7b6jovbe2gtss",2025,3,REG,DEN,LAC,0,0,0,0,0,0,0,0,0,0,0,0,,,0,,0,0,0,0,0,0,,0,0,0,0,0,0,0,0,0,0,,0,,0.0,0.0,0.0,0,3,0,1,2,16,0,2.0,16.0,5,0,0,0,0,0,0,0,0,0,0,0,0,1,5,0,0,0,0,0,0,0,0,,,0,0,0,0,0,0,0,0,0,0,0,0,,,,0,0,0,0,0,0,0,,0,0,0,0,0,0.0,0.0
00-0037294,J.Jackson,Jordan Jackson,DT,DL,"https://static.www.nfl.com/image/upload/f_auto,q_auto/league/mygiulff7wmcrv8menhg",2025,3,REG,DEN,LAC,0,0,0,0,0,0,0,0,0,0,0,0,,,0,,0,0,0,0,0,0,,0,0,0,0,0,0,0,0,0,0,,0,,0.0,0.0,0.0,0,1,0,2,0,0,0,0.0,0.0,1,0,0,0,0,0,0,0,0,0,0,0,0,0,0,0,0,0,0,0,0,0,0,,,0,0,0,0,0,0,0,0,0,0,0,0,,,,0,0,0,0,0,0,0,,0,0,0,0,0,0.0,0.0
00-0037384,J.McMillian,Ja'Quan McMillian,CB,DB,"https://static.www.nfl.com/image/upload/f_auto,q_auto/league/kpgabuesfqci0swbrkem",2025,3,REG,DEN,LAC,0,0,0,0,0,0,0,0,0,0,0,0,,,0,,0,0,0,0,0,0,,0,0,0,0,0,0,0,0,0,0,,0,,0.0,0.0,0.0,0,4,0,1,0,0,1,0.0,0.0,0,0,0,0,0,0,0,0,0,0,0,0,0,0,0,0,0,0,0,0,0,0,0,,,0,0,0,0,0,0,0,0,0,0,0,0,,,,0,0,0,0,0,0,0,,0,0,0,0,0,0.0,0.0
00-0037539,L.Krull,Lucas Krull,TE,TE,"https://static.www.nfl.com/image/upload/f_auto,q_auto/league/eolvpkk5jjmipuqmf5v6",2025,3,REG,DEN,LAC,0,0,0,0,0,0,0,0,0,0,0,0,,,0,,0,0,0,0,0,0,,0,1,2,9,0,0,0,11,3,0,-1.413379811332561,0,0.8181818181818182,0.08695652173913043,0.040892193308550186,0.15905931792468078,0,0,0,0,0,0,0,0.0,0.0,0,0,0,0,0,0,0,0,0,0,0,0,0,0,0,0,0,0,0,0,0,0,0,,,0,0,0,0,0,0,0,0,0,0,0,0,,,,0,0,0,0,0,0,0,,0,0,0,0,0,0.9,1.9
00-0037799,D.Tillman,Dondrea Tillman,LB,LB,"https://static.www.nfl.com/image/upload/f_auto,q_auto/league/gb1dadvtgeeixkcqjwgv",2025,3,REG,DEN,LAC,0,0,0,0,0,0,0,0,0,0,0,0,,,0,,0,0,0,0,0,0,,0,0,0,0,0,0,0,0,0,0,,0,,0.0,0.0,0.0,0,2,0,2,0,0,0,0.0,0.0,1,0,0,0,0,0,0,0,0,0,0,0,0,0,0,0,0,0,0,0,0,0,0,,,0,0,0,0,0,0,0,0,0,0,0,0,,,,0,0,0,0,0,0,0,,0,0,0,0,0,0.0,0.0
00-0038106,E.Uwazurike,Eyioma Uwazurike,DT,DL,"https://static.www.nfl.com/image/upload/f_auto,q_auto/league/tkr7tz1k8al4ddckvjz6",2025,3,REG,DEN,LAC,0,0,0,0,0,0,0,0,0,0,0,0,,,0,,0,0,0,0,0,0,,0,0,0,0,0,0,0,0,0,0,,0,,0.0,0.0,0.0,0,2,0,2,0,0,0,0.0,0.0,0,0,0,0,0,0,0,0,0,0,0,0,0,0,0,0,0,0,0,0,0,0,0,,,0,0,0,0,0,0,0,0,0,0,0,0,,,,0,0,0,0,0,0,0,,0,0,0,0,0,0.0,0.0
00-0038552,R.Moss,Riley Moss,CB,DB,"https://static.www.nfl.com/image/upload/f_auto,q_auto/league/ien8dnxggtcrizatnuom",2025,3,REG,DEN,LAC,0,0,0,0,0,0,0,0,0,0,0,0,,,0,,0,0,0,0,0,0,,0,0,0,0,0,0,0,0,0,0,,0,,0.0,0.0,0.0,0,4,0,2,0,0,0,0.0,0.0,0,0,0,1,0,0,0,0,0,0,0,0,0,0,0,0,0,0,0,0,0,0,0,,,0,0,0,0,0,0,0,0,0,0,0,0,,,,0,0,0,0,0,0,0,,0,0,0,0,0,0.0,0.0
00-0038605,J.Skinner,JL Skinner,SAF,DB,"https://static.www.nfl.com/image/upload/f_auto,q_auto/league/pss2lrg9jx4qauwyu3hu",2025,3,REG,DEN,LAC,0,0,0,0,0,0,0,0,0,0,0,0,,,0,,0,0,0,0,0,0,,0,0,0,0,0,0,0,0,0,0,,0,,0.0,0.0,0.0,0,0,0,1,0,0,0,0.0,0.0,0,0,0,0,0,0,0,0,0,0,1,1,0,0,0,0,0,0,0,0,0,0,0,,,0,0,0,0,0,0,0,0,0,0,0,0,,,,0,0,0,0,0,0,0,,0,0,0,0,0,0.0,0.0
00-0038976,M.Mims,Marvin Mims Jr.,WR,WR,"https://static.www.nfl.com/image/upload/f_auto,q_auto/league/zbdjtph5xplbf4yocz0l",2025,3,REG,DEN,LAC,0,0,0,0,0,0,0,0,0,0,0,0,,,0,,0,0,0,0,0,0,,0,1,4,4,0,0,0,88,6,0,-2.9662542041594553,0,0.045454545454545456,0.17391304347826086,0.3271375464684015,0.4898658477452723,0,0,0,0,0,0,0,0.0,0.0,0,0,0,0,0,0,0,0,0,0,0,0,0,0,0,2,56,4,114,0,0,0,0,,,0,0,0,0,0,0,0,0,0,0,0,0,,,,0,0,0,0,0,0,0,,0,0,0,0,0,0.4,1.4
00-0039732,B.Nix,Bo Nix,QB,QB,"https://static.www.nfl.com/image/upload/f_auto,q_auto/league/igirshmrr6lqtxcpxsea",2025,3,REG,DEN,LAC,14,25,153,1,0,2,-6,0,0,269,84,5,-1.5255322747893847,-8.01634334999582,0,0.5687732342007435,8,33,0,0,0,0,-1.4973021894693375,0,0,0,0,0,0,0,0,0,0,,0,,0.0,0.0,0.0,0,0,0,0,0,0,0,0.0,0.0,0,0,0,0,0,0,0,0,0,0,0,0,0,0,0,0,0,0,0,0,0,0,0,,,0,0,0,0,0,0,0,0,0,0,0,0,,,,0,0,0,0,0,0,0,,0,0,0,0,0,13.420000000000002,13.420000000000002
00-0039809,J.Elliss,Jonah Elliss,LB,LB,"https://static.www.nfl.com/image/upload/f_auto,q_auto/league/f3dukr2ntse8qnsyhu3b",2025,3,REG,DEN,LAC,0,0,0,0,0,0,0,0,0,0,0,0,,,0,,0,0,0,0,0,0,,0,0,0,0,0,0,0,0,0,0,,0,,0.0,0.0,0.0,0,2,1,1,1,3,1,0.0,0.0,0,0,0,1,0,0,0,0,0,0,0,0,0,0,0,0,0,0,0,0,0,0,0,,,0,0,0,0,0,0,0,0,0,0,0,0,,,,0,0,0,0,0,0,0,,0,0,0,0,0,0.0,0.0
00-0039868,T.Franklin,Troy Franklin,WR,WR,"https://static.www.nfl.com/image/upload/f_auto,q_auto/league/belpdlyoda8cmzbvjkqh",2025,3,REG,DEN,LAC,0,0,0,0,0,0,0,0,0,0,0,0,,,0,,0,0,0,0,0,0,,0,2,4,8,0,0,0,12,15,0,-2.4839663737163704,0,0.6666666666666666,0.17391304347826086,0.04460966542750929,0.2920963310166478,0,0,0,0,0,0,0,0.0,0.0,0,0,0,0,0,0,0,0,0,0,0,0,0,1,10,0,0,0,0,0,0,0,0,,,0,0,0,0,0,0,0,0,0,0,0,0,,,,0,0,0,0,0,0,0,,0,0,0,0,0,0.8,2.8
00-0040223,J.Crawshaw,Jeremy Crawshaw,P,SPEC,"https://static.www.nfl.com/image/upload/f_auto,q_auto/league/nqnll8kqdpeuajt2lkyx",2025,3,REG,DEN,LAC,0,0,0,0,0,0,0,0,0,0,0,0,,,0,,0,0,0,0,0,0,,0,0,0,0,0,0,0,0,0,0,,0,,0.0,0.0,0.0,0,0,0,1,0,0,0,0.0,0.0,0,0,0,0,0,0,0,0,0,0,0,0,0,0,0,0,0,0,0,0,0,0,0,,,0,0,0,0,0,0,0,0,0,0,0,0,,,,0,0,0,0,0,0,0,,0,0,0,0,0,0.0,0.0
00-0040720,J.Barron,Jahdae Barron,CB,DB,"https://static.www.nfl.com/image/upload/f_auto,q_auto/league/pftuc6gjil6zstrg4ht2",2025,3,REG,DEN,LAC,0,0,0,0,0,0,0,0,0,0,0,0,,,0,,0,0,0,0,0,0,,0,0,0,0,0,0,0,0,0,0,,0,,0.0,0.0,0.0,0,2,0,2,0,0,0,0.0,0.0,0,0,0,0,0,0,0,0,0,0,0,0,0,0,0,0,0,0,0,0,0,0,0,,,0,0,0,0,0,0,0,0,0,0,0,0,,,,0,0,0,0,0,0,0,,0,0,0,0,0,0.0,0.0
00-0040730,R.Harvey,RJ Harvey,RB,RB,"https://static.www.nfl.com/image/upload/f_auto,q_auto/league/i1qxzydetb2orrynzvzk",2025,3,REG,DEN,LAC,0,0,0,0,0,0,0,0,0,0,0,0,,,0,,2,2,0,0,0,0,-1.2854487369768322,0,3,3,14,0,0,0,-6,20,0,-2.1578286685980856,0,-2.3333333333333335,0.13043478260869565,-0.022304832713754646,0.18003879101341522,0,0,0,0,0,0,0,0.0,0.0,0,0,0,0,0,0,0,0,0,0,0,0,0,0,0,0,0,1,27,0,0,0,0,,,0,0,0,0,0,0,0,0,0,0,0,0,,,,0,0,0,0,0,0,0,,0,0,0,0,0,1.6,4.6
