player_id,player_name,player_display_name,position,position_group,headshot_url,season,week,season_type,team,opponent_team,completions,attempts,passing_yards,passing_tds,passing_interceptions,sacks_suffered,sack_yards_lost,sack_fumbles,sack_fumbles_lost,passing_air_yards,passing_yards_after_catch,passing_first_downs,passing_epa,passing_cpoe,passing_2pt_conversions,pacr,carries,rushing_yards,rushing_tds,rushing_fumbles,rushing_fumbles_lost,rushing_first_downs,rushing_epa,rushing_2pt_conversions,receptions,targets,receiving_yards,receiving_tds,receiving_fumbles,receiving_fumbles_lost,receiving_air_yards,receiving_yards_after_catch,receiving_first_downs,receiving_epa,receiving_2pt_conversions,racr,target_share,air_yards_share,wopr,special_teams_tds,def_tackles_solo,def_tackles_with_assist,def_tackle_assists,def_tackles_for_loss,def_tackles_for_loss_yards,def_fumbles_forced,def_sacks,def_sack_yards,def_qb_hits,def_interceptions,def_interception_yards,def_pass_defended,def_tds,def_fumbles,def_safeties,misc_yards,fumble_recovery_own,fumble_recovery_yards_own,fumble_recovery_opp,fumble_recovery_yards_opp,fumble_recovery_tds,penalties,penalty_yards,punt_returns,punt_return_yards,kickoff_returns,kickoff_return_yards,fg_made,fg_att,fg_missed,fg_blocked,fg_long,fg_pct,fg_made_0_19,fg_made_20_29,fg_made_30_39,fg_made_40_49,fg_made_50_59,fg_made_60_,fg_missed_0_19,fg_missed_20_29,fg_missed_30_39,fg_missed_40_49,fg_missed_50_59,fg_missed_60_,fg_made_list,fg_missed_list,fg_blocked_list,fg_made_distance,fg_missed_distance,fg_blocked_distance,pat_made,pat_att,pat_missed,pat_blocked,pat_pct,gwfg_made,gwfg_att,gwfg_missed,gwfg_blocked,gwfg_distance,fantasy_points,fantasy_points_ppr
00-0028872,J.Hekker,Johnny Hekker,P,SPEC,"https://static.www.nfl.com/image/upload/f_auto,q_auto/league/qqxvnynrahubphl6gjvw",2025,1,REG,TEN,DEN,0,0,0,0,0,0,0,0,0,0,0,0,,,0,,0,0,0,0,0,0,,0,0,0,0,0,0,0,0,0,0,,0,,0.0,0.0,0.0,0,1,0,0,0,0,0,0.0,0.0,0,0,0,0,0,0,0,0,0,0,0,0,0,0,0,0,0,0,0,0,0,0,0,,,0,0,0,0,0,0,0,0,0,0,0,0,,,,0,0,0,0,0,0,0,,0,0,0,0,0,0.0,0.0
00-0029592,K.Zeitler,Kevin Zeitler,G,OL,"https://static.www.nfl.com/image/upload/f_auto,q_auto/league/nfb14plexvixmjo0p5ye",2025,1,REG,TEN,DEN,0,0,0,0,0,0,0,0,0,0,0,0,,,0,,0,0,0,0,0,0,,0,0,0,0,0,0,0,0,0,0,,0,,0.0,0.0,0.0,0,1,0,0,0,0,0,0.0,0.0,0,0,0,0,0,0,0,0,0,0,0,0,0,1,5,0,0,0,0,0,0,0,0,,,0,0,0,0,0,0,0,0,0,0,0,0,,,,0,0,0,0,0,0,0,,0,0,0,0,0,0.0,0.0
00-0031608,Q.Diggs,Quandre Diggs,S,DB,"https://static.www.nfl.com/image/upload/f_auto,q_auto/league/kqasx5pfmin4wrk503uf",2025,1,REG,TEN,DEN,0,0,0,0,0,0,0,0,0,0,0,0,,,0,,0,0,0,0,0,0,,0,0,0,0,0,0,0,0,0,0,,0,,0.0,0.0,0.0,0,2,0,1,0,0,0,0.0,0.0,0,0,0,0,0,0,0,0,0,0,0,0,0,0,0,0,0,0,0,0,0,0,0,,,0,0,0,0,0,0,0,0,0,0,0,0,,,,0,0,0,0,0,0,0,,0,0,0,0,0,0.0,0.0
00-0032211,T.Lockett,Tyler Lockett,WR,WR,"https://static.www.nfl.com/image/upload/f_auto,q_auto/league/h5dsmp4omfoyzqsp07f8",2025,1,REG,TEN,DEN,0,0,0,0,0,0,0,0,0,0,0,0,,,0,,0,0,0,0,0,0,,0,0,1,0,0,0,0,16,0,0,-0.5364842391572893,0,0.0,0.04,0.05442176870748299,0.0980952380952381,0,0,0,0,0,0,0,0.0,0.0,0,0,0,0,0,0,0,0,0,0,0,0,0,0,0,0,0,0,0,0,0,0,0,,,0,0,0,0,0,0,0,0,0,0,0,0,,,,0,0,0,0,0,0,0,,0,0,0,0,0,0.0,0.0
00-0033046,J.Ward,Jihad Ward,LB,LB,"https://static.www.nfl.com/image/upload/f_auto,q_auto/league/btmkbywpoicg8fcgvfhc",2025,1,REG,TEN,DEN,0,0,0,0,0,0,0,0,0,0,0,0,,,0,,0,0,0,0,0,0,,0,0,0,0,0,0,0,0,0,0,,0,,0.0,0.0,0.0,0,0,1,1,0,0,0,0.0,0.0,0,0,0,0,0,0,0,0,0,0,0,0,0,0,0,0,0,0,0,0,0,0,0,,,0,0,0,0,0,0,0,0,0,0,0,0,,,,0,0,0,0,0,0,0,,0,0,0,0,0,0.0,0.0
00-0033579,X.Woods,Xavier Woods,FS,DB,"https://static.www.nfl.com/image/upload/f_auto,q_auto/league/of7kdkfale5fnuz6u8gr",2025,1,REG,TEN,DEN,0,0,0,0,0,0,0,0,0,0,0,0,,,0,,0,0,0,0,0,0,,0,0,0,0,0,0,0,0,0,0,,0,,0.0,0.0,0.0,0,0,0,2,0,0,0,0.0,0.0,0,1,16,1,0,0,0,0,0,0,0,0,0,0,0,0,0,0,0,0,0,0,0,,,0,0,0,0,0,0,0,0,0,0,0,0,,,,0,0,0,0,0,0,0,,0,0,0,0,0,0.0,0.0
00-0034810,S.Joseph,Sebastian Joseph-Day,DE,DL,"https://static.www.nfl.com/image/upload/f_auto,q_auto/league/clutt16odnru2dvidv9w",2025,1,REG,TEN,DEN,0,0,0,0,0,0,0,0,0,0,0,0,,,0,,0,0,0,0,0,0,,0,0,0,0,0,0,0,0,0,0,,0,,0.0,0.0,0.0,0,1,1,3,0,0,0,0.0,0.0,0,0,0,0,0,0,0,0,0,0,1,1,0,0,0,0,0,0,0,0,0,0,0,,,0,0,0,0,0,0,0,0,0,0,0,0,,,,0,0,0,0,0,0,0,,0,0,0,0,0,0.0,0.0
00-0034825,A.Key,Arden Key,LB,LB,"https://static.www.nfl.com/image/upload/f_auto,q_auto/league/wgnbernjlxpmk5rhgkhn",2025,1,REG,TEN,DEN,0,0,0,0,0,0,0,0,0,0,0,0,,,0,,0,0,0,0,0,0,,0,0,0,0,0,0,0,0,0,0,,0,,0.0,0.0,0.0,0,1,0,0,0,0,0,0.0,0.0,0,0,0,0,0,0,0,0,0,0,0,0,0,0,0,0,0,0,0,0,0,0,0,,,0,0,0,0,0,0,0,0,0,0,0,0,,,,0,0,0,0,0,0,0,,0,0,0,0,0,0.0,0.0
00-0034837,C.Ridley,Calvin Ridley,WR,WR,"https://static.www.nfl.com/image/upload/f_auto,q_auto/league/l96rlegwqz7qfakbdtlp",2025,1,REG,TEN,DEN,0,0,0,0,0,0,0,0,0,0,0,0,,,0,,0,0,0,0,0,0,,0,4,8,27,0,0,0,69,12,1,-2.625838305510115,0,0.391304347826087,0.32,0.23469387755102042,0.6442857142857142,0,0,0,0,0,0,0,0.0,0.0,0,0,0,0,0,0,0,0,0,0,0,0,0,0,0,0,0,0,0,0,0,0,0,,,0,0,0,0,0,0,0,0,0,0,0,0,,,,0,0,0,0,0,0,0,,0,0,0,0,0,2.7,6.7
00-0035192,J.Slye,Joey Slye,K,SPEC,"https://static.www.nfl.com/image/upload/f_auto,q_auto/league/xokfs27mtqrbb0y47ahn",2025,1,REG,TEN,DEN,0,0,0,0,0,0,0,0,0,0,0,0,,,0,,0,0,0,0,0,0,,0,0,0,0,0,0,0,0,0,0,,0,,0.0,0.0,0.0,0,0,0,0,0,0,0,0.0,0.0,0,0,0,0,0,0,0,0,0,0,0,0,0,0,0,0,0,0,0,4,4,0,0,50.0,1.0,0,0,2,1,1,0,0,0,0,0,0,0,50;33;42;35,,,160,0,0,0,0,0,0,,0,0,0,0,0,0.0,0.0
00-0035261,T.Pollard,Tony Pollard,RB,RB,"https://static.www.nfl.com/image/upload/f_auto,q_auto/league/dvpdczetkdhrqpm8izmd",2025,1,REG,TEN,DEN,0,0,0,0,0,0,0,0,0,0,0,0,,,0,,18,60,0,1,1,2,-7.623365213533423,0,1,1,29,0,0,0,-1,30,1,3.5334359841654077,0,-29.0,0.04,-0.003401360544217687,0.05761904761904762,0,0,0,0,0,0,0,0.0,0.0,0,0,0,0,0,0,0,0,0,0,0,0,0,0,0,0,0,0,0,0,0,0,0,,,0,0,0,0,0,0,0,0,0,0,0,0,,,,0,0,0,0,0,0,0,,0,0,0,0,0,6.9,7.9
00-0035632,A.Hooker,Amani Hooker,SAF,DB,"https://static.www.nfl.com/image/upload/f_auto,q_auto/league/u9zrvmlfnvzmgttdcsn6",2025,1,REG,TEN,DEN,0,0,0,0,0,0,0,0,0,0,0,0,,,0,,0,0,0,0,0,0,,0,0,0,0,0,0,0,0,0,0,,0,,0.0,0.0,0.0,0,3,0,2,0,0,0,0.0,0.0,0,0,0,1,0,0,0,0,0,0,0,0,0,1,15,0,0,0,0,0,0,0,0,,,0,0,0,0,0,0,0,0,0,0,0,0,,,,0,0,0,0,0,0,0,,0,0,0,0,0,0.0,0.0
00-0035643,J.Simmons,Jeffery Simmons,DT,DL,"https://static.www.nfl.com/image/upload/f_auto,q_auto/league/gi2z8wipg8w9vnxwbav0",2025,1,REG,TEN,DEN,0,0,0,0,0,0,0,0,0,0,0,0,,,0,,0,0,0,0,0,0,,0,0,0,0,0,0,0,0,0,0,,0,,0.0,0.0,0.0,0,3,0,1,1,10,1,1.0,10.0,4,0,0,0,0,0,0,0,0,0,0,0,0,2,20,0,0,0,0,0,0,0,0,,,0,0,0,0,0,0,0,0,0,0,0,0,,,,0,0,0,0,0,0,0,,0,0,0,0,0,0.0,0.0
00-0035672,C.Barton,Cody Barton,LB,LB,"https://static.www.nfl.com/image/upload/f_auto,q_auto/league/wbbjzgrgoi4nbgyqmjcs",2025,1,REG,TEN,DEN,0,0,0,0,0,0,0,0,0,0,0,0,,,0,,0,0,0,0,0,0,,0,0,0,0,0,0,0,0,0,0,,0,,0.0,0.0,0.0,0,5,0,4,1,1,0,0.0,0.0,0,0,0,0,0,0,0,0,0,0,0,0,0,0,0,0,0,0,0,0,0,0,0,,,0,0,0,0,0,0,0,0,0,0,0,0,,,,0,0,0,0,0,0,0,,0,0,0,0,0,0.0,0.0
00-0035678,D.Jones,Dre'Mont Jones,LB,LB,"https://static.www.nfl.com/image/upload/f_auto,q_auto/league/yk1ohzelbowitjp6fbef",2025,1,REG,TEN,DEN,0,0,0,0,0,0,0,0,0,0,0,0,,,0,,0,0,0,0,0,0,,0,0,0,0,0,0,0,0,0,0,,0,,0.0,0.0,0.0,0,0,0,2,0,0,0,0.0,0.0,0,0,0,0,0,0,0,0,0,0,0,0,0,0,0,0,0,0,0,0,0,0,0,,,0,0,0,0,0,0,0,0,0,0,0,0,,,,0,0,0,0,0,0,0,,0,0,0,0,0,0.0,0.0
00-0036337,J.Lynch,James Lynch,DT,DL,"https://static.www.nfl.com/image/upload/f_auto,q_auto/league/d4funuhosghah7ved424",2025,1,REG,TEN,DEN,0,0,0,0,0,0,0,0,0,0,0,0,,,0,,0,0,0,0,0,0,,0,0,0,0,0,0,0,0,0,0,,0,,0.0,0.0,0.0,0,1,0,1,0,0,0,0.0,0.0,0,0,0,0,0,0,0,0,0,0,0,0,0,0,0,0,0,0,0,0,0,0,0,,,0,0,0,0,0,0,0,0,0,0,0,0,,,,0,0,0,0,0,0,0,,0,0,0,0,0,0.0,0.0
00-0036374,L.Sneed,L'Jarius Sneed,CB,DB,"https://static.www.nfl.com/image/upload/f_auto,q_auto/league/ft4szbihb9vyadwkiszf",2025,1,REG,TEN,DEN,0,0,0,0,0,0,0,0,0,0,0,0,,,0,,0,0,0,0,0,0,,0,0,0,0,0,0,0,0,0,0,,0,,0.0,0.0,0.0,0,3,0,0,0,0,0,0.0,0.0,0,0,0,1,0,0,0,0,0,0,0,0,0,0,0,0,0,0,0,0,0,0,0,,,0,0,0,0,0,0,0,0,0,0,0,0,,,,0,0,0,0,0,0,0,,0,0,0,0,0,0.0,0.0
00-0036869,D.Moore,Dan Moore Jr.,OT,OL,"https://static.www.nfl.com/image/upload/f_auto,q_auto/league/boxltktohmx9eqfrjr9c",2025,1,REG,TEN,DEN,0,0,0,0,0,0,0,0,0,0,0,0,,,0,,0,0,0,0,0,0,,0,0,0,0,0,0,0,0,0,0,,0,,0.0,0.0,0.0,0,0,0,0,0,0,0,0.0,0.0,0,0,0,0,0,0,0,0,0,0,0,0,0,1,10,0,0,0,0,0,0,0,0,,,0,0,0,0,0,0,0,0,0,0,0,0,,,,0,0,0,0,0,0,0,,0,0,0,0,0,0.0,0.0
00-0037549,D.Baker,Darrell Baker Jr.,CB,DB,"https://static.www.nfl.com/image/upload/f_auto,q_auto/league/e536r65rabmkj6idcwpb",2025,1,REG,TEN,DEN,0,0,0,0,0,0,0,0,0,0,0,0,,,0,,0,0,0,0,0,0,,0,0,0,0,0,0,0,0,0,0,,0,,0.0,0.0,0.0,0,3,0,1,0,0,0,0.0,0.0,0,0,0,0,0,0,0,0,0,0,0,0,0,0,0,0,0,0,0,0,0,0,0,,,0,0,0,0,0,0,0,0,0,0,0,0,,,,0,0,0,0,0,0,0,,0,0,0,0,0,0.0,0.0
00-0037594,J.Chestnut,Julius Chestnut,RB,RB,"https://static.www.nfl.com/image/upload/f_auto,q_auto/league/glst6wabuuvbrssmidng",2025,1,REG,TEN,DEN,0,0,0,0,0,0,0,0,0,0,0,0,,,0,,2,2,0,0,0,0,-2.266091145137126,0,0,0,0,0,0,0,0,0,0,,0,,0.0,0.0,0.0,0,0,0,0,0,0,0,0.0,0.0,0,0,0,0,0,0,0,0,0,0,0,0,0,0,0,0,0,0,0,0,0,0,0,,,0,0,0,0,0,0,0,0,0,0,0,0,,,,0,0,0,0,0,0,0,,0,0,0,0,0,0.2,0.2
00-0037809,C.Okonkwo,Chig Okonkwo,TE,TE,"https://static.www.nfl.com/image/upload/f_auto,q_auto/league/omm5z5iq6dlmidqz1sgz",2025,1,REG,TEN,DEN,0,0,0,0,0,0,0,0,0,0,0,0,,,0,,0,0,0,0,0,0,,0,3,4,19,0,0,0,15,20,1,1.187038405390922,0,1.2666666666666666,0.16,0.05102040816326531,0.2757142857142857,0,0,0,0,0,0,0,0.0,0.0,0,0,0,0,0,0,0,0,0,0,0,0,0,0,0,0,0,0,0,0,0,0,0,,,0,0,0,0,0,0,0,0,0,0,0,0,,,,0,0,0,0,0,0,0,,0,0,0,0,0,1.9000000000000001,4.9
00-0038125,R.McCreary,Roger McCreary,CB,DB,"https://static.www.nfl.com/image/upload/f_auto,q_auto/league/kwvraixj3xsuqah6rqj8",2025,1,REG,TEN,DEN,0,0,0,0,0,0,0,0,0,0,0,0,,,0,,0,0,0,0,0,0,,0,0,0,0,0,0,0,0,0,0,,0,,0.0,0.0,0.0,0,4,0,1,0,0,0,0.0,0.0,0,1,0,1,0,0,0,0,0,0,0,0,0,0,0,0,0,0,0,0,0,0,0,,,0,0,0,0,0,0,0,0,0,0,0,0,,,,0,0,0,0,0,0,0,,0,0,0,0,0,0.0,0.0
00-0039372,J.Brownlee,Jarvis Brownlee Jr.,CB,DB,"https://static.www.nfl.com/image/upload/f_auto,q_auto/league/sy8owjzhny1vsbgusxo5",2025,1,REG,TEN,DEN,0,0,0,0,0,0,0,0,0,0,0,0,,,0,,0,0,0,0,0,0,,0,0,0,0,0,0,0,0,0,0,,0,,0.0,0.0,0.0,0,5,1,3,2,4,0,0.0,0.0,0,0,0,1,0,0,0,0,0,0,0,0,0,3,36,0,0,0,0,0,0,0,0,,,0,0,0,0,0,0,0,0,0,0,0,0,,,,0,0,0,0,0,0,0,,0,0,0,0,0,0.0,0.0
00-0039430,J.Williams,James Williams,LB,LB,"https://static.www.nfl.com/image/upload/f_auto,q_auto/league/r31rpfa1ju3bqddeuhom",2025,1,REG,TEN,DEN,0,0,0,0,0,0,0,0,0,0,0,0,,,0,,0,0,0,0,0,0,,0,0,0,0,0,0,0,0,0,0,,0,,0.0,0.0,0.0,0,0,0,0,0,0,0,0.0,0.0,0,0,0,0,0,0,0,0,0,0,0,0,0,2,14,0,0,0,0,0,0,0,0,,,0,0,0,0,0,0,0,0,0,0,0,0,,,,0,0,0,0,0,0,0,,0,0,0,0,0,0.0,0.0
00-0039436,J.Harrell,Jaylen Harrell,LB,LB,"https://static.www.nfl.com/image/upload/f_auto,q_auto/league/bchqpne0r2pz0plq34pv",2025,1,REG,TEN,DEN,0,0,0,0,0,0,0,0,0,0,0,0,,,0,,0,0,0,0,0,0,,0,0,0,0,0,0,0,0,0,0,,0,,0.0,0.0,0.0,0,2,0,1,0,0,0,0.0,0.0,0,0,0,0,0,0,0,0,0,0,0,0,0,0,0,0,0,0,0,0,0,0,0,,,0,0,0,0,0,0,0,0,0,0,0,0,,,,0,0,0,0,0,0,0,,0,0,0,0,0,0.0,0.0
00-0039648,D.Martin-Robinson,David Martin-Robinson,TE,TE,"https://static.www.nfl.com/image/upload/f_auto,q_auto/league/yaqmqzscsglgylchv7ez",2025,1,REG,TEN,DEN,0,0,0,0,0,0,0,0,0,0,0,0,,,0,,0,0,0,0,0,0,,0,0,0,0,0,0,0,0,0,0,,0,,0.0,0.0,0.0,0,1,0,1,0,0,0,0.0,0.0,0,0,0,0,0,0,0,0,0,0,0,0,0,0,0,0,0,0,0,0,0,0,0,,,0,0,0,0,0,0,0,0,0,0,0,0,,,,0,0,0,0,0,0,0,,0,0,0,0,0,0.0,0.0
00-0039650,B.Oliver,Bryce Oliver,WR,WR,"https://static.www.nfl.com/image/upload/f_auto,q_auto/league/w8z5zvas0nli3yekxw7w",2025,1,REG,TEN,DEN,0,0,0,0,0,0,0,0,0,0,0,0,,,0,,0,0,0,0,0,0,,0,1,1,8,0,0,0,6,2,0,0.5178800749126822,0,1.3333333333333333,0.04,0.02040816326530612,0.07428571428571429,0,0,0,0,0,0,0,0.0,0.0,0,0,0,0,0,0,0,0,0,0,0,0,0,0,0,0,0,0,0,0,0,0,0,,,0,0,0,0,0,0,0,0,0,0,0,0,,,,0,0,0,0,0,0,0,,0,0,0,0,0,0.8,1.8
00-0039731,J.Latham,JC Latham,OT,OL,"https://static.www.nfl.com/image/upload/f_auto,q_auto/league/w7zgtcktgcxgkbc7zdti",2025,1,REG,TEN,DEN,0,0,0,0,0,0,0,0,0,0,0,0,,,0,,0,0,0,0,0,0,,0,0,0,0,0,0,0,0,0,0,,0,,0.0,0.0,0.0,0,0,0,0,0,0,0,0.0,0.0,0,0,0,0,0,0,0,0,0,0,0,0,0,1,10,0,0,0,0,0,0,0,0,,,0,0,0,0,0,0,0,0,0,0,0,0,,,,0,0,0,0,0,0,0,,0,0,0,0,0,0.0,0.0
00-0039858,C.Gray,Cedric Gray,LB,LB,"https://static.www.nfl.com/image/upload/f_auto,q_auto/league/v3hwfmdmrsjinn4f8o2y",2025,1,REG,TEN,DEN,0,0,0,0,0,0,0,0,0,0,0,0,,,0,,0,0,0,0,0,0,,0,0,0,0,0,0,0,0,0,0,,0,,0.0,0.0,0.0,0,5,0,3,0,0,0,0.0,0.0,0,0,0,0,0,0,0,0,0,0,0,0,0,0,0,0,0,0,0,0,0,0,0,,,0,0,0,0,0,0,0,0,0,0,0,0,,,,0,0,0,0,0,0,0,,0,0,0,0,0,0.0,0.0
00-0039886,T.Sweat,T'Vondre Sweat,DT,DL,"https://static.www.nfl.com/image/upload/f_auto,q_auto/league/kltw5qbkonldsneuvjrz",2025,1,REG,TEN,DEN,0,0,0,0,0,0,0,0,0,0,0,0,,,0,,0,0,0,0,0,0,,0,0,0,0,0,0,0,0,0,0,,0,,0.0,0.0,0.0,0,2,0,0,0,0,0,0.0,0.0,0,0,0,0,0,0,0,0,0,0,0,0,0,0,0,0,0,0,0,0,0,0,0,,,0,0,0,0,0,0,0,0,0,0,0,0,,,,0,0,0,0,0,0,0,,0,0,0,0,0,0.0,0.0
00-0040170,E.Ayomanor,Elic Ayomanor,WR,WR,"https://static.www.nfl.com/image/upload/f_auto,q_auto/league/aekfvt5nyl69emvxr2yj",2025,1,REG,TEN,DEN,0,0,0,0,0,0,0,0,0,0,0,0,,,0,,0,0,0,0,0,0,,0,2,7,13,0,0,0,133,0,1,-2.982366712472867,0,0.09774436090225563,0.28,0.4523809523809524,0.7366666666666667,0,0,0,0,0,0,0,0.0,0.0,0,0,0,0,0,0,0,0,0,0,0,0,0,0,0,0,0,0,0,0,0,0,0,,,0,0,0,0,0,0,0,0,0,0,0,0,,,,0,0,0,0,0,0,0,,0,0,0,0,0,1.3,3.3
00-0040503,D.Mausi,Dorian Mausi,LB,LB,"https://static.www.nfl.com/image/upload/f_auto,q_auto/league/ms9jnxwaub6b68urkzna",2025,1,REG,TEN,DEN,0,0,0,0,0,0,0,0,0,0,0,0,,,0,,0,0,0,0,0,0,,0,0,0,0,0,0,0,0,0,0,,0,,0.0,0.0,0.0,0,0,0,0,0,0,0,0.0,0.0,0,0,0,0,0,0,0,0,0,0,1,1,0,0,0,0,0,0,0,0,0,0,0,,,0,0,0,0,0,0,0,0,0,0,0,0,,,,0,0,0,0,0,0,0,,0,0,0,0,0,0.0,0.0
00-0040584,G.Helm,Gunnar Helm,TE,TE,"https://static.www.nfl.com/image/upload/f_auto,q_auto/league/lcyqbbnrzgtbnirz8knj",2025,1,REG,TEN,DEN,0,0,0,0,0,0,0,0,0,0,0,0,,,0,,0,0,0,0,0,0,,0,1,2,16,0,0,0,32,0,1,0.6996972459601238,0,0.5,0.08,0.10884353741496598,0.1961904761904762,0,0,0,0,0,0,0,0.0,0.0,0,0,0,0,0,0,0,0,0,0,0,0,0,0,0,0,0,0,0,0,0,0,0,,,0,0,0,0,0,0,0,0,0,0,0,0,,,,0,0,0,0,0,0,0,,0,0,0,0,0,1.6,2.6
00-0040676,C.Ward,Cam Ward,QB,QB,"https://static.www.nfl.com/image/upload/f_auto,q_auto/league/viadutkbvligsopnd2qn",2025,1,REG,TEN,DEN,12,28,112,0,0,6,-50,1,1,294,64,5,-13.389458418787804,-12.597031831741333,0,0.38095238095238093,0,0,0,0,0,0,,0,0,0,0,0,0,0,0,0,0,,0,,0.0,0.0,0.0,0,0,0,0,0,0,0,0.0,0.0,0,0,0,0,0,0,0,0,0,0,0,0,0,1,16,0,0,0,0,0,0,0,0,,,0,0,0,0,0,0,0,0,0,0,0,0,,,,0,0,0,0,0,0,0,,0,0,0,0,0,2.4800000000000004,2.4800000000000004
00-0040705,C.Dike,Chimere Dike,WR,WR,"https://static.www.nfl.com/image/upload/f_auto,q_auto/league/njdduv9jx7c8vlrll8ex",2025,1,REG,TEN,DEN,0,0,0,0,0,0,0,0,0,0,0,0,,,0,,1,9,0,0,0,0,0.7127100981306285,0,0,1,0,0,0,0,20,0,0,-0.6668139917310327,0,0.0,0.04,0.06802721088435375,0.10761904761904761,0,0,0,0,0,0,0,0.0,0.0,0,0,0,0,0,0,0,0,0,0,0,0,0,0,0,1,12,4,144,0,0,0,0,,,0,0,0,0,0,0,0,0,0,0,0,0,,,,0,0,0,0,0,0,0,,0,0,0,0,0,0.9,0.9
00-0040752,F.Oladejo,Oluwafemi Oladejo,LB,LB,"https://static.www.nfl.com/image/upload/f_auto,q_auto/league/xux3tjanbookjm0wmalz",2025,1,REG,TEN,DEN,0,0,0,0,0,0,0,0,0,0,0,0,,,0,,0,0,0,0,0,0,,0,0,0,0,0,0,0,0,0,0,,0,,0.0,0.0,0.0,0,0,0,2,0,0,0,0.0,0.0,1,0,0,0,0,0,0,0,0,0,0,0,0,0,0,0,0,0,0,0,0,0,0,,,0,0,0,0,0,0,0,0,0,0,0,0,,,,0,0,0,0,0,0,0,,0,0,0,0,0,0.0,0.0
00-0028872,J.Hekker,Johnny Hekker,P,SPEC,"https://static.www.nfl.com/image/upload/f_auto,q_auto/league/qqxvnynrahubphl6gjvw",2025,2,REG,TEN,LA,0,0,0,0,0,0,0,0,0,0,0,0,,,0,,0,0,0,0,0,0,,0,0,0,0,0,0,0,0,0,0,,0,,0.0,0.0,0.0,0,0,0,0,0,0,0,0.0,0.0,0,0,0,0,0,0,0,0,0,0,0,0,0,0,0,0,0,0,0,0,0,0,0,,,0,0,0,0,0,0,0,0,0,0,0,0,,,,0,0,0,0,0,0,0,,0,0,0,0,0,0.0,0.0
00-0029592,K.Zeitler,Kevin Zeitler,G,OL,"https://static.www.nfl.com/image/upload/f_auto,q_auto/league/nfb14plexvixmjo0p5ye",2025,2,REG,TEN,LA,0,0,0,0,0,0,0,0,0,0,0,0,,,0,,0,0,0,0,0,0,,0,0,0,0,0,0,0,0,0,0,,0,,0.0,0.0,0.0,0,0,0,0,0,0,0,0.0,0.0,0,0,0,0,0,0,0,0,0,0,0,0,0,1,5,0,0,0,0,0,0,0,0,,,0,0,0,0,0,0,0,0,0,0,0,0,,,,0,0,0,0,0,0,0,,0,0,0,0,0,0.0,0.0
00-0031608,Q.Diggs,Quandre Diggs,S,DB,"https://static.www.nfl.com/image/upload/f_auto,q_auto/league/kqasx5pfmin4wrk503uf",2025,2,REG,TEN,LA,0,0,0,0,0,0,0,0,0,0,0,0,,,0,,0,0,0,0,0,0,,0,0,0,0,0,0,0,0,0,0,,0,,0.0,0.0,0.0,0,1,0,0,0,0,0,0.0,0.0,0,0,0,0,0,0,0,0,0,0,0,0,0,0,0,0,0,0,0,0,0,0,0,,,0,0,0,0,0,0,0,0,0,0,0,0,,,,0,0,0,0,0,0,0,,0,0,0,0,0,0.0,0.0
00-0032211,T.Lockett,Tyler Lockett,WR,WR,"https://static.www.nfl.com/image/upload/f_auto,q_auto/league/h5dsmp4omfoyzqsp07f8",2025,2,REG,TEN,LA,0,0,0,0,0,0,0,0,0,0,0,0,,,0,,0,0,0,0,0,0,,0,2,3,9,0,0,0,11,7,0,-0.6765439384616911,0,0.8181818181818182,0.0967741935483871,0.05116279069767442,0.1809752438109527,0,0,0,0,0,0,0,0.0,0.0,0,0,0,0,0,0,0,0,0,0,0,0,0,0,0,0,0,0,0,0,0,0,0,,,0,0,0,0,0,0,0,0,0,0,0,0,,,,0,0,0,0,0,0,0,,0,0,0,0,0,0.9,2.9
00-0033046,J.Ward,Jihad Ward,LB,LB,"https://static.www.nfl.com/image/upload/f_auto,q_auto/league/btmkbywpoicg8fcgvfhc",2025,2,REG,TEN,LA,0,0,0,0,0,0,0,0,0,0,0,0,,,0,,0,0,0,0,0,0,,0,0,0,0,0,0,0,0,0,0,,0,,0.0,0.0,0.0,0,0,0,0,0,0,0,0.0,0.0,2,0,0,0,0,0,0,0,0,0,0,0,0,0,0,0,0,0,0,0,0,0,0,,,0,0,0,0,0,0,0,0,0,0,0,0,,,,0,0,0,0,0,0,0,,0,0,0,0,0,0.0,0.0
00-0033579,X.Woods,Xavier Woods,FS,DB,"https://static.www.nfl.com/image/upload/f_auto,q_auto/league/of7kdkfale5fnuz6u8gr",2025,2,REG,TEN,LA,0,0,0,0,0,0,0,0,0,0,0,0,,,0,,0,0,0,0,0,0,,0,0,0,0,0,0,0,0,0,0,,0,,0.0,0.0,0.0,0,5,0,1,0,0,0,0.0,0.0,0,0,0,0,0,0,0,0,0,0,0,0,0,0,0,0,0,0,0,0,0,0,0,,,0,0,0,0,0,0,0,0,0,0,0,0,,,,0,0,0,0,0,0,0,,0,0,0,0,0,0.0,0.0
00-0034810,S.Joseph,Sebastian Joseph-Day,DE,DL,"https://static.www.nfl.com/image/upload/f_auto,q_auto/league/clutt16odnru2dvidv9w",2025,2,REG,TEN,LA,0,0,0,0,0,0,0,0,0,0,0,0,,,0,,0,0,0,0,0,0,,0,0,0,0,0,0,0,0,0,0,,0,,0.0,0.0,0.0,0,0,0,1,0,0,0,0.0,0.0,1,0,0,0,0,0,0,0,0,0,0,0,0,0,0,0,0,0,0,0,0,0,0,,,0,0,0,0,0,0,0,0,0,0,0,0,,,,0,0,0,0,0,0,0,,0,0,0,0,0,0.0,0.0
00-0034825,A.Key,Arden Key,LB,LB,"https://static.www.nfl.com/image/upload/f_auto,q_auto/league/wgnbernjlxpmk5rhgkhn",2025,2,REG,TEN,LA,0,0,0,0,0,0,0,0,0,0,0,0,,,0,,0,0,0,0,0,0,,0,0,0,0,0,0,0,0,0,0,,0,,0.0,0.0,0.0,0,0,0,1,0,0,0,0.0,0.0,0,0,0,0,0,0,0,0,0,0,0,0,0,0,0,0,0,0,0,0,0,0,0,,,0,0,0,0,0,0,0,0,0,0,0,0,,,,0,0,0,0,0,0,0,,0,0,0,0,0,0.0,0.0
00-0034837,C.Ridley,Calvin Ridley,WR,WR,"https://static.www.nfl.com/image/upload/f_auto,q_auto/league/l96rlegwqz7qfakbdtlp",2025,2,REG,TEN,LA,0,0,0,0,0,0,0,0,0,0,0,0,,,0,,0,0,0,0,0,0,,0,3,6,57,0,0,0,71,26,3,1.6886222685570829,0,0.8028169014084507,0.1935483870967742,0.3302325581395349,0.5214853713428357,0,0,0,0,0,0,0,0.0,0.0,0,0,0,0,0,0,0,0,0,0,0,0,0,0,0,0,0,0,0,0,0,0,0,,,0,0,0,0,0,0,0,0,0,0,0,0,,,,0,0,0,0,0,0,0,,0,0,0,0,0,5.7,8.7
00-0035192,J.Slye,Joey Slye,K,SPEC,"https://static.www.nfl.com/image/upload/f_auto,q_auto/league/xokfs27mtqrbb0y47ahn",2025,2,REG,TEN,LA,0,0,0,0,0,0,0,0,0,0,0,0,,,0,,0,0,0,0,0,0,,0,0,0,0,0,0,0,0,0,0,,0,,0.0,0.0,0.0,0,0,0,0,0,0,0,0.0,0.0,0,0,0,0,0,0,0,0,0,0,0,0,0,0,0,0,0,0,0,4,4,0,0,57.0,1.0,0,0,2,0,2,0,0,0,0,0,0,0,55;37;57;35,,,184,0,0,1,1,0,0,1.0,0,0,0,0,0,0.0,0.0
00-0035261,T.Pollard,Tony Pollard,RB,RB,"https://static.www.nfl.com/image/upload/f_auto,q_auto/league/dvpdczetkdhrqpm8izmd",2025,2,REG,TEN,LA,0,0,0,0,0,0,0,0,0,0,0,0,,,0,,20,92,0,0,0,5,-0.7481033413725391,0,0,1,0,0,0,0,-3,0,0,-1.0363766238240557,0,-0.0,0.03225806451612903,-0.013953488372093023,0.03861965491372843,0,0,0,0,0,0,0,0.0,0.0,0,0,0,0,0,0,0,0,0,0,0,0,0,0,0,0,0,0,0,0,0,0,0,,,0,0,0,0,0,0,0,0,0,0,0,0,,,,0,0,0,0,0,0,0,,0,0,0,0,0,9.200000000000001,9.200000000000001
00-0035355,B.Hance,Blake Hance,OL,OL,"https://static.www.nfl.com/image/upload/f_auto,q_auto/league/hdxdmuvnrlz3tykblysu",2025,2,REG,TEN,LA,0,0,0,0,0,0,0,0,0,0,0,0,,,0,,0,0,0,0,0,0,,0,0,0,0,0,0,0,0,0,0,,0,,0.0,0.0,0.0,0,0,0,0,0,0,0,0.0,0.0,0,0,0,0,0,0,0,0,0,0,0,0,0,1,5,0,0,0,0,0,0,0,0,,,0,0,0,0,0,0,0,0,0,0,0,0,,,,0,0,0,0,0,0,0,,0,0,0,0,0,0.0,0.0
00-0035409,S.Tuttle,Shy Tuttle,DT,DL,"https://static.www.nfl.com/image/upload/f_auto,q_auto/league/dbtt4xlpqoytpgiswgal",2025,2,REG,TEN,LA,0,0,0,0,0,0,0,0,0,0,0,0,,,0,,0,0,0,0,0,0,,0,0,0,0,0,0,0,0,0,0,,0,,0.0,0.0,0.0,0,1,0,0,0,0,0,0.0,0.0,0,0,0,0,0,0,0,0,0,0,0,0,0,0,0,0,0,0,0,0,0,0,0,,,0,0,0,0,0,0,0,0,0,0,0,0,,,,0,0,0,0,0,0,0,,0,0,0,0,0,0.0,0.0
00-0035632,A.Hooker,Amani Hooker,SAF,DB,"https://static.www.nfl.com/image/upload/f_auto,q_auto/league/u9zrvmlfnvzmgttdcsn6",2025,2,REG,TEN,LA,0,0,0,0,0,0,0,0,0,0,0,0,,,0,,0,0,0,0,0,0,,0,0,0,0,0,0,0,0,0,0,,0,,0.0,0.0,0.0,0,5,0,3,1,8,0,1.0,8.0,1,0,0,0,0,0,0,0,0,0,0,0,0,0,0,0,0,0,0,0,0,0,0,,,0,0,0,0,0,0,0,0,0,0,0,0,,,,0,0,0,0,0,0,0,,0,0,0,0,0,0.0,0.0
00-0035643,J.Simmons,Jeffery Simmons,DT,DL,"https://static.www.nfl.com/image/upload/f_auto,q_auto/league/gi2z8wipg8w9vnxwbav0",2025,2,REG,TEN,LA,0,0,0,0,0,0,0,0,0,0,0,0,,,0,,0,0,0,0,0,0,,0,0,0,0,0,0,0,0,0,0,,0,,0.0,0.0,0.0,0,1,0,1,0,0,0,0.0,0.0,2,0,0,0,0,0,0,0,0,0,0,0,0,0,0,0,0,0,0,0,0,0,0,,,0,0,0,0,0,0,0,0,0,0,0,0,,,,0,0,0,0,0,0,0,,0,0,0,0,0,0.0,0.0
00-0035672,C.Barton,Cody Barton,LB,LB,"https://static.www.nfl.com/image/upload/f_auto,q_auto/league/wbbjzgrgoi4nbgyqmjcs",2025,2,REG,TEN,LA,0,0,0,0,0,0,0,0,0,0,0,0,,,0,,0,0,0,0,0,0,,0,0,0,0,0,0,0,0,0,0,,0,,0.0,0.0,0.0,0,2,0,3,0,0,0,0.0,0.0,0,1,0,1,0,0,0,0,0,0,0,0,0,0,0,0,0,0,0,0,0,0,0,,,0,0,0,0,0,0,0,0,0,0,0,0,,,,0,0,0,0,0,0,0,,0,0,0,0,0,0.0,0.0
00-0035678,D.Jones,Dre'Mont Jones,LB,LB,"https://static.www.nfl.com/image/upload/f_auto,q_auto/league/yk1ohzelbowitjp6fbef",2025,2,REG,TEN,LA,0,0,0,0,0,0,0,0,0,0,0,0,,,0,,0,0,0,0,0,0,,0,0,0,0,0,0,0,0,0,0,,0,,0.0,0.0,0.0,0,1,1,0,1,1,0,0.0,0.0,0,0,0,0,0,0,0,0,0,0,0,0,0,1,4,0,0,0,0,0,0,0,0,,,0,0,0,0,0,0,0,0,0,0,0,0,,,,0,0,0,0,0,0,0,,0,0,0,0,0,0.0,0.0
00-0036337,J.Lynch,James Lynch,DT,DL,"https://static.www.nfl.com/image/upload/f_auto,q_auto/league/d4funuhosghah7ved424",2025,2,REG,TEN,LA,0,0,0,0,0,0,0,0,0,0,0,0,,,0,,0,0,0,0,0,0,,0,0,0,0,0,0,0,0,0,0,,0,,0.0,0.0,0.0,0,0,0,1,0,0,0,0.0,0.0,0,0,0,0,0,0,0,0,0,0,0,0,0,0,0,0,0,0,0,0,0,0,0,,,0,0,0,0,0,0,0,0,0,0,0,0,,,,0,0,0,0,0,0,0,,0,0,0,0,0,0.0,0.0
00-0036374,L.Sneed,L'Jarius Sneed,CB,DB,"https://static.www.nfl.com/image/upload/f_auto,q_auto/league/ft4szbihb9vyadwkiszf",2025,2,REG,TEN,LA,0,0,0,0,0,0,0,0,0,0,0,0,,,0,,0,0,0,0,0,0,,0,0,0,0,0,0,0,0,0,0,,0,,0.0,0.0,0.0,0,2,0,1,0,0,0,0.0,0.0,0,0,0,2,0,0,0,0,0,0,0,0,0,1,1,0,0,0,0,0,0,0,0,,,0,0,0,0,0,0,0,0,0,0,0,0,,,,0,0,0,0,0,0,0,,0,0,0,0,0,0.0,0.0
00-0036415,V.Jefferson,Van Jefferson,WR,WR,"https://static.www.nfl.com/image/upload/f_auto,q_auto/league/aavlanyckqnsej61ulir",2025,2,REG,TEN,LA,0,0,0,0,0,0,0,0,0,0,0,0,,,0,,0,0,0,0,0,0,,0,2,2,10,0,0,0,9,1,2,1.3297657126677223,0,1.1111111111111112,0.06451612903225806,0.04186046511627907,0.12607651912978243,0,0,0,0,0,0,0,0.0,0.0,0,0,0,0,0,0,0,0,0,0,0,0,0,0,0,0,0,0,0,0,0,0,0,,,0,0,0,0,0,0,0,0,0,0,0,0,,,,0,0,0,0,0,0,0,,0,0,0,0,0,1.0,3.0
00-0037493,M.Brown,Mike Brown,SAF,DB,"https://static.www.nfl.com/image/upload/f_auto,q_auto/league/ztb9tdt5ihd7gmjyspbz",2025,2,REG,TEN,LA,0,0,0,0,0,0,0,0,0,0,0,0,,,0,,0,0,0,0,0,0,,0,0,0,0,0,0,0,0,0,0,,0,,0.0,0.0,0.0,0,1,0,0,0,0,0,0.0,0.0,0,0,0,0,0,0,0,0,0,0,0,0,0,0,0,0,0,0,0,0,0,0,0,,,0,0,0,0,0,0,0,0,0,0,0,0,,,,0,0,0,0,0,0,0,,0,0,0,0,0,0.0,0.0
00-0037549,D.Baker,Darrell Baker Jr.,CB,DB,"https://static.www.nfl.com/image/upload/f_auto,q_auto/league/e536r65rabmkj6idcwpb",2025,2,REG,TEN,LA,0,0,0,0,0,0,0,0,0,0,0,0,,,0,,0,0,0,0,0,0,,0,0,0,0,0,0,0,0,0,0,,0,,0.0,0.0,0.0,0,0,1,2,0,0,0,0.0,0.0,0,0,0,0,0,0,0,0,0,0,0,0,0,0,0,0,0,0,0,0,0,0,0,,,0,0,0,0,0,0,0,0,0,0,0,0,,,,0,0,0,0,0,0,0,,0,0,0,0,0,0.0,0.0
00-0037809,C.Okonkwo,Chig Okonkwo,TE,TE,"https://static.www.nfl.com/image/upload/f_auto,q_auto/league/omm5z5iq6dlmidqz1sgz",2025,2,REG,TEN,LA,0,0,0,0,0,0,0,0,0,0,0,0,,,0,,0,0,0,0,0,0,,0,4,6,35,0,0,0,15,23,1,0.44578266062308103,0,2.3333333333333335,0.1935483870967742,0.06976744186046512,0.33915978994748686,0,0,0,0,0,0,0,0.0,0.0,0,0,0,0,0,0,0,0,0,0,0,0,0,0,0,0,0,0,0,0,0,0,0,,,0,0,0,0,0,0,0,0,0,0,0,0,,,,0,0,0,0,0,0,0,,0,0,0,0,0,3.5,7.5
00-0038125,R.McCreary,Roger McCreary,CB,DB,"https://static.www.nfl.com/image/upload/f_auto,q_auto/league/kwvraixj3xsuqah6rqj8",2025,2,REG,TEN,LA,0,0,0,0,0,0,0,0,0,0,0,0,,,0,,0,0,0,0,0,0,,0,0,0,0,0,0,0,0,0,0,,0,,0.0,0.0,0.0,0,3,0,4,0,0,0,0.0,0.0,0,0,0,1,0,0,0,0,0,0,0,0,0,0,0,0,0,0,0,0,0,0,0,,,0,0,0,0,0,0,0,0,0,0,0,0,,,,0,0,0,0,0,0,0,,0,0,0,0,0,0.0,0.0
00-0038678,J.Mims,Jordan Mims,RB,RB,"https://static.www.nfl.com/image/upload/f_auto,q_auto/league/nvamfcrdqvkwtnpgmzdh",2025,2,REG,TEN,LA,0,0,0,0,0,0,0,0,0,0,0,0,,,0,,0,0,0,0,0,0,,0,0,0,0,0,0,0,0,0,0,,0,,0.0,0.0,0.0,0,1,0,0,0,0,0,0.0,0.0,0,0,0,0,0,0,0,0,0,0,0,0,0,0,0,0,0,0,0,0,0,0,0,,,0,0,0,0,0,0,0,0,0,0,0,0,,,,0,0,0,0,0,0,0,,0,0,0,0,0,0.0,0.0
00-0038852,J.Ojukwu,John Ojukwu,OT,OL,"https://static.www.nfl.com/image/upload/f_auto,q_auto/league/bboicl6b5fakzgphkplg",2025,2,REG,TEN,LA,0,0,0,0,0,0,0,0,0,0,0,0,,,0,,0,0,0,0,0,0,,0,0,0,0,0,0,0,0,0,0,,0,,0.0,0.0,0.0,0,0,0,0,0,0,0,0.0,0.0,0,0,0,0,0,0,0,0,0,0,0,0,0,2,10,0,0,0,0,0,0,0,0,,,0,0,0,0,0,0,0,0,0,0,0,0,,,,0,0,0,0,0,0,0,,0,0,0,0,0,0.0,0.0
00-0039332,C.Ravenell,C.J. Ravenell,DE,DL,"https://static.www.nfl.com/image/upload/f_auto,q_auto/league/rqjhomavdixcd1tqcge5",2025,2,REG,TEN,LA,0,0,0,0,0,0,0,0,0,0,0,0,,,0,,0,0,0,0,0,0,,0,0,0,0,0,0,0,0,0,0,,0,,0.0,0.0,0.0,0,1,0,0,0,0,0,0.0,0.0,0,0,0,0,0,0,0,0,0,0,0,0,0,0,0,0,0,0,0,0,0,0,0,,,0,0,0,0,0,0,0,0,0,0,0,0,,,,0,0,0,0,0,0,0,,0,0,0,0,0,0.0,0.0
00-0039372,J.Brownlee,Jarvis Brownlee Jr.,CB,DB,"https://static.www.nfl.com/image/upload/f_auto,q_auto/league/sy8owjzhny1vsbgusxo5",2025,2,REG,TEN,LA,0,0,0,0,0,0,0,0,0,0,0,0,,,0,,0,0,0,0,0,0,,0,0,0,0,0,0,0,0,0,0,,0,,0.0,0.0,0.0,0,5,0,3,0,0,0,0.0,0.0,0,0,0,0,0,0,0,0,0,0,0,0,0,0,0,0,0,0,0,0,0,0,0,,,0,0,0,0,0,0,0,0,0,0,0,0,,,,0,0,0,0,0,0,0,,0,0,0,0,0,0.0,0.0
00-0039430,J.Williams,James Williams,LB,LB,"https://static.www.nfl.com/image/upload/f_auto,q_auto/league/r31rpfa1ju3bqddeuhom",2025,2,REG,TEN,LA,0,0,0,0,0,0,0,0,0,0,0,0,,,0,,0,0,0,0,0,0,,0,0,0,0,0,0,0,0,0,0,,0,,0.0,0.0,0.0,0,0,0,0,0,0,0,0.0,0.0,0,0,0,0,0,0,0,0,0,0,0,0,0,1,10,0,0,0,0,0,0,0,0,,,0,0,0,0,0,0,0,0,0,0,0,0,,,,0,0,0,0,0,0,0,,0,0,0,0,0,0.0,0.0
00-0039436,J.Harrell,Jaylen Harrell,LB,LB,"https://static.www.nfl.com/image/upload/f_auto,q_auto/league/bchqpne0r2pz0plq34pv",2025,2,REG,TEN,LA,0,0,0,0,0,0,0,0,0,0,0,0,,,0,,0,0,0,0,0,0,,0,0,0,0,0,0,0,0,0,0,,0,,0.0,0.0,0.0,0,0,0,0,0,0,0,0.0,0.0,0,0,0,0,0,0,0,0,0,0,0,0,0,1,5,0,0,0,0,0,0,0,0,,,0,0,0,0,0,0,0,0,0,0,0,0,,,,0,0,0,0,0,0,0,,0,0,0,0,0,0.0,0.0
00-0039650,B.Oliver,Bryce Oliver,WR,WR,"https://static.www.nfl.com/image/upload/f_auto,q_auto/league/w8z5zvas0nli3yekxw7w",2025,2,REG,TEN,LA,0,0,0,0,0,0,0,0,0,0,0,0,,,0,,0,0,0,0,0,0,,0,0,0,0,0,0,0,0,0,0,,0,,0.0,0.0,0.0,0,1,0,0,0,0,0,0.0,0.0,0,0,0,0,0,0,0,0,0,0,0,0,0,0,0,0,0,0,0,0,0,0,0,,,0,0,0,0,0,0,0,0,0,0,0,0,,,,0,0,0,0,0,0,0,,0,0,0,0,0,0.0,0.0
00-0039858,C.Gray,Cedric Gray,LB,LB,"https://static.www.nfl.com/image/upload/f_auto,q_auto/league/v3hwfmdmrsjinn4f8o2y",2025,2,REG,TEN,LA,0,0,0,0,0,0,0,0,0,0,0,0,,,0,,0,0,0,0,0,0,,0,0,0,0,0,0,0,0,0,0,,0,,0.0,0.0,0.0,0,3,0,2,0,0,0,0.0,0.0,0,0,0,0,0,0,0,0,0,0,0,0,0,2,22,0,0,0,0,0,0,0,0,,,0,0,0,0,0,0,0,0,0,0,0,0,,,,0,0,0,0,0,0,0,,0,0,0,0,0,0.0,0.0
00-0040170,E.Ayomanor,Elic Ayomanor,WR,WR,"https://static.www.nfl.com/image/upload/f_auto,q_auto/league/aekfvt5nyl69emvxr2yj",2025,2,REG,TEN,LA,0,0,0,0,0,0,0,0,0,0,0,0,,,0,,0,0,0,0,0,0,,0,4,6,56,1,0,0,69,9,4,7.283443598658778,0,0.8115942028985508,0.1935483870967742,0.3209302325581395,0.5149737434358589,0,0,0,0,0,0,0,0.0,0.0,0,0,0,0,0,0,0,0,0,0,0,0,0,0,0,0,0,0,0,0,0,0,0,,,0,0,0,0,0,0,0,0,0,0,0,0,,,,0,0,0,0,0,0,0,,0,0,0,0,0,11.600000000000001,15.600000000000001
00-0040201,M.Harris,Marcus Harris,CB,DB,"https://static.www.nfl.com/image/upload/f_auto,q_auto/league/hvjye0qefdut1vzbcgkh",2025,2,REG,TEN,LA,0,0,0,0,0,0,0,0,0,0,0,0,,,0,,0,0,0,0,0,0,,0,0,0,0,0,0,0,0,0,0,,0,,0.0,0.0,0.0,0,0,0,0,0,0,0,0.0,0.0,0,0,0,0,0,0,0,0,0,0,0,0,0,0,0,0,0,0,0,0,0,0,0,,,0,0,0,0,0,0,0,0,0,0,0,0,,,,0,0,0,0,0,0,0,,0,0,0,0,0,0.0,0.0
00-0040503,D.Mausi,Dorian Mausi,LB,LB,"https://static.www.nfl.com/image/upload/f_auto,q_auto/league/ms9jnxwaub6b68urkzna",2025,2,REG,TEN,LA,0,0,0,0,0,0,0,0,0,0,0,0,,,0,,0,0,0,0,0,0,,0,0,0,0,0,0,0,0,0,0,,0,,0.0,0.0,0.0,0,0,0,1,0,0,0,0.0,0.0,0,0,0,0,0,0,0,0,0,0,0,0,0,0,0,0,0,0,0,0,0,0,0,,,0,0,0,0,0,0,0,0,0,0,0,0,,,,0,0,0,0,0,0,0,,0,0,0,0,0,0.0,0.0
00-0040584,G.Helm,Gunnar Helm,TE,TE,"https://static.www.nfl.com/image/upload/f_auto,q_auto/league/lcyqbbnrzgtbnirz8knj",2025,2,REG,TEN,LA,0,0,0,0,0,0,0,0,0,0,0,0,,,0,,0,0,0,0,0,0,,0,2,2,9,0,0,0,-1,10,0,-0.2704547992325388,0,0.0,0.06451612903225806,-0.004651162790697674,0.09351837959489873,0,1,0,0,0,0,0,0.0,0.0,0,0,0,0,0,0,0,0,0,0,0,0,0,0,0,0,0,0,0,0,0,0,0,,,0,0,0,0,0,0,0,0,0,0,0,0,,,,0,0,0,0,0,0,0,,0,0,0,0,0,0.9,2.9
00-0040676,C.Ward,Cam Ward,QB,QB,"https://static.www.nfl.com/image/upload/f_auto,q_auto/league/viadutkbvligsopnd2qn",2025,2,REG,TEN,LA,19,33,175,1,0,5,-32,1,1,215,80,10,-6.7339741762074565,-4.793273537389694,0,0.813953488372093,4,8,0,0,0,2,-0.09805901580968213,0,0,0,0,0,0,0,0,0,0,,0,,0.0,0.0,0.0,0,0,0,0,0,0,0,0.0,0.0,0,0,0,0,0,0,0,0,0,0,0,0,0,0,0,0,0,0,0,0,0,0,0,,,0,0,0,0,0,0,0,0,0,0,0,0,,,,0,0,0,0,0,0,0,,0,0,0,0,0,9.8,9.8
00-0040705,C.Dike,Chimere Dike,WR,WR,"https://static.www.nfl.com/image/upload/f_auto,q_auto/league/njdduv9jx7c8vlrll8ex",2025,2,REG,TEN,LA,0,0,0,0,0,0,0,0,0,0,0,0,,,0,,2,9,0,0,0,0,-0.33735646691638976,0,2,5,-1,0,0,0,38,4,0,-3.2504813368447016,0,-0.02631578947368421,0.16129032258064516,0.17674418604651163,0.3656564141035259,0,0,0,0,0,0,0,0.0,0.0,0,0,0,0,0,0,0,0,0,0,0,0,0,0,0,2,37,5,83,0,0,0,0,,,0,0,0,0,0,0,0,0,0,0,0,0,,,,0,0,0,0,0,0,0,,0,0,0,0,0,0.8,2.8
00-0040752,O.Oladejo,Oluwafemi Oladejo,LB,LB,"https://static.www.nfl.com/image/upload/f_auto,q_auto/league/xux3tjanbookjm0wmalz",2025,2,REG,TEN,LA,0,0,0,0,0,0,0,0,0,0,0,0,,,0,,0,0,0,0,0,0,,0,0,0,0,0,0,0,0,0,0,,0,,0.0,0.0,0.0,0,0,0,2,0,0,0,0.0,0.0,0,0,0,0,0,0,0,0,0,0,0,0,0,0,0,0,0,0,0,0,0,0,0,,,0,0,0,0,0,0,0,0,0,0,0,0,,,,0,0,0,0,0,0,0,,0,0,0,0,0,0.0,0.0
00-0028872,J.Hekker,Johnny Hekker,P,SPEC,"https://static.www.nfl.com/image/upload/f_auto,q_auto/league/qqxvnynrahubphl6gjvw",2025,3,REG,TEN,IND,0,0,0,0,0,0,0,0,0,0,0,0,,,0,,0,0,0,0,0,0,,0,0,0,0,0,0,0,0,0,0,,0,,0.0,0.0,0.0,0,0,0,0,0,0,0,0.0,0.0,0,0,0,0,0,0,0,0,0,0,0,0,0,0,0,0,0,0,0,0,0,0,0,,,0,0,0,0,0,0,0,0,0,0,0,0,,,,0,0,0,0,0,0,0,,0,0,0,0,0,0.0,0.0
00-0032211,T.Lockett,Tyler Lockett,WR,WR,"https://static.www.nfl.com/image/upload/f_auto,q_auto/league/h5dsmp4omfoyzqsp07f8",2025,3,REG,TEN,IND,0,0,0,0,0,0,0,0,0,0,0,0,,,0,,0,0,0,0,0,0,,0,4,4,37,0,0,0,28,9,2,3.5728701807092875,0,1.3214285714285714,0.11764705882352941,0.14583333333333334,0.27855392156862746,0,0,0,0,0,0,0,0.0,0.0,0,0,0,0,0,0,0,0,0,0,0,0,0,0,0,0,0,0,0,0,0,0,0,,,0,0,0,0,0,0,0,0,0,0,0,0,,,,0,0,0,0,0,0,0,,0,0,0,0,0,3.7,7.7
00-0033046,J.Ward,Jihad Ward,LB,LB,"https://static.www.nfl.com/image/upload/f_auto,q_auto/league/btmkbywpoicg8fcgvfhc",2025,3,REG,TEN,IND,0,0,0,0,0,0,0,0,0,0,0,0,,,0,,0,0,0,0,0,0,,0,0,0,0,0,0,0,0,0,0,,0,,0.0,0.0,0.0,0,0,0,0,0,0,0,0.0,0.0,1,0,0,0,0,0,0,0,0,0,0,0,0,0,0,0,0,0,0,0,0,0,0,,,0,0,0,0,0,0,0,0,0,0,0,0,,,,0,0,0,0,0,0,0,,0,0,0,0,0,0.0,0.0
00-0033579,X.Woods,Xavier Woods,FS,DB,"https://static.www.nfl.com/image/upload/f_auto,q_auto/league/of7kdkfale5fnuz6u8gr",2025,3,REG,TEN,IND,0,0,0,0,0,0,0,0,0,0,0,0,,,0,,0,0,0,0,0,0,,0,0,0,0,0,0,0,0,0,0,,0,,0.0,0.0,0.0,0,5,0,0,0,0,0,0.0,0.0,0,0,0,1,0,0,0,0,0,0,0,0,0,0,0,0,0,0,0,0,0,0,0,,,0,0,0,0,0,0,0,0,0,0,0,0,,,,0,0,0,0,0,0,0,,0,0,0,0,0,0.0,0.0
00-0034375,K.White,Kyzir White,OLB,LB,"https://static.www.nfl.com/image/upload/f_auto,q_auto/league/n5sjtcxydtaszz7yeyqw",2025,3,REG,TEN,IND,0,0,0,0,0,0,0,0,0,0,0,0,,,0,,0,0,0,0,0,0,,0,0,0,0,0,0,0,0,0,0,,0,,0.0,0.0,0.0,0,2,0,1,0,0,0,0.0,0.0,0,0,0,0,0,0,0,0,0,0,0,0,0,1,5,0,0,0,0,0,0,0,0,,,0,0,0,0,0,0,0,0,0,0,0,0,,,,0,0,0,0,0,0,0,,0,0,0,0,0,0.0,0.0
00-0034810,S.Joseph,Sebastian Joseph-Day,DE,DL,"https://static.www.nfl.com/image/upload/f_auto,q_auto/league/clutt16odnru2dvidv9w",2025,3,REG,TEN,IND,0,0,0,0,0,0,0,0,0,0,0,0,,,0,,0,0,0,0,0,0,,0,0,0,0,0,0,0,0,0,0,,0,,0.0,0.0,0.0,0,3,0,1,0,0,0,0.0,0.0,0,0,0,0,0,0,0,0,0,0,0,0,0,0,0,0,0,0,0,0,0,0,0,,,0,0,0,0,0,0,0,0,0,0,0,0,,,,0,0,0,0,0,0,0,,0,0,0,0,0,0.0,0.0
00-0034825,A.Key,Arden Key,LB,LB,"https://static.www.nfl.com/image/upload/f_auto,q_auto/league/wgnbernjlxpmk5rhgkhn",2025,3,REG,TEN,IND,0,0,0,0,0,0,0,0,0,0,0,0,,,0,,0,0,0,0,0,0,,0,0,0,0,0,0,0,0,0,0,,0,,0.0,0.0,0.0,0,0,0,0,0,0,0,0.0,0.0,1,0,0,0,0,0,0,0,0,0,0,0,0,0,0,0,0,0,0,0,0,0,0,,,0,0,0,0,0,0,0,0,0,0,0,0,,,,0,0,0,0,0,0,0,,0,0,0,0,0,0.0,0.0
00-0034837,C.Ridley,Calvin Ridley,WR,WR,"https://static.www.nfl.com/image/upload/f_auto,q_auto/league/l96rlegwqz7qfakbdtlp",2025,3,REG,TEN,IND,0,0,0,0,0,0,0,0,0,0,0,0,,,0,,0,0,0,0,0,0,,0,1,7,27,0,0,0,96,9,1,-4.490723738291324,0,0.28125,0.20588235294117646,0.5,0.6588235294117647,0,0,0,0,0,0,0,0.0,0.0,0,0,0,0,0,0,0,0,0,0,0,0,0,0,0,0,0,0,0,0,0,0,0,,,0,0,0,0,0,0,0,0,0,0,0,0,,,,0,0,0,0,0,0,0,,0,0,0,0,0,2.7,3.7
00-0035192,J.Slye,Joey Slye,K,SPEC,"https://static.www.nfl.com/image/upload/f_auto,q_auto/league/xokfs27mtqrbb0y47ahn",2025,3,REG,TEN,IND,0,0,0,0,0,0,0,0,0,0,0,0,,,0,,0,0,0,0,0,0,,0,0,0,0,0,0,0,0,0,0,,0,,0.0,0.0,0.0,0,1,0,1,0,0,0,0.0,0.0,0,0,0,0,0,0,0,0,0,0,0,0,0,0,0,0,0,0,0,2,4,1,1,57.0,0.5,0,0,0,1,1,0,0,0,0,0,0,1,57;42,64,62,99,64,62,2,2,0,0,1.0,0,0,0,0,0,0.0,0.0
00-0035261,T.Pollard,Tony Pollard,RB,RB,"https://static.www.nfl.com/image/upload/f_auto,q_auto/league/dvpdczetkdhrqpm8izmd",2025,3,REG,TEN,IND,0,0,0,0,0,0,0,0,0,0,0,0,,,0,,16,45,1,0,0,6,-1.2106468364363536,0,2,4,14,0,0,0,-1,11,0,-8.318727361387573,0,-14.0,0.11764705882352941,-0.005208333333333333,0.17282475490196078,0,0,0,0,0,0,0,0.0,0.0,0,0,0,0,0,0,0,0,0,0,0,0,0,0,0,0,0,0,0,0,0,0,0,,,0,0,0,0,0,0,0,0,0,0,0,0,,,,0,0,0,0,0,0,0,,0,0,0,0,0,11.9,13.9
00-0035409,S.Tuttle,Shy Tuttle,DT,DL,"https://static.www.nfl.com/image/upload/f_auto,q_auto/league/dbtt4xlpqoytpgiswgal",2025,3,REG,TEN,IND,0,0,0,0,0,0,0,0,0,0,0,0,,,0,,0,0,0,0,0,0,,0,0,0,0,0,0,0,0,0,0,,0,,0.0,0.0,0.0,0,1,0,0,0,0,0,0.0,0.0,0,0,0,0,0,0,0,0,0,0,0,0,0,0,0,0,0,0,0,0,0,0,0,,,0,0,0,0,0,0,0,0,0,0,0,0,,,,0,0,0,0,0,0,0,,0,0,0,0,0,0.0,0.0
00-0035632,A.Hooker,Amani Hooker,SAF,DB,"https://static.www.nfl.com/image/upload/f_auto,q_auto/league/u9zrvmlfnvzmgttdcsn6",2025,3,REG,TEN,IND,0,0,0,0,0,0,0,0,0,0,0,0,,,0,,0,0,0,0,0,0,,0,0,0,0,0,0,0,0,0,0,,0,,0.0,0.0,0.0,0,5,0,0,0,0,0,0.0,0.0,0,0,0,2,0,0,0,0,0,0,0,0,0,0,0,0,0,0,0,0,0,0,0,,,0,0,0,0,0,0,0,0,0,0,0,0,,,,0,0,0,0,0,0,0,,0,0,0,0,0,0.0,0.0
00-0035643,J.Simmons,Jeffery Simmons,DT,DL,"https://static.www.nfl.com/image/upload/f_auto,q_auto/league/gi2z8wipg8w9vnxwbav0",2025,3,REG,TEN,IND,0,0,0,0,0,0,0,0,0,0,0,0,,,0,,0,0,0,0,0,0,,0,0,0,0,0,0,0,0,0,0,,0,,0.0,0.0,0.0,0,2,0,1,0,0,0,0.0,0.0,0,0,0,0,0,0,0,0,0,0,0,0,0,0,0,0,0,0,0,0,0,0,0,,,0,0,0,0,0,0,0,0,0,0,0,0,,,,0,0,0,0,0,0,0,,0,0,0,0,0,0.0,0.0
00-0035672,C.Barton,Cody Barton,LB,LB,"https://static.www.nfl.com/image/upload/f_auto,q_auto/league/wbbjzgrgoi4nbgyqmjcs",2025,3,REG,TEN,IND,0,0,0,0,0,0,0,0,0,0,0,0,,,0,,0,0,0,0,0,0,,0,0,0,0,0,0,0,0,0,0,,0,,0.0,0.0,0.0,0,5,0,1,0,0,0,0.0,0.0,0,0,0,0,0,0,0,0,0,0,0,0,0,0,0,0,0,0,0,0,0,0,0,,,0,0,0,0,0,0,0,0,0,0,0,0,,,,0,0,0,0,0,0,0,,0,0,0,0,0,0.0,0.0
00-0035678,D.Jones,Dre'Mont Jones,LB,LB,"https://static.www.nfl.com/image/upload/f_auto,q_auto/league/yk1ohzelbowitjp6fbef",2025,3,REG,TEN,IND,0,0,0,0,0,0,0,0,0,0,0,0,,,0,,0,0,0,0,0,0,,0,0,0,0,0,0,0,0,0,0,,0,,0.0,0.0,0.0,0,1,0,1,0,0,0,0.0,0.0,0,0,0,0,0,0,0,0,0,0,0,0,0,0,0,0,0,0,0,0,0,0,0,,,0,0,0,0,0,0,0,0,0,0,0,0,,,,0,0,0,0,0,0,0,,0,0,0,0,0,0.0,0.0
00-0036337,J.Lynch,James Lynch,DT,DL,"https://static.www.nfl.com/image/upload/f_auto,q_auto/league/d4funuhosghah7ved424",2025,3,REG,TEN,IND,0,0,0,0,0,0,0,0,0,0,0,0,,,0,,0,0,0,0,0,0,,0,0,0,0,0,0,0,0,0,0,,0,,0.0,0.0,0.0,0,1,1,0,0,0,0,0.0,0.0,0,0,0,0,0,0,0,0,0,0,0,0,0,0,0,0,0,0,0,0,0,0,0,,,0,0,0,0,0,0,0,0,0,0,0,0,,,,0,0,0,0,0,0,0,,0,0,0,0,0,0.0,0.0
00-0036374,L.Sneed,L'Jarius Sneed,CB,DB,"https://static.www.nfl.com/image/upload/f_auto,q_auto/league/ft4szbihb9vyadwkiszf",2025,3,REG,TEN,IND,0,0,0,0,0,0,0,0,0,0,0,0,,,0,,0,0,0,0,0,0,,0,0,0,0,0,0,0,0,0,0,,0,,0.0,0.0,0.0,0,0,0,1,0,0,0,0.0,0.0,0,0,0,0,0,0,0,0,0,0,0,0,0,2,6,0,0,0,0,0,0,0,0,,,0,0,0,0,0,0,0,0,0,0,0,0,,,,0,0,0,0,0,0,0,,0,0,0,0,0,0.0,0.0
00-0036415,V.Jefferson,Van Jefferson,WR,WR,"https://static.www.nfl.com/image/upload/f_auto,q_auto/league/aavlanyckqnsej61ulir",2025,3,REG,TEN,IND,0,0,0,0,0,0,0,0,0,0,0,0,,,0,,0,0,0,0,0,0,,0,1,1,8,0,0,0,1,7,0,0.20753423939459026,0,8.0,0.029411764705882353,0.005208333333333333,0.04776348039215686,0,0,0,0,0,0,0,0.0,0.0,0,0,0,0,0,0,0,0,0,0,0,0,0,1,5,0,0,0,0,0,0,0,0,,,0,0,0,0,0,0,0,0,0,0,0,0,,,,0,0,0,0,0,0,0,,0,0,0,0,0,0.8,1.8
00-0037549,D.Baker,Darrell Baker Jr.,CB,DB,"https://static.www.nfl.com/image/upload/f_auto,q_auto/league/e536r65rabmkj6idcwpb",2025,3,REG,TEN,IND,0,0,0,0,0,0,0,0,0,0,0,0,,,0,,0,0,0,0,0,0,,0,0,0,0,0,0,0,0,0,0,,0,,0.0,0.0,0.0,0,0,0,2,0,0,0,0.0,0.0,0,0,0,0,0,0,0,0,0,0,0,0,0,1,37,0,0,0,0,0,0,0,0,,,0,0,0,0,0,0,0,0,0,0,0,0,,,,0,0,0,0,0,0,0,,0,0,0,0,0,0.0,0.0
00-0037594,J.Chestnut,Julius Chestnut,RB,RB,"https://static.www.nfl.com/image/upload/f_auto,q_auto/league/glst6wabuuvbrssmidng",2025,3,REG,TEN,IND,0,0,0,0,0,0,0,0,0,0,0,0,,,0,,2,26,0,0,0,1,2.0038289267686196,0,0,0,0,0,0,0,0,0,0,,0,,0.0,0.0,0.0,0,0,0,0,0,0,0,0.0,0.0,0,0,0,0,0,0,0,0,0,0,0,0,0,0,0,0,0,0,0,0,0,0,0,,,0,0,0,0,0,0,0,0,0,0,0,0,,,,0,0,0,0,0,0,0,,0,0,0,0,0,2.6,2.6
00-0037809,C.Okonkwo,Chig Okonkwo,TE,TE,"https://static.www.nfl.com/image/upload/f_auto,q_auto/league/omm5z5iq6dlmidqz1sgz",2025,3,REG,TEN,IND,0,0,0,0,0,0,0,0,0,0,0,0,,,0,,0,0,0,0,0,0,,0,5,6,66,0,0,0,39,43,3,1.2961506728462053,0,1.6923076923076923,0.17647058823529413,0.203125,0.40689338235294115,0,0,0,0,0,0,0,0.0,0.0,0,0,0,0,0,0,0,0,0,0,0,0,0,0,0,0,0,0,0,0,0,0,0,,,0,0,0,0,0,0,0,0,0,0,0,0,,,,0,0,0,0,0,0,0,,0,0,0,0,0,6.6000000000000005,11.600000000000001
00-0038119,J.Armour-Davis,Jalyn Armour-Davis,CB,DB,"https://static.www.nfl.com/image/upload/f_auto,q_auto/league/stfweqraa3ezp6xtcqut",2025,3,REG,TEN,IND,0,0,0,0,0,0,0,0,0,0,0,0,,,0,,0,0,0,0,0,0,,0,0,0,0,0,0,0,0,0,0,,0,,0.0,0.0,0.0,0,1,0,0,0,0,0,0.0,0.0,0,0,0,0,0,0,0,0,0,0,0,0,0,0,0,0,0,0,0,0,0,0,0,,,0,0,0,0,0,0,0,0,0,0,0,0,,,,0,0,0,0,0,0,0,,0,0,0,0,0,0.0,0.0
00-0038125,R.McCreary,Roger McCreary,CB,DB,"https://static.www.nfl.com/image/upload/f_auto,q_auto/league/kwvraixj3xsuqah6rqj8",2025,3,REG,TEN,IND,0,0,0,0,0,0,0,0,0,0,0,0,,,0,,0,0,0,0,0,0,,0,0,0,0,0,0,0,0,0,0,,0,,0.0,0.0,0.0,0,2,0,0,0,0,0,0.0,0.0,0,0,0,0,0,0,0,0,0,0,0,0,0,0,0,0,0,0,0,0,0,0,0,,,0,0,0,0,0,0,0,0,0,0,0,0,,,,0,0,0,0,0,0,0,,0,0,0,0,0,0.0,0.0
00-0039034,P.Skoronski,Peter Skoronski,OT,OL,"https://static.www.nfl.com/image/upload/f_auto,q_auto/league/c4arvhcrnxg0y3vkzgp7",2025,3,REG,TEN,IND,0,0,0,0,0,0,0,0,0,0,0,0,,,0,,0,0,0,0,0,0,,0,0,0,0,0,0,0,0,0,0,,0,,0.0,0.0,0.0,0,0,0,0,0,0,0,0.0,0.0,0,0,0,0,0,0,0,0,0,0,0,0,0,1,5,0,0,0,0,0,0,0,0,,,0,0,0,0,0,0,0,0,0,0,0,0,,,,0,0,0,0,0,0,0,,0,0,0,0,0,0.0,0.0
00-0039332,C.Ravenell,C.J. Ravenell,DE,DL,"https://static.www.nfl.com/image/upload/f_auto,q_auto/league/rqjhomavdixcd1tqcge5",2025,3,REG,TEN,IND,0,0,0,0,0,0,0,0,0,0,0,0,,,0,,0,0,0,0,0,0,,0,0,0,0,0,0,0,0,0,0,,0,,0.0,0.0,0.0,0,0,0,2,0,0,0,0.0,0.0,0,0,0,0,0,0,0,0,0,0,0,0,0,0,0,0,0,0,0,0,0,0,0,,,0,0,0,0,0,0,0,0,0,0,0,0,,,,0,0,0,0,0,0,0,,0,0,0,0,0,0.0,0.0
00-0039436,J.Harrell,Jaylen Harrell,LB,LB,"https://static.www.nfl.com/image/upload/f_auto,q_auto/league/bchqpne0r2pz0plq34pv",2025,3,REG,TEN,IND,0,0,0,0,0,0,0,0,0,0,0,0,,,0,,0,0,0,0,0,0,,0,0,0,0,0,0,0,0,0,0,,0,,0.0,0.0,0.0,0,0,0,1,0,0,0,0.0,0.0,0,0,0,0,0,0,0,0,0,0,0,0,0,0,0,0,0,0,0,0,0,0,0,,,0,0,0,0,0,0,0,0,0,0,0,0,,,,0,0,0,0,0,0,0,,0,0,0,0,0,0.0,0.0
00-0039858,C.Gray,Cedric Gray,LB,LB,"https://static.www.nfl.com/image/upload/f_auto,q_auto/league/v3hwfmdmrsjinn4f8o2y",2025,3,REG,TEN,IND,0,0,0,0,0,0,0,0,0,0,0,0,,,0,,0,0,0,0,0,0,,0,0,0,0,0,0,0,0,0,0,,0,,0.0,0.0,0.0,0,3,0,3,0,0,0,0.0,0.0,0,0,0,0,0,0,0,0,0,0,0,0,0,0,0,0,0,0,0,0,0,0,0,,,0,0,0,0,0,0,0,0,0,0,0,0,,,,0,0,0,0,0,0,0,,0,0,0,0,0,0.0,0.0
00-0040170,E.Ayomanor,Elic Ayomanor,WR,WR,"https://static.www.nfl.com/image/upload/f_auto,q_auto/league/aekfvt5nyl69emvxr2yj",2025,3,REG,TEN,IND,0,0,0,0,0,0,0,0,0,0,0,0,,,0,,0,0,0,0,0,0,,0,4,5,38,1,0,0,39,7,3,5.916098660323769,0,0.9743589743589743,0.14705882352941177,0.203125,0.36277573529411766,0,0,0,0,0,0,0,0.0,0.0,0,0,0,0,0,0,0,0,0,0,0,0,0,0,0,0,0,0,0,0,0,0,0,,,0,0,0,0,0,0,0,0,0,0,0,0,,,,0,0,0,0,0,0,0,,0,0,0,0,0,9.8,13.8
00-0040503,D.Mausi,Dorian Mausi,LB,LB,"https://static.www.nfl.com/image/upload/f_auto,q_auto/league/ms9jnxwaub6b68urkzna",2025,3,REG,TEN,IND,0,0,0,0,0,0,0,0,0,0,0,0,,,0,,0,0,0,0,0,0,,0,0,0,0,0,0,0,0,0,0,,0,,0.0,0.0,0.0,0,0,0,1,0,0,0,0.0,0.0,0,0,0,0,0,0,0,0,0,0,0,0,0,0,0,0,0,0,0,0,0,0,0,,,0,0,0,0,0,0,0,0,0,0,0,0,,,,0,0,0,0,0,0,0,,0,0,0,0,0,0.0,0.0
00-0040584,G.Helm,Gunnar Helm,TE,TE,"https://static.www.nfl.com/image/upload/f_auto,q_auto/league/lcyqbbnrzgtbnirz8knj",2025,3,REG,TEN,IND,0,0,0,0,0,0,0,0,0,0,0,0,,,0,,0,0,0,0,0,0,,0,3,3,27,0,0,0,7,20,2,1.387885975302197,0,3.857142857142857,0.08823529411764706,0.036458333333333336,0.15787377450980392,0,0,0,0,0,0,0,0.0,0.0,0,0,0,0,0,0,0,0,0,0,0,0,0,0,0,0,0,0,0,0,0,0,0,,,0,0,0,0,0,0,0,0,0,0,0,0,,,,0,0,0,0,0,0,0,,0,0,0,0,0,2.7,5.7
00-0040676,C.Ward,Cam Ward,QB,QB,"https://static.www.nfl.com/image/upload/f_auto,q_auto/league/viadutkbvligsopnd2qn",2025,3,REG,TEN,IND,23,38,219,1,1,4,-23,0,0,192,114,11,-12.524410886228843,-0.8734481299624723,0,1.140625,3,12,0,0,0,1,1.202066545956768,0,0,0,0,0,0,0,0,0,0,,0,,0.0,0.0,0.0,0,0,0,0,0,0,0,0.0,0.0,0,0,0,0,0,0,0,0,0,0,0,0,0,0,0,0,0,0,0,0,0,0,0,,,0,0,0,0,0,0,0,0,0,0,0,0,,,,0,0,0,0,0,0,0,,0,0,0,0,0,11.96,11.96
00-0040705,C.Dike,Chimere Dike,WR,WR,"https://static.www.nfl.com/image/upload/f_auto,q_auto/league/njdduv9jx7c8vlrll8ex",2025,3,REG,TEN,IND,0,0,0,0,0,0,0,0,0,0,0,0,,,0,,2,3,0,0,0,0,-0.6804526033229195,0,3,4,2,0,0,0,-6,8,0,-1.7551726026576944,0,0.0,0.11764705882352941,-0.03125,0.1545955882352941,0,0,0,0,0,0,0,0.0,0.0,0,0,0,0,0,0,0,0,0,0,0,0,0,0,0,0,0,6,162,0,0,0,0,,,0,0,0,0,0,0,0,0,0,0,0,0,,,,0,0,0,0,0,0,0,,0,0,0,0,0,0.5,3.5
00-0040752,O.Oladejo,Oluwafemi Oladejo,LB,LB,"https://static.www.nfl.com/image/upload/f_auto,q_auto/league/xux3tjanbookjm0wmalz",2025,3,REG,TEN,IND,0,0,0,0,0,0,0,0,0,0,0,0,,,0,,0,0,0,0,0,0,,0,0,0,0,0,0,0,0,0,0,,0,,0.0,0.0,0.0,0,1,0,1,0,0,0,0.0,0.0,0,0,0,0,0,0,0,0,0,0,0,0,0,0,0,0,0,0,0,0,0,0,0,,,0,0,0,0,0,0,0,0,0,0,0,0,,,,0,0,0,0,0,0,0,,0,0,0,0,0,0.0,0.0
