player_id,player_name,player_display_name,position,position_group,headshot_url,season,week,season_type,team,opponent_team,completions,attempts,passing_yards,passing_tds,passing_interceptions,sacks_suffered,sack_yards_lost,sack_fumbles,sack_fumbles_lost,passing_air_yards,passing_yards_after_catch,passing_first_downs,passing_epa,passing_cpoe,passing_2pt_conversions,pacr,carries,rushing_yards,rushing_tds,rushing_fumbles,rushing_fumbles_lost,rushing_first_downs,rushing_epa,rushing_2pt_conversions,receptions,targets,receiving_yards,receiving_tds,receiving_fumbles,receiving_fumbles_lost,receiving_air_yards,receiving_yards_after_catch,receiving_first_downs,receiving_epa,receiving_2pt_conversions,racr,target_share,air_yards_share,wopr,special_teams_tds,def_tackles_solo,def_tackles_with_assist,def_tackle_assists,def_tackles_for_loss,def_tackles_for_loss_yards,def_fumbles_forced,def_sacks,def_sack_yards,def_qb_hits,def_interceptions,def_interception_yards,def_pass_defended,def_tds,def_fumbles,def_safeties,misc_yards,fumble_recovery_own,fumble_recovery_yards_own,fumble_recovery_opp,fumble_recovery_yards_opp,fumble_recovery_tds,penalties,penalty_yards,punt_returns,punt_return_yards,kickoff_returns,kickoff_return_yards,fg_made,fg_att,fg_missed,fg_blocked,fg_long,fg_pct,fg_made_0_19,fg_made_20_29,fg_made_30_39,fg_made_40_49,fg_made_50_59,fg_made_60_,fg_missed_0_19,fg_missed_20_29,fg_missed_30_39,fg_missed_40_49,fg_missed_50_59,fg_missed_60_,fg_made_list,fg_missed_list,fg_blocked_list,fg_made_distance,fg_missed_distance,fg_blocked_distance,pat_made,pat_att,pat_missed,pat_blocked,pat_pct,gwfg_made,gwfg_att,gwfg_missed,gwfg_blocked,gwfg_distance,fantasy_points,fantasy_points_ppr
00-0032464,K.Raymond,Kalif Raymond,WR,WR,"https://static.www.nfl.com/image/upload/f_auto,q_auto/league/e5z8bskwg89hqtsjwwgj",2025,1,REG,DET,GB,0,0,0,0,0,0,0,0,0,0,0,0,,,0,,0,0,0,0,0,0,,0,2,3,16,0,0,0,23,16,1,0.852945530670695,0,0.6956521739130435,0.07894736842105263,0.1411042944785276,0.21719405876654824,0,0,0,0,0,0,0,0.0,0.0,0,0,0,0,0,0,0,0,0,0,0,0,0,0,0,2,19,0,0,0,0,0,0,,,0,0,0,0,0,0,0,0,0,0,0,0,,,,0,0,0,0,0,0,0,,0,0,0,0,0,1.6,3.6
00-0033106,J.Goff,Jared Goff,QB,QB,"https://static.www.nfl.com/image/upload/f_auto,q_auto/league/yggfwr4ak4po9byj0qor",2025,1,REG,DET,GB,31,39,225,1,1,4,-25,0,0,163,121,13,1.3743778578947285,11.339418903777474,0,1.3803680981595092,1,-1,0,0,0,0,0.0,0,0,0,0,0,0,0,0,0,0,,0,,0.0,0.0,0.0,0,0,0,0,0,0,0,0.0,0.0,0,0,0,0,0,0,0,0,0,0,0,0,0,0,0,0,0,0,0,0,0,0,0,,,0,0,0,0,0,0,0,0,0,0,0,0,,,,0,0,0,0,0,0,0,,0,0,0,0,0,10.9,10.9
00-0033547,Z.Cunningham,Zach Cunningham,ILB,LB,"https://static.www.nfl.com/image/upload/f_auto,q_auto/league/gxugy1m0xlxbyk8dv5rr",2025,1,REG,DET,GB,0,0,0,0,0,0,0,0,0,0,0,0,,,0,,0,0,0,0,0,0,,0,0,0,0,0,0,0,0,0,0,,0,,0.0,0.0,0.0,0,0,0,0,0,0,0,0.0,0.0,0,0,0,0,0,0,0,0,0,0,0,0,0,1,0,0,0,0,0,0,0,0,0,,,0,0,0,0,0,0,0,0,0,0,0,0,,,,0,0,0,0,0,0,0,,0,0,0,0,0,0.0,0.0
00-0033914,A.Anzalone,Alex Anzalone,MLB,LB,"https://static.www.nfl.com/image/upload/f_auto,q_auto/league/gbqizpfxe7nsijlw4gwv",2025,1,REG,DET,GB,0,0,0,0,0,0,0,0,0,0,0,0,,,0,,0,0,0,0,0,0,,0,0,0,0,0,0,0,0,0,0,,0,,0.0,0.0,0.0,0,1,0,3,0,0,0,0.0,0.0,0,0,0,0,0,0,0,0,0,0,0,0,0,0,0,0,0,0,0,0,0,0,0,,,0,0,0,0,0,0,0,0,0,0,0,0,,,,0,0,0,0,0,0,0,,0,0,0,0,0,0.0,0.0
00-0033964,A.Muhammad,Al-Quadin Muhammad,DE,DL,"https://static.www.nfl.com/image/upload/f_auto,q_auto/league/lmpiwh2pphphimm6bnxq",2025,1,REG,DET,GB,0,0,0,0,0,0,0,0,0,0,0,0,,,0,,0,0,0,0,0,0,,0,0,0,0,0,0,0,0,0,0,,0,,0.0,0.0,0.0,0,0,0,0,0,0,0,0.0,0.0,1,0,0,0,0,0,0,0,0,0,0,0,0,0,0,0,0,0,0,0,0,0,0,,,0,0,0,0,0,0,0,0,0,0,0,0,,,,0,0,0,0,0,0,0,,0,0,0,0,0,0.0,0.0
00-0034344,M.Davenport,Marcus Davenport,DE,DL,"https://static.www.nfl.com/image/upload/f_auto,q_auto/league/hauze2vwdskhaiqjifk1",2025,1,REG,DET,GB,0,0,0,0,0,0,0,0,0,0,0,0,,,0,,0,0,0,0,0,0,,0,0,0,0,0,0,0,0,0,0,,0,,0.0,0.0,0.0,0,1,1,1,0,0,0,0.0,0.0,0,0,0,0,0,0,0,0,0,0,0,0,0,0,0,0,0,0,0,0,0,0,0,,,0,0,0,0,0,0,0,0,0,0,0,0,,,,0,0,0,0,0,0,0,,0,0,0,0,0,0.0,0.0
00-0034377,A.Maddox,Avonte Maddox,CB,DB,"https://static.www.nfl.com/image/upload/f_auto,q_auto/league/j2guzeu1ggx5opajjl3h",2025,1,REG,DET,GB,0,0,0,0,0,0,0,0,0,0,0,0,,,0,,0,0,0,0,0,0,,0,0,0,0,0,0,0,0,0,0,,0,,0.0,0.0,0.0,0,1,0,0,0,0,0,0.0,0.0,0,0,0,0,0,0,0,0,0,0,0,0,0,0,0,0,0,0,0,0,0,0,0,,,0,0,0,0,0,0,0,0,0,0,0,0,,,,0,0,0,0,0,0,0,,0,0,0,0,0,0.0,0.0
00-0034384,D.Reed,D.J. Reed,CB,DB,"https://static.www.nfl.com/image/upload/f_auto,q_auto/league/haxt1fpxhgnobin0d5sx",2025,1,REG,DET,GB,0,0,0,0,0,0,0,0,0,0,0,0,,,0,,0,0,0,0,0,0,,0,0,0,0,0,0,0,0,0,0,,0,,0.0,0.0,0.0,0,3,1,1,0,0,0,0.0,0.0,0,0,0,0,0,0,0,0,0,0,0,0,0,0,0,0,0,0,0,0,0,0,0,,,0,0,0,0,0,0,0,0,0,0,0,0,,,,0,0,0,0,0,0,0,,0,0,0,0,0,0.0,0.0
00-0035156,J.Fox,Jack Fox,P,SPEC,"https://static.www.nfl.com/image/upload/f_auto,q_auto/league/oxbywegffnm7lrwl2map",2025,1,REG,DET,GB,0,0,0,0,0,0,0,0,0,0,0,0,,,0,,0,0,0,0,0,0,,0,0,0,0,0,0,0,0,0,0,,0,,0.0,0.0,0.0,0,0,0,0,0,0,0,0.0,0.0,0,0,0,0,0,0,0,0,0,0,0,0,0,0,0,0,0,0,0,0,0,0,0,,,0,0,0,0,0,0,0,0,0,0,0,0,,,,0,0,0,0,0,0,0,,0,0,0,0,0,0.0,0.0
00-0035330,A.Pittman,Anthony Pittman,LB,LB,"https://static.www.nfl.com/image/upload/f_auto,q_auto/league/eitmt82nhdoeyeemklmi",2025,1,REG,DET,GB,0,0,0,0,0,0,0,0,0,0,0,0,,,0,,0,0,0,0,0,0,,0,0,0,0,0,0,0,0,0,0,,0,,0.0,0.0,0.0,0,1,0,0,0,0,0,0.0,0.0,0,0,0,0,0,0,0,0,0,0,0,0,0,0,0,0,0,0,0,0,0,0,0,,,0,0,0,0,0,0,0,0,0,0,0,0,,,,0,0,0,0,0,0,0,,0,0,0,0,0,0.0,0.0
00-0035567,C.Reynolds,Craig Reynolds,RB,RB,"https://static.www.nfl.com/image/upload/f_auto,q_auto/league/f5zuttg3hinfqgronrsg",2025,1,REG,DET,GB,0,0,0,0,0,0,0,0,0,0,0,0,,,0,,0,0,0,0,0,0,,0,0,0,0,0,0,0,0,0,0,,0,,0.0,0.0,0.0,0,1,0,0,0,0,0,0.0,0.0,0,0,0,0,0,0,0,0,0,0,0,0,0,1,5,0,0,0,0,0,0,0,0,,,0,0,0,0,0,0,0,0,0,0,0,0,,,,0,0,0,0,0,0,0,,0,0,0,0,0,0.0,0.0
00-0035637,R.Ya-Sin,Rock Ya-Sin,CB,DB,"https://static.www.nfl.com/image/upload/f_auto,q_auto/league/ezahxzran7e2ohnmtndh",2025,1,REG,DET,GB,0,0,0,0,0,0,0,0,0,0,0,0,,,0,,0,0,0,0,0,0,,0,0,0,0,0,0,0,0,0,0,,0,,0.0,0.0,0.0,0,0,0,0,0,0,0,0.0,0.0,0,0,0,0,0,0,0,0,0,0,0,0,0,1,5,0,0,0,0,0,0,0,0,,,0,0,0,0,0,0,0,0,0,0,0,0,,,,0,0,0,0,0,0,0,,0,0,0,0,0,0.0,0.0
00-0035685,D.Montgomery,David Montgomery,RB,RB,"https://static.www.nfl.com/image/upload/f_auto,q_auto/league/xeb6fq4zimgkksq7uari",2025,1,REG,DET,GB,0,0,0,0,0,0,0,0,0,0,0,0,,,0,,11,25,0,0,0,1,-2.52923468867084,0,4,4,18,0,0,0,4,14,1,0.006636548324696179,0,4.5,0.10526315789473684,0.024539877300613498,0.17507265095253471,0,0,0,0,0,0,0,0.0,0.0,0,0,0,0,0,0,0,0,0,0,0,0,0,0,0,0,0,0,0,0,0,0,0,,,0,0,0,0,0,0,0,0,0,0,0,0,,,,0,0,0,0,0,0,0,,0,0,0,0,0,4.3,8.3
00-0036124,K.Dorsey,Khalil Dorsey,CB,DB,"https://static.www.nfl.com/image/upload/f_auto,q_auto/league/wmeizkmh4vdsbkf4uclw",2025,1,REG,DET,GB,0,0,0,0,0,0,0,0,0,0,0,0,,,0,,0,0,0,0,0,0,,0,0,0,0,0,0,0,0,0,0,,0,,0.0,0.0,0.0,0,1,0,0,0,0,0,0.0,0.0,0,0,0,0,0,0,0,0,0,0,0,0,0,0,0,0,0,0,0,0,0,0,0,,,0,0,0,0,0,0,0,0,0,0,0,0,,,,0,0,0,0,0,0,0,,0,0,0,0,0,0.0,0.0
00-0036375,A.Robertson,Amik Robertson,CB,DB,"https://static.www.nfl.com/image/upload/f_auto,q_auto/league/htqmihuu8sds0x3qre8g",2025,1,REG,DET,GB,0,0,0,0,0,0,0,0,0,0,0,0,,,0,,0,0,0,0,0,0,,0,0,0,0,0,0,0,0,0,0,,0,,0.0,0.0,0.0,0,3,0,0,0,0,0,0.0,0.0,0,0,0,0,0,0,0,0,0,0,0,0,0,0,0,0,0,0,0,0,0,0,0,,,0,0,0,0,0,0,0,0,0,0,0,0,,,,0,0,0,0,0,0,0,,0,0,0,0,0,0.0,0.0
00-0036568,R.Lopez,Roy Lopez,DT,DL,"https://static.www.nfl.com/image/upload/f_auto,q_auto/league/i4a37cibk9pwjjgq4rla",2025,1,REG,DET,GB,0,0,0,0,0,0,0,0,0,0,0,0,,,0,,0,0,0,0,0,0,,0,0,0,0,0,0,0,0,0,0,,0,,0.0,0.0,0.0,0,0,0,1,0,0,0,0.0,0.0,0,0,0,0,0,0,0,0,0,0,0,0,0,0,0,0,0,0,0,0,0,0,0,,,0,0,0,0,0,0,0,0,0,0,0,0,,,,0,0,0,0,0,0,0,,0,0,0,0,0,0.0,0.0
00-0036672,G.Stuard,Grant Stuard,LB,LB,"https://static.www.nfl.com/image/upload/f_auto,q_auto/league/ws9nh7wahkmhwqnpi7zv",2025,1,REG,DET,GB,0,0,0,0,0,0,0,0,0,0,0,0,,,0,,0,0,0,0,0,0,,0,0,0,0,0,0,0,0,0,0,,0,,0.0,0.0,0.0,0,0,0,0,0,0,0,0.0,0.0,0,0,0,0,0,0,0,0,0,0,0,0,0,0,0,0,0,1,24,0,0,0,0,,,0,0,0,0,0,0,0,0,0,0,0,0,,,,0,0,0,0,0,0,0,,0,0,0,0,0,0.0,0.0
00-0036963,A.St. Brown,Amon-Ra St. Brown,WR,WR,"https://static.www.nfl.com/image/upload/f_auto,q_auto/league/fd8nwhm6pvxfyzphzl6i",2025,1,REG,DET,GB,0,0,0,0,0,0,0,0,0,0,0,0,,,0,,0,0,0,0,0,0,,0,4,6,45,0,0,0,53,5,4,0.5541212188545614,0,0.8490566037735849,0.15789473684210525,0.32515337423312884,0.46444946722634806,0,1,0,0,0,0,0,0.0,0.0,0,0,0,0,0,0,0,0,0,0,0,0,0,0,0,0,0,0,0,0,0,0,0,,,0,0,0,0,0,0,0,0,0,0,0,0,,,,0,0,0,0,0,0,0,,0,0,0,0,0,4.5,8.5
00-0036964,D.Barnes,Derrick Barnes,LB,LB,"https://static.www.nfl.com/image/upload/f_auto,q_auto/league/jksvb5xfttcodlgvlyjo",2025,1,REG,DET,GB,0,0,0,0,0,0,0,0,0,0,0,0,,,0,,0,0,0,0,0,0,,0,0,0,0,0,0,0,0,0,0,,0,,0.0,0.0,0.0,0,4,0,2,1,1,0,0.0,0.0,0,0,0,0,0,0,0,0,0,0,0,0,0,0,0,0,0,0,0,0,0,0,0,,,0,0,0,0,0,0,0,0,0,0,0,0,,,,0,0,0,0,0,0,0,,0,0,0,0,0,0.0,0.0
00-0037236,A.Hutchinson,Aidan Hutchinson,DE,DL,"https://static.www.nfl.com/image/upload/f_auto,q_auto/league/mnv2cpjveex9rtrkkaly",2025,1,REG,DET,GB,0,0,0,0,0,0,0,0,0,0,0,0,,,0,,0,0,0,0,0,0,,0,0,0,0,0,0,0,0,0,0,,0,,0.0,0.0,0.0,0,0,0,0,0,0,0,0.0,0.0,1,0,0,0,0,0,0,0,0,0,0,0,0,0,0,0,0,0,0,0,0,0,0,,,0,0,0,0,0,0,0,0,0,0,0,0,,,,0,0,0,0,0,0,0,,0,0,0,0,0,0.0,0.0
00-0037240,J.Williams,Jameson Williams,WR,WR,"https://static.www.nfl.com/image/upload/f_auto,q_auto/league/gpjarmglg1jhwq5wr1uu",2025,1,REG,DET,GB,0,0,0,0,0,0,0,0,0,0,0,0,,,0,,1,3,0,0,0,0,-0.1609854658599943,0,4,5,23,0,0,0,26,7,2,3.4510848924401216,0,0.8846153846153846,0.13157894736842105,0.15950920245398773,0.30902486277042296,0,0,0,0,0,0,0,0.0,0.0,0,0,0,0,0,0,0,0,0,0,0,0,0,1,5,0,0,0,0,0,0,0,0,,,0,0,0,0,0,0,0,0,0,0,0,0,,,,0,0,0,0,0,0,0,,0,0,0,0,0,2.6,6.6
00-0037667,K.Joseph,Kerby Joseph,SAF,DB,"https://static.www.nfl.com/image/upload/f_auto,q_auto/league/oeybnj8im7exzevs0jkh",2025,1,REG,DET,GB,0,0,0,0,0,0,0,0,0,0,0,0,,,0,,0,0,0,0,0,0,,0,0,0,0,0,0,0,0,0,0,,0,,0.0,0.0,0.0,0,1,0,0,0,0,0,0.0,0.0,0,0,0,0,0,0,0,0,0,0,0,0,0,0,0,0,0,0,0,0,0,0,0,,,0,0,0,0,0,0,0,0,0,0,0,0,,,,0,0,0,0,0,0,0,,0,0,0,0,0,0.0,0.0
00-0038896,J.Saylors,Jacob Saylors,RB,RB,,2025,1,REG,DET,GB,0,0,0,0,0,0,0,0,0,0,0,0,,,0,,0,0,0,0,0,0,,0,0,0,0,0,0,0,0,0,0,,0,,0.0,0.0,0.0,0,0,0,0,0,0,0,0.0,0.0,0,0,0,0,0,0,0,0,0,0,0,0,0,0,0,0,0,4,92,0,0,0,0,,,0,0,0,0,0,0,0,0,0,0,0,0,,,,0,0,0,0,0,0,0,,0,0,0,0,0,0.0,0.0
00-0039018,J.Campbell,Jack Campbell,LB,LB,"https://static.www.nfl.com/image/upload/f_auto,q_auto/league/mmmtiej4dp5nt7giycwy",2025,1,REG,DET,GB,0,0,0,0,0,0,0,0,0,0,0,0,,,0,,0,0,0,0,0,0,,0,0,0,0,0,0,0,0,0,0,,0,,0.0,0.0,0.0,0,5,0,5,0,0,0,0.0,0.0,0,0,0,0,0,0,0,0,0,0,0,0,0,0,0,0,0,0,0,0,0,0,0,,,0,0,0,0,0,0,0,0,0,0,0,0,,,,0,0,0,0,0,0,0,,0,0,0,0,0,0.0,0.0
00-0039065,S.LaPorta,Sam LaPorta,TE,TE,"https://static.www.nfl.com/image/upload/f_auto,q_auto/league/qfcy3taaoage00rrl0cc",2025,1,REG,DET,GB,0,0,0,0,0,0,0,0,0,0,0,0,,,0,,0,0,0,0,0,0,,0,6,9,79,0,0,0,45,48,3,2.165319315796136,0,1.7555555555555555,0.23684210526315788,0.27607361963190186,0.5485146916370681,0,0,0,0,0,0,0,0.0,0.0,0,0,0,0,0,0,0,0,0,0,0,0,0,0,0,0,0,0,0,0,0,0,0,,,0,0,0,0,0,0,0,0,0,0,0,0,,,,0,0,0,0,0,0,0,,0,0,0,0,0,7.9,13.9
00-0039139,J.Gibbs,Jahmyr Gibbs,RB,RB,"https://static.www.nfl.com/image/upload/f_auto,q_auto/league/hjxk3judytgsxkqiilre",2025,1,REG,DET,GB,0,0,0,0,0,0,0,0,0,0,0,0,,,0,,9,19,0,0,0,1,-2.6699360368656926,0,10,10,31,0,0,0,0,31,1,-1.3016701097949408,0,0.0,0.2631578947368421,0.0,0.39473684210526316,0,0,0,0,0,0,0,0.0,0.0,0,0,0,0,0,0,0,0,0,0,0,0,0,0,0,0,0,0,0,0,0,0,0,,,0,0,0,0,0,0,0,0,0,0,0,0,,,,0,0,0,0,0,0,0,,0,0,0,0,0,5.0,15.0
00-0039141,B.Branch,Brian Branch,SAF,DB,"https://static.www.nfl.com/image/upload/f_auto,q_auto/league/zcri8hzscyasi2nhjdlk",2025,1,REG,DET,GB,0,0,0,0,0,0,0,0,0,0,0,0,,,0,,0,0,0,0,0,0,,0,0,0,0,0,0,0,0,0,0,,0,,0.0,0.0,0.0,0,4,0,1,1,1,0,0.0,0.0,0,0,0,0,0,0,0,0,0,0,0,0,0,1,15,0,0,0,0,0,0,0,0,,,0,0,0,0,0,0,0,0,0,0,0,0,,,,0,0,0,0,0,0,0,,0,0,0,0,0,0.0,0.0
00-0039172,J.Bates,Jake Bates,K,SPEC,"https://static.www.nfl.com/image/upload/f_auto,q_auto/league/heh3zqyv3tqapnpnzgoj",2025,1,REG,DET,GB,0,0,0,0,0,0,0,0,0,0,0,0,,,0,,0,0,0,0,0,0,,0,0,0,0,0,0,0,0,0,0,,0,,0.0,0.0,0.0,0,1,0,0,0,0,0,0.0,0.0,0,0,0,0,0,0,0,0,0,0,0,0,0,1,0,0,0,0,0,2,2,0,0,30.0,1.0,0,1,1,0,0,0,0,0,0,0,0,0,30;27,,,57,0,0,1,1,0,0,1.0,0,0,0,0,0,0.0,0.0
00-0039903,T.Arnold,Terrion Arnold,CB,DB,"https://static.www.nfl.com/image/upload/f_auto,q_auto/league/h3rbtalyoblh2szat9qc",2025,1,REG,DET,GB,0,0,0,0,0,0,0,0,0,0,0,0,,,0,,0,0,0,0,0,0,,0,0,0,0,0,0,0,0,0,0,,0,,0.0,0.0,0.0,0,3,0,3,0,0,0,0.0,0.0,0,0,0,1,0,0,0,0,0,0,0,0,0,0,0,0,0,0,0,0,0,0,0,,,0,0,0,0,0,0,0,0,0,0,0,0,,,,0,0,0,0,0,0,0,,0,0,0,0,0,0.0,0.0
00-0040669,I.TeSlaa,Isaac TeSlaa,WR,WR,"https://static.www.nfl.com/image/upload/f_auto,q_auto/league/wa4sruqazyqobmepi6vi",2025,1,REG,DET,GB,0,0,0,0,0,0,0,0,0,0,0,0,,,0,,0,0,0,0,0,0,,0,1,1,13,1,0,0,13,0,1,4.254937844350934,0,1.0,0.02631578947368421,0.07975460122699386,0.09530190506942202,0,0,0,0,0,0,0,0.0,0.0,0,0,0,0,0,0,0,0,0,0,0,0,0,1,10,0,0,0,0,0,0,0,0,,,0,0,0,0,0,0,0,0,0,0,0,0,,,,0,0,0,0,0,0,0,,0,0,0,0,0,7.3,8.3
00-0040672,T.Williams,Tyleik Williams,DT,DL,"https://static.www.nfl.com/image/upload/f_auto,q_auto/league/emppyzljgfew4i1qmdhb",2025,1,REG,DET,GB,0,0,0,0,0,0,0,0,0,0,0,0,,,0,,0,0,0,0,0,0,,0,0,0,0,0,0,0,0,0,0,,0,,0.0,0.0,0.0,0,1,0,1,0,0,0,0.0,0.0,0,0,0,0,0,0,0,0,0,0,0,0,0,0,0,0,0,0,0,0,0,0,0,,,0,0,0,0,0,0,0,0,0,0,0,0,,,,0,0,0,0,0,0,0,,0,0,0,0,0,0.0,0.0
00-0032464,K.Raymond,Kalif Raymond,WR,WR,"https://static.www.nfl.com/image/upload/f_auto,q_auto/league/e5z8bskwg89hqtsjwwgj",2025,2,REG,DET,CHI,0,0,0,0,0,0,0,0,0,0,0,0,,,0,,1,9,0,0,0,0,0.646679020836018,0,1,1,14,0,0,0,14,0,1,1.1526377950794995,0,1.0,0.03571428571428571,0.051094890510948905,0.0893378519290928,0,0,0,0,0,0,0,0.0,0.0,0,0,0,0,0,0,0,0,0,0,0,0,0,0,0,3,19,0,0,0,0,0,0,,,0,0,0,0,0,0,0,0,0,0,0,0,,,,0,0,0,0,0,0,0,,0,0,0,0,0,2.3000000000000003,3.3000000000000003
00-0033106,J.Goff,Jared Goff,QB,QB,"https://static.www.nfl.com/image/upload/f_auto,q_auto/league/yggfwr4ak4po9byj0qor",2025,2,REG,DET,CHI,23,28,334,5,0,0,0,0,0,274,165,15,24.103420304085986,14.942416335855212,0,1.218978102189781,1,6,0,0,0,0,-0.523322684262447,0,0,0,0,0,0,0,0,0,0,,0,,0.0,0.0,0.0,0,0,0,0,0,0,0,0.0,0.0,0,0,0,0,0,0,0,0,0,0,0,0,0,0,0,0,0,0,0,0,0,0,0,,,0,0,0,0,0,0,0,0,0,0,0,0,,,,0,0,0,0,0,0,0,,0,0,0,0,0,33.96,33.96
00-0033547,Z.Cunningham,Zach Cunningham,ILB,LB,"https://static.www.nfl.com/image/upload/f_auto,q_auto/league/gxugy1m0xlxbyk8dv5rr",2025,2,REG,DET,CHI,0,0,0,0,0,0,0,0,0,0,0,0,,,0,,0,0,0,0,0,0,,0,0,0,0,0,0,0,0,0,0,,0,,0.0,0.0,0.0,0,2,0,2,0,0,0,0.0,0.0,0,0,0,0,0,0,0,0,0,0,0,0,0,0,0,0,0,0,0,0,0,0,0,,,0,0,0,0,0,0,0,0,0,0,0,0,,,,0,0,0,0,0,0,0,,0,0,0,0,0,0.0,0.0
00-0033595,P.O'Connor,Pat O'Connor,DE,DL,"https://static.www.nfl.com/image/upload/f_auto,q_auto/league/hlyhbl1hpgksy8swksa8",2025,2,REG,DET,CHI,0,0,0,0,0,0,0,0,0,0,0,0,,,0,,0,0,0,0,0,0,,0,0,0,0,0,0,0,0,0,0,,0,,0.0,0.0,0.0,0,2,0,2,0,0,0,0.0,0.0,0,0,0,0,0,0,0,0,0,0,0,0,0,0,0,0,0,0,0,0,0,0,0,,,0,0,0,0,0,0,0,0,0,0,0,0,,,,0,0,0,0,0,0,0,,0,0,0,0,0,0.0,0.0
00-0033914,A.Anzalone,Alex Anzalone,MLB,LB,"https://static.www.nfl.com/image/upload/f_auto,q_auto/league/gbqizpfxe7nsijlw4gwv",2025,2,REG,DET,CHI,0,0,0,0,0,0,0,0,0,0,0,0,,,0,,0,0,0,0,0,0,,0,0,0,0,0,0,0,0,0,0,,0,,0.0,0.0,0.0,0,4,0,2,0,0,0,0.0,0.0,0,0,0,0,0,0,0,0,0,0,0,0,0,0,0,0,0,0,0,0,0,0,0,,,0,0,0,0,0,0,0,0,0,0,0,0,,,,0,0,0,0,0,0,0,,0,0,0,0,0,0.0,0.0
00-0033964,A.Muhammad,Al-Quadin Muhammad,DE,DL,"https://static.www.nfl.com/image/upload/f_auto,q_auto/league/lmpiwh2pphphimm6bnxq",2025,2,REG,DET,CHI,0,0,0,0,0,0,0,0,0,0,0,0,,,0,,0,0,0,0,0,0,,0,0,0,0,0,0,0,0,0,0,,0,,0.0,0.0,0.0,0,3,0,1,1,9,0,1.0,9.0,1,0,0,0,0,0,0,0,0,0,0,0,0,0,0,0,0,0,0,0,0,0,0,,,0,0,0,0,0,0,0,0,0,0,0,0,,,,0,0,0,0,0,0,0,,0,0,0,0,0,0.0,0.0
00-0034344,M.Davenport,Marcus Davenport,DE,DL,"https://static.www.nfl.com/image/upload/f_auto,q_auto/league/hauze2vwdskhaiqjifk1",2025,2,REG,DET,CHI,0,0,0,0,0,0,0,0,0,0,0,0,,,0,,0,0,0,0,0,0,,0,0,0,0,0,0,0,0,0,0,,0,,0.0,0.0,0.0,0,1,0,1,1,8,0,1.0,8.0,1,0,0,0,0,0,0,0,0,0,0,0,0,0,0,0,0,0,0,0,0,0,0,,,0,0,0,0,0,0,0,0,0,0,0,0,,,,0,0,0,0,0,0,0,,0,0,0,0,0,0.0,0.0
00-0034377,A.Maddox,Avonte Maddox,CB,DB,"https://static.www.nfl.com/image/upload/f_auto,q_auto/league/j2guzeu1ggx5opajjl3h",2025,2,REG,DET,CHI,0,0,0,0,0,0,0,0,0,0,0,0,,,0,,0,0,0,0,0,0,,0,0,0,0,0,0,0,0,0,0,,0,,0.0,0.0,0.0,0,1,0,0,0,0,0,0.0,0.0,0,0,0,0,0,0,0,0,0,0,0,0,0,0,0,0,0,0,0,0,0,0,0,,,0,0,0,0,0,0,0,0,0,0,0,0,,,,0,0,0,0,0,0,0,,0,0,0,0,0,0.0,0.0
00-0034384,D.Reed,D.J. Reed,CB,DB,"https://static.www.nfl.com/image/upload/f_auto,q_auto/league/haxt1fpxhgnobin0d5sx",2025,2,REG,DET,CHI,0,0,0,0,0,0,0,0,0,0,0,0,,,0,,0,0,0,0,0,0,,0,0,0,0,0,0,0,0,0,0,,0,,0.0,0.0,0.0,0,5,0,0,0,0,0,0.0,0.0,0,0,0,0,0,0,0,0,0,0,0,0,0,0,0,0,0,0,0,0,0,0,0,,,0,0,0,0,0,0,0,0,0,0,0,0,,,,0,0,0,0,0,0,0,,0,0,0,0,0,0.0,0.0
00-0035156,J.Fox,Jack Fox,P,SPEC,"https://static.www.nfl.com/image/upload/f_auto,q_auto/league/oxbywegffnm7lrwl2map",2025,2,REG,DET,CHI,0,0,0,0,0,0,0,0,0,0,0,0,,,0,,0,0,0,0,0,0,,0,0,0,0,0,0,0,0,0,0,,0,,0.0,0.0,0.0,0,0,0,0,0,0,0,0.0,0.0,0,0,0,0,0,0,0,0,0,0,0,0,0,0,0,0,0,0,0,0,0,0,0,,,0,0,0,0,0,0,0,0,0,0,0,0,,,,0,0,0,0,0,0,0,,0,0,0,0,0,0.0,0.0
00-0035567,C.Reynolds,Craig Reynolds,RB,RB,"https://static.www.nfl.com/image/upload/f_auto,q_auto/league/f5zuttg3hinfqgronrsg",2025,2,REG,DET,CHI,0,0,0,0,0,0,0,0,0,0,0,0,,,0,,3,4,0,0,0,0,-2.3583893680479378,0,0,0,0,0,0,0,0,0,0,,0,,0.0,0.0,0.0,0,1,0,0,0,0,0,0.0,0.0,0,0,0,0,0,0,0,0,0,0,0,0,0,0,0,0,0,0,0,0,0,0,0,,,0,0,0,0,0,0,0,0,0,0,0,0,,,,0,0,0,0,0,0,0,,0,0,0,0,0,0.4,0.4
00-0035637,R.Ya-Sin,Rock Ya-Sin,CB,DB,"https://static.www.nfl.com/image/upload/f_auto,q_auto/league/ezahxzran7e2ohnmtndh",2025,2,REG,DET,CHI,0,0,0,0,0,0,0,0,0,0,0,0,,,0,,0,0,0,0,0,0,,0,0,0,0,0,0,0,0,0,0,,0,,0.0,0.0,0.0,0,1,0,1,0,0,0,0.0,0.0,0,0,0,0,0,0,0,0,0,0,0,0,0,0,0,0,0,0,0,0,0,0,0,,,0,0,0,0,0,0,0,0,0,0,0,0,,,,0,0,0,0,0,0,0,,0,0,0,0,0,0.0,0.0
00-0035685,D.Montgomery,David Montgomery,RB,RB,"https://static.www.nfl.com/image/upload/f_auto,q_auto/league/xeb6fq4zimgkksq7uari",2025,2,REG,DET,CHI,0,0,0,0,0,0,0,0,0,0,0,0,,,0,,11,57,1,0,0,4,-1.1956276367418468,0,1,1,4,0,0,0,-7,11,0,-0.20447937329299748,0,-0.5714285714285714,0.03571428571428571,-0.025547445255474453,0.03568821689259645,0,0,0,0,0,0,0,0.0,0.0,0,0,0,0,0,0,0,0,0,0,0,0,0,0,0,0,0,0,0,0,0,0,0,,,0,0,0,0,0,0,0,0,0,0,0,0,,,,0,0,0,0,0,0,0,,0,0,0,0,0,12.100000000000001,13.100000000000001
00-0036124,K.Dorsey,Khalil Dorsey,CB,DB,"https://static.www.nfl.com/image/upload/f_auto,q_auto/league/wmeizkmh4vdsbkf4uclw",2025,2,REG,DET,CHI,0,0,0,0,0,0,0,0,0,0,0,0,,,0,,0,0,0,0,0,0,,0,0,0,0,0,0,0,0,0,0,,0,,0.0,0.0,0.0,0,1,0,0,0,0,0,0.0,0.0,0,0,0,0,0,0,0,0,0,0,0,0,0,0,0,0,0,0,0,0,0,0,0,,,0,0,0,0,0,0,0,0,0,0,0,0,,,,0,0,0,0,0,0,0,,0,0,0,0,0,0.0,0.0
00-0036306,D.Thomas,Daniel Thomas,SAF,DB,"https://static.www.nfl.com/image/upload/f_auto,q_auto/league/qbw8gam5wiinqegq213p",2025,2,REG,DET,CHI,0,0,0,0,0,0,0,0,0,0,0,0,,,0,,0,0,0,0,0,0,,0,0,0,0,0,0,0,0,0,0,,0,,0.0,0.0,0.0,0,1,0,0,0,0,0,0.0,0.0,0,0,0,0,0,0,0,0,0,0,0,0,0,0,0,0,0,0,0,0,0,0,0,,,0,0,0,0,0,0,0,0,0,0,0,0,,,,0,0,0,0,0,0,0,,0,0,0,0,0,0.0,0.0
00-0036375,A.Robertson,Amik Robertson,CB,DB,"https://static.www.nfl.com/image/upload/f_auto,q_auto/league/htqmihuu8sds0x3qre8g",2025,2,REG,DET,CHI,0,0,0,0,0,0,0,0,0,0,0,0,,,0,,0,0,0,0,0,0,,0,0,0,0,0,0,0,0,0,0,,0,,0.0,0.0,0.0,0,1,0,0,0,0,0,0.0,0.0,0,0,0,0,0,0,0,0,0,0,0,0,0,0,0,0,0,0,0,0,0,0,0,,,0,0,0,0,0,0,0,0,0,0,0,0,,,,0,0,0,0,0,0,0,,0,0,0,0,0,0.0,0.0
00-0036672,G.Stuard,Grant Stuard,LB,LB,"https://static.www.nfl.com/image/upload/f_auto,q_auto/league/ws9nh7wahkmhwqnpi7zv",2025,2,REG,DET,CHI,0,0,0,0,0,0,0,0,0,0,0,0,,,0,,0,0,0,0,0,0,,0,0,0,0,0,0,0,0,0,0,,0,,0.0,0.0,0.0,0,0,0,3,0,0,0,0.0,0.0,0,0,0,0,0,0,0,0,0,0,0,0,0,0,0,0,0,2,48,0,0,0,0,,,0,0,0,0,0,0,0,0,0,0,0,0,,,,0,0,0,0,0,0,0,,0,0,0,0,0,0.0,0.0
00-0036754,B.Wright,Brock Wright,TE,TE,"https://static.www.nfl.com/image/upload/f_auto,q_auto/league/bd8sqnzheg7zetlhvku5",2025,2,REG,DET,CHI,0,0,0,0,0,0,0,0,0,0,0,0,,,0,,0,0,0,0,0,0,,0,3,3,28,1,0,0,3,25,2,3.023935086064739,0,9.333333333333334,0.10714285714285714,0.010948905109489052,0.16837851929092804,0,0,0,0,0,0,0,0.0,0.0,0,0,0,0,0,0,0,0,0,0,0,0,0,0,0,0,0,0,0,0,0,0,0,,,0,0,0,0,0,0,0,0,0,0,0,0,,,,0,0,0,0,0,0,0,,0,0,0,0,0,8.8,11.8
00-0036963,A.St. Brown,Amon-Ra St. Brown,WR,WR,"https://static.www.nfl.com/image/upload/f_auto,q_auto/league/fd8nwhm6pvxfyzphzl6i",2025,2,REG,DET,CHI,0,0,0,0,0,0,0,0,0,0,0,0,,,0,,2,7,0,0,0,1,0.906413561431691,0,9,11,115,3,0,0,88,48,7,12.751285790533686,0,1.3068181818181819,0.39285714285714285,0.32116788321167883,0.8141032325338895,0,0,0,0,0,0,0,0.0,0.0,0,0,0,0,0,0,0,0,0,0,0,0,0,0,0,0,0,0,0,0,0,0,0,,,0,0,0,0,0,0,0,0,0,0,0,0,,,,0,0,0,0,0,0,0,,0,0,0,0,0,30.200000000000003,39.2
00-0036964,D.Barnes,Derrick Barnes,LB,LB,"https://static.www.nfl.com/image/upload/f_auto,q_auto/league/jksvb5xfttcodlgvlyjo",2025,2,REG,DET,CHI,0,0,0,0,0,0,0,0,0,0,0,0,,,0,,0,0,0,0,0,0,,0,0,0,0,0,0,0,0,0,0,,0,,0.0,0.0,0.0,0,2,0,4,0,0,0,0.0,0.0,0,0,0,0,0,0,0,0,0,0,0,0,0,0,0,0,0,0,0,0,0,0,0,,,0,0,0,0,0,0,0,0,0,0,0,0,,,,0,0,0,0,0,0,0,,0,0,0,0,0,0.0,0.0
00-0037000,M.Rice,Monty Rice,LB,LB,"https://static.www.nfl.com/image/upload/f_auto,q_auto/league/rrcuqfoaipif1vrlobuz",2025,2,REG,DET,CHI,0,0,0,0,0,0,0,0,0,0,0,0,,,0,,0,0,0,0,0,0,,0,0,0,0,0,0,0,0,0,0,,0,,0.0,0.0,0.0,0,0,0,2,0,0,0,0.0,0.0,0,0,0,0,0,0,0,0,0,0,0,0,0,1,15,0,0,0,0,0,0,0,0,,,0,0,0,0,0,0,0,0,0,0,0,0,,,,0,0,0,0,0,0,0,,0,0,0,0,0,0.0,0.0
00-0037236,A.Hutchinson,Aidan Hutchinson,DE,DL,"https://static.www.nfl.com/image/upload/f_auto,q_auto/league/mnv2cpjveex9rtrkkaly",2025,2,REG,DET,CHI,0,0,0,0,0,0,0,0,0,0,0,0,,,0,,0,0,0,0,0,0,,0,0,0,0,0,0,0,0,0,0,,0,,0.0,0.0,0.0,0,1,0,1,1,5,0,1.0,5.0,1,0,0,0,0,0,0,0,0,0,0,0,0,0,0,0,0,0,0,0,0,0,0,,,0,0,0,0,0,0,0,0,0,0,0,0,,,,0,0,0,0,0,0,0,,0,0,0,0,0,0.0,0.0
00-0037240,J.Williams,Jameson Williams,WR,WR,"https://static.www.nfl.com/image/upload/f_auto,q_auto/league/gpjarmglg1jhwq5wr1uu",2025,2,REG,DET,CHI,0,0,0,0,0,0,0,0,0,0,0,0,,,0,,0,0,0,0,0,0,,0,2,4,108,1,0,0,134,49,2,7.35828450077679,0,0.8059701492537313,0.14285714285714285,0.48905109489051096,0.5566214807090719,0,0,0,0,0,0,0,0.0,0.0,0,0,0,0,0,0,0,0,0,0,0,0,0,0,0,0,0,0,0,0,0,0,0,,,0,0,0,0,0,0,0,0,0,0,0,0,,,,0,0,0,0,0,0,0,,0,0,0,0,0,16.8,18.8
00-0037667,K.Joseph,Kerby Joseph,SAF,DB,"https://static.www.nfl.com/image/upload/f_auto,q_auto/league/oeybnj8im7exzevs0jkh",2025,2,REG,DET,CHI,0,0,0,0,0,0,0,0,0,0,0,0,,,0,,0,0,0,0,0,0,,0,0,0,0,0,0,0,0,0,0,,0,,0.0,0.0,0.0,0,2,0,1,0,0,0,0.0,0.0,0,1,0,1,0,0,0,0,0,0,0,0,0,0,0,0,0,0,0,0,0,0,0,,,0,0,0,0,0,0,0,0,0,0,0,0,,,,0,0,0,0,0,0,0,,0,0,0,0,0,0.0,0.0
00-0038896,J.Saylors,Jacob Saylors,RB,RB,,2025,2,REG,DET,CHI,0,0,0,0,0,0,0,0,0,0,0,0,,,0,,0,0,0,0,0,0,,0,0,0,0,0,0,0,0,0,0,,0,,0.0,0.0,0.0,0,1,0,1,0,0,0,0.0,0.0,0,0,0,0,0,0,0,0,0,0,0,0,0,0,0,0,0,0,0,0,0,0,0,,,0,0,0,0,0,0,0,0,0,0,0,0,,,,0,0,0,0,0,0,0,,0,0,0,0,0,0.0,0.0
00-0039018,J.Campbell,Jack Campbell,LB,LB,"https://static.www.nfl.com/image/upload/f_auto,q_auto/league/mmmtiej4dp5nt7giycwy",2025,2,REG,DET,CHI,0,0,0,0,0,0,0,0,0,0,0,0,,,0,,0,0,0,0,0,0,,0,0,0,0,0,0,0,0,0,0,,0,,0.0,0.0,0.0,0,4,0,4,0,0,0,0.0,0.0,0,0,0,0,0,0,0,0,0,0,1,1,0,0,0,0,0,0,0,0,0,0,0,,,0,0,0,0,0,0,0,0,0,0,0,0,,,,0,0,0,0,0,0,0,,0,0,0,0,0,0.0,0.0
00-0039065,S.LaPorta,Sam LaPorta,TE,TE,"https://static.www.nfl.com/image/upload/f_auto,q_auto/league/qfcy3taaoage00rrl0cc",2025,2,REG,DET,CHI,0,0,0,0,0,0,0,0,0,0,0,0,,,0,,0,0,0,0,0,0,,0,3,4,26,0,0,0,18,17,1,-0.21826253380277194,0,1.4444444444444444,0.14285714285714285,0.06569343065693431,0.26027111574556827,0,0,0,0,0,0,0,0.0,0.0,0,0,0,0,0,0,0,0,0,0,0,0,0,0,0,0,0,0,0,0,0,0,0,,,0,0,0,0,0,0,0,0,0,0,0,0,,,,0,0,0,0,0,0,0,,0,0,0,0,0,2.6,5.6
00-0039139,J.Gibbs,Jahmyr Gibbs,RB,RB,"https://static.www.nfl.com/image/upload/f_auto,q_auto/league/hjxk3judytgsxkqiilre",2025,2,REG,DET,CHI,0,0,0,0,0,0,0,0,0,0,0,0,,,0,,12,94,1,0,0,5,2.1712606012879405,0,3,3,10,0,0,0,-3,13,1,-0.5994873765739612,0,-3.3333333333333335,0.10714285714285714,-0.010948905109489052,0.15305005213764336,0,0,0,0,0,0,0,0.0,0.0,0,0,0,0,0,0,0,0,0,0,0,0,0,0,0,0,0,0,0,0,0,0,0,,,0,0,0,0,0,0,0,0,0,0,0,0,,,,0,0,0,0,0,0,0,,0,0,0,0,0,16.4,19.4
00-0039141,B.Branch,Brian Branch,SAF,DB,"https://static.www.nfl.com/image/upload/f_auto,q_auto/league/zcri8hzscyasi2nhjdlk",2025,2,REG,DET,CHI,0,0,0,0,0,0,0,0,0,0,0,0,,,0,,0,0,0,0,0,0,,0,0,0,0,0,0,0,0,0,0,,0,,0.0,0.0,0.0,0,5,1,0,2,8,1,1.0,7.0,1,0,0,1,0,0,0,0,0,0,0,0,0,1,13,0,0,0,0,0,0,0,0,,,0,0,0,0,0,0,0,0,0,0,0,0,,,,0,0,0,0,0,0,0,,0,0,0,0,0,0.0,0.0
00-0039172,J.Bates,Jake Bates,K,SPEC,"https://static.www.nfl.com/image/upload/f_auto,q_auto/league/heh3zqyv3tqapnpnzgoj",2025,2,REG,DET,CHI,0,0,0,0,0,0,0,0,0,0,0,0,,,0,,0,0,0,0,0,0,,0,0,0,0,0,0,0,0,0,0,,0,,0.0,0.0,0.0,0,0,0,0,0,0,0,0.0,0.0,0,0,0,0,0,0,0,0,0,0,0,0,0,1,0,0,0,0,0,1,2,1,0,34.0,0.5,0,0,1,0,0,0,0,0,0,0,1,0,34,55,,34,55,0,7,7,0,0,1.0,0,0,0,0,0,0.0,0.0
00-0039396,M.Wingo,Mekhi Wingo,DT,DL,"https://static.www.nfl.com/image/upload/f_auto,q_auto/league/ckvl3i75w2bockcqkaxs",2025,2,REG,DET,CHI,0,0,0,0,0,0,0,0,0,0,0,0,,,0,,0,0,0,0,0,0,,0,0,0,0,0,0,0,0,0,0,,0,,0.0,0.0,0.0,0,1,0,0,0,0,0,0.0,0.0,0,0,0,0,0,0,0,0,0,0,0,0,0,0,0,0,0,0,0,0,0,0,0,,,0,0,0,0,0,0,0,0,0,0,0,0,,,,0,0,0,0,0,0,0,,0,0,0,0,0,0.0,0.0
00-0039903,T.Arnold,Terrion Arnold,CB,DB,"https://static.www.nfl.com/image/upload/f_auto,q_auto/league/h3rbtalyoblh2szat9qc",2025,2,REG,DET,CHI,0,0,0,0,0,0,0,0,0,0,0,0,,,0,,0,0,0,0,0,0,,0,0,0,0,0,0,0,0,0,0,,0,,0.0,0.0,0.0,0,6,0,0,0,0,0,0.0,0.0,0,0,0,1,0,0,0,0,0,0,0,0,0,0,0,0,0,0,0,0,0,0,0,,,0,0,0,0,0,0,0,0,0,0,0,0,,,,0,0,0,0,0,0,0,,0,0,0,0,0,0.0,0.0
00-0040669,I.TeSlaa,Isaac TeSlaa,WR,WR,"https://static.www.nfl.com/image/upload/f_auto,q_auto/league/wa4sruqazyqobmepi6vi",2025,2,REG,DET,CHI,0,0,0,0,0,0,0,0,0,0,0,0,,,0,,0,0,0,0,0,0,,0,1,1,29,0,0,0,27,2,1,0.8395064153010026,0,1.0740740740740742,0.03571428571428571,0.09854014598540146,0.12254953076120959,0,0,0,0,0,0,0,0.0,0.0,0,0,0,0,0,0,0,0,0,0,0,0,0,0,0,0,0,0,0,0,0,0,0,,,0,0,0,0,0,0,0,0,0,0,0,0,,,,0,0,0,0,0,0,0,,0,0,0,0,0,2.9000000000000004,3.9000000000000004
00-0040672,T.Williams,Tyleik Williams,DT,DL,"https://static.www.nfl.com/image/upload/f_auto,q_auto/league/emppyzljgfew4i1qmdhb",2025,2,REG,DET,CHI,0,0,0,0,0,0,0,0,0,0,0,0,,,0,,0,0,0,0,0,0,,0,0,0,0,0,0,0,0,0,0,,0,,0.0,0.0,0.0,0,0,0,0,0,0,0,0.0,0.0,0,0,0,2,0,0,0,0,0,0,0,0,0,0,0,0,0,0,0,0,0,0,0,,,0,0,0,0,0,0,0,0,0,0,0,0,,,,0,0,0,0,0,0,0,,0,0,0,0,0,0.0,0.0
00-0032424,D.Reader,DJ Reader,DE,DL,"https://static.www.nfl.com/image/upload/f_auto,q_auto/league/gbbbyrh2pgibo9w8ahd6",2025,3,REG,DET,BAL,0,0,0,0,0,0,0,0,0,0,0,0,,,0,,0,0,0,0,0,0,,0,0,0,0,0,0,0,0,0,0,,0,,0.0,0.0,0.0,0,1,0,0,0,0,0,0.0,0.0,0,0,0,0,0,0,0,0,0,0,0,0,0,0,0,0,0,0,0,0,0,0,0,,,0,0,0,0,0,0,0,0,0,0,0,0,,,,0,0,0,0,0,0,0,,0,0,0,0,0,0.0,0.0
00-0032464,K.Raymond,Kalif Raymond,WR,WR,"https://static.www.nfl.com/image/upload/f_auto,q_auto/league/e5z8bskwg89hqtsjwwgj",2025,3,REG,DET,BAL,0,0,0,0,0,0,0,0,0,0,0,0,,,0,,0,0,0,0,0,0,,0,1,2,4,0,0,0,9,0,0,-1.4011666997685097,0,0.4444444444444444,0.07692307692307693,0.04265402843601896,0.14524243528982866,0,0,0,0,0,0,0,0.0,0.0,0,0,0,0,0,0,0,0,0,0,0,0,0,0,0,1,0,1,30,0,0,0,0,,,0,0,0,0,0,0,0,0,0,0,0,0,,,,0,0,0,0,0,0,0,,0,0,0,0,0,0.4,1.4
00-0033106,J.Goff,Jared Goff,QB,QB,"https://static.www.nfl.com/image/upload/f_auto,q_auto/league/yggfwr4ak4po9byj0qor",2025,3,REG,DET,BAL,20,28,202,1,0,0,0,0,0,211,69,11,14.249866356456977,11.7947056889534,0,0.957345971563981,4,6,0,1,0,2,-2.7981947184889577,0,0,0,0,0,0,0,0,0,0,,0,,0.0,0.0,0.0,0,0,0,0,0,0,0,0.0,0.0,0,0,0,0,0,0,0,0,0,1,0,0,0,0,0,0,0,0,0,0,0,0,0,,,0,0,0,0,0,0,0,0,0,0,0,0,,,,0,0,0,0,0,0,0,,0,0,0,0,0,12.68,12.68
00-0033547,Z.Cunningham,Zach Cunningham,ILB,LB,"https://static.www.nfl.com/image/upload/f_auto,q_auto/league/gxugy1m0xlxbyk8dv5rr",2025,3,REG,DET,BAL,0,0,0,0,0,0,0,0,0,0,0,0,,,0,,0,0,0,0,0,0,,0,0,0,0,0,0,0,0,0,0,,0,,0.0,0.0,0.0,0,2,0,0,1,1,0,0.0,0.0,0,0,0,0,0,0,0,0,0,0,0,0,0,0,0,0,0,0,0,0,0,0,0,,,0,0,0,0,0,0,0,0,0,0,0,0,,,,0,0,0,0,0,0,0,,0,0,0,0,0,0.0,0.0
00-0033595,P.O'Connor,Pat O'Connor,DE,DL,"https://static.www.nfl.com/image/upload/f_auto,q_auto/league/hlyhbl1hpgksy8swksa8",2025,3,REG,DET,BAL,0,0,0,0,0,0,0,0,0,0,0,0,,,0,,0,0,0,0,0,0,,0,0,0,0,0,0,0,0,0,0,,0,,0.0,0.0,0.0,0,0,0,1,0,0,0,0.0,0.0,0,0,0,0,0,0,0,0,0,0,0,0,0,0,0,0,0,0,0,0,0,0,0,,,0,0,0,0,0,0,0,0,0,0,0,0,,,,0,0,0,0,0,0,0,,0,0,0,0,0,0.0,0.0
00-0033914,A.Anzalone,Alex Anzalone,MLB,LB,"https://static.www.nfl.com/image/upload/f_auto,q_auto/league/gbqizpfxe7nsijlw4gwv",2025,3,REG,DET,BAL,0,0,0,0,0,0,0,0,0,0,0,0,,,0,,0,0,0,0,0,0,,0,0,0,0,0,0,0,0,0,0,,0,,0.0,0.0,0.0,0,1,0,3,0,0,0,0.5,8.0,1,0,0,0,0,0,0,0,0,0,0,0,0,0,0,0,0,0,0,0,0,0,0,,,0,0,0,0,0,0,0,0,0,0,0,0,,,,0,0,0,0,0,0,0,,0,0,0,0,0,0.0,0.0
00-0033964,A.Muhammad,Al-Quadin Muhammad,DE,DL,"https://static.www.nfl.com/image/upload/f_auto,q_auto/league/lmpiwh2pphphimm6bnxq",2025,3,REG,DET,BAL,0,0,0,0,0,0,0,0,0,0,0,0,,,0,,0,0,0,0,0,0,,0,0,0,0,0,0,0,0,0,0,,0,,0.0,0.0,0.0,0,3,0,1,2,11,0,2.5,19.0,3,0,0,0,0,0,0,0,0,0,0,0,0,0,0,0,0,0,0,0,0,0,0,,,0,0,0,0,0,0,0,0,0,0,0,0,,,,0,0,0,0,0,0,0,,0,0,0,0,0,0.0,0.0
00-0034384,D.Reed,D.J. Reed,CB,DB,"https://static.www.nfl.com/image/upload/f_auto,q_auto/league/haxt1fpxhgnobin0d5sx",2025,3,REG,DET,BAL,0,0,0,0,0,0,0,0,0,0,0,0,,,0,,0,0,0,0,0,0,,0,0,0,0,0,0,0,0,0,0,,0,,0.0,0.0,0.0,0,2,0,0,0,0,0,0.0,0.0,0,0,0,1,0,0,0,0,0,0,1,1,0,1,1,0,0,0,0,0,0,0,0,,,0,0,0,0,0,0,0,0,0,0,0,0,,,,0,0,0,0,0,0,0,,0,0,0,0,0,0.0,0.0
00-0035156,J.Fox,Jack Fox,P,SPEC,"https://static.www.nfl.com/image/upload/f_auto,q_auto/league/oxbywegffnm7lrwl2map",2025,3,REG,DET,BAL,0,0,0,0,0,0,0,0,0,0,0,0,,,0,,0,0,0,0,0,0,,0,0,0,0,0,0,0,0,0,0,,0,,0.0,0.0,0.0,0,0,0,0,0,0,0,0.0,0.0,0,0,0,0,0,0,0,0,0,0,0,0,0,0,0,0,0,0,0,0,0,0,0,,,0,0,0,0,0,0,0,0,0,0,0,0,,,,0,0,0,0,0,0,0,,0,0,0,0,0,0.0,0.0
00-0035637,R.Ya-Sin,Rock Ya-Sin,CB,DB,"https://static.www.nfl.com/image/upload/f_auto,q_auto/league/ezahxzran7e2ohnmtndh",2025,3,REG,DET,BAL,0,0,0,0,0,0,0,0,0,0,0,0,,,0,,0,0,0,0,0,0,,0,0,0,0,0,0,0,0,0,0,,0,,0.0,0.0,0.0,0,1,0,1,0,0,0,0.0,0.0,0,0,0,0,0,0,0,0,0,0,0,0,0,0,0,0,0,0,0,0,0,0,0,,,0,0,0,0,0,0,0,0,0,0,0,0,,,,0,0,0,0,0,0,0,,0,0,0,0,0,0.0,0.0
00-0035685,D.Montgomery,David Montgomery,RB,RB,"https://static.www.nfl.com/image/upload/f_auto,q_auto/league/xeb6fq4zimgkksq7uari",2025,3,REG,DET,BAL,0,0,0,0,0,0,0,0,0,0,0,0,,,0,,12,151,2,0,0,6,11.06655875328579,0,1,1,13,0,0,0,4,9,1,0.8287998861633241,0,3.25,0.038461538461538464,0.018957345971563982,0.07096244987240248,0,0,0,0,0,0,0,0.0,0.0,0,0,0,0,0,0,0,0,0,0,0,0,0,0,0,0,0,0,0,0,0,0,0,,,0,0,0,0,0,0,0,0,0,0,0,0,,,,0,0,0,0,0,0,0,,0,0,0,0,0,28.400000000000002,29.400000000000002
00-0036124,K.Dorsey,Khalil Dorsey,CB,DB,"https://static.www.nfl.com/image/upload/f_auto,q_auto/league/wmeizkmh4vdsbkf4uclw",2025,3,REG,DET,BAL,0,0,0,0,0,0,0,0,0,0,0,0,,,0,,0,0,0,0,0,0,,0,0,0,0,0,0,0,0,0,0,,0,,0.0,0.0,0.0,0,1,0,0,0,0,0,0.0,0.0,0,0,0,0,0,0,0,0,0,0,0,0,0,0,0,0,0,0,0,0,0,0,0,,,0,0,0,0,0,0,0,0,0,0,0,0,,,,0,0,0,0,0,0,0,,0,0,0,0,0,0.0,0.0
00-0036306,D.Thomas,Daniel Thomas,SAF,DB,"https://static.www.nfl.com/image/upload/f_auto,q_auto/league/qbw8gam5wiinqegq213p",2025,3,REG,DET,BAL,0,0,0,0,0,0,0,0,0,0,0,0,,,0,,0,0,0,0,0,0,,0,0,0,0,0,0,0,0,0,0,,0,,0.0,0.0,0.0,0,0,0,1,0,0,0,0.0,0.0,0,0,0,0,0,0,0,0,0,0,0,0,0,0,0,0,0,0,0,0,0,0,0,,,0,0,0,0,0,0,0,0,0,0,0,0,,,,0,0,0,0,0,0,0,,0,0,0,0,0,0.0,0.0
00-0036375,A.Robertson,Amik Robertson,CB,DB,"https://static.www.nfl.com/image/upload/f_auto,q_auto/league/htqmihuu8sds0x3qre8g",2025,3,REG,DET,BAL,0,0,0,0,0,0,0,0,0,0,0,0,,,0,,0,0,0,0,0,0,,0,0,0,0,0,0,0,0,0,0,,0,,0.0,0.0,0.0,0,2,0,0,0,0,0,0.0,0.0,0,0,0,0,0,0,0,0,0,0,0,0,0,0,0,0,0,0,0,0,0,0,0,,,0,0,0,0,0,0,0,0,0,0,0,0,,,,0,0,0,0,0,0,0,,0,0,0,0,0,0.0,0.0
00-0036568,R.Lopez,Roy Lopez,DT,DL,"https://static.www.nfl.com/image/upload/f_auto,q_auto/league/i4a37cibk9pwjjgq4rla",2025,3,REG,DET,BAL,0,0,0,0,0,0,0,0,0,0,0,0,,,0,,0,0,0,0,0,0,,0,0,0,0,0,0,0,0,0,0,,0,,0.0,0.0,0.0,0,0,0,0,0,0,0,0.0,0.0,0,0,0,0,0,0,0,0,0,0,0,0,0,1,6,0,0,0,0,0,0,0,0,,,0,0,0,0,0,0,0,0,0,0,0,0,,,,0,0,0,0,0,0,0,,0,0,0,0,0,0.0,0.0
00-0036672,G.Stuard,Grant Stuard,LB,LB,"https://static.www.nfl.com/image/upload/f_auto,q_auto/league/ws9nh7wahkmhwqnpi7zv",2025,3,REG,DET,BAL,0,0,0,0,0,0,0,0,0,0,0,0,,,0,,0,0,0,0,0,0,,0,0,0,0,0,0,0,0,0,0,,0,,0.0,0.0,0.0,0,0,0,1,0,0,0,0.0,0.0,0,0,0,0,0,0,0,0,0,0,0,0,0,1,10,0,0,0,0,0,0,0,0,,,0,0,0,0,0,0,0,0,0,0,0,0,,,,0,0,0,0,0,0,0,,0,0,0,0,0,0.0,0.0
00-0036963,A.St. Brown,Amon-Ra St. Brown,WR,WR,"https://static.www.nfl.com/image/upload/f_auto,q_auto/league/fd8nwhm6pvxfyzphzl6i",2025,3,REG,DET,BAL,0,0,0,0,0,0,0,0,0,0,0,0,,,0,,0,0,0,0,0,0,,0,7,8,77,1,0,0,79,13,5,8.737624598029651,0,0.9746835443037974,0.3076923076923077,0.3744075829383886,0.7236237695953336,0,0,0,0,0,0,0,0.0,0.0,0,0,0,0,0,0,0,0,0,0,0,0,0,0,0,0,0,0,0,0,0,0,0,,,0,0,0,0,0,0,0,0,0,0,0,0,,,,0,0,0,0,0,0,0,,0,0,0,0,0,13.7,20.7
00-0036964,D.Barnes,Derrick Barnes,LB,LB,"https://static.www.nfl.com/image/upload/f_auto,q_auto/league/jksvb5xfttcodlgvlyjo",2025,3,REG,DET,BAL,0,0,0,0,0,0,0,0,0,0,0,0,,,0,,0,0,0,0,0,0,,0,0,0,0,0,0,0,0,0,0,,0,,0.0,0.0,0.0,0,4,0,3,0,0,0,1.0,0.0,1,0,0,0,0,0,0,0,0,0,0,0,0,0,0,0,0,0,0,0,0,0,0,,,0,0,0,0,0,0,0,0,0,0,0,0,,,,0,0,0,0,0,0,0,,0,0,0,0,0,0.0,0.0
00-0037236,A.Hutchinson,Aidan Hutchinson,DE,DL,"https://static.www.nfl.com/image/upload/f_auto,q_auto/league/mnv2cpjveex9rtrkkaly",2025,3,REG,DET,BAL,0,0,0,0,0,0,0,0,0,0,0,0,,,0,,0,0,0,0,0,0,,0,0,0,0,0,0,0,0,0,0,,0,,0.0,0.0,0.0,0,2,0,0,1,6,1,1.0,6.0,1,0,0,0,0,0,0,0,0,0,0,0,0,1,5,0,0,0,0,0,0,0,0,,,0,0,0,0,0,0,0,0,0,0,0,0,,,,0,0,0,0,0,0,0,,0,0,0,0,0,0.0,0.0
00-0037240,J.Williams,Jameson Williams,WR,WR,"https://static.www.nfl.com/image/upload/f_auto,q_auto/league/gpjarmglg1jhwq5wr1uu",2025,3,REG,DET,BAL,0,0,0,0,0,0,0,0,0,0,0,0,,,0,,0,0,0,0,0,0,,0,2,3,43,0,0,0,54,4,2,4.47678966447711,0,0.7962962962962963,0.11538461538461539,0.2559241706161137,0.35222384250820266,0,0,0,0,0,0,0,0.0,0.0,0,0,0,0,0,0,0,0,0,0,0,0,0,0,0,0,0,0,0,0,0,0,0,,,0,0,0,0,0,0,0,0,0,0,0,0,,,,0,0,0,0,0,0,0,,0,0,0,0,0,4.3,6.3
00-0037667,K.Joseph,Kerby Joseph,SAF,DB,"https://static.www.nfl.com/image/upload/f_auto,q_auto/league/oeybnj8im7exzevs0jkh",2025,3,REG,DET,BAL,0,0,0,0,0,0,0,0,0,0,0,0,,,0,,0,0,0,0,0,0,,0,0,0,0,0,0,0,0,0,0,,0,,0.0,0.0,0.0,0,3,0,0,0,0,0,0.0,0.0,0,0,0,0,0,0,0,0,0,0,0,0,0,0,0,0,0,0,0,0,0,0,0,,,0,0,0,0,0,0,0,0,0,0,0,0,,,,0,0,0,0,0,0,0,,0,0,0,0,0,0.0,0.0
00-0038660,T.Nowaske,Trevor Nowaske,LB,LB,"https://static.www.nfl.com/image/upload/f_auto,q_auto/league/kwj6mthtdunxiwdcogz2",2025,3,REG,DET,BAL,0,0,0,0,0,0,0,0,0,0,0,0,,,0,,0,0,0,0,0,0,,0,0,0,0,0,0,0,0,0,0,,0,,0.0,0.0,0.0,0,1,0,1,1,4,0,1.0,4.0,1,0,0,0,0,0,0,0,0,0,0,0,0,0,0,0,0,0,0,0,0,0,0,,,0,0,0,0,0,0,0,0,0,0,0,0,,,,0,0,0,0,0,0,0,,0,0,0,0,0,0.0,0.0
00-0038896,J.Saylors,Jacob Saylors,RB,RB,,2025,3,REG,DET,BAL,0,0,0,0,0,0,0,0,0,0,0,0,,,0,,0,0,0,0,0,0,,0,0,0,0,0,0,0,0,0,0,,0,,0.0,0.0,0.0,0,0,0,0,0,0,0,0.0,0.0,0,0,0,0,0,0,0,0,0,0,0,0,0,0,0,0,0,3,80,0,0,0,0,,,0,0,0,0,0,0,0,0,0,0,0,0,,,,0,0,0,0,0,0,0,,0,0,0,0,0,0.0,0.0
00-0038940,T.Lacy,Tyler Lacy,DE,DL,"https://static.www.nfl.com/image/upload/f_auto,q_auto/league/t11eflx8jvobxmnssg22",2025,3,REG,DET,BAL,0,0,0,0,0,0,0,0,0,0,0,0,,,0,,0,0,0,0,0,0,,0,0,0,0,0,0,0,0,0,0,,0,,0.0,0.0,0.0,0,1,0,0,0,0,0,0.0,0.0,0,0,0,0,0,0,0,0,0,0,0,0,0,0,0,0,0,0,0,0,0,0,0,,,0,0,0,0,0,0,0,0,0,0,0,0,,,,0,0,0,0,0,0,0,,0,0,0,0,0,0.0,0.0
00-0039018,J.Campbell,Jack Campbell,LB,LB,"https://static.www.nfl.com/image/upload/f_auto,q_auto/league/mmmtiej4dp5nt7giycwy",2025,3,REG,DET,BAL,0,0,0,0,0,0,0,0,0,0,0,0,,,0,,0,0,0,0,0,0,,0,0,0,0,0,0,0,0,0,0,,0,,0.0,0.0,0.0,0,8,0,0,1,18,1,1.0,18.0,0,0,0,0,0,0,0,0,0,0,0,0,0,0,0,0,0,0,0,0,0,0,0,,,0,0,0,0,0,0,0,0,0,0,0,0,,,,0,0,0,0,0,0,0,,0,0,0,0,0,0.0,0.0
00-0039065,S.LaPorta,Sam LaPorta,TE,TE,"https://static.www.nfl.com/image/upload/f_auto,q_auto/league/qfcy3taaoage00rrl0cc",2025,3,REG,DET,BAL,0,0,0,0,0,0,0,0,0,0,0,0,,,0,,0,0,0,0,0,0,,0,4,4,33,0,0,0,25,8,3,4.40580303571187,0,1.32,0.15384615384615385,0.11848341232227488,0.31370761939482317,0,0,0,0,0,0,0,0.0,0.0,0,0,0,0,0,0,0,0,0,0,0,0,0,0,0,0,0,0,0,0,0,0,0,,,0,0,0,0,0,0,0,0,0,0,0,0,,,,0,0,0,0,0,0,0,,0,0,0,0,0,3.3000000000000003,7.300000000000001
00-0039139,J.Gibbs,Jahmyr Gibbs,RB,RB,"https://static.www.nfl.com/image/upload/f_auto,q_auto/league/hjxk3judytgsxkqiilre",2025,3,REG,DET,BAL,0,0,0,0,0,0,0,0,0,0,0,0,,,0,,22,67,2,0,0,5,1.2134298910968937,0,5,6,32,0,0,0,1,35,0,-1.1025909185118508,0,32.0,0.23076923076923078,0.004739336492890996,0.3494713816988698,0,0,0,0,0,0,0,0.0,0.0,0,0,0,0,0,0,0,0,1,1,0,0,0,0,0,0,0,0,0,0,0,0,0,,,0,0,0,0,0,0,0,0,0,0,0,0,,,,0,0,0,0,0,0,0,,0,0,0,0,0,21.9,26.9
00-0039141,B.Branch,Brian Branch,SAF,DB,"https://static.www.nfl.com/image/upload/f_auto,q_auto/league/zcri8hzscyasi2nhjdlk",2025,3,REG,DET,BAL,0,0,0,0,0,0,0,0,0,0,0,0,,,0,,0,0,0,0,0,0,,0,0,0,0,0,0,0,0,0,0,,0,,0.0,0.0,0.0,0,5,0,1,0,0,0,0.0,0.0,0,0,0,1,0,0,0,0,0,0,0,0,0,1,15,0,0,0,0,0,0,0,0,,,0,0,0,0,0,0,0,0,0,0,0,0,,,,0,0,0,0,0,0,0,,0,0,0,0,0,0.0,0.0
00-0039172,J.Bates,Jake Bates,K,SPEC,"https://static.www.nfl.com/image/upload/f_auto,q_auto/league/heh3zqyv3tqapnpnzgoj",2025,3,REG,DET,BAL,0,0,0,0,0,0,0,0,0,0,0,0,,,0,,0,0,0,0,0,0,,0,0,0,0,0,0,0,0,0,0,,0,,0.0,0.0,0.0,0,1,0,0,0,0,0,0.0,0.0,0,0,0,0,0,0,0,0,0,0,0,0,0,1,0,0,0,0,0,1,2,1,0,45.0,0.5,0,0,0,1,0,0,0,0,0,0,0,1,45,67,,45,67,0,5,5,0,0,1.0,0,0,0,0,0,0.0,0.0
00-0039364,S.Vaki,Sione Vaki,RB,RB,"https://static.www.nfl.com/image/upload/f_auto,q_auto/league/jfy4vewdyadb6n1xj2ao",2025,3,REG,DET,BAL,0,0,0,0,0,0,0,0,0,0,0,0,,,0,,0,0,0,0,0,0,,0,0,0,0,0,0,0,0,0,0,,0,,0.0,0.0,0.0,0,1,0,0,0,0,0,0.0,0.0,0,0,0,0,0,0,0,0,0,0,0,0,0,0,0,0,0,0,0,0,0,0,0,,,0,0,0,0,0,0,0,0,0,0,0,0,,,,0,0,0,0,0,0,0,,0,0,0,0,0,0.0,0.0
00-0039408,C.Mahogany,Christian Mahogany,G,OL,"https://static.www.nfl.com/image/upload/f_auto,q_auto/league/lsxh6dh5fkomkwvfjlwi",2025,3,REG,DET,BAL,0,0,0,0,0,0,0,0,0,0,0,0,,,0,,0,0,0,0,0,0,,0,0,0,0,0,0,0,0,0,0,,0,,0.0,0.0,0.0,0,0,0,0,0,0,0,0.0,0.0,0,0,0,0,0,0,0,0,0,0,0,0,0,1,15,0,0,0,0,0,0,0,0,,,0,0,0,0,0,0,0,0,0,0,0,0,,,,0,0,0,0,0,0,0,,0,0,0,0,0,0.0,0.0
00-0039903,T.Arnold,Terrion Arnold,CB,DB,"https://static.www.nfl.com/image/upload/f_auto,q_auto/league/h3rbtalyoblh2szat9qc",2025,3,REG,DET,BAL,0,0,0,0,0,0,0,0,0,0,0,0,,,0,,0,0,0,0,0,0,,0,0,0,0,0,0,0,0,0,0,,0,,0.0,0.0,0.0,0,2,0,1,0,0,0,0.0,0.0,0,0,0,0,0,0,0,0,0,0,0,0,0,1,16,0,0,0,0,0,0,0,0,,,0,0,0,0,0,0,0,0,0,0,0,0,,,,0,0,0,0,0,0,0,,0,0,0,0,0,0.0,0.0
00-0040669,I.TeSlaa,Isaac TeSlaa,WR,WR,"https://static.www.nfl.com/image/upload/f_auto,q_auto/league/wa4sruqazyqobmepi6vi",2025,3,REG,DET,BAL,0,0,0,0,0,0,0,0,0,0,0,0,,,0,,0,0,0,0,0,0,,0,0,2,0,0,0,0,31,0,0,-1.185119681242878,0,0.0,0.07692307692307693,0.14691943127962084,0.21822821728034997,0,0,0,0,0,0,0,0.0,0.0,0,0,0,0,0,0,0,0,0,0,0,0,0,0,0,0,0,0,0,0,0,0,0,,,0,0,0,0,0,0,0,0,0,0,0,0,,,,0,0,0,0,0,0,0,,0,0,0,0,0,0.0,0.0
