player_id,player_name,player_display_name,position,position_group,headshot_url,season,week,season_type,team,opponent_team,completions,attempts,passing_yards,passing_tds,passing_interceptions,sacks_suffered,sack_yards_lost,sack_fumbles,sack_fumbles_lost,passing_air_yards,passing_yards_after_catch,passing_first_downs,passing_epa,passing_cpoe,passing_2pt_conversions,pacr,carries,rushing_yards,rushing_tds,rushing_fumbles,rushing_fumbles_lost,rushing_first_downs,rushing_epa,rushing_2pt_conversions,receptions,targets,receiving_yards,receiving_tds,receiving_fumbles,receiving_fumbles_lost,receiving_air_yards,receiving_yards_after_catch,receiving_first_downs,receiving_epa,receiving_2pt_conversions,racr,target_share,air_yards_share,wopr,special_teams_tds,def_tackles_solo,def_tackles_with_assist,def_tackle_assists,def_tackles_for_loss,def_tackles_for_loss_yards,def_fumbles_forced,def_sacks,def_sack_yards,def_qb_hits,def_interceptions,def_interception_yards,def_pass_defended,def_tds,def_fumbles,def_safeties,misc_yards,fumble_recovery_own,fumble_recovery_yards_own,fumble_recovery_opp,fumble_recovery_yards_opp,fumble_recovery_tds,penalties,penalty_yards,punt_returns,punt_return_yards,kickoff_returns,kickoff_return_yards,fg_made,fg_att,fg_missed,fg_blocked,fg_long,fg_pct,fg_made_0_19,fg_made_20_29,fg_made_30_39,fg_made_40_49,fg_made_50_59,fg_made_60_,fg_missed_0_19,fg_missed_20_29,fg_missed_30_39,fg_missed_40_49,fg_missed_50_59,fg_missed_60_,fg_made_list,fg_missed_list,fg_blocked_list,fg_made_distance,fg_missed_distance,fg_blocked_distance,pat_made,pat_att,pat_missed,pat_blocked,pat_pct,gwfg_made,gwfg_att,gwfg_missed,gwfg_blocked,gwfg_distance,fantasy_points,fantasy_points_ppr
00-0031588,S.Diggs,Stefon Diggs,WR,WR,"https://static.www.nfl.com/image/upload/f_auto,q_auto/league/cemcexmscsarpvwhafln",2025,1,REG,NE,LV,0,0,0,0,0,0,0,0,0,0,0,0,,,0,,0,0,0,0,0,0,,0,6,7,57,0,0,0,61,19,3,0.6449347106691947,0,0.9344262295081968,0.15555555555555556,0.17280453257790368,0.3542965061378659,0,1,0,0,0,0,0,0.0,0.0,0,0,0,0,0,0,0,0,0,0,0,0,0,0,0,0,0,0,0,0,0,0,0,,,0,0,0,0,0,0,0,0,0,0,0,0,,,,0,0,0,0,0,0,0,,0,0,0,0,0,5.7,11.7
00-0032392,A.Hooper,Austin Hooper,TE,TE,"https://static.www.nfl.com/image/upload/f_auto,q_auto/league/gfvav2gybtr174ckovpk",2025,1,REG,NE,LV,0,0,0,0,0,0,0,0,0,0,0,0,,,0,,0,0,0,0,0,0,,0,1,1,10,0,0,0,3,7,1,0.8265560761210509,0,3.3333333333333335,0.022222222222222223,0.0084985835694051,0.0392823418319169,0,0,0,0,0,0,0,0.0,0.0,0,0,0,0,0,0,0,0,0,0,0,0,0,1,10,0,0,0,0,0,0,0,0,,,0,0,0,0,0,0,0,0,0,0,0,0,,,,0,0,0,0,0,0,0,,0,0,0,0,0,1.0,2.0
00-0033090,H.Henry,Hunter Henry,TE,TE,"https://static.www.nfl.com/image/upload/f_auto,q_auto/league/l0fsrutz9fwbohx10lcf",2025,1,REG,NE,LV,0,0,0,0,0,0,0,0,0,0,0,0,,,0,,0,0,0,0,0,0,,0,4,8,66,0,0,0,117,19,3,2.938989326969022,0,0.5641025641025641,0.17777777777777778,0.3314447592067989,0.4986779981114259,0,0,0,0,0,0,0,0.0,0.0,0,0,0,0,0,0,0,0,0,0,0,0,0,0,0,0,0,0,0,0,0,0,0,,,0,0,0,0,0,0,0,0,0,0,0,0,,,,0,0,0,0,0,0,0,,0,0,0,0,0,6.6000000000000005,10.600000000000001
00-0033555,M.Hollins,Mack Hollins,WR,WR,"https://static.www.nfl.com/image/upload/f_auto,q_auto/league/qbz7whjzsittudcecezw",2025,1,REG,NE,LV,0,0,0,0,0,0,0,0,0,0,0,0,,,0,,0,0,0,0,0,0,,0,1,2,3,0,0,0,13,0,1,0.9462303819600493,0,0.23076923076923078,0.044444444444444446,0.036827195467422094,0.09244570349386214,0,0,0,0,0,0,0,0.0,0.0,0,0,0,0,0,0,0,0,0,0,0,0,0,0,0,0,0,0,0,0,0,0,0,,,0,0,0,0,0,0,0,0,0,0,0,0,,,,0,0,0,0,0,0,0,,0,0,0,0,0,0.30000000000000004,1.3
00-0034720,R.Spillane,Robert Spillane,LB,LB,"https://static.www.nfl.com/image/upload/f_auto,q_auto/league/jt2r3dnb8dmywp1azotj",2025,1,REG,NE,LV,0,0,0,0,0,0,0,0,0,0,0,0,,,0,,0,0,0,0,0,0,,0,0,0,0,0,0,0,0,0,0,,0,,0.0,0.0,0.0,0,3,0,0,0,0,0,0.0,0.0,0,0,0,0,0,0,0,0,0,0,0,0,0,0,0,0,0,0,0,0,0,0,0,,,0,0,0,0,0,0,0,0,0,0,0,0,,,,0,0,0,0,0,0,0,,0,0,0,0,0,0.0,0.0
00-0034778,C.Davis,Carlton Davis III,CB,DB,"https://static.www.nfl.com/image/upload/f_auto,q_auto/league/pzbrbbwgymysharir2ms",2025,1,REG,NE,LV,0,0,0,0,0,0,0,0,0,0,0,0,,,0,,0,0,0,0,0,0,,0,0,0,0,0,0,0,0,0,0,,0,,0.0,0.0,0.0,0,2,0,2,0,0,0,0.0,0.0,0,0,0,2,0,0,0,0,0,0,0,0,0,0,0,0,0,0,0,0,0,0,0,,,0,0,0,0,0,0,0,0,0,0,0,0,,,,0,0,0,0,0,0,0,,0,0,0,0,0,0.0,0.0
00-0034828,H.Landry,Harold Landry III,LB,LB,"https://static.www.nfl.com/image/upload/f_auto,q_auto/league/u4vo0zlxvsph3annhc4f",2025,1,REG,NE,LV,0,0,0,0,0,0,0,0,0,0,0,0,,,0,,0,0,0,0,0,0,,0,0,0,0,0,0,0,0,0,0,,0,,0.0,0.0,0.0,0,3,1,1,3,15,0,2.5,19.0,4,0,0,0,0,0,0,0,0,0,0,0,0,0,0,0,0,0,0,0,0,0,0,,,0,0,0,0,0,0,0,0,0,0,0,0,,,,0,0,0,0,0,0,0,,0,0,0,0,0,0.0,0.0
00-0035633,C.Ballentine,Corey Ballentine,DB,DB,"https://static.www.nfl.com/image/upload/f_auto,q_auto/league/p1pbz0j3iviqhqtltudy",2025,1,REG,NE,LV,0,0,0,0,0,0,0,0,0,0,0,0,,,0,,0,0,0,0,0,0,,0,0,0,0,0,0,0,0,0,0,,0,,0.0,0.0,0.0,0,0,0,1,0,0,0,0.0,0.0,0,0,0,0,0,0,0,0,0,0,0,0,0,0,0,0,0,0,0,0,0,0,0,,,0,0,0,0,0,0,0,0,0,0,0,0,,,,0,0,0,0,0,0,0,,0,0,0,0,0,0.0,0.0
00-0036231,K.Dugger,Kyle Dugger,SAF,DB,"https://static.www.nfl.com/image/upload/f_auto,q_auto/league/k4btc5f7s5iq16whzzmv",2025,1,REG,NE,LV,0,0,0,0,0,0,0,0,0,0,0,0,,,0,,0,0,0,0,0,0,,0,0,0,0,0,0,0,0,0,0,,0,,0.0,0.0,0.0,0,0,0,2,0,0,0,0.0,0.0,0,0,0,0,0,0,0,0,0,0,0,0,0,0,0,0,0,0,0,0,0,0,0,,,0,0,0,0,0,0,0,0,0,0,0,0,,,,0,0,0,0,0,0,0,,0,0,0,0,0,0.0,0.0
00-0036286,K.Chaisson,K'Lavon Chaisson,LB,LB,"https://static.www.nfl.com/image/upload/f_auto,q_auto/league/gc9qqj4piwlwse4spobk",2025,1,REG,NE,LV,0,0,0,0,0,0,0,0,0,0,0,0,,,0,,0,0,0,0,0,0,,0,0,0,0,0,0,0,0,0,0,,0,,0.0,0.0,0.0,0,0,0,2,0,0,0,0.5,5.0,1,0,0,0,0,0,0,0,0,0,0,0,0,0,0,0,0,0,0,0,0,0,0,,,0,0,0,0,0,0,0,0,0,0,0,0,,,,0,0,0,0,0,0,0,,0,0,0,0,0,0.0,0.0
00-0036302,J.Hawkins,Jaylinn Hawkins,SAF,DB,"https://static.www.nfl.com/image/upload/f_auto,q_auto/league/x6aoovce6sz0dxstlb4u",2025,1,REG,NE,LV,0,0,0,0,0,0,0,0,0,0,0,0,,,0,,0,0,0,0,0,0,,0,0,0,0,0,0,0,0,0,0,,0,,0.0,0.0,0.0,0,4,1,0,2,6,0,1.0,5.0,1,1,1,1,0,0,0,0,0,0,0,0,0,1,15,0,0,0,0,0,0,0,0,,,0,0,0,0,0,0,0,0,0,0,0,0,,,,0,0,0,0,0,0,0,,0,0,0,0,0,0.0,0.0
00-0036328,A.Gibson,Antonio Gibson,RB,RB,"https://static.www.nfl.com/image/upload/f_auto,q_auto/league/j7ixpkm7u4tdoqwzmbt4",2025,1,REG,NE,LV,0,0,0,0,0,0,0,0,0,0,0,0,,,0,,1,3,0,0,0,0,-0.31753700505942106,0,0,1,0,0,0,0,4,0,0,-0.8428845629096031,0,0.0,0.022222222222222223,0.0113314447592068,0.04126534466477809,0,0,0,0,0,0,0,0.0,0.0,0,0,0,0,0,0,0,0,0,0,0,0,0,0,0,0,0,2,68,0,0,0,0,,,0,0,0,0,0,0,0,0,0,0,0,0,,,,0,0,0,0,0,0,0,,0,0,0,0,0,0.30000000000000004,0.30000000000000004
00-0036813,C.Elliss,Christian Elliss,LB,LB,"https://static.www.nfl.com/image/upload/f_auto,q_auto/league/g78euyfj7wtinnylus04",2025,1,REG,NE,LV,0,0,0,0,0,0,0,0,0,0,0,0,,,0,,0,0,0,0,0,0,,0,0,0,0,0,0,0,0,0,0,,0,,0.0,0.0,0.0,0,5,0,3,0,0,0,0.0,0.0,0,0,0,0,0,0,0,0,0,0,0,0,0,0,0,0,0,0,0,0,0,0,0,,,0,0,0,0,0,0,0,0,0,0,0,0,,,,0,0,0,0,0,0,0,,0,0,0,0,0,0.0,0.0
00-0036875,R.Stevenson,Rhamondre Stevenson,RB,RB,"https://static.www.nfl.com/image/upload/f_auto,q_auto/league/ed09migntlyy8ntgvcu1",2025,1,REG,NE,LV,0,0,0,0,0,0,0,0,0,0,0,0,,,0,,7,15,0,0,0,1,-3.1011823738808744,0,2,3,12,0,0,0,3,14,0,-0.473093617008999,0,4.0,0.06666666666666667,0.0084985835694051,0.10594900849858357,0,0,0,0,0,0,0,0.0,0.0,0,0,0,0,0,0,0,0,0,0,0,0,0,0,0,0,0,0,0,0,0,0,0,,,0,0,0,0,0,0,0,0,0,0,0,0,,,,0,0,0,0,0,0,0,,0,0,0,0,0,2.7,4.7
00-0036909,K.Tonga,Khyiris Tonga,DT,DL,"https://static.www.nfl.com/image/upload/f_auto,q_auto/league/sd2nd0xkekkuf2hrlcjq",2025,1,REG,NE,LV,0,0,0,0,0,0,0,0,0,0,0,0,,,0,,0,0,0,0,0,0,,0,0,0,0,0,0,0,0,0,0,,0,,0.0,0.0,0.0,0,2,0,1,0,0,0,0.0,0.0,1,0,0,0,0,0,0,0,0,0,0,0,0,0,0,0,0,0,0,0,0,0,0,,,0,0,0,0,0,0,0,0,0,0,0,0,,,,0,0,0,0,0,0,0,,0,0,0,0,0,0.0,0.0
00-0036916,M.Williams,Milton Williams,DE,DL,"https://static.www.nfl.com/image/upload/f_auto,q_auto/league/pne778olspa9ercg4e56",2025,1,REG,NE,LV,0,0,0,0,0,0,0,0,0,0,0,0,,,0,,0,0,0,0,0,0,,0,0,0,0,0,0,0,0,0,0,,0,,0.0,0.0,0.0,0,1,0,2,1,1,0,0.0,0.0,2,0,0,0,0,0,0,0,0,0,0,0,0,0,0,0,0,0,0,0,0,0,0,,,0,0,0,0,0,0,0,0,0,0,0,0,,,,0,0,0,0,0,0,0,,0,0,0,0,0,0.0,0.0
00-0036981,C.Barmore,Christian Barmore,DT,DL,"https://static.www.nfl.com/image/upload/f_auto,q_auto/league/r2qnczxwkpqhk8is5jkv",2025,1,REG,NE,LV,0,0,0,0,0,0,0,0,0,0,0,0,,,0,,0,0,0,0,0,0,,0,0,0,0,0,0,0,0,0,0,,0,,0.0,0.0,0.0,0,1,0,4,0,0,0,0.0,0.0,0,0,0,0,0,0,0,0,0,0,0,0,0,0,0,0,0,0,0,0,0,0,0,,,0,0,0,0,0,0,0,0,0,0,0,0,,,,0,0,0,0,0,0,0,,0,0,0,0,0,0.0,0.0
00-0037253,M.Jones,Marcus Jones,CB,DB,"https://static.www.nfl.com/image/upload/f_auto,q_auto/league/bwy0az1y2vgvirna4bye",2025,1,REG,NE,LV,0,0,0,0,0,0,0,0,0,0,0,0,,,0,,0,0,0,0,0,0,,0,0,0,0,0,0,0,0,0,0,,0,,0.0,0.0,0.0,0,2,1,1,1,1,0,0.0,0.0,0,0,0,1,0,0,0,0,0,0,0,0,0,0,0,2,16,0,0,0,0,0,0,,,0,0,0,0,0,0,0,0,0,0,0,0,,,,0,0,0,0,0,0,0,,0,0,0,0,0,0.0,0.0
00-0037316,M.Robinson,Mark Robinson,LB,LB,"https://static.www.nfl.com/image/upload/f_auto,q_auto/league/l7u61ekvlhzwchpxcdbo",2025,1,REG,NE,LV,0,0,0,0,0,0,0,0,0,0,0,0,,,0,,0,0,0,0,0,0,,0,0,0,0,0,0,0,0,0,0,,0,,0.0,0.0,0.0,0,0,1,1,0,0,0,0.0,0.0,0,0,0,0,0,0,0,0,0,0,0,0,0,0,0,0,0,0,0,0,0,0,0,,,0,0,0,0,0,0,0,0,0,0,0,0,,,,0,0,0,0,0,0,0,,0,0,0,0,0,0.0,0.0
00-0037596,J.Gibbens,Jack Gibbens,LB,LB,"https://static.www.nfl.com/image/upload/f_auto,q_auto/league/yrjlzoh5qps1evqxpcks",2025,1,REG,NE,LV,0,0,0,0,0,0,0,0,0,0,0,0,,,0,,0,0,0,0,0,0,,0,0,0,0,0,0,0,0,0,0,,0,,0.0,0.0,0.0,0,1,0,1,0,0,0,0.0,0.0,0,0,0,0,0,0,0,0,0,0,0,0,0,1,10,0,0,0,0,0,0,0,0,,,0,0,0,0,0,0,0,0,0,0,0,0,,,,0,0,0,0,0,0,0,,0,0,0,0,0,0.0,0.0
00-0038608,K.Boutte,Kayshon Boutte,WR,WR,"https://static.www.nfl.com/image/upload/f_auto,q_auto/league/mg4icjqhwhnc5uobmau5",2025,1,REG,NE,LV,0,0,0,0,0,0,0,0,0,0,0,0,,,0,,0,0,0,0,0,0,,0,6,8,103,0,0,0,137,3,5,8.620189226872753,0,0.7518248175182481,0.17777777777777778,0.3881019830028329,0.5383380547686496,0,0,0,0,0,0,0,0.0,0.0,0,0,0,0,0,0,0,0,0,0,0,0,0,0,0,0,0,0,0,0,0,0,0,,,0,0,0,0,0,0,0,0,0,0,0,0,,,,0,0,0,0,0,0,0,,0,0,0,0,0,10.3,16.3
00-0038610,B.Baringer,Bryce Baringer,P,SPEC,"https://static.www.nfl.com/image/upload/f_auto,q_auto/league/chin7dbgay28deurzjbb",2025,1,REG,NE,LV,0,0,0,0,0,0,0,0,0,0,0,0,,,0,,0,0,0,0,0,0,,0,0,0,0,0,0,0,0,0,0,,0,,0.0,0.0,0.0,0,0,0,0,0,0,0,0.0,0.0,0,0,0,0,0,0,0,0,0,0,0,0,0,0,0,0,0,0,0,0,0,0,0,,,0,0,0,0,0,0,0,0,0,0,0,0,,,,0,0,0,0,0,0,0,,0,0,0,0,0,0.0,0.0
00-0038621,D.Douglas,DeMario Douglas,WR,WR,"https://static.www.nfl.com/image/upload/f_auto,q_auto/league/almsm6nmovpasu8ts9u3",2025,1,REG,NE,LV,0,0,0,0,0,0,0,0,0,0,0,0,,,0,,1,4,0,0,0,0,-0.06593208527192473,0,2,7,-2,1,0,0,22,-1,1,-3.659756919776555,0,-0.09090909090909091,0.15555555555555556,0.06232294617563739,0.27695939565627953,0,0,0,0,0,0,0,0.0,0.0,0,0,0,0,0,0,0,0,0,0,0,0,0,0,0,0,0,0,0,0,0,0,0,,,0,0,0,0,0,0,0,0,0,0,0,0,,,,0,0,0,0,0,0,0,,0,0,0,0,0,6.2,8.2
00-0038646,A.Austin,Alex Austin,CB,DB,"https://static.www.nfl.com/image/upload/f_auto,q_auto/league/vtgwc8celooprxtaqlb6",2025,1,REG,NE,LV,0,0,0,0,0,0,0,0,0,0,0,0,,,0,,0,0,0,0,0,0,,0,0,0,0,0,0,0,0,0,0,,0,,0.0,0.0,0.0,0,2,1,2,1,1,0,0.0,0.0,0,0,0,1,0,0,0,0,0,0,0,0,0,0,0,0,0,0,0,0,0,0,0,,,0,0,0,0,0,0,0,0,0,0,0,0,,,,0,0,0,0,0,0,0,,0,0,0,0,0,0.0,0.0
00-0038653,C.Durden,Cory Durden,DT,DL,"https://static.www.nfl.com/image/upload/f_auto,q_auto/league/cmvqhnml3bo9xrxsf8ll",2025,1,REG,NE,LV,0,0,0,0,0,0,0,0,0,0,0,0,,,0,,0,0,0,0,0,0,,0,0,0,0,0,0,0,0,0,0,,0,,0.0,0.0,0.0,0,0,0,1,0,0,0,0.0,0.0,0,0,0,0,0,0,0,0,0,0,0,0,0,0,0,0,0,0,0,0,0,0,0,,,0,0,0,0,0,0,0,0,0,0,0,0,,,,0,0,0,0,0,0,0,,0,0,0,0,0,0.0,0.0
00-0039054,M.Mapu,Marte Mapu,LB,LB,"https://static.www.nfl.com/image/upload/f_auto,q_auto/league/yowcsdwn6r2bh5q2fpa0",2025,1,REG,NE,LV,0,0,0,0,0,0,0,0,0,0,0,0,,,0,,0,0,0,0,0,0,,0,0,0,0,0,0,0,0,0,0,,0,,0.0,0.0,0.0,0,1,0,0,0,0,0,0.0,0.0,0,0,0,0,0,0,0,0,0,0,0,0,0,0,0,0,0,0,0,0,0,0,0,,,0,0,0,0,0,0,0,0,0,0,0,0,,,,0,0,0,0,0,0,0,,0,0,0,0,0,0.0,0.0
00-0039148,K.White,Keion White,DE,DL,"https://static.www.nfl.com/image/upload/f_auto,q_auto/league/wc065c6vu84zmrknptuk",2025,1,REG,NE,LV,0,0,0,0,0,0,0,0,0,0,0,0,,,0,,0,0,0,0,0,0,,0,0,0,0,0,0,0,0,0,0,,0,,0.0,0.0,0.0,0,0,1,1,0,0,0,0.0,0.0,0,0,0,0,0,0,0,0,0,0,0,0,0,0,0,0,0,0,0,0,0,0,0,,,0,0,0,0,0,0,0,0,0,0,0,0,,,,0,0,0,0,0,0,0,,0,0,0,0,0,0.0,0.0
00-0039692,D.Pettus,Dell Pettus,SAF,DB,"https://static.www.nfl.com/image/upload/f_auto,q_auto/league/omllcau4s0bifkgcxom1",2025,1,REG,NE,LV,0,0,0,0,0,0,0,0,0,0,0,0,,,0,,0,0,0,0,0,0,,0,0,0,0,0,0,0,0,0,0,,0,,0.0,0.0,0.0,0,1,0,1,0,0,0,0.0,0.0,0,0,0,0,0,0,0,0,0,0,0,0,0,0,0,0,0,0,0,0,0,0,0,,,0,0,0,0,0,0,0,0,0,0,0,0,,,,0,0,0,0,0,0,0,,0,0,0,0,0,0.0,0.0
00-0039800,D.James,DJ James,CB,DB,"https://static.www.nfl.com/image/upload/f_auto,q_auto/league/rqkampxsl0ukgtcf0zoi",2025,1,REG,NE,LV,0,0,0,0,0,0,0,0,0,0,0,0,,,0,,0,0,0,0,0,0,,0,0,0,0,0,0,0,0,0,0,,0,,0.0,0.0,0.0,0,1,0,0,0,0,0,0.0,0.0,0,0,0,0,0,0,0,0,0,0,0,0,0,0,0,0,0,0,0,0,0,0,0,,,0,0,0,0,0,0,0,0,0,0,0,0,,,,0,0,0,0,0,0,0,,0,0,0,0,0,0.0,0.0
00-0039851,D.Maye,Drake Maye,QB,QB,"https://static.www.nfl.com/image/upload/f_auto,q_auto/league/oyap81gtzcvnfmripis1",2025,1,REG,NE,LV,30,46,287,1,1,4,-11,1,0,353,114,15,-0.32563244291394744,2.388444874021742,0,0.8130311614730878,4,11,0,0,0,0,-1.0414035002468154,0,1,1,2,0,0,0,-8,10,0,-1.3293322010431439,0,0.0,0.022222222222222223,-0.0226628895184136,0.017469310670443813,0,0,0,0,0,0,0,0.0,0.0,0,0,0,0,0,0,0,0,0,0,0,0,0,0,0,0,0,0,0,0,0,0,0,,,0,0,0,0,0,0,0,0,0,0,0,0,,,,0,0,0,0,0,0,0,,0,0,0,0,0,14.780000000000001,15.780000000000001
00-0040131,K.Williams,Kyle Williams,WR,WR,"https://static.www.nfl.com/image/upload/f_auto,q_auto/league/bu31c2ino065kazsn541",2025,1,REG,NE,LV,0,0,0,0,0,0,0,0,0,0,0,0,,,0,,0,0,0,0,0,0,,0,1,1,12,0,0,0,12,0,1,0.7949473195185419,0,1.0,0.022222222222222223,0.0339943342776204,0.057129367327667616,0,0,0,0,0,0,0,0.0,0.0,0,0,0,0,0,0,0,0,0,0,0,0,0,0,0,0,0,0,0,0,0,0,0,,,0,0,0,0,0,0,0,0,0,0,0,0,,,,0,0,0,0,0,0,0,,0,0,0,0,0,1.2000000000000002,2.2
00-0040147,J.Wilson,Jared Wilson,G,OL,"https://static.www.nfl.com/image/upload/f_auto,q_auto/league/tzhrcjgsytozunwl3ovt",2025,1,REG,NE,LV,0,0,0,0,0,0,0,0,0,0,0,0,,,0,,0,0,0,0,0,0,,0,0,0,0,0,0,0,0,0,0,,0,,0.0,0.0,0.0,0,0,0,0,0,0,0,0.0,0.0,0,0,0,0,0,0,0,0,0,0,0,0,0,1,10,0,0,0,0,0,0,0,0,,,0,0,0,0,0,0,0,0,0,0,0,0,,,,0,0,0,0,0,0,0,,0,0,0,0,0,0.0,0.0
00-0040171,J.Farmer,Joshua Farmer,DT,DL,"https://static.www.nfl.com/image/upload/f_auto,q_auto/league/az6rfypeom5vj5xymqbw",2025,1,REG,NE,LV,0,0,0,0,0,0,0,0,0,0,0,0,,,0,,0,0,0,0,0,0,,0,0,0,0,0,0,0,0,0,0,,0,,0.0,0.0,0.0,0,0,0,1,0,0,0,0.0,0.0,0,0,0,0,0,0,0,0,0,0,0,0,0,0,0,0,0,0,0,0,0,0,0,,,0,0,0,0,0,0,0,0,0,0,0,0,,,,0,0,0,0,0,0,0,,0,0,0,0,0,0.0,0.0
00-0040200,A.Borregales,Andy Borregales,K,SPEC,"https://static.www.nfl.com/image/upload/f_auto,q_auto/league/jgxnjxhysqwqk4fgf1ke",2025,1,REG,NE,LV,0,0,0,0,0,0,0,0,0,0,0,0,,,0,,0,0,0,0,0,0,,0,0,0,0,0,0,0,0,0,0,,0,,0.0,0.0,0.0,0,0,0,0,0,0,0,0.0,0.0,0,0,0,0,0,0,0,0,0,0,0,0,0,0,0,0,0,0,0,2,3,1,0,44.0,0.6666666666666666,0,0,1,1,0,0,0,0,0,1,0,0,35;44,40,,79,40,0,1,1,0,0,1.0,0,0,0,0,0,0.0,0.0
00-0040574,E.Ponder,Elijah Ponder,LB,LB,"https://static.www.nfl.com/image/upload/f_auto,q_auto/league/pshxciepzu7pcditmb9a",2025,1,REG,NE,LV,0,0,0,0,0,0,0,0,0,0,0,0,,,0,,0,0,0,0,0,0,,0,0,0,0,0,0,0,0,0,0,,0,,0.0,0.0,0.0,0,0,0,0,0,0,0,0.0,0.0,0,0,0,0,0,0,0,0,0,0,0,0,0,1,10,0,0,0,0,0,0,0,0,,,0,0,0,0,0,0,0,0,0,0,0,0,,,,0,0,0,0,0,0,0,,0,0,0,0,0,0.0,0.0
00-0040699,W.Campbell,Will Campbell,OT,OL,"https://static.www.nfl.com/image/upload/f_auto,q_auto/league/xyzvfa0r5p4s8u16aqrh",2025,1,REG,NE,LV,0,0,0,0,0,0,0,0,0,0,0,0,,,0,,0,0,0,0,0,0,,0,0,0,0,0,0,0,0,0,0,,0,,0.0,0.0,0.0,0,0,0,0,0,0,0,0.0,0.0,0,0,0,0,0,0,0,0,1,1,0,0,0,2,10,0,0,0,0,0,0,0,0,,,0,0,0,0,0,0,0,0,0,0,0,0,,,,0,0,0,0,0,0,0,,0,0,0,0,0,0.0,0.0
00-0040716,C.Woodson,Craig Woodson,SAF,DB,"https://static.www.nfl.com/image/upload/f_auto,q_auto/league/nsfjxvef5ck9bytvti1u",2025,1,REG,NE,LV,0,0,0,0,0,0,0,0,0,0,0,0,,,0,,0,0,0,0,0,0,,0,0,0,0,0,0,0,0,0,0,,0,,0.0,0.0,0.0,0,5,0,3,2,6,0,0.0,0.0,0,0,0,0,0,0,0,0,0,0,0,0,0,0,0,0,0,0,0,0,0,0,0,,,0,0,0,0,0,0,0,0,0,0,0,0,,,,0,0,0,0,0,0,0,,0,0,0,0,0,0.0,0.0
00-0040734,T.Henderson,TreVeyon Henderson,RB,RB,"https://static.www.nfl.com/image/upload/f_auto,q_auto/league/cfcux3dnfmbmz3qzrnco",2025,1,REG,NE,LV,0,0,0,0,0,0,0,0,0,0,0,0,,,0,,5,27,0,0,0,1,0.3585352948284708,0,6,6,24,0,0,0,-19,43,0,-2.9482605492105463,0,-1.263157894736842,0.13333333333333333,-0.053824362606232294,0.16232294617563742,0,0,0,0,0,0,0,0.0,0.0,0,0,0,0,0,0,0,0,0,0,0,0,0,0,0,0,0,2,43,0,0,0,0,,,0,0,0,0,0,0,0,0,0,0,0,0,,,,0,0,0,0,0,0,0,,0,0,0,0,0,5.1000000000000005,11.100000000000001
00-0031330,M.Moses,Morgan Moses,OT,OL,"https://static.www.nfl.com/image/upload/f_auto,q_auto/league/qbq088iyxz81xdpdcnx0",2025,2,REG,NE,MIA,0,0,0,0,0,0,0,0,0,0,0,0,,,0,,0,0,0,0,0,0,,0,0,0,0,0,0,0,0,0,0,,0,,0.0,0.0,0.0,0,0,0,0,0,0,0,0.0,0.0,0,0,0,0,0,0,0,0,0,0,0,0,0,3,15,0,0,0,0,0,0,0,0,,,0,0,0,0,0,0,0,0,0,0,0,0,,,,0,0,0,0,0,0,0,,0,0,0,0,0,0.0,0.0
00-0031588,S.Diggs,Stefon Diggs,WR,WR,"https://static.www.nfl.com/image/upload/f_auto,q_auto/league/cemcexmscsarpvwhafln",2025,2,REG,NE,MIA,0,0,0,0,0,0,0,0,0,0,0,0,,,0,,0,0,0,0,0,0,,0,4,5,32,0,0,0,34,13,1,3.412578949413728,0,0.9411764705882353,0.21739130434782608,0.2537313432835821,0.5036988968202466,0,0,0,0,0,0,0,0.0,0.0,0,0,0,0,0,0,0,0,0,0,0,0,0,0,0,0,0,0,0,0,0,0,0,,,0,0,0,0,0,0,0,0,0,0,0,0,,,,0,0,0,0,0,0,0,,0,0,0,0,0,3.2,7.2
00-0032392,A.Hooper,Austin Hooper,TE,TE,"https://static.www.nfl.com/image/upload/f_auto,q_auto/league/gfvav2gybtr174ckovpk",2025,2,REG,NE,MIA,0,0,0,0,0,0,0,0,0,0,0,0,,,0,,0,0,0,0,0,0,,0,3,3,38,0,0,0,28,10,2,2.2665598301100545,0,1.3571428571428572,0.13043478260869565,0.208955223880597,0.3419208306294613,0,0,0,0,0,0,0,0.0,0.0,0,0,0,0,0,0,0,0,0,0,0,0,0,0,0,0,0,0,0,0,0,0,0,,,0,0,0,0,0,0,0,0,0,0,0,0,,,,0,0,0,0,0,0,0,,0,0,0,0,0,3.8000000000000003,6.800000000000001
00-0033090,H.Henry,Hunter Henry,TE,TE,"https://static.www.nfl.com/image/upload/f_auto,q_auto/league/l0fsrutz9fwbohx10lcf",2025,2,REG,NE,MIA,0,0,0,0,0,0,0,0,0,0,0,0,,,0,,0,0,0,0,0,0,,0,1,3,9,0,0,0,12,7,0,-1.746093156759771,0,0.75,0.13043478260869565,0.08955223880597014,0.25833874107722254,0,0,0,0,0,0,0,0.0,0.0,0,0,0,0,0,0,0,0,0,0,0,0,0,1,5,0,0,0,0,0,0,0,0,,,0,0,0,0,0,0,0,0,0,0,0,0,,,,0,0,0,0,0,0,0,,0,0,0,0,0,0.9,1.9
00-0033555,M.Hollins,Mack Hollins,WR,WR,"https://static.www.nfl.com/image/upload/f_auto,q_auto/league/qbz7whjzsittudcecezw",2025,2,REG,NE,MIA,0,0,0,0,0,0,0,0,0,0,0,0,,,0,,0,0,0,0,0,0,,0,1,2,8,1,0,0,16,0,1,1.706821727391798,0,0.5,0.08695652173913043,0.11940298507462686,0.21401687216093446,0,0,0,0,0,0,0,0.0,0.0,0,0,0,0,0,0,0,0,0,0,0,0,0,0,0,0,0,0,0,0,0,0,0,,,0,0,0,0,0,0,0,0,0,0,0,0,,,,0,0,0,0,0,0,0,,0,0,0,0,0,6.8,7.8
00-0034720,R.Spillane,Robert Spillane,LB,LB,"https://static.www.nfl.com/image/upload/f_auto,q_auto/league/jt2r3dnb8dmywp1azotj",2025,2,REG,NE,MIA,0,0,0,0,0,0,0,0,0,0,0,0,,,0,,0,0,0,0,0,0,,0,0,0,0,0,0,0,0,0,0,,0,,0.0,0.0,0.0,0,3,0,0,0,0,0,1.0,0.0,0,0,0,1,0,0,0,0,0,0,0,0,0,0,0,0,0,0,0,0,0,0,0,,,0,0,0,0,0,0,0,0,0,0,0,0,,,,0,0,0,0,0,0,0,,0,0,0,0,0,0.0,0.0
00-0034778,C.Davis,Carlton Davis III,CB,DB,"https://static.www.nfl.com/image/upload/f_auto,q_auto/league/pzbrbbwgymysharir2ms",2025,2,REG,NE,MIA,0,0,0,0,0,0,0,0,0,0,0,0,,,0,,0,0,0,0,0,0,,0,0,0,0,0,0,0,0,0,0,,0,,0.0,0.0,0.0,0,2,0,2,0,0,0,0.0,0.0,0,0,0,0,0,0,0,0,0,0,0,0,0,0,0,0,0,0,0,0,0,0,0,,,0,0,0,0,0,0,0,0,0,0,0,0,,,,0,0,0,0,0,0,0,,0,0,0,0,0,0.0,0.0
00-0034828,H.Landry,Harold Landry III,LB,LB,"https://static.www.nfl.com/image/upload/f_auto,q_auto/league/u4vo0zlxvsph3annhc4f",2025,2,REG,NE,MIA,0,0,0,0,0,0,0,0,0,0,0,0,,,0,,0,0,0,0,0,0,,0,0,0,0,0,0,0,0,0,0,,0,,0.0,0.0,0.0,0,2,0,1,1,2,0,1.0,2.0,2,0,0,0,0,0,0,0,0,0,0,0,0,1,5,0,0,0,0,0,0,0,0,,,0,0,0,0,0,0,0,0,0,0,0,0,,,,0,0,0,0,0,0,0,,0,0,0,0,0,0.0,0.0
00-0035588,G.Bradbury,Garrett Bradbury,C,OL,"https://static.www.nfl.com/image/upload/f_auto,q_auto/league/ww9iafyxzq6olacamaow",2025,2,REG,NE,MIA,0,0,0,0,0,0,0,0,0,0,0,0,,,0,,0,0,0,0,0,0,,0,0,0,0,0,0,0,0,0,0,,0,,0.0,0.0,0.0,0,0,0,0,0,0,0,0.0,0.0,0,0,0,0,0,0,0,0,0,1,0,0,0,0,0,0,0,0,0,0,0,0,0,,,0,0,0,0,0,0,0,0,0,0,0,0,,,,0,0,0,0,0,0,0,,0,0,0,0,0,0.0,0.0
00-0036193,A.Jennings,Anfernee Jennings,LB,LB,"https://static.www.nfl.com/image/upload/f_auto,q_auto/league/dzstvcdjsmn7imc1eabs",2025,2,REG,NE,MIA,0,0,0,0,0,0,0,0,0,0,0,0,,,0,,0,0,0,0,0,0,,0,0,0,0,0,0,0,0,0,0,,0,,0.0,0.0,0.0,0,1,1,1,0,0,0,0.0,0.0,0,0,0,0,0,0,0,0,0,0,0,0,0,0,0,0,0,0,0,0,0,0,0,,,0,0,0,0,0,0,0,0,0,0,0,0,,,,0,0,0,0,0,0,0,,0,0,0,0,0,0.0,0.0
00-0036231,K.Dugger,Kyle Dugger,SAF,DB,"https://static.www.nfl.com/image/upload/f_auto,q_auto/league/k4btc5f7s5iq16whzzmv",2025,2,REG,NE,MIA,0,0,0,0,0,0,0,0,0,0,0,0,,,0,,0,0,0,0,0,0,,0,0,0,0,0,0,0,0,0,0,,0,,0.0,0.0,0.0,0,3,0,1,0,0,0,0.0,0.0,0,0,0,0,0,0,0,0,0,0,0,0,0,0,0,0,0,0,0,0,0,0,0,,,0,0,0,0,0,0,0,0,0,0,0,0,,,,0,0,0,0,0,0,0,,0,0,0,0,0,0.0,0.0
00-0036286,K.Chaisson,K'Lavon Chaisson,LB,LB,"https://static.www.nfl.com/image/upload/f_auto,q_auto/league/gc9qqj4piwlwse4spobk",2025,2,REG,NE,MIA,0,0,0,0,0,0,0,0,0,0,0,0,,,0,,0,0,0,0,0,0,,0,0,0,0,0,0,0,0,0,0,,0,,0.0,0.0,0.0,0,1,0,1,1,6,0,1.0,6.0,1,0,0,0,0,0,0,0,0,0,0,0,0,0,0,0,0,0,0,0,0,0,0,,,0,0,0,0,0,0,0,0,0,0,0,0,,,,0,0,0,0,0,0,0,,0,0,0,0,0,0.0,0.0
00-0036302,J.Hawkins,Jaylinn Hawkins,SAF,DB,"https://static.www.nfl.com/image/upload/f_auto,q_auto/league/x6aoovce6sz0dxstlb4u",2025,2,REG,NE,MIA,0,0,0,0,0,0,0,0,0,0,0,0,,,0,,0,0,0,0,0,0,,0,0,0,0,0,0,0,0,0,0,,0,,0.0,0.0,0.0,0,5,0,3,0,0,0,0.0,0.0,0,0,0,0,0,0,0,0,0,0,0,0,0,1,5,0,0,0,0,0,0,0,0,,,0,0,0,0,0,0,0,0,0,0,0,0,,,,0,0,0,0,0,0,0,,0,0,0,0,0,0.0,0.0
00-0036328,A.Gibson,Antonio Gibson,RB,RB,"https://static.www.nfl.com/image/upload/f_auto,q_auto/league/j7ixpkm7u4tdoqwzmbt4",2025,2,REG,NE,MIA,0,0,0,0,0,0,0,0,0,0,0,0,,,0,,5,27,0,0,0,1,0.16461223928490654,0,1,1,1,0,0,0,-4,5,0,-0.2300106983166188,0,-0.25,0.043478260869565216,-0.029850746268656716,0.04432186891628813,1,0,0,0,0,0,0,0.0,0.0,0,0,0,0,0,0,0,0,0,0,0,0,0,0,0,0,0,6,171,0,0,0,0,,,0,0,0,0,0,0,0,0,0,0,0,0,,,,0,0,0,0,0,0,0,,0,0,0,0,0,8.8,9.8
00-0036813,C.Elliss,Christian Elliss,LB,LB,"https://static.www.nfl.com/image/upload/f_auto,q_auto/league/g78euyfj7wtinnylus04",2025,2,REG,NE,MIA,0,0,0,0,0,0,0,0,0,0,0,0,,,0,,0,0,0,0,0,0,,0,0,0,0,0,0,0,0,0,0,,0,,0.0,0.0,0.0,0,4,1,3,0,0,0,0.0,0.0,0,0,0,0,0,0,0,0,0,0,0,0,0,0,0,0,0,0,0,0,0,0,0,,,0,0,0,0,0,0,0,0,0,0,0,0,,,,0,0,0,0,0,0,0,,0,0,0,0,0,0.0,0.0
00-0036875,R.Stevenson,Rhamondre Stevenson,RB,RB,"https://static.www.nfl.com/image/upload/f_auto,q_auto/league/ed09migntlyy8ntgvcu1",2025,2,REG,NE,MIA,0,0,0,0,0,0,0,0,0,0,0,0,,,0,,11,54,0,0,0,2,1.2815639540641568,1,5,5,88,0,0,0,25,63,2,6.844653825450223,0,3.52,0.21739130434782608,0.1865671641791045,0.45668397144711226,0,0,0,0,0,0,0,0.0,0.0,0,0,0,0,0,0,0,0,0,0,0,0,0,0,0,0,0,0,0,0,0,0,0,,,0,0,0,0,0,0,0,0,0,0,0,0,,,,0,0,0,0,0,0,0,,0,0,0,0,0,16.200000000000003,21.200000000000003
00-0036916,M.Williams,Milton Williams,DE,DL,"https://static.www.nfl.com/image/upload/f_auto,q_auto/league/pne778olspa9ercg4e56",2025,2,REG,NE,MIA,0,0,0,0,0,0,0,0,0,0,0,0,,,0,,0,0,0,0,0,0,,0,0,0,0,0,0,0,0,0,0,,0,,0.0,0.0,0.0,0,2,1,0,2,10,0,2.0,10.0,1,0,0,0,0,0,0,0,0,0,0,0,0,0,0,0,0,0,0,0,0,0,0,,,0,0,0,0,0,0,0,0,0,0,0,0,,,,0,0,0,0,0,0,0,,0,0,0,0,0,0.0,0.0
00-0036981,C.Barmore,Christian Barmore,DT,DL,"https://static.www.nfl.com/image/upload/f_auto,q_auto/league/r2qnczxwkpqhk8is5jkv",2025,2,REG,NE,MIA,0,0,0,0,0,0,0,0,0,0,0,0,,,0,,0,0,0,0,0,0,,0,0,0,0,0,0,0,0,0,0,,0,,0.0,0.0,0.0,0,1,0,0,1,2,0,0.0,0.0,1,0,0,0,0,0,0,0,0,0,0,0,0,0,0,0,0,0,0,0,0,0,0,,,0,0,0,0,0,0,0,0,0,0,0,0,,,,0,0,0,0,0,0,0,,0,0,0,0,0,0.0,0.0
00-0037205,B.Schooler,Brenden Schooler,SAF,DB,"https://static.www.nfl.com/image/upload/f_auto,q_auto/league/lawgvaccr2r2susesv1g",2025,2,REG,NE,MIA,0,0,0,0,0,0,0,0,0,0,0,0,,,0,,0,0,0,0,0,0,,0,0,0,0,0,0,0,0,0,0,,0,,0.0,0.0,0.0,0,0,0,1,0,0,0,0.0,0.0,0,0,0,0,0,0,0,0,0,0,0,0,0,0,0,0,0,0,0,0,0,0,0,,,0,0,0,0,0,0,0,0,0,0,0,0,,,,0,0,0,0,0,0,0,,0,0,0,0,0,0.0,0.0
00-0037253,M.Jones,Marcus Jones,CB,DB,"https://static.www.nfl.com/image/upload/f_auto,q_auto/league/bwy0az1y2vgvirna4bye",2025,2,REG,NE,MIA,0,0,0,0,0,0,0,0,0,0,0,0,,,0,,0,0,0,0,0,0,,0,0,0,0,0,0,0,0,0,0,,0,,0.0,0.0,0.0,0,4,0,1,1,2,0,0.0,0.0,0,0,0,0,0,0,0,0,0,0,0,0,0,0,0,1,8,0,0,0,0,0,0,,,0,0,0,0,0,0,0,0,0,0,0,0,,,,0,0,0,0,0,0,0,,0,0,0,0,0,0.0,0.0
00-0037316,M.Robinson,Mark Robinson,LB,LB,"https://static.www.nfl.com/image/upload/f_auto,q_auto/league/l7u61ekvlhzwchpxcdbo",2025,2,REG,NE,MIA,0,0,0,0,0,0,0,0,0,0,0,0,,,0,,0,0,0,0,0,0,,0,0,0,0,0,0,0,0,0,0,,0,,0.0,0.0,0.0,0,1,0,0,0,0,0,0.0,0.0,0,0,0,0,0,0,0,0,0,0,0,0,0,0,0,0,0,0,0,0,0,0,0,,,0,0,0,0,0,0,0,0,0,0,0,0,,,,0,0,0,0,0,0,0,,0,0,0,0,0,0.0,0.0
00-0037596,J.Gibbens,Jack Gibbens,LB,LB,"https://static.www.nfl.com/image/upload/f_auto,q_auto/league/yrjlzoh5qps1evqxpcks",2025,2,REG,NE,MIA,0,0,0,0,0,0,0,0,0,0,0,0,,,0,,0,0,0,0,0,0,,0,0,0,0,0,0,0,0,0,0,,0,,0.0,0.0,0.0,0,2,0,0,0,0,0,0.0,0.0,0,0,0,0,0,0,0,0,0,0,0,0,0,0,0,0,0,0,0,0,0,0,0,,,0,0,0,0,0,0,0,0,0,0,0,0,,,,0,0,0,0,0,0,0,,0,0,0,0,0,0.0,0.0
00-0038608,K.Boutte,Kayshon Boutte,WR,WR,"https://static.www.nfl.com/image/upload/f_auto,q_auto/league/mg4icjqhwhnc5uobmau5",2025,2,REG,NE,MIA,0,0,0,0,0,0,0,0,0,0,0,0,,,0,,0,0,0,0,0,0,,0,1,1,16,1,0,0,16,0,1,3.2826606925809756,0,1.0,0.043478260869565216,0.11940298507462686,0.14879948085658662,0,0,0,0,0,0,0,0.0,0.0,0,0,0,0,0,0,0,0,0,0,0,0,0,0,0,0,0,0,0,0,0,0,0,,,0,0,0,0,0,0,0,0,0,0,0,0,,,,0,0,0,0,0,0,0,,0,0,0,0,0,7.6,8.6
00-0038610,B.Baringer,Bryce Baringer,P,SPEC,"https://static.www.nfl.com/image/upload/f_auto,q_auto/league/chin7dbgay28deurzjbb",2025,2,REG,NE,MIA,0,0,0,0,0,0,0,0,0,0,0,0,,,0,,0,0,0,0,0,0,,0,0,0,0,0,0,0,0,0,0,,0,,0.0,0.0,0.0,0,0,0,0,0,0,0,0.0,0.0,0,0,0,0,0,0,0,0,0,0,0,0,0,0,0,0,0,0,0,0,0,0,0,,,0,0,0,0,0,0,0,0,0,0,0,0,,,,0,0,0,0,0,0,0,,0,0,0,0,0,0.0,0.0
00-0038621,D.Douglas,DeMario Douglas,WR,WR,"https://static.www.nfl.com/image/upload/f_auto,q_auto/league/almsm6nmovpasu8ts9u3",2025,2,REG,NE,MIA,0,0,0,0,0,0,0,0,0,0,0,0,,,0,,0,0,0,0,0,0,,0,1,1,8,0,0,0,5,3,0,0.6371574455406517,0,1.6,0.043478260869565216,0.03731343283582089,0.09133679428942244,0,0,0,0,0,0,0,0.0,0.0,0,0,0,0,0,0,0,0,0,0,0,0,0,0,0,0,0,0,0,0,0,0,0,,,0,0,0,0,0,0,0,0,0,0,0,0,,,,0,0,0,0,0,0,0,,0,0,0,0,0,0.8,1.8
00-0038646,A.Austin,Alex Austin,CB,DB,"https://static.www.nfl.com/image/upload/f_auto,q_auto/league/vtgwc8celooprxtaqlb6",2025,2,REG,NE,MIA,0,0,0,0,0,0,0,0,0,0,0,0,,,0,,0,0,0,0,0,0,,0,0,0,0,0,0,0,0,0,0,,0,,0.0,0.0,0.0,0,3,0,0,0,0,0,0.0,0.0,0,0,0,0,0,0,0,0,0,0,0,0,0,0,0,0,0,0,0,0,0,0,0,,,0,0,0,0,0,0,0,0,0,0,0,0,,,,0,0,0,0,0,0,0,,0,0,0,0,0,0.0,0.0
00-0038653,C.Durden,Cory Durden,DT,DL,"https://static.www.nfl.com/image/upload/f_auto,q_auto/league/cmvqhnml3bo9xrxsf8ll",2025,2,REG,NE,MIA,0,0,0,0,0,0,0,0,0,0,0,0,,,0,,0,0,0,0,0,0,,0,0,0,0,0,0,0,0,0,0,,0,,0.0,0.0,0.0,0,0,0,1,0,0,0,0.0,0.0,0,0,0,0,0,0,0,0,0,0,0,0,0,0,0,0,0,0,0,0,0,0,0,,,0,0,0,0,0,0,0,0,0,0,0,0,,,,0,0,0,0,0,0,0,,0,0,0,0,0,0.0,0.0
00-0039054,M.Mapu,Marte Mapu,LB,LB,"https://static.www.nfl.com/image/upload/f_auto,q_auto/league/yowcsdwn6r2bh5q2fpa0",2025,2,REG,NE,MIA,0,0,0,0,0,0,0,0,0,0,0,0,,,0,,0,0,0,0,0,0,,0,0,0,0,0,0,0,0,0,0,,0,,0.0,0.0,0.0,0,0,0,0,0,0,0,0.0,0.0,0,1,20,1,0,0,0,0,0,0,0,0,0,0,0,0,0,0,0,0,0,0,0,,,0,0,0,0,0,0,0,0,0,0,0,0,,,,0,0,0,0,0,0,0,,0,0,0,0,0,0.0,0.0
00-0039692,D.Pettus,Dell Pettus,SAF,DB,"https://static.www.nfl.com/image/upload/f_auto,q_auto/league/omllcau4s0bifkgcxom1",2025,2,REG,NE,MIA,0,0,0,0,0,0,0,0,0,0,0,0,,,0,,0,0,0,0,0,0,,0,0,0,0,0,0,0,0,0,0,,0,,0.0,0.0,0.0,0,1,0,1,0,0,0,0.0,0.0,0,0,0,0,0,0,0,0,0,0,0,0,0,0,0,0,0,0,0,0,0,0,0,,,0,0,0,0,0,0,0,0,0,0,0,0,,,,0,0,0,0,0,0,0,,0,0,0,0,0,0.0,0.0
00-0039851,D.Maye,Drake Maye,QB,QB,"https://static.www.nfl.com/image/upload/f_auto,q_auto/league/oyap81gtzcvnfmripis1",2025,2,REG,NE,MIA,19,23,230,2,0,3,-19,0,0,134,129,9,14.990500148140681,13.996700229852095,0,1.7164179104477613,10,31,1,0,0,5,2.003204495529644,0,0,0,0,0,0,0,0,0,0,,0,,0.0,0.0,0.0,0,0,0,0,0,0,0,0.0,0.0,0,0,0,0,0,0,0,0,1,1,0,0,0,0,0,0,0,0,0,0,0,0,0,,,0,0,0,0,0,0,0,0,0,0,0,0,,,,0,0,0,0,0,0,0,,0,0,0,0,0,26.300000000000004,26.300000000000004
00-0040147,J.Wilson,Jared Wilson,G,OL,"https://static.www.nfl.com/image/upload/f_auto,q_auto/league/tzhrcjgsytozunwl3ovt",2025,2,REG,NE,MIA,0,0,0,0,0,0,0,0,0,0,0,0,,,0,,0,0,0,0,0,0,,0,0,0,0,0,0,0,0,0,0,,0,,0.0,0.0,0.0,0,0,0,0,0,0,0,0.0,0.0,0,0,0,0,0,0,0,0,0,0,0,0,0,1,10,0,0,0,0,0,0,0,0,,,0,0,0,0,0,0,0,0,0,0,0,0,,,,0,0,0,0,0,0,0,,0,0,0,0,0,0.0,0.0
00-0040200,A.Borregales,Andy Borregales,K,SPEC,"https://static.www.nfl.com/image/upload/f_auto,q_auto/league/jgxnjxhysqwqk4fgf1ke",2025,2,REG,NE,MIA,0,0,0,0,0,0,0,0,0,0,0,0,,,0,,0,0,0,0,0,0,,0,0,0,0,0,0,0,0,0,0,,0,,0.0,0.0,0.0,0,0,0,0,0,0,0,0.0,0.0,0,0,0,0,0,0,0,0,0,0,0,0,0,1,0,0,0,0,0,2,2,0,0,53.0,1.0,0,1,0,0,1,0,0,0,0,0,0,0,22;53,,,75,0,0,1,3,2,0,0.3333333333333333,0,0,0,0,0,0.0,0.0
00-0040574,E.Ponder,Elijah Ponder,LB,LB,"https://static.www.nfl.com/image/upload/f_auto,q_auto/league/pshxciepzu7pcditmb9a",2025,2,REG,NE,MIA,0,0,0,0,0,0,0,0,0,0,0,0,,,0,,0,0,0,0,0,0,,0,0,0,0,0,0,0,0,0,0,,0,,0.0,0.0,0.0,0,0,0,1,0,0,0,0.0,0.0,0,0,0,0,0,0,0,0,0,0,0,0,0,1,10,0,0,0,0,0,0,0,0,,,0,0,0,0,0,0,0,0,0,0,0,0,,,,0,0,0,0,0,0,0,,0,0,0,0,0,0.0,0.0
00-0040699,W.Campbell,Will Campbell,OT,OL,"https://static.www.nfl.com/image/upload/f_auto,q_auto/league/xyzvfa0r5p4s8u16aqrh",2025,2,REG,NE,MIA,0,0,0,0,0,0,0,0,0,0,0,0,,,0,,0,0,0,0,0,0,,0,0,0,0,0,0,0,0,0,0,,0,,0.0,0.0,0.0,0,0,0,0,0,0,0,0.0,0.0,0,0,0,0,0,0,0,0,0,0,0,0,0,1,5,0,0,0,0,0,0,0,0,,,0,0,0,0,0,0,0,0,0,0,0,0,,,,0,0,0,0,0,0,0,,0,0,0,0,0,0.0,0.0
00-0040716,C.Woodson,Craig Woodson,SAF,DB,"https://static.www.nfl.com/image/upload/f_auto,q_auto/league/nsfjxvef5ck9bytvti1u",2025,2,REG,NE,MIA,0,0,0,0,0,0,0,0,0,0,0,0,,,0,,0,0,0,0,0,0,,0,0,0,0,0,0,0,0,0,0,,0,,0.0,0.0,0.0,0,4,0,2,0,0,0,0.0,0.0,0,0,0,0,0,0,0,0,0,0,0,0,0,0,0,0,0,0,0,0,0,0,0,,,0,0,0,0,0,0,0,0,0,0,0,0,,,,0,0,0,0,0,0,0,,0,0,0,0,0,0.0,0.0
00-0040734,T.Henderson,TreVeyon Henderson,RB,RB,"https://static.www.nfl.com/image/upload/f_auto,q_auto/league/cfcux3dnfmbmz3qzrnco",2025,2,REG,NE,MIA,0,0,0,0,0,0,0,0,0,0,0,0,,,0,,3,10,0,0,0,1,-0.21195545990485698,0,2,2,30,0,0,0,2,28,2,3.3263791276840493,0,15.0,0.08695652173913043,0.014925373134328358,0.1408825438027255,0,0,0,0,0,0,0,0.0,0.0,0,0,0,0,0,0,0,0,0,0,0,0,0,2,20,0,0,0,0,0,0,0,0,,,0,0,0,0,0,0,0,0,0,0,0,0,,,,0,0,0,0,0,0,0,,0,0,0,0,0,4.0,6.0
00-0031588,S.Diggs,Stefon Diggs,WR,WR,"https://static.www.nfl.com/image/upload/f_auto,q_auto/league/cemcexmscsarpvwhafln",2025,3,REG,NE,PIT,0,0,0,0,0,0,0,0,0,0,0,0,,,0,,0,0,0,0,0,0,,0,3,3,23,0,0,0,12,11,2,0.8276613488560542,0,1.9166666666666667,0.08333333333333333,0.057971014492753624,0.16557971014492753,0,0,0,0,0,0,0,0.0,0.0,0,0,0,0,0,0,0,0,0,0,0,0,0,0,0,0,0,0,0,0,0,0,0,,,0,0,0,0,0,0,0,0,0,0,0,0,,,,0,0,0,0,0,0,0,,0,0,0,0,0,2.3000000000000003,5.300000000000001
00-0032392,A.Hooper,Austin Hooper,TE,TE,"https://static.www.nfl.com/image/upload/f_auto,q_auto/league/gfvav2gybtr174ckovpk",2025,3,REG,NE,PIT,0,0,0,0,0,0,0,0,0,0,0,0,,,0,,0,0,0,0,0,0,,0,2,3,28,0,0,0,34,11,2,1.5468744952231646,0,0.8235294117647058,0.08333333333333333,0.1642512077294686,0.239975845410628,0,0,0,0,0,0,0,0.0,0.0,0,0,0,0,0,0,0,0,0,0,0,0,0,0,0,0,0,0,0,0,0,0,0,,,0,0,0,0,0,0,0,0,0,0,0,0,,,,0,0,0,0,0,0,0,,0,0,0,0,0,2.8000000000000003,4.800000000000001
00-0033090,H.Henry,Hunter Henry,TE,TE,"https://static.www.nfl.com/image/upload/f_auto,q_auto/league/l0fsrutz9fwbohx10lcf",2025,3,REG,NE,PIT,0,0,0,0,0,0,0,0,0,0,0,0,,,0,,0,0,0,0,0,0,,0,8,11,90,2,0,0,67,30,6,9.23768671482685,0,1.3432835820895523,0.3055555555555556,0.32367149758454106,0.6849033816425121,0,0,0,0,0,0,0,0.0,0.0,0,0,0,0,0,0,0,0,0,0,0,0,0,0,0,0,0,0,0,0,0,0,0,,,0,0,0,0,0,0,0,0,0,0,0,0,,,,0,0,0,0,0,0,0,,0,0,0,0,0,21.0,29.0
00-0033555,M.Hollins,Mack Hollins,WR,WR,"https://static.www.nfl.com/image/upload/f_auto,q_auto/league/qbz7whjzsittudcecezw",2025,3,REG,NE,PIT,0,0,0,0,0,0,0,0,0,0,0,0,,,0,,0,0,0,0,0,0,,0,4,4,27,0,0,0,21,6,1,1.702515027136542,0,1.2857142857142858,0.1111111111111111,0.10144927536231885,0.23768115942028983,0,0,0,0,0,0,0,0.0,0.0,0,0,0,0,0,0,0,0,0,0,0,0,0,0,0,0,0,0,0,0,0,0,0,,,0,0,0,0,0,0,0,0,0,0,0,0,,,,0,0,0,0,0,0,0,,0,0,0,0,0,2.7,6.7
00-0034720,R.Spillane,Robert Spillane,LB,LB,"https://static.www.nfl.com/image/upload/f_auto,q_auto/league/jt2r3dnb8dmywp1azotj",2025,3,REG,NE,PIT,0,0,0,0,0,0,0,0,0,0,0,0,,,0,,0,0,0,0,0,0,,0,0,0,0,0,0,0,0,0,0,,0,,0.0,0.0,0.0,0,9,1,5,1,5,0,0.0,0.0,0,1,37,1,0,0,0,0,0,0,0,0,0,0,0,0,0,0,0,0,0,0,0,,,0,0,0,0,0,0,0,0,0,0,0,0,,,,0,0,0,0,0,0,0,,0,0,0,0,0,0.0,0.0
00-0034778,C.Davis,Carlton Davis III,CB,DB,"https://static.www.nfl.com/image/upload/f_auto,q_auto/league/pzbrbbwgymysharir2ms",2025,3,REG,NE,PIT,0,0,0,0,0,0,0,0,0,0,0,0,,,0,,0,0,0,0,0,0,,0,0,0,0,0,0,0,0,0,0,,0,,0.0,0.0,0.0,0,2,0,0,0,0,0,0.0,0.0,0,0,0,0,0,0,0,0,0,0,0,0,0,1,18,0,0,0,0,0,0,0,0,,,0,0,0,0,0,0,0,0,0,0,0,0,,,,0,0,0,0,0,0,0,,0,0,0,0,0,0.0,0.0
00-0034828,H.Landry,Harold Landry III,LB,LB,"https://static.www.nfl.com/image/upload/f_auto,q_auto/league/u4vo0zlxvsph3annhc4f",2025,3,REG,NE,PIT,0,0,0,0,0,0,0,0,0,0,0,0,,,0,,0,0,0,0,0,0,,0,0,0,0,0,0,0,0,0,0,,0,,0.0,0.0,0.0,0,2,0,4,0,0,1,0.0,0.0,1,0,0,0,0,0,0,0,0,0,0,0,0,0,0,0,0,0,0,0,0,0,0,,,0,0,0,0,0,0,0,0,0,0,0,0,,,,0,0,0,0,0,0,0,,0,0,0,0,0,0.0,0.0
00-0036198,M.Onwenu,Mike Onwenu,G,OL,"https://static.www.nfl.com/image/upload/f_auto,q_auto/league/l8gnydhcpahpd20mqqlh",2025,3,REG,NE,PIT,0,0,0,0,0,0,0,0,0,0,0,0,,,0,,0,0,0,0,0,0,,0,0,0,0,0,0,0,0,0,0,,0,,0.0,0.0,0.0,0,1,0,0,0,0,0,0.0,0.0,0,0,0,0,0,0,0,0,0,0,0,0,0,1,5,0,0,0,0,0,0,0,0,,,0,0,0,0,0,0,0,0,0,0,0,0,,,,0,0,0,0,0,0,0,,0,0,0,0,0,0.0,0.0
00-0036231,K.Dugger,Kyle Dugger,SAF,DB,"https://static.www.nfl.com/image/upload/f_auto,q_auto/league/k4btc5f7s5iq16whzzmv",2025,3,REG,NE,PIT,0,0,0,0,0,0,0,0,0,0,0,0,,,0,,0,0,0,0,0,0,,0,0,0,0,0,0,0,0,0,0,,0,,0.0,0.0,0.0,0,1,0,1,0,0,0,0.0,0.0,0,0,0,0,0,0,0,0,0,0,0,0,0,0,0,0,0,0,0,0,0,0,0,,,0,0,0,0,0,0,0,0,0,0,0,0,,,,0,0,0,0,0,0,0,,0,0,0,0,0,0.0,0.0
00-0036286,K.Chaisson,K'Lavon Chaisson,LB,LB,"https://static.www.nfl.com/image/upload/f_auto,q_auto/league/gc9qqj4piwlwse4spobk",2025,3,REG,NE,PIT,0,0,0,0,0,0,0,0,0,0,0,0,,,0,,0,0,0,0,0,0,,0,0,0,0,0,0,0,0,0,0,,0,,0.0,0.0,0.0,0,2,0,1,1,2,0,0.0,0.0,2,0,0,0,0,0,0,0,0,0,0,0,0,2,10,0,0,0,0,0,0,0,0,,,0,0,0,0,0,0,0,0,0,0,0,0,,,,0,0,0,0,0,0,0,,0,0,0,0,0,0.0,0.0
00-0036302,J.Hawkins,Jaylinn Hawkins,SAF,DB,"https://static.www.nfl.com/image/upload/f_auto,q_auto/league/x6aoovce6sz0dxstlb4u",2025,3,REG,NE,PIT,0,0,0,0,0,0,0,0,0,0,0,0,,,0,,0,0,0,0,0,0,,0,0,0,0,0,0,0,0,0,0,,0,,0.0,0.0,0.0,0,2,0,1,0,0,0,0.0,0.0,0,0,0,0,0,0,0,0,0,0,0,0,0,0,0,0,0,0,0,0,0,0,0,,,0,0,0,0,0,0,0,0,0,0,0,0,,,,0,0,0,0,0,0,0,,0,0,0,0,0,0.0,0.0
00-0036328,A.Gibson,Antonio Gibson,RB,RB,"https://static.www.nfl.com/image/upload/f_auto,q_auto/league/j7ixpkm7u4tdoqwzmbt4",2025,3,REG,NE,PIT,0,0,0,0,0,0,0,0,0,0,0,0,,,0,,7,28,0,1,1,2,-5.109182552841958,0,0,0,0,0,0,0,0,0,0,,0,,0.0,0.0,0.0,0,0,0,0,0,0,0,0.0,0.0,0,0,0,0,0,0,0,0,0,0,0,0,0,0,0,0,0,1,26,0,0,0,0,,,0,0,0,0,0,0,0,0,0,0,0,0,,,,0,0,0,0,0,0,0,,0,0,0,0,0,0.8000000000000003,0.8000000000000003
00-0036813,C.Elliss,Christian Elliss,LB,LB,"https://static.www.nfl.com/image/upload/f_auto,q_auto/league/g78euyfj7wtinnylus04",2025,3,REG,NE,PIT,0,0,0,0,0,0,0,0,0,0,0,0,,,0,,0,0,0,0,0,0,,0,0,0,0,0,0,0,0,0,0,,0,,0.0,0.0,0.0,0,0,0,1,0,0,0,0.0,0.0,0,0,0,0,0,0,0,0,0,0,0,0,0,0,0,0,0,0,0,0,0,0,0,,,0,0,0,0,0,0,0,0,0,0,0,0,,,,0,0,0,0,0,0,0,,0,0,0,0,0,0.0,0.0
00-0036875,R.Stevenson,Rhamondre Stevenson,RB,RB,"https://static.www.nfl.com/image/upload/f_auto,q_auto/league/ed09migntlyy8ntgvcu1",2025,3,REG,NE,PIT,0,0,0,0,0,0,0,0,0,0,0,0,,,0,,4,18,0,2,2,1,-9.244979932962451,0,3,3,38,0,0,0,7,31,1,2.851692696218379,0,5.428571428571429,0.08333333333333333,0.033816425120772944,0.14867149758454107,0,0,0,0,0,0,0,0.0,0.0,0,0,0,0,0,0,0,0,0,0,0,0,0,0,0,0,0,0,0,0,0,0,0,,,0,0,0,0,0,0,0,0,0,0,0,0,,,,0,0,0,0,0,0,0,,0,0,0,0,0,1.6000000000000005,4.6000000000000005
00-0036916,M.Williams,Milton Williams,DE,DL,"https://static.www.nfl.com/image/upload/f_auto,q_auto/league/pne778olspa9ercg4e56",2025,3,REG,NE,PIT,0,0,0,0,0,0,0,0,0,0,0,0,,,0,,0,0,0,0,0,0,,0,0,0,0,0,0,0,0,0,0,,0,,0.0,0.0,0.0,0,1,1,0,2,2,0,0.0,0.0,0,0,0,0,0,0,0,0,0,0,0,0,0,0,0,0,0,0,0,0,0,0,0,,,0,0,0,0,0,0,0,0,0,0,0,0,,,,0,0,0,0,0,0,0,,0,0,0,0,0,0.0,0.0
00-0036981,C.Barmore,Christian Barmore,DT,DL,"https://static.www.nfl.com/image/upload/f_auto,q_auto/league/r2qnczxwkpqhk8is5jkv",2025,3,REG,NE,PIT,0,0,0,0,0,0,0,0,0,0,0,0,,,0,,0,0,0,0,0,0,,0,0,0,0,0,0,0,0,0,0,,0,,0.0,0.0,0.0,0,1,0,0,0,0,0,0.0,0.0,0,0,0,0,0,0,0,0,0,0,0,0,0,0,0,0,0,0,0,0,0,0,0,,,0,0,0,0,0,0,0,0,0,0,0,0,,,,0,0,0,0,0,0,0,,0,0,0,0,0,0.0,0.0
00-0037205,B.Schooler,Brenden Schooler,SAF,DB,"https://static.www.nfl.com/image/upload/f_auto,q_auto/league/lawgvaccr2r2susesv1g",2025,3,REG,NE,PIT,0,0,0,0,0,0,0,0,0,0,0,0,,,0,,0,0,0,0,0,0,,0,0,0,0,0,0,0,0,0,0,,0,,0.0,0.0,0.0,0,1,0,0,0,0,0,0.0,0.0,0,0,0,0,0,0,0,0,0,0,0,0,0,0,0,0,0,0,0,0,0,0,0,,,0,0,0,0,0,0,0,0,0,0,0,0,,,,0,0,0,0,0,0,0,,0,0,0,0,0,0.0,0.0
00-0037253,M.Jones,Marcus Jones,CB,DB,"https://static.www.nfl.com/image/upload/f_auto,q_auto/league/bwy0az1y2vgvirna4bye",2025,3,REG,NE,PIT,0,0,0,0,0,0,0,0,0,0,0,0,,,0,,0,0,0,0,0,0,,0,0,0,0,0,0,0,0,0,0,,0,,0.0,0.0,0.0,0,2,0,0,0,0,0,0.0,0.0,0,0,0,0,0,0,0,0,0,0,0,0,0,1,15,1,11,0,0,0,0,0,0,,,0,0,0,0,0,0,0,0,0,0,0,0,,,,0,0,0,0,0,0,0,,0,0,0,0,0,0.0,0.0
00-0037596,J.Gibbens,Jack Gibbens,LB,LB,"https://static.www.nfl.com/image/upload/f_auto,q_auto/league/yrjlzoh5qps1evqxpcks",2025,3,REG,NE,PIT,0,0,0,0,0,0,0,0,0,0,0,0,,,0,,0,0,0,0,0,0,,0,0,0,0,0,0,0,0,0,0,,0,,0.0,0.0,0.0,0,1,0,0,1,1,0,0.0,0.0,0,0,0,0,0,0,0,0,0,0,0,0,0,0,0,0,0,0,0,0,0,0,0,,,0,0,0,0,0,0,0,0,0,0,0,0,,,,0,0,0,0,0,0,0,,0,0,0,0,0,0.0,0.0
00-0038608,K.Boutte,Kayshon Boutte,WR,WR,"https://static.www.nfl.com/image/upload/f_auto,q_auto/league/mg4icjqhwhnc5uobmau5",2025,3,REG,NE,PIT,0,0,0,0,0,0,0,0,0,0,0,0,,,0,,0,0,0,0,0,0,,0,2,3,28,0,0,0,28,2,1,-1.679772846517153,0,1.0,0.08333333333333333,0.13526570048309178,0.21968599033816424,0,0,0,0,0,0,0,0.0,0.0,0,0,0,0,0,0,0,0,0,0,0,0,0,0,0,0,0,0,0,0,0,0,0,,,0,0,0,0,0,0,0,0,0,0,0,0,,,,0,0,0,0,0,0,0,,0,0,0,0,0,2.8000000000000003,4.800000000000001
00-0038610,B.Baringer,Bryce Baringer,P,SPEC,"https://static.www.nfl.com/image/upload/f_auto,q_auto/league/chin7dbgay28deurzjbb",2025,3,REG,NE,PIT,0,0,0,0,0,0,0,0,0,0,0,0,,,0,,0,0,0,0,0,0,,0,0,0,0,0,0,0,0,0,0,,0,,0.0,0.0,0.0,0,0,0,0,0,0,0,0.0,0.0,0,0,0,0,0,0,0,0,0,0,0,0,0,0,0,0,0,0,0,0,0,0,0,,,0,0,0,0,0,0,0,0,0,0,0,0,,,,0,0,0,0,0,0,0,,0,0,0,0,0,0.0,0.0
00-0038621,D.Douglas,DeMario Douglas,WR,WR,"https://static.www.nfl.com/image/upload/f_auto,q_auto/league/almsm6nmovpasu8ts9u3",2025,3,REG,NE,PIT,0,0,0,0,0,0,0,0,0,0,0,0,,,0,,0,0,0,0,0,0,,0,2,5,7,0,0,0,27,0,0,-3.2285917995031923,0,0.25925925925925924,0.1388888888888889,0.13043478260869565,0.2996376811594203,0,0,0,0,0,0,0,0.0,0.0,0,0,0,0,0,0,0,0,0,0,0,0,0,0,0,0,0,0,0,0,0,0,0,,,0,0,0,0,0,0,0,0,0,0,0,0,,,,0,0,0,0,0,0,0,,0,0,0,0,0,0.7000000000000001,2.7
00-0038646,A.Austin,Alex Austin,CB,DB,"https://static.www.nfl.com/image/upload/f_auto,q_auto/league/vtgwc8celooprxtaqlb6",2025,3,REG,NE,PIT,0,0,0,0,0,0,0,0,0,0,0,0,,,0,,0,0,0,0,0,0,,0,0,0,0,0,0,0,0,0,0,,0,,0.0,0.0,0.0,0,0,0,0,0,0,0,0.0,0.0,0,0,0,0,0,0,0,0,0,0,0,0,0,2,6,0,0,0,0,0,0,0,0,,,0,0,0,0,0,0,0,0,0,0,0,0,,,,0,0,0,0,0,0,0,,0,0,0,0,0,0.0,0.0
00-0038653,C.Durden,Cory Durden,DT,DL,"https://static.www.nfl.com/image/upload/f_auto,q_auto/league/cmvqhnml3bo9xrxsf8ll",2025,3,REG,NE,PIT,0,0,0,0,0,0,0,0,0,0,0,0,,,0,,0,0,0,0,0,0,,0,0,0,0,0,0,0,0,0,0,,0,,0.0,0.0,0.0,0,0,0,1,0,0,0,0.0,0.0,0,0,0,0,0,0,0,0,0,0,0,0,0,0,0,0,0,0,0,0,0,0,0,,,0,0,0,0,0,0,0,0,0,0,0,0,,,,0,0,0,0,0,0,0,,0,0,0,0,0,0.0,0.0
00-0039148,K.White,Keion White,DE,DL,"https://static.www.nfl.com/image/upload/f_auto,q_auto/league/wc065c6vu84zmrknptuk",2025,3,REG,NE,PIT,0,0,0,0,0,0,0,0,0,0,0,0,,,0,,0,0,0,0,0,0,,0,0,0,0,0,0,0,0,0,0,,0,,0.0,0.0,0.0,0,0,0,1,0,0,0,0.0,0.0,0,0,0,0,0,0,0,0,0,0,0,0,0,0,0,0,0,0,0,0,0,0,0,,,0,0,0,0,0,0,0,0,0,0,0,0,,,,0,0,0,0,0,0,0,,0,0,0,0,0,0.0,0.0
00-0039770,C.Woods,Charles Woods,CB,DB,"https://static.www.nfl.com/image/upload/f_auto,q_auto/league/ykruciq8bomy0ez2t7gc",2025,3,REG,NE,PIT,0,0,0,0,0,0,0,0,0,0,0,0,,,0,,0,0,0,0,0,0,,0,0,0,0,0,0,0,0,0,0,,0,,0.0,0.0,0.0,0,1,0,0,0,0,0,0.0,0.0,0,0,0,0,0,0,0,0,0,0,0,0,0,0,0,0,0,0,0,0,0,0,0,,,0,0,0,0,0,0,0,0,0,0,0,0,,,,0,0,0,0,0,0,0,,0,0,0,0,0,0.0,0.0
00-0039851,D.Maye,Drake Maye,QB,QB,"https://static.www.nfl.com/image/upload/f_auto,q_auto/league/oyap81gtzcvnfmripis1",2025,3,REG,NE,PIT,28,37,268,2,1,5,-18,1,1,207,109,13,1.4129189930099528,7.905837976270252,0,1.2946859903381642,7,45,0,0,0,5,2.2358674210263416,0,0,0,0,0,0,0,0,0,0,,0,,0.0,0.0,0.0,0,0,0,0,0,0,0,0.0,0.0,0,0,0,0,0,0,0,0,0,0,0,0,0,0,0,0,0,0,0,0,0,0,0,,,0,0,0,0,0,0,0,0,0,0,0,0,,,,0,0,0,0,0,0,0,,0,0,0,0,0,19.22,19.22
00-0040131,K.Williams,Kyle Williams,WR,WR,"https://static.www.nfl.com/image/upload/f_auto,q_auto/league/bu31c2ino065kazsn541",2025,3,REG,NE,PIT,0,0,0,0,0,0,0,0,0,0,0,0,,,0,,0,0,0,0,0,0,,0,1,1,8,0,0,0,7,1,0,0.8721816702745855,0,1.1428571428571428,0.027777777777777776,0.033816425120772944,0.06533816425120773,0,0,0,0,0,0,0,0.0,0.0,0,0,0,0,0,0,0,0,0,0,0,0,0,0,0,0,0,0,0,0,0,0,0,,,0,0,0,0,0,0,0,0,0,0,0,0,,,,0,0,0,0,0,0,0,,0,0,0,0,0,0.8,1.8
00-0040171,J.Farmer,Joshua Farmer,DT,DL,"https://static.www.nfl.com/image/upload/f_auto,q_auto/league/az6rfypeom5vj5xymqbw",2025,3,REG,NE,PIT,0,0,0,0,0,0,0,0,0,0,0,0,,,0,,0,0,0,0,0,0,,0,0,0,0,0,0,0,0,0,0,,0,,0.0,0.0,0.0,0,0,1,0,1,2,0,0.0,0.0,0,0,0,0,0,0,0,0,0,0,0,0,0,0,0,0,0,0,0,0,0,0,0,,,0,0,0,0,0,0,0,0,0,0,0,0,,,,0,0,0,0,0,0,0,,0,0,0,0,0,0.0,0.0
00-0040200,A.Borregales,Andy Borregales,K,SPEC,"https://static.www.nfl.com/image/upload/f_auto,q_auto/league/jgxnjxhysqwqk4fgf1ke",2025,3,REG,NE,PIT,0,0,0,0,0,0,0,0,0,0,0,0,,,0,,0,0,0,0,0,0,,0,0,0,0,0,0,0,0,0,0,,0,,0.0,0.0,0.0,0,0,0,0,0,0,0,0.0,0.0,0,0,0,0,0,0,0,0,0,0,0,0,0,0,0,0,0,0,0,0,0,0,0,,,0,0,0,0,0,0,0,0,0,0,0,0,,,,0,0,0,2,2,0,0,1.0,0,0,0,0,0,0.0,0.0
00-0040699,W.Campbell,Will Campbell,OT,OL,"https://static.www.nfl.com/image/upload/f_auto,q_auto/league/xyzvfa0r5p4s8u16aqrh",2025,3,REG,NE,PIT,0,0,0,0,0,0,0,0,0,0,0,0,,,0,,0,0,0,0,0,0,,0,0,0,0,0,0,0,0,0,0,,0,,0.0,0.0,0.0,0,1,0,0,0,0,0,0.0,0.0,0,0,0,0,0,0,0,0,0,0,0,0,0,0,0,0,0,0,0,0,0,0,0,,,0,0,0,0,0,0,0,0,0,0,0,0,,,,0,0,0,0,0,0,0,,0,0,0,0,0,0.0,0.0
00-0040716,C.Woodson,Craig Woodson,SAF,DB,"https://static.www.nfl.com/image/upload/f_auto,q_auto/league/nsfjxvef5ck9bytvti1u",2025,3,REG,NE,PIT,0,0,0,0,0,0,0,0,0,0,0,0,,,0,,0,0,0,0,0,0,,0,0,0,0,0,0,0,0,0,0,,0,,0.0,0.0,0.0,0,2,0,2,0,0,0,0.0,0.0,0,0,0,0,0,0,0,0,0,0,0,0,0,0,0,0,0,0,0,0,0,0,0,,,0,0,0,0,0,0,0,0,0,0,0,0,,,,0,0,0,0,0,0,0,,0,0,0,0,0,0.0,0.0
00-0040734,T.Henderson,TreVeyon Henderson,RB,RB,"https://static.www.nfl.com/image/upload/f_auto,q_auto/league/cfcux3dnfmbmz3qzrnco",2025,3,REG,NE,PIT,0,0,0,0,0,0,0,0,0,0,0,0,,,0,,11,28,0,0,0,2,-0.47453388292342424,0,3,3,19,0,0,0,2,17,0,0.2821031247731298,0,9.5,0.08333333333333333,0.00966183574879227,0.13176328502415457,0,0,0,0,0,0,0,0.0,0.0,0,0,0,0,0,0,0,0,0,0,0,0,0,0,0,0,0,3,68,0,0,0,0,,,0,0,0,0,0,0,0,0,0,0,0,0,,,,0,0,0,0,0,0,0,,0,0,0,0,0,4.7,7.7
