player_id,player_name,player_display_name,position,position_group,headshot_url,season,week,season_type,team,opponent_team,completions,attempts,passing_yards,passing_tds,passing_interceptions,sacks_suffered,sack_yards_lost,sack_fumbles,sack_fumbles_lost,passing_air_yards,passing_yards_after_catch,passing_first_downs,passing_epa,passing_cpoe,passing_2pt_conversions,pacr,carries,rushing_yards,rushing_tds,rushing_fumbles,rushing_fumbles_lost,rushing_first_downs,rushing_epa,rushing_2pt_conversions,receptions,targets,receiving_yards,receiving_tds,receiving_fumbles,receiving_fumbles_lost,receiving_air_yards,receiving_yards_after_catch,receiving_first_downs,receiving_epa,receiving_2pt_conversions,racr,target_share,air_yards_share,wopr,special_teams_tds,def_tackles_solo,def_tackles_with_assist,def_tackle_assists,def_tackles_for_loss,def_tackles_for_loss_yards,def_fumbles_forced,def_sacks,def_sack_yards,def_qb_hits,def_interceptions,def_interception_yards,def_pass_defended,def_tds,def_fumbles,def_safeties,misc_yards,fumble_recovery_own,fumble_recovery_yards_own,fumble_recovery_opp,fumble_recovery_yards_opp,fumble_recovery_tds,penalties,penalty_yards,punt_returns,punt_return_yards,kickoff_returns,kickoff_return_yards,fg_made,fg_att,fg_missed,fg_blocked,fg_long,fg_pct,fg_made_0_19,fg_made_20_29,fg_made_30_39,fg_made_40_49,fg_made_50_59,fg_made_60_,fg_missed_0_19,fg_missed_20_29,fg_missed_30_39,fg_missed_40_49,fg_missed_50_59,fg_missed_60_,fg_made_list,fg_missed_list,fg_blocked_list,fg_made_distance,fg_missed_distance,fg_blocked_distance,pat_made,pat_att,pat_missed,pat_blocked,pat_pct,gwfg_made,gwfg_att,gwfg_missed,gwfg_blocked,gwfg_distance,fantasy_points,fantasy_points_ppr
00-0031411,D.Lawrence,DeMarcus Lawrence,DE,DL,"https://static.www.nfl.com/image/upload/f_auto,q_auto/league/dqcbiti9q92w9uawqxom",2025,1,REG,SEA,SF,0,0,0,0,0,0,0,0,0,0,0,0,,,0,,0,0,0,0,0,0,,0,0,0,0,0,0,0,0,0,0,,0,,0.0,0.0,0.0,0,1,1,4,2,3,0,0.0,0.0,1,0,0,0,0,0,0,8,0,0,0,0,0,0,0,0,0,0,0,0,0,0,0,,,0,0,0,0,0,0,0,0,0,0,0,0,,,,0,0,0,0,0,0,0,,0,0,0,0,0,0.0,0.0
00-0031492,J.Myers,Jason Myers,K,SPEC,"https://static.www.nfl.com/image/upload/f_auto,q_auto/league/rnw5znsm0hrekqvztiog",2025,1,REG,SEA,SF,0,0,0,0,0,0,0,0,0,0,0,0,,,0,,0,0,0,0,0,0,,0,0,0,0,0,0,0,0,0,0,,0,,0.0,0.0,0.0,0,0,0,0,0,0,0,0.0,0.0,0,0,0,0,0,0,0,0,0,0,0,0,0,0,0,0,0,0,0,2,2,0,0,48.0,1.0,0,0,1,1,0,0,0,0,0,0,0,0,48;37,,,85,0,0,1,1,0,0,1.0,0,0,0,0,0,0.0,0.0
00-0031933,L.Williams,Leonard Williams,DE,DL,"https://static.www.nfl.com/image/upload/f_auto,q_auto/league/jhaogtinjeyrwbjsvbl4",2025,1,REG,SEA,SF,0,0,0,0,0,0,0,0,0,0,0,0,,,0,,0,0,0,0,0,0,,0,0,0,0,0,0,0,0,0,0,,0,,0.0,0.0,0.0,0,3,0,4,1,3,0,0.0,0.0,1,0,0,0,0,0,0,0,0,0,0,0,0,1,15,0,0,0,0,0,0,0,0,,,0,0,0,0,0,0,0,0,0,0,0,0,,,,0,0,0,0,0,0,0,,0,0,0,0,0,0.0,0.0
00-0032387,J.Reed,Jarran Reed,DT,DL,"https://static.www.nfl.com/image/upload/f_auto,q_auto/league/td7umxhgwkswls8rutk0",2025,1,REG,SEA,SF,0,0,0,0,0,0,0,0,0,0,0,0,,,0,,0,0,0,0,0,0,,0,0,0,0,0,0,0,0,0,0,,0,,0.0,0.0,0.0,0,2,0,3,0,0,0,0.0,0.0,2,0,0,0,0,0,0,0,0,0,0,0,0,0,0,0,0,0,0,0,0,0,0,,,0,0,0,0,0,0,0,0,0,0,0,0,,,,0,0,0,0,0,0,0,,0,0,0,0,0,0.0,0.0
00-0033576,E.Saubert,Eric Saubert,TE,TE,"https://static.www.nfl.com/image/upload/f_auto,q_auto/league/ojoapzazehxdd01fadz6",2025,1,REG,SEA,SF,0,0,0,0,0,0,0,0,0,0,0,0,,,0,,0,0,0,0,0,0,,0,0,0,0,0,0,0,0,0,0,,0,,0.0,0.0,0.0,0,1,0,1,0,0,0,0.0,0.0,0,0,0,0,0,0,0,0,0,0,0,0,0,1,5,0,0,0,0,0,0,0,0,,,0,0,0,0,0,0,0,0,0,0,0,0,,,,0,0,0,0,0,0,0,,0,0,0,0,0,0.0,0.0
00-0033908,C.Kupp,Cooper Kupp,WR,WR,"https://static.www.nfl.com/image/upload/f_auto,q_auto/league/lpaxi9rsedlg9sdr5quw",2025,1,REG,SEA,SF,0,0,0,0,0,0,0,0,0,0,0,0,,,0,,0,0,0,0,0,0,,0,2,3,15,0,0,0,20,3,0,-1.960867792888786,0,0.75,0.13636363636363635,0.10152284263959391,0.27561144439317026,0,0,0,0,0,0,0,0.0,0.0,0,0,0,0,0,0,0,0,0,0,0,0,0,0,0,0,0,0,0,0,0,0,0,,,0,0,0,0,0,0,0,0,0,0,0,0,,,,0,0,0,0,0,0,0,,0,0,0,0,0,1.5,3.5
00-0034160,M.Dickson,Michael Dickson,P,SPEC,"https://static.www.nfl.com/image/upload/f_auto,q_auto/league/chduw8ql98kdzegqiylt",2025,1,REG,SEA,SF,0,0,0,0,0,0,0,0,0,0,0,0,,,0,,0,0,0,0,0,0,,0,0,0,0,0,0,0,0,0,0,,0,,0.0,0.0,0.0,0,0,0,0,0,0,0,0.0,0.0,0,0,0,0,0,0,0,0,0,0,0,0,0,0,0,0,0,0,0,0,0,0,0,,,0,0,0,0,0,0,0,0,0,0,0,0,,,,0,0,0,0,0,0,0,,0,0,0,0,0,0.0,0.0
00-0034869,S.Darnold,Sam Darnold,QB,QB,"https://static.www.nfl.com/image/upload/f_auto,q_auto/league/s5t8m6bhedjwwtfw3ild",2025,1,REG,SEA,SF,16,23,150,0,0,1,-4,1,1,197,47,7,-6.831034911036733,7.339647954160517,0,0.7614213197969543,2,14,0,0,0,1,1.0163279618823369,0,0,0,0,0,0,0,0,0,0,,0,,0.0,0.0,0.0,0,0,0,0,0,0,0,0.0,0.0,0,0,0,0,0,0,0,0,0,0,0,0,0,0,0,0,0,0,0,0,0,0,0,,,0,0,0,0,0,0,0,0,0,0,0,0,,,,0,0,0,0,0,0,0,,0,0,0,0,0,5.4,5.4
00-0034974,J.Love,Julian Love,SAF,DB,"https://static.www.nfl.com/image/upload/f_auto,q_auto/league/s3fvfslhz6hpmf6fzv2u",2025,1,REG,SEA,SF,0,0,0,0,0,0,0,0,0,0,0,0,,,0,,0,0,0,0,0,0,,0,0,0,0,0,0,0,0,0,0,,0,,0.0,0.0,0.0,0,8,0,2,1,12,0,1.0,12.0,1,0,0,0,0,0,0,0,0,0,0,0,0,1,5,0,0,0,0,0,0,0,0,,,0,0,0,0,0,0,0,0,0,0,0,0,,,,0,0,0,0,0,0,0,,0,0,0,0,0,0.0,0.0
00-0035891,C.White,Cody White,WR,WR,"https://static.www.nfl.com/image/upload/f_auto,q_auto/league/tt9wl5yecg6zcnfnledb",2025,1,REG,SEA,SF,0,0,0,0,0,0,0,0,0,0,0,0,,,0,,0,0,0,0,0,0,,0,0,0,0,0,0,0,0,0,0,,0,,0.0,0.0,0.0,0,0,0,0,0,0,0,0.0,0.0,0,0,0,0,0,0,0,0,0,0,0,0,0,0,0,0,0,2,59,0,0,0,0,,,0,0,0,0,0,0,0,0,0,0,0,0,,,,0,0,0,0,0,0,0,,0,0,0,0,0,0.0,0.0
00-0036994,E.Jones,Ernest Jones,LB,LB,"https://static.www.nfl.com/image/upload/f_auto,q_auto/league/zn0pz6okty7vbj5ryryt",2025,1,REG,SEA,SF,0,0,0,0,0,0,0,0,0,0,0,0,,,0,,0,0,0,0,0,0,,0,0,0,0,0,0,0,0,0,0,,0,,0.0,0.0,0.0,0,2,1,5,1,1,0,0.0,0.0,0,1,7,2,0,0,0,0,0,0,0,0,0,0,0,0,0,0,0,0,0,0,0,,,0,0,0,0,0,0,0,0,0,0,0,0,,,,0,0,0,0,0,0,0,,0,0,0,0,0,0.0,0.0
00-0037003,C.Surratt,Chazz Surratt,LB,LB,"https://static.www.nfl.com/image/upload/f_auto,q_auto/league/wvgrytpf6ymlzcmxcnch",2025,1,REG,SEA,SF,0,0,0,0,0,0,0,0,0,0,0,0,,,0,,0,0,0,0,0,0,,0,0,0,0,0,0,0,0,0,0,,0,,0.0,0.0,0.0,0,0,0,1,0,0,0,0.0,0.0,0,0,0,0,0,0,0,0,0,0,0,0,0,0,0,0,0,0,0,0,0,0,0,,,0,0,0,0,0,0,0,0,0,0,0,0,,,,0,0,0,0,0,0,0,,0,0,0,0,0,0.0,0.0
00-0037079,T.Woolen,Riq Woolen,CB,DB,"https://static.www.nfl.com/image/upload/f_auto,q_auto/league/rup4lbocfzdeohfrzfq9",2025,1,REG,SEA,SF,0,0,0,0,0,0,0,0,0,0,0,0,,,0,,0,0,0,0,0,0,,0,0,0,0,0,0,0,0,0,0,,0,,0.0,0.0,0.0,0,3,0,1,0,0,0,0.0,0.0,0,0,0,1,0,0,0,0,0,0,0,0,0,0,0,0,0,0,0,0,0,0,0,,,0,0,0,0,0,0,0,0,0,0,0,0,,,,0,0,0,0,0,0,0,,0,0,0,0,0,0.0,0.0
00-0037137,J.Jobe,Josh Jobe,CB,DB,"https://static.www.nfl.com/image/upload/f_auto,q_auto/league/tfksoqwgf4axolfjv6zi",2025,1,REG,SEA,SF,0,0,0,0,0,0,0,0,0,0,0,0,,,0,,0,0,0,0,0,0,,0,0,0,0,0,0,0,0,0,0,,0,,0.0,0.0,0.0,0,1,0,1,0,0,0,0.0,0.0,0,1,0,1,0,0,0,0,0,0,0,0,0,0,0,0,0,0,0,0,0,0,0,,,0,0,0,0,0,0,0,0,0,0,0,0,,,,0,0,0,0,0,0,0,,0,0,0,0,0,0.0,0.0
00-0038133,B.Mafe,Boye Mafe,LB,LB,"https://static.www.nfl.com/image/upload/f_auto,q_auto/league/smudeksouwxr6zynwcws",2025,1,REG,SEA,SF,0,0,0,0,0,0,0,0,0,0,0,0,,,0,,0,0,0,0,0,0,,0,0,0,0,0,0,0,0,0,0,,0,,0.0,0.0,0.0,0,1,0,1,0,0,0,0.0,0.0,0,0,0,0,0,0,0,0,0,0,0,0,0,0,0,0,0,0,0,0,0,0,0,,,0,0,0,0,0,0,0,0,0,0,0,0,,,,0,0,0,0,0,0,0,,0,0,0,0,0,0.0,0.0
00-0038134,K.Walker,Kenneth Walker III,RB,RB,"https://static.www.nfl.com/image/upload/f_auto,q_auto/league/mnzsnemdzbey5hbahdhk",2025,1,REG,SEA,SF,0,0,0,0,0,0,0,0,0,0,0,0,,,0,,10,20,0,0,0,0,-3.5504251214733813,0,3,3,4,0,0,0,-9,13,0,-1.5742958427872509,0,-0.4444444444444444,0.13636363636363635,-0.04568527918781726,0.17256575911398245,0,0,0,0,0,0,0,0.0,0.0,0,0,0,0,0,0,0,0,0,0,0,0,0,0,0,0,0,0,0,0,0,0,0,,,0,0,0,0,0,0,0,0,0,0,0,0,,,,0,0,0,0,0,0,0,,0,0,0,0,0,2.4000000000000004,5.4
00-0038136,C.Bryant,Coby Bryant,SAF,DB,"https://static.www.nfl.com/image/upload/f_auto,q_auto/league/dx8iy9fohocha1eh4k58",2025,1,REG,SEA,SF,0,0,0,0,0,0,0,0,0,0,0,0,,,0,,0,0,0,0,0,0,,0,0,0,0,0,0,0,0,0,0,,0,,0.0,0.0,0.0,0,6,0,2,0,0,0,0.0,0.0,0,0,0,0,0,0,0,0,0,0,0,0,0,0,0,0,0,0,0,0,0,0,0,,,0,0,0,0,0,0,0,0,0,0,0,0,,,,0,0,0,0,0,0,0,,0,0,0,0,0,0.0,0.0
00-0038488,B.Russell,Brady Russell,FB,RB,"https://static.www.nfl.com/image/upload/f_auto,q_auto/league/qvf5yojj8rznahzzxffx",2025,1,REG,SEA,SF,0,0,0,0,0,0,0,0,0,0,0,0,,,0,,0,0,0,0,0,0,,0,0,0,0,0,0,0,0,0,0,,0,,0.0,0.0,0.0,0,0,1,0,0,0,0,0.0,0.0,0,0,0,0,0,0,0,0,0,0,0,0,0,0,0,0,0,0,0,0,0,0,0,,,0,0,0,0,0,0,0,0,0,0,0,0,,,,0,0,0,0,0,0,0,,0,0,0,0,0,0.0,0.0
00-0038543,J.Smith-Njigba,Jaxon Smith-Njigba,WR,WR,"https://static.www.nfl.com/image/upload/f_auto,q_auto/league/jpvhsregfvw46mlyckzj",2025,1,REG,SEA,SF,0,0,0,0,0,0,0,0,0,0,0,0,,,0,,0,0,0,0,0,0,,0,9,13,124,0,2,1,178,29,7,0.4332200353965163,0,0.6966292134831461,0.5909090909090909,0.9035532994923858,1.5188509460083064,0,0,0,0,0,0,0,0.0,0.0,0,0,0,0,0,0,0,0,0,0,0,0,0,0,0,0,0,0,0,0,0,0,0,,,0,0,0,0,0,0,0,0,0,0,0,0,,,,0,0,0,0,0,0,0,,0,0,0,0,0,10.4,19.4
00-0038922,D.Thomas,Drake Thomas,LB,LB,"https://static.www.nfl.com/image/upload/f_auto,q_auto/league/egqpcx91rp0iadqqxu2v",2025,1,REG,SEA,SF,0,0,0,0,0,0,0,0,0,0,0,0,,,0,,0,0,0,0,0,0,,0,0,0,0,0,0,0,0,0,0,,0,,0.0,0.0,0.0,0,0,0,2,0,0,0,0.0,0.0,0,0,0,0,0,0,0,0,0,0,0,0,0,0,0,0,0,0,0,0,0,0,0,,,0,0,0,0,0,0,0,0,0,0,0,0,,,,0,0,0,0,0,0,0,,0,0,0,0,0,0.0,0.0
00-0039047,D.Hall,Derick Hall,LB,LB,"https://static.www.nfl.com/image/upload/f_auto,q_auto/league/gbzmlna8fujliinb6g33",2025,1,REG,SEA,SF,0,0,0,0,0,0,0,0,0,0,0,0,,,0,,0,0,0,0,0,0,,0,0,0,0,0,0,0,0,0,0,,0,,0.0,0.0,0.0,0,0,0,2,0,0,0,0.0,0.0,2,0,0,0,0,0,0,0,0,0,0,0,0,0,0,0,0,0,0,0,0,0,0,,,0,0,0,0,0,0,0,0,0,0,0,0,,,,0,0,0,0,0,0,0,,0,0,0,0,0,0.0,0.0
00-0039165,Z.Charbonnet,Zach Charbonnet,RB,RB,"https://static.www.nfl.com/image/upload/f_auto,q_auto/league/jqbzg5e8pdltbnb7hc8p",2025,1,REG,SEA,SF,0,0,0,0,0,0,0,0,0,0,0,0,,,0,,12,47,1,0,0,4,-0.12057739877491258,0,0,0,0,0,0,0,0,0,0,,0,,0.0,0.0,0.0,0,0,0,0,0,0,0,0.0,0.0,0,0,0,0,0,0,0,0,0,0,0,0,0,0,0,0,0,0,0,0,0,0,0,,,0,0,0,0,0,0,0,0,0,0,0,0,,,,0,0,0,0,0,0,0,,0,0,0,0,0,10.7,10.7
00-0039169,D.Witherspoon,Devon Witherspoon,CB,DB,"https://static.www.nfl.com/image/upload/f_auto,q_auto/league/zlp8cnwllrdonrcmoxpl",2025,1,REG,SEA,SF,0,0,0,0,0,0,0,0,0,0,0,0,,,0,,0,0,0,0,0,0,,0,0,0,0,0,0,0,0,0,0,,0,,0.0,0.0,0.0,0,7,0,1,1,1,0,0.0,0.0,0,0,0,0,0,0,0,0,0,0,0,0,0,0,0,0,0,0,0,0,0,0,0,,,0,0,0,0,0,0,0,0,0,0,0,0,,,,0,0,0,0,0,0,0,,0,0,0,0,0,0.0,0.0
00-0039299,G.Holani,George Holani,RB,RB,"https://static.www.nfl.com/image/upload/f_auto,q_auto/league/nadkmkb2sqgjhbkpirkg",2025,1,REG,SEA,SF,0,0,0,0,0,0,0,0,0,0,0,0,,,0,,0,0,0,0,0,0,,0,0,0,0,0,0,0,0,0,0,,0,,0.0,0.0,0.0,0,0,0,1,0,0,0,0.0,0.0,0,0,0,0,0,0,0,0,0,0,0,0,0,0,0,0,0,0,0,0,0,0,0,,,0,0,0,0,0,0,0,0,0,0,0,0,,,,0,0,0,0,0,0,0,,0,0,0,0,0,0.0,0.0
00-0039309,B.Murphy,Byron Murphy II,DT,DL,"https://static.www.nfl.com/image/upload/f_auto,q_auto/league/xeq70yetr8qznbkjjiye",2025,1,REG,SEA,SF,0,0,0,0,0,0,0,0,0,0,0,0,,,0,,0,0,0,0,0,0,,0,0,0,0,0,0,0,0,0,0,,0,,0.0,0.0,0.0,0,2,0,4,0,0,0,0.0,0.0,1,0,0,0,0,0,0,0,0,0,0,0,0,0,0,0,0,0,0,0,0,0,0,,,0,0,0,0,0,0,0,0,0,0,0,0,,,,0,0,0,0,0,0,0,,0,0,0,0,0,0.0,0.0
00-0039793,A.Barner,AJ Barner,TE,TE,"https://static.www.nfl.com/image/upload/f_auto,q_auto/league/ul77k5rqbqzd5zzqsaea",2025,1,REG,SEA,SF,0,0,0,0,0,0,0,0,0,0,0,0,,,0,,1,2,0,0,0,1,0.23273587407311425,0,1,2,0,0,0,0,3,0,0,-2.6461610053665936,0,0.0,0.09090909090909091,0.015228426395939087,0.14702353484079372,0,1,0,0,0,0,0,0.0,0.0,0,0,0,0,0,0,0,0,0,0,0,0,0,0,0,0,0,0,0,0,0,0,0,,,0,0,0,0,0,0,0,0,0,0,0,0,,,,0,0,0,0,0,0,0,,0,0,0,0,0,0.2,1.2
00-0039795,N.Pritchett,Nehemiah Pritchett,CB,DB,"https://static.www.nfl.com/image/upload/f_auto,q_auto/league/ao9rpvbwn2ckx5ejcodx",2025,1,REG,SEA,SF,0,0,0,0,0,0,0,0,0,0,0,0,,,0,,0,0,0,0,0,0,,0,0,0,0,0,0,0,0,0,0,,0,,0.0,0.0,0.0,0,1,0,0,0,0,0,0.0,0.0,0,0,0,0,0,0,0,0,0,0,0,0,0,0,0,0,0,0,0,0,0,0,0,,,0,0,0,0,0,0,0,0,0,0,0,0,,,,0,0,0,0,0,0,0,,0,0,0,0,0,0.0,0.0
00-0039815,T.Knight,Tyrice Knight,LB,LB,"https://static.www.nfl.com/image/upload/f_auto,q_auto/league/eqhzoc3hrxk94vxolfws",2025,1,REG,SEA,SF,0,0,0,0,0,0,0,0,0,0,0,0,,,0,,0,0,0,0,0,0,,0,0,0,0,0,0,0,0,0,0,,0,,0.0,0.0,0.0,0,3,1,3,0,0,0,0.0,0.0,0,0,0,0,0,0,0,0,0,0,0,0,0,0,0,0,0,0,0,0,0,0,0,,,0,0,0,0,0,0,0,0,0,0,0,0,,,,0,0,0,0,0,0,0,,0,0,0,0,0,0.0,0.0
00-0040648,T.Horton,Tory Horton,WR,WR,"https://static.www.nfl.com/image/upload/f_auto,q_auto/league/vpgs86vlcp3gejw6tget",2025,1,REG,SEA,SF,0,0,0,0,0,0,0,0,0,0,0,0,,,0,,0,0,0,0,0,0,,0,0,0,0,0,0,0,0,0,0,,0,,0.0,0.0,0.0,0,0,0,0,0,0,0,0.0,0.0,0,0,0,0,0,0,0,0,0,0,0,0,0,0,0,1,12,0,0,0,0,0,0,,,0,0,0,0,0,0,0,0,0,0,0,0,,,,0,0,0,0,0,0,0,,0,0,0,0,0,0.0,0.0
00-0040673,J.Milroe,Jalen Milroe,QB,QB,"https://static.www.nfl.com/image/upload/f_auto,q_auto/league/gmucibahkrfu9xowwiio",2025,1,REG,SEA,SF,0,0,0,0,0,0,0,0,0,0,0,0,,,0,,1,1,0,0,0,0,-0.5514981909655035,0,0,0,0,0,0,0,0,0,0,,0,,0.0,0.0,0.0,0,0,0,0,0,0,0,0.0,0.0,0,0,0,0,0,0,0,0,0,0,0,0,0,0,0,0,0,0,0,0,0,0,0,,,0,0,0,0,0,0,0,0,0,0,0,0,,,,0,0,0,0,0,0,0,,0,0,0,0,0,0.1,0.1
00-0040733,N.Emmanwori,Nick Emmanwori,SAF,DB,"https://static.www.nfl.com/image/upload/f_auto,q_auto/league/klniolruih3c5jo9pvjr",2025,1,REG,SEA,SF,0,0,0,0,0,0,0,0,0,0,0,0,,,0,,0,0,0,0,0,0,,0,0,0,0,0,0,0,0,0,0,,0,,0.0,0.0,0.0,0,1,0,0,1,2,0,0.0,0.0,0,0,0,0,0,0,0,0,0,0,0,0,0,0,0,0,0,0,0,0,0,0,0,,,0,0,0,0,0,0,0,0,0,0,0,0,,,,0,0,0,0,0,0,0,,0,0,0,0,0,0.0,0.0
00-0040739,E.Arroyo,Elijah Arroyo,TE,TE,"https://static.www.nfl.com/image/upload/f_auto,q_auto/league/dwlyrxi2yxowfj4abtoa",2025,1,REG,SEA,SF,0,0,0,0,0,0,0,0,0,0,0,0,,,0,,0,0,0,0,0,0,,0,1,1,7,0,0,0,5,2,0,0.3282689992338419,0,1.4,0.045454545454545456,0.025380710659898477,0.08594831564374711,0,0,0,0,0,0,0,0.0,0.0,0,0,0,0,0,0,0,0,0,0,0,0,0,0,0,0,0,0,0,0,0,0,0,,,0,0,0,0,0,0,0,0,0,0,0,0,,,,0,0,0,0,0,0,0,,0,0,0,0,0,0.7000000000000001,1.7000000000000002
00-0031411,D.Lawrence,DeMarcus Lawrence,DE,DL,"https://static.www.nfl.com/image/upload/f_auto,q_auto/league/dqcbiti9q92w9uawqxom",2025,2,REG,SEA,PIT,0,0,0,0,0,0,0,0,0,0,0,0,,,0,,0,0,0,0,0,0,,0,0,0,0,0,0,0,0,0,0,,0,,0.0,0.0,0.0,0,0,0,3,0,0,0,0.0,0.0,0,0,0,0,0,0,0,0,0,0,0,0,0,0,0,0,0,0,0,0,0,0,0,,,0,0,0,0,0,0,0,0,0,0,0,0,,,,0,0,0,0,0,0,0,,0,0,0,0,0,0.0,0.0
00-0031492,J.Myers,Jason Myers,K,SPEC,"https://static.www.nfl.com/image/upload/f_auto,q_auto/league/rnw5znsm0hrekqvztiog",2025,2,REG,SEA,PIT,0,0,0,0,0,0,0,0,0,0,0,0,,,0,,0,0,0,0,0,0,,0,0,0,0,0,0,0,0,0,0,,0,,0.0,0.0,0.0,0,0,0,0,0,0,0,0.0,0.0,0,0,0,0,0,0,0,0,0,0,0,0,0,0,0,0,0,0,0,1,2,1,0,54.0,0.5,0,0,0,0,1,0,0,0,1,0,0,0,54,36,,54,36,0,4,4,0,0,1.0,0,0,0,0,0,0.0,0.0
00-0031933,L.Williams,Leonard Williams,DE,DL,"https://static.www.nfl.com/image/upload/f_auto,q_auto/league/jhaogtinjeyrwbjsvbl4",2025,2,REG,SEA,PIT,0,0,0,0,0,0,0,0,0,0,0,0,,,0,,0,0,0,0,0,0,,0,0,0,0,0,0,0,0,0,0,,0,,0.0,0.0,0.0,0,2,0,2,0,0,0,0.5,3.0,2,0,0,0,0,0,0,0,0,0,0,0,0,0,0,0,0,0,0,0,0,0,0,,,0,0,0,0,0,0,0,0,0,0,0,0,,,,0,0,0,0,0,0,0,,0,0,0,0,0,0.0,0.0
00-0032387,J.Reed,Jarran Reed,DT,DL,"https://static.www.nfl.com/image/upload/f_auto,q_auto/league/td7umxhgwkswls8rutk0",2025,2,REG,SEA,PIT,0,0,0,0,0,0,0,0,0,0,0,0,,,0,,0,0,0,0,0,0,,0,0,0,0,0,0,0,0,0,0,,0,,0.0,0.0,0.0,0,3,0,0,1,5,0,1.0,5.0,1,0,0,0,0,0,0,0,0,0,0,0,0,0,0,0,0,0,0,0,0,0,0,,,0,0,0,0,0,0,0,0,0,0,0,0,,,,0,0,0,0,0,0,0,,0,0,0,0,0,0.0,0.0
00-0033576,E.Saubert,Eric Saubert,TE,TE,"https://static.www.nfl.com/image/upload/f_auto,q_auto/league/ojoapzazehxdd01fadz6",2025,2,REG,SEA,PIT,0,0,0,0,0,0,0,0,0,0,0,0,,,0,,0,0,0,0,0,0,,0,0,0,0,0,0,0,0,0,0,,0,,0.0,0.0,0.0,0,1,0,0,0,0,0,0.0,0.0,0,0,0,0,0,0,0,0,0,0,0,0,0,0,0,0,0,0,0,0,0,0,0,,,0,0,0,0,0,0,0,0,0,0,0,0,,,,0,0,0,0,0,0,0,,0,0,0,0,0,0.0,0.0
00-0033908,C.Kupp,Cooper Kupp,WR,WR,"https://static.www.nfl.com/image/upload/f_auto,q_auto/league/lpaxi9rsedlg9sdr5quw",2025,2,REG,SEA,PIT,0,0,0,0,0,0,0,0,0,0,0,0,,,0,,0,0,0,0,0,0,,0,7,9,90,0,0,0,60,42,5,1.6931232286733575,0,1.5,0.3,0.22641509433962265,0.6084905660377358,0,0,0,0,0,0,0,0.0,0.0,0,0,0,0,0,0,0,0,0,0,0,0,0,0,0,0,0,0,0,0,0,0,0,,,0,0,0,0,0,0,0,0,0,0,0,0,,,,0,0,0,0,0,0,0,,0,0,0,0,0,9.0,16.0
00-0034160,M.Dickson,Michael Dickson,P,SPEC,"https://static.www.nfl.com/image/upload/f_auto,q_auto/league/chduw8ql98kdzegqiylt",2025,2,REG,SEA,PIT,0,0,0,0,0,0,0,0,0,0,0,0,,,0,,0,0,0,0,0,0,,0,0,0,0,0,0,0,0,0,0,,0,,0.0,0.0,0.0,0,0,0,0,0,0,0,0.0,0.0,0,0,0,0,0,0,0,0,0,0,0,0,0,0,0,0,0,0,0,0,0,0,0,,,0,0,0,0,0,0,0,0,0,0,0,0,,,,0,0,0,0,0,0,0,,0,0,0,0,0,0.0,0.0
00-0034350,U.Nwosu,Uchenna Nwosu,LB,LB,"https://static.www.nfl.com/image/upload/f_auto,q_auto/league/eovri4ccfixdbtikxbyg",2025,2,REG,SEA,PIT,0,0,0,0,0,0,0,0,0,0,0,0,,,0,,0,0,0,0,0,0,,0,0,0,0,0,0,0,0,0,0,,0,,0.0,0.0,0.0,0,1,1,0,0,0,0,0.0,0.0,0,0,0,0,0,0,0,0,0,0,0,0,0,0,0,0,0,0,0,0,0,0,0,,,0,0,0,0,0,0,0,0,0,0,0,0,,,,0,0,0,0,0,0,0,,0,0,0,0,0,0.0,0.0
00-0034869,S.Darnold,Sam Darnold,QB,QB,"https://static.www.nfl.com/image/upload/f_auto,q_auto/league/s5t8m6bhedjwwtfw3ild",2025,2,REG,SEA,PIT,22,33,295,2,2,2,-17,0,0,265,130,13,2.854062096416647,7.034775614738464,0,1.1132075471698113,0,0,0,0,0,0,,0,0,0,0,0,0,0,0,0,0,,0,,0.0,0.0,0.0,0,0,0,0,0,0,0,0.0,0.0,0,0,0,0,0,0,0,0,0,0,0,0,0,0,0,0,0,0,0,0,0,0,0,,,0,0,0,0,0,0,0,0,0,0,0,0,,,,0,0,0,0,0,0,0,,0,0,0,0,0,15.8,15.8
00-0034974,J.Love,Julian Love,SAF,DB,"https://static.www.nfl.com/image/upload/f_auto,q_auto/league/s3fvfslhz6hpmf6fzv2u",2025,2,REG,SEA,PIT,0,0,0,0,0,0,0,0,0,0,0,0,,,0,,0,0,0,0,0,0,,0,0,0,0,0,0,0,0,0,0,,0,,0.0,0.0,0.0,0,0,1,1,0,0,0,0.0,0.0,0,0,0,1,0,0,0,0,0,0,0,0,0,0,0,0,0,0,0,0,0,0,0,,,0,0,0,0,0,0,0,0,0,0,0,0,,,,0,0,0,0,0,0,0,,0,0,0,0,0,0.0,0.0
00-0036994,E.Jones,Ernest Jones,LB,LB,"https://static.www.nfl.com/image/upload/f_auto,q_auto/league/zn0pz6okty7vbj5ryryt",2025,2,REG,SEA,PIT,0,0,0,0,0,0,0,0,0,0,0,0,,,0,,0,0,0,0,0,0,,0,0,0,0,0,0,0,0,0,0,,0,,0.0,0.0,0.0,0,8,0,2,0,0,0,0.0,0.0,0,0,0,0,0,0,0,0,0,0,0,0,0,0,0,0,0,0,0,0,0,0,0,,,0,0,0,0,0,0,0,0,0,0,0,0,,,,0,0,0,0,0,0,0,,0,0,0,0,0,0.0,0.0
00-0037003,C.Surratt,Chazz Surratt,LB,LB,"https://static.www.nfl.com/image/upload/f_auto,q_auto/league/wvgrytpf6ymlzcmxcnch",2025,2,REG,SEA,PIT,0,0,0,0,0,0,0,0,0,0,0,0,,,0,,0,0,0,0,0,0,,0,0,0,0,0,0,0,0,0,0,,0,,0.0,0.0,0.0,0,0,0,1,0,0,0,0.0,0.0,0,0,0,0,0,0,0,0,0,0,0,0,0,0,0,0,0,0,0,0,0,0,0,,,0,0,0,0,0,0,0,0,0,0,0,0,,,,0,0,0,0,0,0,0,,0,0,0,0,0,0.0,0.0
00-0037079,T.Woolen,Riq Woolen,CB,DB,"https://static.www.nfl.com/image/upload/f_auto,q_auto/league/rup4lbocfzdeohfrzfq9",2025,2,REG,SEA,PIT,0,0,0,0,0,0,0,0,0,0,0,0,,,0,,0,0,0,0,0,0,,0,0,0,0,0,0,0,0,0,0,,0,,0.0,0.0,0.0,0,3,0,0,0,0,0,0.0,0.0,0,0,0,0,0,0,0,0,0,0,0,0,0,1,5,0,0,0,0,0,0,0,0,,,0,0,0,0,0,0,0,0,0,0,0,0,,,,0,0,0,0,0,0,0,,0,0,0,0,0,0.0,0.0
00-0037093,D.Young,Dareke Young,WR,WR,"https://static.www.nfl.com/image/upload/f_auto,q_auto/league/umjr6zhpksws2vpfo0qe",2025,2,REG,SEA,PIT,0,0,0,0,0,0,0,0,0,0,0,0,,,0,,0,0,0,0,0,0,,0,0,0,0,0,0,0,0,0,0,,0,,0.0,0.0,0.0,0,0,0,1,0,0,0,0.0,0.0,0,0,0,0,0,0,0,0,0,0,0,0,0,0,0,0,0,0,0,0,0,0,0,,,0,0,0,0,0,0,0,0,0,0,0,0,,,,0,0,0,0,0,0,0,,0,0,0,0,0,0.0,0.0
00-0037137,J.Jobe,Josh Jobe,CB,DB,"https://static.www.nfl.com/image/upload/f_auto,q_auto/league/tfksoqwgf4axolfjv6zi",2025,2,REG,SEA,PIT,0,0,0,0,0,0,0,0,0,0,0,0,,,0,,0,0,0,0,0,0,,0,0,0,0,0,0,0,0,0,0,,0,,0.0,0.0,0.0,0,3,0,1,0,0,0,0.0,0.0,0,0,0,1,0,0,0,0,0,0,0,0,0,0,0,0,0,0,0,0,0,0,0,,,0,0,0,0,0,0,0,0,0,0,0,0,,,,0,0,0,0,0,0,0,,0,0,0,0,0,0.0,0.0
00-0037332,D.Bell,D'Anthony Bell,SAF,DB,"https://static.www.nfl.com/image/upload/f_auto,q_auto/league/ckont3gxmlaebwbbkplr",2025,2,REG,SEA,PIT,0,0,0,0,0,0,0,0,0,0,0,0,,,0,,0,0,0,0,0,0,,0,0,0,0,0,0,0,0,0,0,,0,,0.0,0.0,0.0,0,0,1,0,0,0,0,0.0,0.0,0,0,0,0,0,0,0,0,0,0,0,0,0,0,0,0,0,0,0,0,0,0,0,,,0,0,0,0,0,0,0,0,0,0,0,0,,,,0,0,0,0,0,0,0,,0,0,0,0,0,0.0,0.0
00-0037842,D.Kendrick,Derion Kendrick,CB,DB,"https://static.www.nfl.com/image/upload/f_auto,q_auto/league/jqmngrtmkviwleea8i40",2025,2,REG,SEA,PIT,0,0,0,0,0,0,0,0,0,0,0,0,,,0,,0,0,0,0,0,0,,0,0,0,0,0,0,0,0,0,0,,0,,0.0,0.0,0.0,0,0,1,0,0,0,0,0.0,0.0,0,1,0,2,0,0,0,0,0,0,0,0,0,0,0,0,0,0,0,0,0,0,0,,,0,0,0,0,0,0,0,0,0,0,0,0,,,,0,0,0,0,0,0,0,,0,0,0,0,0,0.0,0.0
00-0038133,B.Mafe,Boye Mafe,LB,LB,"https://static.www.nfl.com/image/upload/f_auto,q_auto/league/smudeksouwxr6zynwcws",2025,2,REG,SEA,PIT,0,0,0,0,0,0,0,0,0,0,0,0,,,0,,0,0,0,0,0,0,,0,0,0,0,0,0,0,0,0,0,,0,,0.0,0.0,0.0,0,0,0,1,0,0,0,0.0,0.0,0,0,0,0,0,0,0,0,0,0,0,0,0,0,0,0,0,0,0,0,0,0,0,,,0,0,0,0,0,0,0,0,0,0,0,0,,,,0,0,0,0,0,0,0,,0,0,0,0,0,0.0,0.0
00-0038134,K.Walker,Kenneth Walker III,RB,RB,"https://static.www.nfl.com/image/upload/f_auto,q_auto/league/mnzsnemdzbey5hbahdhk",2025,2,REG,SEA,PIT,0,0,0,0,0,0,0,0,0,0,0,0,,,0,,13,105,1,0,0,7,8.896423088212032,0,1,1,13,0,0,0,0,13,0,0.23142872494645417,0,0.0,0.03333333333333333,0.0,0.05,0,0,0,0,0,0,0,0.0,0.0,0,0,0,0,0,0,0,0,0,0,0,0,0,0,0,0,0,0,0,0,0,0,0,,,0,0,0,0,0,0,0,0,0,0,0,0,,,,0,0,0,0,0,0,0,,0,0,0,0,0,17.8,18.8
00-0038136,C.Bryant,Coby Bryant,SAF,DB,"https://static.www.nfl.com/image/upload/f_auto,q_auto/league/dx8iy9fohocha1eh4k58",2025,2,REG,SEA,PIT,0,0,0,0,0,0,0,0,0,0,0,0,,,0,,0,0,0,0,0,0,,0,0,0,0,0,0,0,0,0,0,,0,,0.0,0.0,0.0,0,2,0,2,0,0,0,0.0,0.0,0,1,28,1,0,0,0,0,0,0,0,0,0,0,0,0,0,0,0,0,0,0,0,,,0,0,0,0,0,0,0,0,0,0,0,0,,,,0,0,0,0,0,0,0,,0,0,0,0,0,0.0,0.0
00-0038488,B.Russell,Brady Russell,FB,RB,"https://static.www.nfl.com/image/upload/f_auto,q_auto/league/qvf5yojj8rznahzzxffx",2025,2,REG,SEA,PIT,0,0,0,0,0,0,0,0,0,0,0,0,,,0,,0,0,0,0,0,0,,0,0,0,0,0,0,0,0,0,0,,0,,0.0,0.0,0.0,0,0,1,1,0,0,0,0.0,0.0,0,0,0,0,0,0,0,0,0,0,0,0,0,0,0,0,0,0,0,0,0,0,0,,,0,0,0,0,0,0,0,0,0,0,0,0,,,,0,0,0,0,0,0,0,,0,0,0,0,0,0.0,0.0
00-0038543,J.Smith-Njigba,Jaxon Smith-Njigba,WR,WR,"https://static.www.nfl.com/image/upload/f_auto,q_auto/league/jpvhsregfvw46mlyckzj",2025,2,REG,SEA,PIT,0,0,0,0,0,0,0,0,0,0,0,0,,,0,,0,0,0,0,0,0,,0,8,10,103,0,0,0,103,29,4,5.9009820614420025,0,1.0,0.3333333333333333,0.3886792452830189,0.7720754716981132,0,0,0,0,0,0,0,0.0,0.0,0,0,0,0,0,0,0,0,0,0,0,0,0,0,0,0,0,0,0,0,0,0,0,,,0,0,0,0,0,0,0,0,0,0,0,0,,,,0,0,0,0,0,0,0,,0,0,0,0,0,10.3,18.3
00-0038591,M.Morris,Mike Morris,DE,DL,"https://static.www.nfl.com/image/upload/f_auto,q_auto/league/hknu9azwhvn7pq4tfaiz",2025,2,REG,SEA,PIT,0,0,0,0,0,0,0,0,0,0,0,0,,,0,,0,0,0,0,0,0,,0,0,0,0,0,0,0,0,0,0,,0,,0.0,0.0,0.0,0,2,0,0,0,0,0,0.0,0.0,0,0,0,0,0,0,0,0,0,0,0,0,0,0,0,0,0,0,0,0,0,0,0,,,0,0,0,0,0,0,0,0,0,0,0,0,,,,0,0,0,0,0,0,0,,0,0,0,0,0,0.0,0.0
00-0038765,T.Okada,Ty Okada,SAF,DB,"https://static.www.nfl.com/image/upload/f_auto,q_auto/league/qnhwwei8cfomvdveuhg2",2025,2,REG,SEA,PIT,0,0,0,0,0,0,0,0,0,0,0,0,,,0,,0,0,0,0,0,0,,0,0,0,0,0,0,0,0,0,0,,0,,0.0,0.0,0.0,0,1,0,0,0,0,0,0.0,0.0,0,0,0,0,0,0,0,0,0,0,0,0,0,0,0,0,0,0,0,0,0,0,0,,,0,0,0,0,0,0,0,0,0,0,0,0,,,,0,0,0,0,0,0,0,,0,0,0,0,0,0.0,0.0
00-0039047,D.Hall,Derick Hall,LB,LB,"https://static.www.nfl.com/image/upload/f_auto,q_auto/league/gbzmlna8fujliinb6g33",2025,2,REG,SEA,PIT,0,0,0,0,0,0,0,0,0,0,0,0,,,0,,0,0,0,0,0,0,,0,0,0,0,0,0,0,0,0,0,,0,,0.0,0.0,0.0,0,1,0,0,0,0,0,0.0,0.0,2,0,0,0,0,0,0,0,0,0,0,0,0,0,0,0,0,0,0,0,0,0,0,,,0,0,0,0,0,0,0,0,0,0,0,0,,,,0,0,0,0,0,0,0,,0,0,0,0,0,0.0,0.0
00-0039165,Z.Charbonnet,Zach Charbonnet,RB,RB,"https://static.www.nfl.com/image/upload/f_auto,q_auto/league/jqbzg5e8pdltbnb7hc8p",2025,2,REG,SEA,PIT,0,0,0,0,0,0,0,0,0,0,0,0,,,0,,15,10,0,0,0,0,-8.689443537557963,0,0,0,0,0,0,0,0,0,0,,0,,0.0,0.0,0.0,0,0,0,0,0,0,0,0.0,0.0,0,0,0,0,0,0,0,0,0,0,0,0,0,0,0,0,0,0,0,0,0,0,0,,,0,0,0,0,0,0,0,0,0,0,0,0,,,,0,0,0,0,0,0,0,,0,0,0,0,0,1.0,1.0
00-0039299,G.Holani,George Holani,RB,RB,"https://static.www.nfl.com/image/upload/f_auto,q_auto/league/nadkmkb2sqgjhbkpirkg",2025,2,REG,SEA,PIT,0,0,0,0,0,0,0,0,0,0,0,0,,,0,,0,0,0,0,0,0,,0,0,0,0,0,0,0,0,0,0,,0,,0.0,0.0,0.0,1,0,0,0,0,0,0,0.0,0.0,0,0,0,0,0,0,0,0,0,0,0,0,0,0,0,0,0,5,133,0,0,0,0,,,0,0,0,0,0,0,0,0,0,0,0,0,,,,0,0,0,0,0,0,0,,0,0,0,0,0,6.0,6.0
00-0039309,B.Murphy,Byron Murphy II,DT,DL,"https://static.www.nfl.com/image/upload/f_auto,q_auto/league/xeq70yetr8qznbkjjiye",2025,2,REG,SEA,PIT,0,0,0,0,0,0,0,0,0,0,0,0,,,0,,0,0,0,0,0,0,,0,0,0,0,0,0,0,0,0,0,,0,,0.0,0.0,0.0,0,2,0,3,1,9,0,1.5,12.0,3,0,0,0,0,0,0,0,0,0,0,0,0,0,0,0,0,0,0,0,0,0,0,,,0,0,0,0,0,0,0,0,0,0,0,0,,,,0,0,0,0,0,0,0,,0,0,0,0,0,0.0,0.0
00-0039793,A.Barner,AJ Barner,TE,TE,"https://static.www.nfl.com/image/upload/f_auto,q_auto/league/ul77k5rqbqzd5zzqsaea",2025,2,REG,SEA,PIT,0,0,0,0,0,0,0,0,0,0,0,0,,,0,,1,2,0,0,0,1,1.6913605554727837,0,2,3,26,1,0,0,-1,18,2,-2.3473617841955274,0,0.0,0.1,-0.0037735849056603774,0.14735849056603775,0,0,0,1,0,0,0,0.0,0.0,0,0,0,0,0,0,0,0,0,0,0,0,0,1,5,0,0,0,0,0,0,0,0,,,0,0,0,0,0,0,0,0,0,0,0,0,,,,0,0,0,0,0,0,0,,0,0,0,0,0,8.8,10.8
00-0039815,T.Knight,Tyrice Knight,LB,LB,"https://static.www.nfl.com/image/upload/f_auto,q_auto/league/eqhzoc3hrxk94vxolfws",2025,2,REG,SEA,PIT,0,0,0,0,0,0,0,0,0,0,0,0,,,0,,0,0,0,0,0,0,,0,0,0,0,0,0,0,0,0,0,,0,,0.0,0.0,0.0,0,5,0,3,0,0,0,0.0,0.0,0,0,0,0,0,0,0,0,0,0,0,0,0,0,0,0,0,0,0,0,0,0,0,,,0,0,0,0,0,0,0,0,0,0,0,0,,,,0,0,0,0,0,0,0,,0,0,0,0,0,0.0,0.0
00-0040648,T.Horton,Tory Horton,WR,WR,"https://static.www.nfl.com/image/upload/f_auto,q_auto/league/vpgs86vlcp3gejw6tget",2025,2,REG,SEA,PIT,0,0,0,0,0,0,0,0,0,0,0,0,,,0,,0,0,0,0,0,0,,0,2,4,32,1,0,0,79,2,1,1.8796425314503722,0,0.4050632911392405,0.13333333333333333,0.2981132075471698,0.40867924528301885,0,0,0,0,0,0,0,0.0,0.0,0,0,0,0,0,0,0,0,0,0,0,0,0,0,0,2,30,0,0,0,0,0,0,,,0,0,0,0,0,0,0,0,0,0,0,0,,,,0,0,0,0,0,0,0,,0,0,0,0,0,9.2,11.2
00-0040649,R.Ouzts,Robbie Ouzts,RB,RB,"https://static.www.nfl.com/image/upload/f_auto,q_auto/league/bbgpfhy0vssgu6vkfzs8",2025,2,REG,SEA,PIT,0,0,0,0,0,0,0,0,0,0,0,0,,,0,,0,0,0,0,0,0,,0,0,0,0,0,0,0,0,0,0,,0,,0.0,0.0,0.0,0,1,0,1,0,0,0,0.0,0.0,0,0,0,0,0,0,0,0,0,0,0,0,0,0,0,0,0,0,0,0,0,0,0,,,0,0,0,0,0,0,0,0,0,0,0,0,,,,0,0,0,0,0,0,0,,0,0,0,0,0,0.0,0.0
00-0040739,E.Arroyo,Elijah Arroyo,TE,TE,"https://static.www.nfl.com/image/upload/f_auto,q_auto/league/dwlyrxi2yxowfj4abtoa",2025,2,REG,SEA,PIT,0,0,0,0,0,0,0,0,0,0,0,0,,,0,,0,0,0,0,0,0,,0,2,3,31,0,0,0,6,26,1,1.260829092178028,0,5.166666666666667,0.1,0.022641509433962263,0.1658490566037736,0,0,0,0,0,0,0,0.0,0.0,0,0,0,0,0,0,0,0,0,0,0,0,0,0,0,0,0,0,0,0,0,0,0,,,0,0,0,0,0,0,0,0,0,0,0,0,,,,0,0,0,0,0,0,0,,0,0,0,0,0,3.1,5.1
00-0031411,D.Lawrence,DeMarcus Lawrence,DE,DL,"https://static.www.nfl.com/image/upload/f_auto,q_auto/league/dqcbiti9q92w9uawqxom",2025,3,REG,SEA,NO,0,0,0,0,0,0,0,0,0,0,0,0,,,0,,0,0,0,0,0,0,,0,0,0,0,0,0,0,0,0,0,,0,,0.0,0.0,0.0,0,2,0,0,0,0,0,0.0,0.0,0,0,0,0,0,0,0,0,0,0,0,0,0,0,0,0,0,0,0,0,0,0,0,,,0,0,0,0,0,0,0,0,0,0,0,0,,,,0,0,0,0,0,0,0,,0,0,0,0,0,0.0,0.0
00-0031492,J.Myers,Jason Myers,K,SPEC,"https://static.www.nfl.com/image/upload/f_auto,q_auto/league/rnw5znsm0hrekqvztiog",2025,3,REG,SEA,NO,0,0,0,0,0,0,0,0,0,0,0,0,,,0,,0,0,0,0,0,0,,0,0,0,0,0,0,0,0,0,0,,0,,0.0,0.0,0.0,0,0,0,0,0,0,0,0.0,0.0,0,0,0,0,0,0,0,0,0,0,0,0,0,0,0,0,0,0,0,3,3,0,0,56.0,1.0,0,0,1,1,1,0,0,0,0,0,0,0,56;46;37,,,139,0,0,5,5,0,0,1.0,0,0,0,0,0,0.0,0.0
00-0031933,L.Williams,Leonard Williams,DE,DL,"https://static.www.nfl.com/image/upload/f_auto,q_auto/league/jhaogtinjeyrwbjsvbl4",2025,3,REG,SEA,NO,0,0,0,0,0,0,0,0,0,0,0,0,,,0,,0,0,0,0,0,0,,0,0,0,0,0,0,0,0,0,0,,0,,0.0,0.0,0.0,0,2,0,2,0,0,0,0.5,3.5,2,0,0,0,0,0,0,0,0,0,0,0,0,2,30,0,0,0,0,0,0,0,0,,,0,0,0,0,0,0,0,0,0,0,0,0,,,,0,0,0,0,0,0,0,,0,0,0,0,0,0.0,0.0
00-0032387,Ja.Reed,Jarran Reed,DT,DL,"https://static.www.nfl.com/image/upload/f_auto,q_auto/league/td7umxhgwkswls8rutk0",2025,3,REG,SEA,NO,0,0,0,0,0,0,0,0,0,0,0,0,,,0,,0,0,0,0,0,0,,0,0,0,0,0,0,0,0,0,0,,0,,0.0,0.0,0.0,0,0,0,2,0,0,0,0.0,0.0,2,0,0,0,0,0,0,0,0,0,0,0,0,0,0,0,0,0,0,0,0,0,0,,,0,0,0,0,0,0,0,0,0,0,0,0,,,,0,0,0,0,0,0,0,,0,0,0,0,0,0.0,0.0
00-0033576,E.Saubert,Eric Saubert,TE,TE,"https://static.www.nfl.com/image/upload/f_auto,q_auto/league/ojoapzazehxdd01fadz6",2025,3,REG,SEA,NO,0,0,0,0,0,0,0,0,0,0,0,0,,,0,,0,0,0,0,0,0,,0,1,1,12,0,0,0,6,6,1,1.767338192963507,0,2.0,0.05,0.03680981595092025,0.10076687116564419,0,1,0,1,0,0,0,0.0,0.0,0,0,0,0,0,0,0,0,0,0,0,0,0,1,10,0,0,0,0,0,0,0,0,,,0,0,0,0,0,0,0,0,0,0,0,0,,,,0,0,0,0,0,0,0,,0,0,0,0,0,1.2000000000000002,2.2
00-0033908,C.Kupp,Cooper Kupp,WR,WR,"https://static.www.nfl.com/image/upload/f_auto,q_auto/league/lpaxi9rsedlg9sdr5quw",2025,3,REG,SEA,NO,0,0,0,0,0,0,0,0,0,0,0,0,,,0,,0,0,0,0,0,0,,0,2,3,31,0,0,0,3,15,1,3.7125597049016505,0,10.333333333333334,0.15,0.018404907975460124,0.23788343558282207,0,0,0,0,0,0,0,0.0,0.0,0,0,0,0,0,0,0,0,0,0,0,0,0,0,0,0,0,0,0,0,0,0,0,,,0,0,0,0,0,0,0,0,0,0,0,0,,,,0,0,0,0,0,0,0,,0,0,0,0,0,3.1,5.1
00-0034160,M.Dickson,Michael Dickson,P,SPEC,"https://static.www.nfl.com/image/upload/f_auto,q_auto/league/chduw8ql98kdzegqiylt",2025,3,REG,SEA,NO,0,0,0,0,0,0,0,0,0,0,0,0,,,0,,0,0,0,0,0,0,,0,0,0,0,0,0,0,0,0,0,,0,,0.0,0.0,0.0,0,0,0,0,0,0,0,0.0,0.0,0,0,0,0,0,0,0,0,0,0,0,0,0,0,0,0,0,0,0,0,0,0,0,,,0,0,0,0,0,0,0,0,0,0,0,0,,,,0,0,0,0,0,0,0,,0,0,0,0,0,0.0,0.0
00-0034869,S.Darnold,Sam Darnold,QB,QB,"https://static.www.nfl.com/image/upload/f_auto,q_auto/league/s5t8m6bhedjwwtfw3ild",2025,3,REG,SEA,NO,14,18,218,2,0,0,0,0,0,158,63,10,16.96673510819116,25.015234070665695,0,1.379746835443038,0,0,0,0,0,0,,0,0,0,0,0,0,0,0,0,0,,0,,0.0,0.0,0.0,0,0,0,0,0,0,0,0.0,0.0,0,0,0,0,0,0,0,0,0,0,0,0,0,0,0,0,0,0,0,0,0,0,0,,,0,0,0,0,0,0,0,0,0,0,0,0,,,,0,0,0,0,0,0,0,,0,0,0,0,0,16.72,16.72
00-0035704,D.Lock,Drew Lock,QB,QB,"https://static.www.nfl.com/image/upload/f_auto,q_auto/league/e0xz0hu8s0lpbwlr0bzj",2025,3,REG,SEA,NO,2,3,15,0,0,0,0,0,0,5,16,1,-0.8927228087559342,-14.289780457814535,0,3.0,1,-1,0,0,0,0,0.0,0,0,0,0,0,0,0,0,0,0,,0,,0.0,0.0,0.0,0,0,0,0,0,0,0,0.0,0.0,0,0,0,0,0,0,0,0,0,0,0,0,0,0,0,0,0,0,0,0,0,0,0,,,0,0,0,0,0,0,0,0,0,0,0,0,,,,0,0,0,0,0,0,0,,0,0,0,0,0,0.5,0.5
00-0036994,E.Jones,Ernest Jones,LB,LB,"https://static.www.nfl.com/image/upload/f_auto,q_auto/league/zn0pz6okty7vbj5ryryt",2025,3,REG,SEA,NO,0,0,0,0,0,0,0,0,0,0,0,0,,,0,,0,0,0,0,0,0,,0,0,0,0,0,0,0,0,0,0,,0,,0.0,0.0,0.0,0,2,1,4,1,4,0,0.0,0.0,0,0,0,0,0,0,0,0,0,0,0,0,0,0,0,0,0,0,0,0,0,0,0,,,0,0,0,0,0,0,0,0,0,0,0,0,,,,0,0,0,0,0,0,0,,0,0,0,0,0,0.0,0.0
00-0037003,C.Surratt,Chazz Surratt,LB,LB,"https://static.www.nfl.com/image/upload/f_auto,q_auto/league/wvgrytpf6ymlzcmxcnch",2025,3,REG,SEA,NO,0,0,0,0,0,0,0,0,0,0,0,0,,,0,,0,0,0,0,0,0,,0,0,0,0,0,0,0,0,0,0,,0,,0.0,0.0,0.0,0,1,0,0,0,0,0,0.0,0.0,0,0,0,0,0,0,0,0,0,0,0,0,0,0,0,0,0,0,0,0,0,0,0,,,0,0,0,0,0,0,0,0,0,0,0,0,,,,0,0,0,0,0,0,0,,0,0,0,0,0,0.0,0.0
00-0037079,T.Woolen,Riq Woolen,CB,DB,"https://static.www.nfl.com/image/upload/f_auto,q_auto/league/rup4lbocfzdeohfrzfq9",2025,3,REG,SEA,NO,0,0,0,0,0,0,0,0,0,0,0,0,,,0,,0,0,0,0,0,0,,0,0,0,0,0,0,0,0,0,0,,0,,0.0,0.0,0.0,0,5,0,0,0,0,0,0.0,0.0,0,0,0,0,0,0,0,0,0,0,0,0,0,0,0,0,0,0,0,0,0,0,0,,,0,0,0,0,0,0,0,0,0,0,0,0,,,,0,0,0,0,0,0,0,,0,0,0,0,0,0.0,0.0
00-0037093,D.Young,Dareke Young,WR,WR,"https://static.www.nfl.com/image/upload/f_auto,q_auto/league/umjr6zhpksws2vpfo0qe",2025,3,REG,SEA,NO,0,0,0,0,0,0,0,0,0,0,0,0,,,0,,0,0,0,0,0,0,,0,1,1,12,0,0,0,12,0,1,0.7780408487888053,0,1.0,0.05,0.0736196319018405,0.12653374233128836,0,0,0,0,0,0,0,0.0,0.0,0,0,0,0,0,0,0,0,0,0,0,0,0,0,0,0,0,2,92,0,0,0,0,,,0,0,0,0,0,0,0,0,0,0,0,0,,,,0,0,0,0,0,0,0,,0,0,0,0,0,1.2000000000000002,2.2
00-0037137,J.Jobe,Josh Jobe,CB,DB,"https://static.www.nfl.com/image/upload/f_auto,q_auto/league/tfksoqwgf4axolfjv6zi",2025,3,REG,SEA,NO,0,0,0,0,0,0,0,0,0,0,0,0,,,0,,0,0,0,0,0,0,,0,0,0,0,0,0,0,0,0,0,,0,,0.0,0.0,0.0,0,9,0,2,0,0,0,0.0,0.0,0,0,0,1,0,0,0,0,0,0,0,0,0,3,15,0,0,0,0,0,0,0,0,,,0,0,0,0,0,0,0,0,0,0,0,0,,,,0,0,0,0,0,0,0,,0,0,0,0,0,0.0,0.0
00-0037332,D.Bell,D'Anthony Bell,SAF,DB,"https://static.www.nfl.com/image/upload/f_auto,q_auto/league/ckont3gxmlaebwbbkplr",2025,3,REG,SEA,NO,0,0,0,0,0,0,0,0,0,0,0,0,,,0,,0,0,0,0,0,0,,0,0,0,0,0,0,0,0,0,0,,0,,0.0,0.0,0.0,0,2,0,0,1,2,0,0.0,0.0,0,0,0,0,0,0,0,0,0,0,0,0,0,0,0,0,0,0,0,0,0,0,0,,,0,0,0,0,0,0,0,0,0,0,0,0,,,,0,0,0,0,0,0,0,,0,0,0,0,0,0.0,0.0
00-0037842,D.Kendrick,Derion Kendrick,CB,DB,"https://static.www.nfl.com/image/upload/f_auto,q_auto/league/jqmngrtmkviwleea8i40",2025,3,REG,SEA,NO,0,0,0,0,0,0,0,0,0,0,0,0,,,0,,0,0,0,0,0,0,,0,0,0,0,0,0,0,0,0,0,,0,,0.0,0.0,0.0,0,2,0,2,0,0,0,0.0,0.0,0,1,0,3,0,0,0,0,0,0,0,0,0,0,0,0,0,0,0,0,0,0,0,,,0,0,0,0,0,0,0,0,0,0,0,0,,,,0,0,0,0,0,0,0,,0,0,0,0,0,0.0,0.0
00-0038133,B.Mafe,Boye Mafe,LB,LB,"https://static.www.nfl.com/image/upload/f_auto,q_auto/league/smudeksouwxr6zynwcws",2025,3,REG,SEA,NO,0,0,0,0,0,0,0,0,0,0,0,0,,,0,,0,0,0,0,0,0,,0,0,0,0,0,0,0,0,0,0,,0,,0.0,0.0,0.0,0,0,0,0,0,0,0,0.0,0.0,1,0,0,0,0,0,0,0,0,0,0,0,0,0,0,0,0,0,0,0,0,0,0,,,0,0,0,0,0,0,0,0,0,0,0,0,,,,0,0,0,0,0,0,0,,0,0,0,0,0,0.0,0.0
00-0038134,K.Walker,Kenneth Walker III,RB,RB,"https://static.www.nfl.com/image/upload/f_auto,q_auto/league/mnzsnemdzbey5hbahdhk",2025,3,REG,SEA,NO,0,0,0,0,0,0,0,0,0,0,0,0,,,0,,16,38,2,0,0,4,-0.6668572705239058,0,1,1,12,0,0,0,2,10,1,0.6171566003467888,0,6.0,0.05,0.012269938650306749,0.08358895705521474,0,0,0,0,0,0,0,0.0,0.0,0,0,0,0,0,0,0,0,0,0,0,0,0,0,0,0,0,0,0,0,0,0,0,,,0,0,0,0,0,0,0,0,0,0,0,0,,,,0,0,0,0,0,0,0,,0,0,0,0,0,17.0,18.0
00-0038136,C.Bryant,Coby Bryant,SAF,DB,"https://static.www.nfl.com/image/upload/f_auto,q_auto/league/dx8iy9fohocha1eh4k58",2025,3,REG,SEA,NO,0,0,0,0,0,0,0,0,0,0,0,0,,,0,,0,0,0,0,0,0,,0,0,0,0,0,0,0,0,0,0,,0,,0.0,0.0,0.0,0,3,0,0,0,0,0,0.0,0.0,0,0,0,2,0,0,0,0,0,0,0,0,0,0,0,0,0,0,0,0,0,0,0,,,0,0,0,0,0,0,0,0,0,0,0,0,,,,0,0,0,0,0,0,0,,0,0,0,0,0,0.0,0.0
00-0038488,B.Russell,Brady Russell,FB,RB,"https://static.www.nfl.com/image/upload/f_auto,q_auto/league/qvf5yojj8rznahzzxffx",2025,3,REG,SEA,NO,0,0,0,0,0,0,0,0,0,0,0,0,,,0,,0,0,0,0,0,0,,0,0,0,0,0,0,0,0,0,0,,0,,0.0,0.0,0.0,0,2,0,0,0,0,0,0.0,0.0,0,0,0,0,0,0,0,0,0,0,0,0,0,0,0,0,0,0,0,0,0,0,0,,,0,0,0,0,0,0,0,0,0,0,0,0,,,,0,0,0,0,0,0,0,,0,0,0,0,0,0.0,0.0
00-0038543,J.Smith-Njigba,Jaxon Smith-Njigba,WR,WR,"https://static.www.nfl.com/image/upload/f_auto,q_auto/league/jpvhsregfvw46mlyckzj",2025,3,REG,SEA,NO,0,0,0,0,0,0,0,0,0,0,0,0,,,0,,0,0,0,0,0,0,,0,5,6,96,1,0,0,87,21,4,7.537608480255809,0,1.103448275862069,0.3,0.5337423312883436,0.8236196319018405,0,0,0,0,0,0,0,0.0,0.0,0,0,0,0,0,0,0,0,0,0,0,0,0,0,0,0,0,0,0,0,0,0,0,,,0,0,0,0,0,0,0,0,0,0,0,0,,,,0,0,0,0,0,0,0,,0,0,0,0,0,15.600000000000001,20.6
00-0038591,M.Morris,Mike Morris,DE,DL,"https://static.www.nfl.com/image/upload/f_auto,q_auto/league/hknu9azwhvn7pq4tfaiz",2025,3,REG,SEA,NO,0,0,0,0,0,0,0,0,0,0,0,0,,,0,,0,0,0,0,0,0,,0,0,0,0,0,0,0,0,0,0,,0,,0.0,0.0,0.0,0,3,0,2,1,1,0,0.0,0.0,1,0,0,1,0,0,0,0,0,0,0,0,0,0,0,0,0,0,0,0,0,0,0,,,0,0,0,0,0,0,0,0,0,0,0,0,,,,0,0,0,0,0,0,0,,0,0,0,0,0,0.0,0.0
00-0038613,Je.Reed,Jerrick Reed II,SAF,DB,"https://static.www.nfl.com/image/upload/f_auto,q_auto/league/kseplyvmp1o8xdojoe5t",2025,3,REG,SEA,NO,0,0,0,0,0,0,0,0,0,0,0,0,,,0,,0,0,0,0,0,0,,0,0,0,0,0,0,0,0,0,0,,0,,0.0,0.0,0.0,0,2,0,0,0,0,0,0.0,0.0,0,0,0,0,0,0,0,0,0,0,0,0,0,0,0,0,0,0,0,0,0,0,0,,,0,0,0,0,0,0,0,0,0,0,0,0,,,,0,0,0,0,0,0,0,,0,0,0,0,0,0.0,0.0
00-0038765,T.Okada,Ty Okada,SAF,DB,"https://static.www.nfl.com/image/upload/f_auto,q_auto/league/qnhwwei8cfomvdveuhg2",2025,3,REG,SEA,NO,0,0,0,0,0,0,0,0,0,0,0,0,,,0,,0,0,0,0,0,0,,0,0,0,0,0,0,0,0,0,0,,0,,0.0,0.0,0.0,0,7,0,2,0,0,0,0.5,3.5,1,0,0,0,0,0,0,0,0,0,0,0,0,0,0,0,0,0,0,0,0,0,0,,,0,0,0,0,0,0,0,0,0,0,0,0,,,,0,0,0,0,0,0,0,,0,0,0,0,0,0.0,0.0
00-0038922,D.Thomas,Drake Thomas,LB,LB,"https://static.www.nfl.com/image/upload/f_auto,q_auto/league/egqpcx91rp0iadqqxu2v",2025,3,REG,SEA,NO,0,0,0,0,0,0,0,0,0,0,0,0,,,0,,0,0,0,0,0,0,,0,0,0,0,0,0,0,0,0,0,,0,,0.0,0.0,0.0,0,4,0,1,0,0,0,0.0,0.0,0,0,0,0,0,0,0,0,0,0,0,0,0,0,0,0,0,0,0,0,0,0,0,,,0,0,0,0,0,0,0,0,0,0,0,0,,,,0,0,0,0,0,0,0,,0,0,0,0,0,0.0,0.0
00-0039047,D.Hall,Derick Hall,LB,LB,"https://static.www.nfl.com/image/upload/f_auto,q_auto/league/gbzmlna8fujliinb6g33",2025,3,REG,SEA,NO,0,0,0,0,0,0,0,0,0,0,0,0,,,0,,0,0,0,0,0,0,,0,0,0,0,0,0,0,0,0,0,,0,,0.0,0.0,0.0,0,1,0,1,0,0,0,0.0,0.0,0,0,0,0,0,0,0,0,0,0,0,0,0,0,0,0,0,0,0,0,0,0,0,,,0,0,0,0,0,0,0,0,0,0,0,0,,,,0,0,0,0,0,0,0,,0,0,0,0,0,0.0,0.0
00-0039299,G.Holani,George Holani,RB,RB,"https://static.www.nfl.com/image/upload/f_auto,q_auto/league/nadkmkb2sqgjhbkpirkg",2025,3,REG,SEA,NO,0,0,0,0,0,0,0,0,0,0,0,0,,,0,,10,27,0,1,1,2,-7.50544029584853,0,2,2,15,0,0,0,-1,16,1,-0.1405418971553445,0,-15.0,0.1,-0.006134969325153374,0.14570552147239266,0,0,0,0,0,0,0,0.0,0.0,0,0,0,0,0,0,0,0,0,0,0,0,0,0,0,0,0,0,0,0,0,0,0,,,0,0,0,0,0,0,0,0,0,0,0,0,,,,0,0,0,0,0,0,0,,0,0,0,0,0,2.2,4.2
00-0039309,B.Murphy,Byron Murphy II,DT,DL,"https://static.www.nfl.com/image/upload/f_auto,q_auto/league/xeq70yetr8qznbkjjiye",2025,3,REG,SEA,NO,0,0,0,0,0,0,0,0,0,0,0,0,,,0,,0,0,0,0,0,0,,0,0,0,0,0,0,0,0,0,0,,0,,0.0,0.0,0.0,0,2,0,1,1,6,0,1.0,6.0,1,0,0,0,0,0,0,0,0,0,0,0,0,0,0,0,0,0,0,0,0,0,0,,,0,0,0,0,0,0,0,0,0,0,0,0,,,,0,0,0,0,0,0,0,,0,0,0,0,0,0.0,0.0
00-0039793,A.Barner,AJ Barner,TE,TE,"https://static.www.nfl.com/image/upload/f_auto,q_auto/league/ul77k5rqbqzd5zzqsaea",2025,3,REG,SEA,NO,0,0,0,0,0,0,0,0,0,0,0,0,,,0,,0,0,0,0,0,0,,0,1,1,23,0,0,0,20,3,1,2.031789250904694,0,1.15,0.05,0.12269938650306748,0.16088957055214725,0,0,0,0,0,0,0,0.0,0.0,0,0,0,0,0,0,0,0,0,0,0,0,0,0,0,0,0,0,0,0,0,0,0,,,0,0,0,0,0,0,0,0,0,0,0,0,,,,0,0,0,0,0,0,0,,0,0,0,0,0,2.3000000000000003,3.3000000000000003
00-0039815,T.Knight,Tyrice Knight,LB,LB,"https://static.www.nfl.com/image/upload/f_auto,q_auto/league/eqhzoc3hrxk94vxolfws",2025,3,REG,SEA,NO,0,0,0,0,0,0,0,0,0,0,0,0,,,0,,0,0,0,0,0,0,,0,0,0,0,0,0,0,0,0,0,,0,,0.0,0.0,0.0,0,2,1,2,0,0,0,0.0,0.0,0,0,0,0,0,0,0,0,0,0,0,0,0,0,0,0,0,0,0,0,0,0,0,,,0,0,0,0,0,0,0,0,0,0,0,0,,,,0,0,0,0,0,0,0,,0,0,0,0,0,0.0,0.0
00-0039926,J.Sundell,Jalen Sundell,C,OL,"https://static.www.nfl.com/image/upload/f_auto,q_auto/league/ymw1mlr8v9aihxcb7ltm",2025,3,REG,SEA,NO,0,0,0,0,0,0,0,0,0,0,0,0,,,0,,0,0,0,0,0,0,,0,0,0,0,0,0,0,0,0,0,,0,,0.0,0.0,0.0,0,0,0,0,0,0,0,0.0,0.0,0,0,0,0,0,0,0,0,0,0,0,0,0,1,10,0,0,0,0,0,0,0,0,,,0,0,0,0,0,0,0,0,0,0,0,0,,,,0,0,0,0,0,0,0,,0,0,0,0,0,0.0,0.0
00-0040067,J.Wright,Jacardia Wright,RB,RB,"https://static.www.nfl.com/image/upload/f_auto,q_auto/league/tvfxv5q8uxf9k2wosp0q",2025,3,REG,SEA,NO,0,0,0,0,0,0,0,0,0,0,0,0,,,0,,5,20,0,0,0,1,0.037238389428239316,0,0,0,0,0,0,0,0,0,0,,0,,0.0,0.0,0.0,0,0,0,0,0,0,0,0.0,0.0,0,0,0,0,0,0,0,0,0,0,0,0,0,0,0,0,0,0,0,0,0,0,0,,,0,0,0,0,0,0,0,0,0,0,0,0,,,,0,0,0,0,0,0,0,,0,0,0,0,0,2.0,2.0
00-0040648,T.Horton,Tory Horton,WR,WR,"https://static.www.nfl.com/image/upload/f_auto,q_auto/league/vpgs86vlcp3gejw6tget",2025,3,REG,SEA,NO,0,0,0,0,0,0,0,0,0,0,0,0,,,0,,0,0,0,0,0,0,,0,3,4,32,1,0,0,30,8,1,1.1776378253882487,0,1.0666666666666667,0.2,0.18404907975460122,0.4288343558282209,1,0,0,0,0,0,0,0.0,0.0,0,0,0,0,0,0,0,0,0,0,0,0,0,0,0,3,114,0,0,0,0,0,0,,,0,0,0,0,0,0,0,0,0,0,0,0,,,,0,0,0,0,0,0,0,,0,0,0,0,0,15.2,18.2
00-0040673,J.Milroe,Jalen Milroe,QB,QB,"https://static.www.nfl.com/image/upload/f_auto,q_auto/league/gmucibahkrfu9xowwiio",2025,3,REG,SEA,NO,0,0,0,0,0,0,0,0,0,0,0,0,,,0,,1,3,0,0,0,0,-0.4508731198729947,0,0,0,0,0,0,0,0,0,0,,0,,0.0,0.0,0.0,0,0,0,0,0,0,0,0.0,0.0,0,0,0,0,0,0,0,0,0,0,0,0,0,0,0,0,0,0,0,0,0,0,0,,,0,0,0,0,0,0,0,0,0,0,0,0,,,,0,0,0,0,0,0,0,,0,0,0,0,0,0.30000000000000004,0.30000000000000004
00-0040739,E.Arroyo,Elijah Arroyo,TE,TE,"https://static.www.nfl.com/image/upload/f_auto,q_auto/league/dwlyrxi2yxowfj4abtoa",2025,3,REG,SEA,NO,0,0,0,0,0,0,0,0,0,0,0,0,,,0,,0,0,0,0,0,0,,0,0,1,0,0,0,0,10,0,0,-0.6725132019491866,0,0.0,0.05,0.06134969325153374,0.11794478527607363,0,0,0,0,0,0,0,0.0,0.0,0,0,0,0,0,0,0,0,0,0,0,0,0,1,5,0,0,0,0,0,0,0,0,,,0,0,0,0,0,0,0,0,0,0,0,0,,,,0,0,0,0,0,0,0,,0,0,0,0,0,0.0,0.0
