player_id,player_name,player_display_name,position,position_group,headshot_url,season,week,season_type,team,opponent_team,completions,attempts,passing_yards,passing_tds,passing_interceptions,sacks_suffered,sack_yards_lost,sack_fumbles,sack_fumbles_lost,passing_air_yards,passing_yards_after_catch,passing_first_downs,passing_epa,passing_cpoe,passing_2pt_conversions,pacr,carries,rushing_yards,rushing_tds,rushing_fumbles,rushing_fumbles_lost,rushing_first_downs,rushing_epa,rushing_2pt_conversions,receptions,targets,receiving_yards,receiving_tds,receiving_fumbles,receiving_fumbles_lost,receiving_air_yards,receiving_yards_after_catch,receiving_first_downs,receiving_epa,receiving_2pt_conversions,racr,target_share,air_yards_share,wopr,special_teams_tds,def_tackles_solo,def_tackles_with_assist,def_tackle_assists,def_tackles_for_loss,def_tackles_for_loss_yards,def_fumbles_forced,def_sacks,def_sack_yards,def_qb_hits,def_interceptions,def_interception_yards,def_pass_defended,def_tds,def_fumbles,def_safeties,misc_yards,fumble_recovery_own,fumble_recovery_yards_own,fumble_recovery_opp,fumble_recovery_yards_opp,fumble_recovery_tds,penalties,penalty_yards,punt_returns,punt_return_yards,kickoff_returns,kickoff_return_yards,fg_made,fg_att,fg_missed,fg_blocked,fg_long,fg_pct,fg_made_0_19,fg_made_20_29,fg_made_30_39,fg_made_40_49,fg_made_50_59,fg_made_60_,fg_missed_0_19,fg_missed_20_29,fg_missed_30_39,fg_missed_40_49,fg_missed_50_59,fg_missed_60_,fg_made_list,fg_missed_list,fg_blocked_list,fg_made_distance,fg_missed_distance,fg_blocked_distance,pat_made,pat_att,pat_missed,pat_blocked,pat_pct,gwfg_made,gwfg_att,gwfg_missed,gwfg_blocked,gwfg_distance,fantasy_points,fantasy_points_ppr
00-0032415,M.Judon,Matthew Judon,OLB,LB,"https://static.www.nfl.com/image/upload/f_auto,q_auto/league/xio1oo9c8qwfrouppuvk",2025,1,REG,MIA,IND,0,0,0,0,0,0,0,0,0,0,0,0,,,0,,0,0,0,0,0,0,,0,0,0,0,0,0,0,0,0,0,,0,,0.0,0.0,0.0,0,1,0,1,0,0,0,0.0,0.0,0,0,0,0,0,0,0,0,0,0,0,0,0,1,5,0,0,0,0,0,0,0,0,,,0,0,0,0,0,0,0,0,0,0,0,0,,,,0,0,0,0,0,0,0,,0,0,0,0,0,0.0,0.0
00-0033040,T.Hill,Tyreek Hill,WR,WR,"https://static.www.nfl.com/image/upload/f_auto,q_auto/league/gg73gnfivrn80oyqwazl",2025,1,REG,MIA,IND,0,0,0,0,0,0,0,0,0,0,0,0,,,0,,0,0,0,0,0,0,,0,4,6,40,0,0,0,86,5,3,-0.7789576242212206,0,0.46511627906976744,0.1935483870967742,0.36752136752136755,0.5475875379101185,0,0,0,0,0,0,0,0.0,0.0,0,0,0,0,0,0,0,0,0,0,0,0,0,0,0,0,0,0,0,0,0,0,0,,,0,0,0,0,0,0,0,0,0,0,0,0,,,,0,0,0,0,0,0,0,,0,0,0,0,0,4.0,8.0
00-0033551,R.Douglas,Rasul Douglas,CB,DB,"https://static.www.nfl.com/image/upload/f_auto,q_auto/league/ckyphq6brbau8lhgbt6j",2025,1,REG,MIA,IND,0,0,0,0,0,0,0,0,0,0,0,0,,,0,,0,0,0,0,0,0,,0,0,0,0,0,0,0,0,0,0,,0,,0.0,0.0,0.0,0,1,0,0,0,0,0,0.0,0.0,0,0,0,1,0,0,0,0,0,0,0,0,0,0,0,0,0,0,0,0,0,0,0,,,0,0,0,0,0,0,0,0,0,0,0,0,,,,0,0,0,0,0,0,0,,0,0,0,0,0,0.0,0.0
00-0034285,Z.Sieler,Zach Sieler,DT,DL,"https://static.www.nfl.com/image/upload/f_auto,q_auto/league/a3mvqtjjep76e13cs353",2025,1,REG,MIA,IND,0,0,0,0,0,0,0,0,0,0,0,0,,,0,,0,0,0,0,0,0,,0,0,0,0,0,0,0,0,0,0,,0,,0.0,0.0,0.0,0,3,0,0,0,0,0,0.0,0.0,0,0,0,0,0,0,0,0,0,0,0,0,0,0,0,0,0,0,0,0,0,0,0,,,0,0,0,0,0,0,0,0,0,0,0,0,,,,0,0,0,0,0,0,0,,0,0,0,0,0,0.0,0.0
00-0034789,M.Fitzpatrick,Minkah Fitzpatrick,FS,DB,"https://static.www.nfl.com/image/upload/f_auto,q_auto/league/umy9w1ayh5lnhjc10mmq",2025,1,REG,MIA,IND,0,0,0,0,0,0,0,0,0,0,0,0,,,0,,0,0,0,0,0,0,,0,0,0,0,0,0,0,0,0,0,,0,,0.0,0.0,0.0,0,5,1,3,0,0,0,0.0,0.0,0,0,0,1,0,0,0,0,0,0,0,0,0,0,0,0,0,0,0,0,0,0,0,,,0,0,0,0,0,0,0,0,0,0,0,0,,,,0,0,0,0,0,0,0,,0,0,0,0,0,0.0,0.0
00-0034832,B.Chubb,Bradley Chubb,OLB,LB,"https://static.www.nfl.com/image/upload/f_auto,q_auto/league/u0hpsvirbf0ksqqrr4of",2025,1,REG,MIA,IND,0,0,0,0,0,0,0,0,0,0,0,0,,,0,,0,0,0,0,0,0,,0,0,0,0,0,0,0,0,0,0,,0,,0.0,0.0,0.0,0,1,0,0,1,10,0,1.0,10.0,1,0,0,0,0,0,0,0,0,0,0,0,0,0,0,0,0,0,0,0,0,0,0,,,0,0,0,0,0,0,0,0,0,0,0,0,,,,0,0,0,0,0,0,0,,0,0,0,0,0,0.0,0.0
00-0035125,A.Ingold,Alec Ingold,FB,RB,"https://static.www.nfl.com/image/upload/f_auto,q_auto/league/comhknenryrjabyifcqe",2025,1,REG,MIA,IND,0,0,0,0,0,0,0,0,0,0,0,0,,,0,,0,0,0,0,0,0,,0,1,2,1,0,0,0,11,1,0,-1.05912653519772,0,0.09090909090909091,0.06451612903225806,0.04700854700854701,0.12968017645437,0,0,0,0,0,0,0,0.0,0.0,0,0,0,0,0,0,0,0,0,0,0,0,0,0,0,0,0,0,0,0,0,0,0,,,0,0,0,0,0,0,0,0,0,0,0,0,,,,0,0,0,0,0,0,0,,0,0,0,0,0,0.1,1.1
00-0035280,J.Bailey,Jake Bailey,P,SPEC,"https://static.www.nfl.com/image/upload/f_auto,q_auto/league/xgqo8pwrwqtmfhoaproq",2025,1,REG,MIA,IND,0,0,0,0,0,0,0,0,0,0,0,0,,,0,,0,0,0,0,0,0,,0,0,0,0,0,0,0,0,0,0,,0,,0.0,0.0,0.0,0,0,0,0,0,0,0,0.0,0.0,0,0,0,0,0,0,0,0,0,0,0,0,0,0,0,0,0,0,0,0,0,0,0,,,0,0,0,0,0,0,0,0,0,0,0,0,,,,0,0,0,0,0,0,0,,0,0,0,0,0,0.0,0.0
00-0035352,T.Dodson,Tyrel Dodson,LB,LB,"https://static.www.nfl.com/image/upload/f_auto,q_auto/league/ssfyc6yarlegh112xeoa",2025,1,REG,MIA,IND,0,0,0,0,0,0,0,0,0,0,0,0,,,0,,0,0,0,0,0,0,,0,0,0,0,0,0,0,0,0,0,,0,,0.0,0.0,0.0,0,6,0,7,1,3,0,0.0,0.0,0,0,0,0,0,0,0,0,0,0,0,0,0,0,0,0,0,0,0,0,0,0,0,,,0,0,0,0,0,0,0,0,0,0,0,0,,,,0,0,0,0,0,0,0,,0,0,0,0,0,0.0,0.0
00-0036182,N.Westbrook-Ikhine,Nick Westbrook-Ikhine,WR,WR,"https://static.www.nfl.com/image/upload/f_auto,q_auto/league/plgwfjcbl5quoi2jrass",2025,1,REG,MIA,IND,0,0,0,0,0,0,0,0,0,0,0,0,,,0,,0,0,0,0,0,0,,0,1,2,7,0,0,0,13,0,1,0.30478294554632157,0,0.5384615384615384,0.06451612903225806,0.05555555555555555,0.13566308243727598,0,0,0,0,0,0,0,0.0,0.0,0,0,0,0,0,0,0,0,0,0,0,0,0,0,0,0,0,0,0,0,0,0,0,,,0,0,0,0,0,0,0,0,0,0,0,0,,,,0,0,0,0,0,0,0,,0,0,0,0,0,0.7000000000000001,1.7000000000000002
00-0036212,T.Tagovailoa,Tua Tagovailoa,QB,QB,"https://static.www.nfl.com/image/upload/f_auto,q_auto/league/ktqj3s5vofexl2dwrrp4",2025,1,REG,MIA,IND,14,23,114,1,2,3,-13,1,1,166,59,6,-14.372576010195072,-7.551020383834839,1,0.6867469879518072,1,7,0,0,0,0,0.4362863842397928,0,0,0,0,0,0,0,0,0,0,,0,,0.0,0.0,0.0,0,0,0,0,0,0,0,0.0,0.0,0,0,0,0,0,0,0,0,0,0,0,0,0,0,0,0,0,0,0,0,0,0,0,,,0,0,0,0,0,0,0,0,0,0,0,0,,,,0,0,0,0,0,0,0,,0,0,0,0,0,5.260000000000001,5.260000000000001
00-0036329,A.Davis,Ashtyn Davis,SAF,DB,"https://static.www.nfl.com/image/upload/f_auto,q_auto/league/f1yyvajikoqdnqunml6i",2025,1,REG,MIA,IND,0,0,0,0,0,0,0,0,0,0,0,0,,,0,,0,0,0,0,0,0,,0,0,0,0,0,0,0,0,0,0,,0,,0.0,0.0,0.0,0,0,1,0,1,1,0,0.0,0.0,0,0,0,0,0,0,0,0,0,0,0,0,0,0,0,0,0,0,0,0,0,0,0,,,0,0,0,0,0,0,0,0,0,0,0,0,,,,0,0,0,0,0,0,0,,0,0,0,0,0,0.0,0.0
00-0036409,J.Brooks,Jordyn Brooks,LB,LB,"https://static.www.nfl.com/image/upload/f_auto,q_auto/league/fqpdggqc3fngvkta63zy",2025,1,REG,MIA,IND,0,0,0,0,0,0,0,0,0,0,0,0,,,0,,0,0,0,0,0,0,,0,0,0,0,0,0,0,0,0,0,,0,,0.0,0.0,0.0,0,5,0,9,1,3,0,0.0,0.0,0,0,0,0,0,0,0,0,0,0,0,0,0,0,0,0,0,0,0,0,0,0,0,,,0,0,0,0,0,0,0,0,0,0,0,0,,,,0,0,0,0,0,0,0,,0,0,0,0,0,0.0,0.0
00-0036613,J.Waddle,Jaylen Waddle,WR,WR,"https://static.www.nfl.com/image/upload/f_auto,q_auto/league/dsxd2zcqm42wsv4ewtfc",2025,1,REG,MIA,IND,0,0,0,0,0,0,0,0,0,0,0,0,,,0,,0,0,0,0,0,0,,0,4,5,30,0,0,0,21,13,1,-0.5178445682977326,0,1.4285714285714286,0.16129032258064516,0.08974358974358974,0.30475599669148057,0,0,0,0,0,0,0,0.0,0.0,0,0,0,0,0,0,0,0,0,0,0,0,0,0,0,0,0,0,0,0,0,0,0,,,0,0,0,0,0,0,0,0,0,0,0,0,,,,0,0,0,0,0,0,0,,0,0,0,0,0,3.0,7.0
00-0036620,D.Eskridge,Dee Eskridge,WR,WR,"https://static.www.nfl.com/image/upload/f_auto,q_auto/league/baasw8ia3qztewmawfnz",2025,1,REG,MIA,IND,0,0,0,0,0,0,0,0,0,0,0,0,,,0,,0,0,0,0,0,0,,0,1,2,9,0,0,0,33,0,1,0.7015286043751985,0,0.2727272727272727,0.06451612903225806,0.14102564102564102,0.19549214226633582,0,1,0,0,0,0,0,0.0,0.0,0,0,0,0,0,0,0,0,0,0,0,0,0,0,0,0,0,4,109,0,0,0,0,,,0,0,0,0,0,0,0,0,0,0,0,0,,,,0,0,0,0,0,0,0,,0,0,0,0,0,0.9,1.9
00-0036816,R.Patterson,Riley Patterson,K,SPEC,"https://static.www.nfl.com/image/private/f_auto,q_auto/league/waj6pvpu1ouzgssedqiq",2025,1,REG,MIA,IND,0,0,0,0,0,0,0,0,0,0,0,0,,,0,,0,0,0,0,0,0,,0,0,0,0,0,0,0,0,0,0,,0,,0.0,0.0,0.0,0,0,0,0,0,0,0,0.0,0.0,0,0,0,0,0,0,0,0,0,0,0,0,0,0,0,0,0,0,0,0,0,0,0,,,0,0,0,0,0,0,0,0,0,0,0,0,,,,0,0,0,0,0,0,0,,0,0,0,0,0,0.0,0.0
00-0036934,Ja.Phillips,Jaelan Phillips,LB,LB,"https://static.www.nfl.com/image/upload/f_auto,q_auto/league/fppokhbgq3msu8wks1jz",2025,1,REG,MIA,IND,0,0,0,0,0,0,0,0,0,0,0,0,,,0,,0,0,0,0,0,0,,0,0,0,0,0,0,0,0,0,0,,0,,0.0,0.0,0.0,0,1,0,1,0,0,0,0.0,0.0,0,0,0,0,0,0,0,0,0,0,0,0,0,0,0,0,0,0,0,0,0,0,0,,,0,0,0,0,0,0,0,0,0,0,0,0,,,,0,0,0,0,0,0,0,,0,0,0,0,0,0.0,0.0
00-0036993,I.Melifonwu,Ifeatu Melifonwu,SAF,DB,"https://static.www.nfl.com/image/upload/f_auto,q_auto/league/ftt7jc1nr0hmf1xmzyh2",2025,1,REG,MIA,IND,0,0,0,0,0,0,0,0,0,0,0,0,,,0,,0,0,0,0,0,0,,0,0,0,0,0,0,0,0,0,0,,0,,0.0,0.0,0.0,0,6,0,0,0,0,0,0.0,0.0,0,0,0,0,0,0,0,0,0,0,0,0,0,0,0,0,0,0,0,0,0,0,0,,,0,0,0,0,0,0,0,0,0,0,0,0,,,,0,0,0,0,0,0,0,,0,0,0,0,0,0.0,0.0
00-0037013,Z.Wilson,Zach Wilson,QB,QB,"https://static.www.nfl.com/image/upload/f_auto,q_auto/league/i17xpbsar7evcypbhtel",2025,1,REG,MIA,IND,5,8,32,0,0,0,0,0,0,68,20,3,-1.7699932106770575,-4.639090225100517,0,0.47058823529411764,1,3,0,0,0,0,-0.23850150406360626,0,0,0,0,0,0,0,0,0,0,,0,,0.0,0.0,0.0,0,0,0,0,0,0,0,0.0,0.0,0,0,0,0,0,0,0,0,0,0,0,0,0,0,0,0,0,0,0,0,0,0,0,,,0,0,0,0,0,0,0,0,0,0,0,0,,,,0,0,0,0,0,0,0,,0,0,0,0,0,1.58,1.58
00-0037280,M.Butler,Matthew Butler,DT,DL,"https://static.www.nfl.com/image/upload/f_auto,q_auto/league/nsv9pnp9s8oaxaepftzk",2025,1,REG,MIA,IND,0,0,0,0,0,0,0,0,0,0,0,0,,,0,,0,0,0,0,0,0,,0,0,0,0,0,0,0,0,0,0,,0,,0.0,0.0,0.0,0,2,0,0,0,0,0,0.0,0.0,0,0,0,0,0,0,0,0,0,0,0,0,0,0,0,0,0,0,0,0,0,0,0,,,0,0,0,0,0,0,0,0,0,0,0,0,,,,0,0,0,0,0,0,0,,0,0,0,0,0,0.0,0.0
00-0037348,T.Conner,Tanner Conner,TE,TE,"https://static.www.nfl.com/image/upload/f_auto,q_auto/league/ndhpqkxblrd3vcbcfadw",2025,1,REG,MIA,IND,0,0,0,0,0,0,0,0,0,0,0,0,,,0,,0,0,0,0,0,0,,0,2,4,20,0,0,0,27,3,1,-2.7147911455249414,0,0.7407407407407407,0.12903225806451613,0.11538461538461539,0.27431761786600495,0,0,0,0,0,0,0,0.0,0.0,0,0,0,0,0,0,0,0,0,0,0,0,0,0,0,0,0,0,0,0,0,0,0,,,0,0,0,0,0,0,0,0,0,0,0,0,,,,0,0,0,0,0,0,0,,0,0,0,0,0,2.0,4.0
00-0038039,J.Jones,Jack Jones,CB,DB,"https://static.www.nfl.com/image/upload/f_auto,q_auto/league/du4dbnopryqdeffnwcwh",2025,1,REG,MIA,IND,0,0,0,0,0,0,0,0,0,0,0,0,,,0,,0,0,0,0,0,0,,0,0,0,0,0,0,0,0,0,0,,0,,0.0,0.0,0.0,0,3,0,5,0,0,0,0.0,0.0,0,0,0,1,0,0,0,0,0,0,0,0,0,1,5,0,0,0,0,0,0,0,0,,,0,0,0,0,0,0,0,0,0,0,0,0,,,,0,0,0,0,0,0,0,,0,0,0,0,0,0.0,0.0
00-0038720,J.Hill,Julian Hill,TE,TE,"https://static.www.nfl.com/image/upload/f_auto,q_auto/league/yogwwyzq4sydycahhbgw",2025,1,REG,MIA,IND,0,0,0,0,0,0,0,0,0,0,0,0,,,0,,0,0,0,0,0,0,,0,0,0,0,0,0,0,0,0,0,1.053,1,,0.0,0.0,0.0,0,0,0,0,0,0,0,0.0,0.0,0,0,0,0,0,0,0,0,0,0,0,0,0,0,0,0,0,0,0,0,0,0,0,,,0,0,0,0,0,0,0,0,0,0,0,0,,,,0,0,0,0,0,0,0,,0,0,0,0,0,2.0,2.0
00-0039040,D.Achane,De'Von Achane,RB,RB,"https://static.www.nfl.com/image/upload/f_auto,q_auto/league/xk1xwio0bryfxo1ylweu",2025,1,REG,MIA,IND,0,0,0,0,0,0,0,0,0,0,0,0,,,0,,7,55,0,0,0,2,2.727185209223535,0,3,4,20,1,0,0,-3,26,1,3.099531712126918,0,-6.666666666666667,0.12903225806451613,-0.01282051282051282,0.18457402812241522,0,1,0,0,0,0,0,0.0,0.0,0,0,0,0,0,0,0,0,0,0,0,0,0,0,0,0,0,0,0,0,0,0,0,,,0,0,0,0,0,0,0,0,0,0,0,0,,,,0,0,0,0,0,0,0,,0,0,0,0,0,13.5,16.5
00-0039481,S.Duck,Storm Duck,CB,DB,"https://static.www.nfl.com/image/upload/f_auto,q_auto/league/pas8heqf372ppqigvcoi",2025,1,REG,MIA,IND,0,0,0,0,0,0,0,0,0,0,0,0,,,0,,0,0,0,0,0,0,,0,0,0,0,0,0,0,0,0,0,,0,,0.0,0.0,0.0,0,0,1,1,0,0,0,0.0,0.0,0,0,0,1,0,0,0,0,0,0,0,0,0,0,0,0,0,0,0,0,0,0,0,,,0,0,0,0,0,0,0,0,0,0,0,0,,,,0,0,0,0,0,0,0,,0,0,0,0,0,0.0,0.0
00-0039880,M.Washington,Malik Washington,WR,WR,"https://static.www.nfl.com/image/upload/f_auto,q_auto/league/kwcgtsbpd0rpwsgq2npe",2025,1,REG,MIA,IND,0,0,0,0,0,0,0,0,0,0,0,0,,,0,,1,9,0,0,0,0,0.9203135163988918,0,2,5,20,0,0,0,51,27,1,-4.117756980529521,0,0.39215686274509803,0.16129032258064516,0.21794871794871795,0.3944995864350703,0,0,0,0,0,0,0,0.0,0.0,0,0,0,0,0,0,0,0,0,0,0,0,0,0,0,0,0,3,60,0,0,0,0,,,0,0,0,0,0,0,0,0,0,0,0,0,,,,0,0,0,0,0,0,0,,0,0,0,0,0,2.9000000000000004,4.9
00-0039911,C.Robinson,Chop Robinson,LB,LB,"https://static.www.nfl.com/image/upload/f_auto,q_auto/league/ewtuqjaehnnkdo1qcwfl",2025,1,REG,MIA,IND,0,0,0,0,0,0,0,0,0,0,0,0,,,0,,0,0,0,0,0,0,,0,0,0,0,0,0,0,0,0,0,,0,,0.0,0.0,0.0,0,1,0,0,0,0,0,0.0,0.0,0,0,0,0,0,0,0,0,0,0,0,0,0,0,0,0,0,0,0,0,0,0,0,,,0,0,0,0,0,0,0,0,0,0,0,0,,,,0,0,0,0,0,0,0,,0,0,0,0,0,0.0,0.0
00-0040127,K.Grant,Kenneth Grant,DT,DL,"https://static.www.nfl.com/image/upload/f_auto,q_auto/league/yzexkikgp5p8gt0pvsex",2025,1,REG,MIA,IND,0,0,0,0,0,0,0,0,0,0,0,0,,,0,,0,0,0,0,0,0,,0,0,0,0,0,0,0,0,0,0,,0,,0.0,0.0,0.0,0,1,0,3,0,0,0,0.0,0.0,0,0,0,0,0,0,0,0,0,0,0,0,0,0,0,0,0,0,0,0,0,0,0,,,0,0,0,0,0,0,0,0,0,0,0,0,,,,0,0,0,0,0,0,0,,0,0,0,0,0,0.0,0.0
00-0040175,Jo.Phillips,Jordan Phillips,DT,DL,"https://static.www.nfl.com/image/upload/f_auto,q_auto/league/e9ggqzobdb4aevpq3rlc",2025,1,REG,MIA,IND,0,0,0,0,0,0,0,0,0,0,0,0,,,0,,0,0,0,0,0,0,,0,0,0,0,0,0,0,0,0,0,,0,,0.0,0.0,0.0,0,2,0,3,0,0,0,0.0,0.0,0,0,0,0,0,0,0,0,0,0,0,0,0,0,0,0,0,0,0,0,0,0,0,,,0,0,0,0,0,0,0,0,0,0,0,0,,,,0,0,0,0,0,0,0,,0,0,0,0,0,0.0,0.0
00-0040178,J.Marshall,Jason Marshall Jr.,CB,DB,"https://static.www.nfl.com/image/upload/f_auto,q_auto/league/chf1ow0awwha9hrcoqxc",2025,1,REG,MIA,IND,0,0,0,0,0,0,0,0,0,0,0,0,,,0,,0,0,0,0,0,0,,0,0,0,0,0,0,0,0,0,0,,0,,0.0,0.0,0.0,0,1,0,1,0,0,0,0.0,0.0,1,0,0,0,0,0,0,0,0,0,0,0,0,0,0,0,0,0,0,0,0,0,0,,,0,0,0,0,0,0,0,0,0,0,0,0,,,,0,0,0,0,0,0,0,,0,0,0,0,0,0.0,0.0
00-0040182,D.Trader,Dante Trader Jr.,SAF,DB,"https://static.www.nfl.com/image/upload/f_auto,q_auto/league/nffbi3a32ngmczzvxcz0",2025,1,REG,MIA,IND,0,0,0,0,0,0,0,0,0,0,0,0,,,0,,0,0,0,0,0,0,,0,0,0,0,0,0,0,0,0,0,,0,,0.0,0.0,0.0,0,2,0,1,0,0,0,0.0,0.0,0,0,0,0,0,0,0,0,0,0,0,0,0,0,0,0,0,0,0,0,0,0,0,,,0,0,0,0,0,0,0,0,0,0,0,0,,,,0,0,0,0,0,0,0,,0,0,0,0,0,0.0,0.0
00-0040198,O.Gordon,Ollie Gordon II,RB,RB,"https://static.www.nfl.com/image/upload/f_auto,q_auto/league/bv33rgypaauv7sealwkr",2025,1,REG,MIA,IND,0,0,0,0,0,0,0,0,0,0,0,0,,,0,,2,4,0,0,0,1,0.22655442223185673,0,1,1,-1,0,0,0,-5,4,0,-3.4009045111597516,0,0.2,0.03225806451612903,-0.021367521367521368,0.03342983181692859,0,0,0,0,0,0,0,0.0,0.0,0,0,0,0,0,0,0,0,0,0,0,0,0,0,0,0,0,0,0,0,0,0,0,,,0,0,0,0,0,0,0,0,0,0,0,0,,,,0,0,0,0,0,0,0,,0,0,0,0,0,0.30000000000000004,1.3
00-0040742,J.Savaiinaea,Jonah Savaiinaea,OT,OL,"https://static.www.nfl.com/image/upload/f_auto,q_auto/league/kglg4js9nthq1wg9rn5y",2025,1,REG,MIA,IND,0,0,0,0,0,0,0,0,0,0,0,0,,,0,,0,0,0,0,0,0,,0,0,0,0,0,0,0,0,0,0,,0,,0.0,0.0,0.0,0,1,0,0,0,0,0,0.0,0.0,0,0,0,0,0,0,0,0,0,0,0,0,0,0,0,0,0,0,0,0,0,0,0,,,0,0,0,0,0,0,0,0,0,0,0,0,,,,0,0,0,0,0,0,0,,0,0,0,0,0,0.0,0.0
00-0032415,M.Judon,Matthew Judon,OLB,LB,"https://static.www.nfl.com/image/upload/f_auto,q_auto/league/xio1oo9c8qwfrouppuvk",2025,2,REG,MIA,NE,0,0,0,0,0,0,0,0,0,0,0,0,,,0,,0,0,0,0,0,0,,0,0,0,0,0,0,0,0,0,0,,0,,0.0,0.0,0.0,0,0,0,1,0,0,0,0.0,0.0,0,0,0,0,0,0,0,0,0,0,0,0,0,0,0,0,0,0,0,0,0,0,0,,,0,0,0,0,0,0,0,0,0,0,0,0,,,,0,0,0,0,0,0,0,,0,0,0,0,0,0.0,0.0
00-0033040,T.Hill,Tyreek Hill,WR,WR,"https://static.www.nfl.com/image/upload/f_auto,q_auto/league/gg73gnfivrn80oyqwazl",2025,2,REG,MIA,NE,0,0,0,0,0,0,0,0,0,0,0,0,,,0,,0,0,0,0,0,0,,0,6,7,109,0,0,0,125,12,4,8.19698144798167,0,0.872,0.21875,0.49800796812749004,0.6767305776892429,0,0,0,0,0,0,0,0.0,0.0,0,0,0,0,0,0,0,0,0,0,0,0,0,0,0,1,19,0,0,0,0,0,0,,,0,0,0,0,0,0,0,0,0,0,0,0,,,,0,0,0,0,0,0,0,,0,0,0,0,0,10.9,16.9
00-0033551,R.Douglas,Rasul Douglas,CB,DB,"https://static.www.nfl.com/image/upload/f_auto,q_auto/league/ckyphq6brbau8lhgbt6j",2025,2,REG,MIA,NE,0,0,0,0,0,0,0,0,0,0,0,0,,,0,,0,0,0,0,0,0,,0,0,0,0,0,0,0,0,0,0,,0,,0.0,0.0,0.0,0,1,0,1,0,0,0,0.0,0.0,0,0,0,1,0,0,0,0,0,0,0,0,0,0,0,0,0,0,0,0,0,0,0,,,0,0,0,0,0,0,0,0,0,0,0,0,,,,0,0,0,0,0,0,0,,0,0,0,0,0,0.0,0.0
00-0034248,E.Campbell,Elijah Campbell,DB,DB,"https://static.www.nfl.com/image/upload/f_auto,q_auto/league/niou8nbhpkmao45zccm7",2025,2,REG,MIA,NE,0,0,0,0,0,0,0,0,0,0,0,0,,,0,,0,0,0,0,0,0,,0,0,0,0,0,0,0,0,0,0,,0,,0.0,0.0,0.0,0,1,0,0,0,0,0,0.0,0.0,0,0,0,0,0,0,0,0,0,0,0,0,0,0,0,0,0,0,0,0,0,0,0,,,0,0,0,0,0,0,0,0,0,0,0,0,,,,0,0,0,0,0,0,0,,0,0,0,0,0,0.0,0.0
00-0034285,Z.Sieler,Zach Sieler,DT,DL,"https://static.www.nfl.com/image/upload/f_auto,q_auto/league/a3mvqtjjep76e13cs353",2025,2,REG,MIA,NE,0,0,0,0,0,0,0,0,0,0,0,0,,,0,,0,0,0,0,0,0,,0,0,0,0,0,0,0,0,0,0,,0,,0.0,0.0,0.0,0,0,0,2,0,0,0,0.0,0.0,0,0,0,0,0,0,0,0,0,0,0,0,0,0,0,0,0,0,0,0,0,0,0,,,0,0,0,0,0,0,0,0,0,0,0,0,,,,0,0,0,0,0,0,0,,0,0,0,0,0,0.0,0.0
00-0034789,M.Fitzpatrick,Minkah Fitzpatrick,FS,DB,"https://static.www.nfl.com/image/upload/f_auto,q_auto/league/umy9w1ayh5lnhjc10mmq",2025,2,REG,MIA,NE,0,0,0,0,0,0,0,0,0,0,0,0,,,0,,0,0,0,0,0,0,,0,0,0,0,0,0,0,0,0,0,,0,,0.0,0.0,0.0,0,4,0,4,0,0,0,0.0,0.0,0,0,0,0,0,0,0,0,0,0,0,0,0,0,0,0,0,0,0,0,0,0,0,,,0,0,0,0,0,0,0,0,0,0,0,0,,,,0,0,0,0,0,0,0,,0,0,0,0,0,0.0,0.0
00-0034832,B.Chubb,Bradley Chubb,OLB,LB,"https://static.www.nfl.com/image/upload/f_auto,q_auto/league/u0hpsvirbf0ksqqrr4of",2025,2,REG,MIA,NE,0,0,0,0,0,0,0,0,0,0,0,0,,,0,,0,0,0,0,0,0,,0,0,0,0,0,0,0,0,0,0,,0,,0.0,0.0,0.0,0,3,0,2,1,3,0,1.0,3.0,1,0,0,0,0,0,0,0,0,0,0,0,0,0,0,0,0,0,0,0,0,0,0,,,0,0,0,0,0,0,0,0,0,0,0,0,,,,0,0,0,0,0,0,0,,0,0,0,0,0,0.0,0.0
00-0035125,A.Ingold,Alec Ingold,FB,RB,"https://static.www.nfl.com/image/upload/f_auto,q_auto/league/comhknenryrjabyifcqe",2025,2,REG,MIA,NE,0,0,0,0,0,0,0,0,0,0,0,0,,,0,,0,0,0,0,0,0,,0,2,2,13,0,0,0,9,4,2,0.39174923533573747,0,1.4444444444444444,0.0625,0.035856573705179286,0.1188496015936255,0,0,0,0,0,0,0,0.0,0.0,0,0,0,0,0,0,0,0,0,0,0,0,0,0,0,0,0,0,0,0,0,0,0,,,0,0,0,0,0,0,0,0,0,0,0,0,,,,0,0,0,0,0,0,0,,0,0,0,0,0,1.3,3.3
00-0035280,J.Bailey,Jake Bailey,P,SPEC,"https://static.www.nfl.com/image/upload/f_auto,q_auto/league/xgqo8pwrwqtmfhoaproq",2025,2,REG,MIA,NE,0,0,0,0,0,0,0,0,0,0,0,0,,,0,,0,0,0,0,0,0,,0,0,0,0,0,0,0,0,0,0,,0,,0.0,0.0,0.0,0,0,0,0,0,0,0,0.0,0.0,0,0,0,0,0,0,0,0,0,0,0,0,0,0,0,0,0,0,0,0,0,0,0,,,0,0,0,0,0,0,0,0,0,0,0,0,,,,0,0,0,0,0,0,0,,0,0,0,0,0,0.0,0.0
00-0035352,T.Dodson,Tyrel Dodson,LB,LB,"https://static.www.nfl.com/image/upload/f_auto,q_auto/league/ssfyc6yarlegh112xeoa",2025,2,REG,MIA,NE,0,0,0,0,0,0,0,0,0,0,0,0,,,0,,0,0,0,0,0,0,,0,0,0,0,0,0,0,0,0,0,,0,,0.0,0.0,0.0,0,6,0,3,0,0,0,0.0,0.0,0,0,0,0,0,0,0,0,0,0,0,0,0,0,0,0,0,0,0,0,0,0,0,,,0,0,0,0,0,0,0,0,0,0,0,0,,,,0,0,0,0,0,0,0,,0,0,0,0,0,0.0,0.0
00-0036171,A.Brewer,Aaron Brewer,C,OL,"https://static.www.nfl.com/image/upload/f_auto,q_auto/league/acczyg9uo4jbervsjb4o",2025,2,REG,MIA,NE,0,0,0,0,0,0,0,0,0,0,0,0,,,0,,0,0,0,0,0,0,,0,0,0,0,0,0,0,0,0,0,,0,,0.0,0.0,0.0,0,1,0,0,0,0,0,0.0,0.0,0,0,0,0,0,0,0,0,0,0,0,0,0,3,20,0,0,0,0,0,0,0,0,,,0,0,0,0,0,0,0,0,0,0,0,0,,,,0,0,0,0,0,0,0,,0,0,0,0,0,0.0,0.0
00-0036182,N.Westbrook-Ikhine,Nick Westbrook-Ikhine,WR,WR,"https://static.www.nfl.com/image/upload/f_auto,q_auto/league/plgwfjcbl5quoi2jrass",2025,2,REG,MIA,NE,0,0,0,0,0,0,0,0,0,0,0,0,,,0,,0,0,0,0,0,0,,0,2,3,18,0,0,0,18,6,2,1.4569243662408553,0,1.0,0.09375,0.07171314741035857,0.190824203187251,0,0,0,0,0,0,0,0.0,0.0,0,0,0,0,0,0,0,0,0,0,0,0,0,0,0,0,0,0,0,0,0,0,0,,,0,0,0,0,0,0,0,0,0,0,0,0,,,,0,0,0,0,0,0,0,,0,0,0,0,0,1.8,3.8
00-0036212,T.Tagovailoa,Tua Tagovailoa,QB,QB,"https://static.www.nfl.com/image/upload/f_auto,q_auto/league/ktqj3s5vofexl2dwrrp4",2025,2,REG,MIA,NE,26,32,315,2,1,5,-18,0,0,251,145,15,9.932129502697004,13.74564841389656,0,1.254980079681275,0,0,0,0,0,0,,0,0,0,0,0,0,0,0,0,0,,0,,0.0,0.0,0.0,0,0,0,0,0,0,0,0.0,0.0,0,0,0,0,0,0,0,0,0,0,0,0,0,0,0,0,0,0,0,0,0,0,0,,,0,0,0,0,0,0,0,0,0,0,0,0,,,,0,0,0,0,0,0,0,,0,0,0,0,0,18.6,18.6
00-0036362,W.Gay,Willie Gay Jr.,LB,LB,"https://static.www.nfl.com/image/upload/f_auto,q_auto/league/vf0j6vpgfr1vg5wsd7uh",2025,2,REG,MIA,NE,0,0,0,0,0,0,0,0,0,0,0,0,,,0,,0,0,0,0,0,0,,0,0,0,0,0,0,0,0,0,0,,0,,0.0,0.0,0.0,0,1,0,2,1,6,0,0.0,0.0,0,0,0,0,0,0,0,0,0,0,0,0,0,0,0,0,0,0,0,0,0,0,0,,,0,0,0,0,0,0,0,0,0,0,0,0,,,,0,0,0,0,0,0,0,,0,0,0,0,0,0.0,0.0
00-0036409,J.Brooks,Jordyn Brooks,LB,LB,"https://static.www.nfl.com/image/upload/f_auto,q_auto/league/fqpdggqc3fngvkta63zy",2025,2,REG,MIA,NE,0,0,0,0,0,0,0,0,0,0,0,0,,,0,,0,0,0,0,0,0,,0,0,0,0,0,0,0,0,0,0,,0,,0.0,0.0,0.0,0,4,0,4,1,11,0,1.0,11.0,1,0,0,0,0,0,0,0,0,0,0,0,0,0,0,0,0,0,0,0,0,0,0,,,0,0,0,0,0,0,0,0,0,0,0,0,,,,0,0,0,0,0,0,0,,0,0,0,0,0,0.0,0.0
00-0036613,J.Waddle,Jaylen Waddle,WR,WR,"https://static.www.nfl.com/image/upload/f_auto,q_auto/league/dsxd2zcqm42wsv4ewtfc",2025,2,REG,MIA,NE,0,0,0,0,0,0,0,0,0,0,0,0,,,0,,0,0,0,0,0,0,,0,5,6,68,1,0,0,98,6,3,5.493577352375723,0,0.6938775510204082,0.1875,0.3904382470119522,0.5545567729083665,0,0,0,0,0,0,0,0.0,0.0,0,0,0,0,0,0,0,0,0,0,0,0,0,0,0,0,0,0,0,0,0,0,0,,,0,0,0,0,0,0,0,0,0,0,0,0,,,,0,0,0,0,0,0,0,,0,0,0,0,0,12.8,17.8
00-0036620,D.Eskridge,Dee Eskridge,WR,WR,"https://static.www.nfl.com/image/upload/f_auto,q_auto/league/baasw8ia3qztewmawfnz",2025,2,REG,MIA,NE,0,0,0,0,0,0,0,0,0,0,0,0,,,0,,0,0,0,0,0,0,,0,1,1,8,0,0,0,7,1,0,0.3853126977919601,0,1.1428571428571428,0.03125,0.027888446215139442,0.06639691235059761,0,0,0,0,0,0,0,0.0,0.0,0,0,0,0,0,0,0,0,0,0,0,0,0,0,0,0,0,4,80,0,0,0,0,,,0,0,0,0,0,0,0,0,0,0,0,0,,,,0,0,0,0,0,0,0,,0,0,0,0,0,0.8,1.8
00-0036643,K.Britt,K.J. Britt,LB,LB,"https://static.www.nfl.com/image/upload/f_auto,q_auto/league/kca9qozdfs1albiamsq0",2025,2,REG,MIA,NE,0,0,0,0,0,0,0,0,0,0,0,0,,,0,,0,0,0,0,0,0,,0,0,0,0,0,0,0,0,0,0,,0,,0.0,0.0,0.0,0,0,1,0,0,0,0,0.0,0.0,0,0,0,0,0,0,0,0,0,0,0,0,0,1,10,0,0,0,0,0,0,0,0,,,0,0,0,0,0,0,0,0,0,0,0,0,,,,0,0,0,0,0,0,0,,0,0,0,0,0,0.0,0.0
00-0036816,R.Patterson,Riley Patterson,K,SPEC,"https://static.www.nfl.com/image/private/f_auto,q_auto/league/waj6pvpu1ouzgssedqiq",2025,2,REG,MIA,NE,0,0,0,0,0,0,0,0,0,0,0,0,,,0,,0,0,0,0,0,0,,0,0,0,0,0,0,0,0,0,0,,0,,0.0,0.0,0.0,0,0,0,0,0,0,0,0.0,0.0,0,0,0,0,0,0,0,0,0,0,0,0,0,0,0,0,0,0,0,2,2,0,0,44.0,1.0,0,0,0,2,0,0,0,0,0,0,0,0,40;44,,,84,0,0,3,3,0,0,1.0,0,0,0,0,0,0.0,0.0
00-0036934,Ja.Phillips,Jaelan Phillips,LB,LB,"https://static.www.nfl.com/image/upload/f_auto,q_auto/league/fppokhbgq3msu8wks1jz",2025,2,REG,MIA,NE,0,0,0,0,0,0,0,0,0,0,0,0,,,0,,0,0,0,0,0,0,,0,0,0,0,0,0,0,0,0,0,,0,,0.0,0.0,0.0,0,0,0,4,0,0,0,0.0,0.0,0,0,0,0,0,0,0,0,0,0,0,0,0,0,0,0,0,0,0,0,0,0,0,,,0,0,0,0,0,0,0,0,0,0,0,0,,,,0,0,0,0,0,0,0,,0,0,0,0,0,0.0,0.0
00-0036993,I.Melifonwu,Ifeatu Melifonwu,SAF,DB,"https://static.www.nfl.com/image/upload/f_auto,q_auto/league/ftt7jc1nr0hmf1xmzyh2",2025,2,REG,MIA,NE,0,0,0,0,0,0,0,0,0,0,0,0,,,0,,0,0,0,0,0,0,,0,0,0,0,0,0,0,0,0,0,,0,,0.0,0.0,0.0,0,2,1,1,0,0,0,0.0,0.0,0,0,0,0,0,0,0,0,0,0,0,0,0,0,0,0,0,0,0,0,0,0,0,,,0,0,0,0,0,0,0,0,0,0,0,0,,,,0,0,0,0,0,0,0,,0,0,0,0,0,0.0,0.0
00-0037280,M.Butler,Matthew Butler,DT,DL,"https://static.www.nfl.com/image/upload/f_auto,q_auto/league/nsv9pnp9s8oaxaepftzk",2025,2,REG,MIA,NE,0,0,0,0,0,0,0,0,0,0,0,0,,,0,,0,0,0,0,0,0,,0,0,0,0,0,0,0,0,0,0,,0,,0.0,0.0,0.0,0,1,0,2,0,0,0,0.0,0.0,0,0,0,0,0,0,0,0,0,0,0,0,0,0,0,0,0,0,0,0,0,0,0,,,0,0,0,0,0,0,0,0,0,0,0,0,,,,0,0,0,0,0,0,0,,0,0,0,0,0,0.0,0.0
00-0037315,C.Goode,Cameron Goode,LB,LB,"https://static.www.nfl.com/image/upload/f_auto,q_auto/league/y9nbijy8p3twagggyodh",2025,2,REG,MIA,NE,0,0,0,0,0,0,0,0,0,0,0,0,,,0,,0,0,0,0,0,0,,0,0,0,0,0,0,0,0,0,0,,0,,0.0,0.0,0.0,0,1,0,2,0,0,0,0.0,0.0,0,0,0,0,0,0,0,0,0,0,0,0,0,0,0,0,0,0,0,0,0,0,0,,,0,0,0,0,0,0,0,0,0,0,0,0,,,,0,0,0,0,0,0,0,,0,0,0,0,0,0.0,0.0
00-0038039,J.Jones,Jack Jones,CB,DB,"https://static.www.nfl.com/image/upload/f_auto,q_auto/league/du4dbnopryqdeffnwcwh",2025,2,REG,MIA,NE,0,0,0,0,0,0,0,0,0,0,0,0,,,0,,0,0,0,0,0,0,,0,0,0,0,0,0,0,0,0,0,,0,,0.0,0.0,0.0,0,2,0,0,0,0,0,0.0,0.0,0,0,0,0,0,0,0,0,0,0,0,0,0,0,0,0,0,0,0,0,0,0,0,,,0,0,0,0,0,0,0,0,0,0,0,0,,,,0,0,0,0,0,0,0,,0,0,0,0,0,0.0,0.0
00-0039040,D.Achane,De'Von Achane,RB,RB,"https://static.www.nfl.com/image/upload/f_auto,q_auto/league/xk1xwio0bryfxo1ylweu",2025,2,REG,MIA,NE,0,0,0,0,0,0,0,0,0,0,0,0,,,0,,11,30,0,0,0,0,-2.8355847750790417,0,8,10,92,1,0,0,-9,102,4,3.6002446694391,0,-10.222222222222221,0.3125,-0.035856573705179286,0.4436503984063745,0,0,0,0,0,0,0,0.0,0.0,0,0,0,0,0,0,0,0,0,0,0,0,0,0,0,0,0,0,0,0,0,0,0,,,0,0,0,0,0,0,0,0,0,0,0,0,,,,0,0,0,0,0,0,0,,0,0,0,0,0,18.200000000000003,26.200000000000003
00-0039880,M.Washington,Malik Washington,WR,WR,"https://static.www.nfl.com/image/upload/f_auto,q_auto/league/kwcgtsbpd0rpwsgq2npe",2025,2,REG,MIA,NE,0,0,0,0,0,0,0,0,0,0,0,0,,,0,,3,23,0,0,0,1,1.12822977732867,0,1,2,2,0,0,0,6,6,0,-3.1145674160216004,0,0.3333333333333333,0.0625,0.02390438247011952,0.11048306772908366,1,0,0,0,0,0,0,0.0,0.0,0,0,0,0,0,0,0,0,0,0,0,0,0,1,5,1,74,2,48,0,0,0,0,,,0,0,0,0,0,0,0,0,0,0,0,0,,,,0,0,0,0,0,0,0,,0,0,0,0,0,8.5,9.5
00-0039899,P.Paul,Patrick Paul,OT,OL,"https://static.www.nfl.com/image/upload/f_auto,q_auto/league/obt8tnqeeoks0ubhcxgn",2025,2,REG,MIA,NE,0,0,0,0,0,0,0,0,0,0,0,0,,,0,,0,0,0,0,0,0,,0,0,0,0,0,0,0,0,0,0,,0,,0.0,0.0,0.0,0,0,0,0,0,0,0,0.0,0.0,0,0,0,0,0,0,0,0,0,0,0,0,0,1,5,0,0,0,0,0,0,0,0,,,0,0,0,0,0,0,0,0,0,0,0,0,,,,0,0,0,0,0,0,0,,0,0,0,0,0,0.0,0.0
00-0039911,C.Robinson,Chop Robinson,LB,LB,"https://static.www.nfl.com/image/upload/f_auto,q_auto/league/ewtuqjaehnnkdo1qcwfl",2025,2,REG,MIA,NE,0,0,0,0,0,0,0,0,0,0,0,0,,,0,,0,0,0,0,0,0,,0,0,0,0,0,0,0,0,0,0,,0,,0.0,0.0,0.0,0,2,0,0,1,5,0,1.0,5.0,1,0,0,0,0,0,0,0,0,0,0,0,0,0,0,0,0,0,0,0,0,0,0,,,0,0,0,0,0,0,0,0,0,0,0,0,,,,0,0,0,0,0,0,0,,0,0,0,0,0,0.0,0.0
00-0040127,K.Grant,Kenneth Grant,DT,DL,"https://static.www.nfl.com/image/upload/f_auto,q_auto/league/yzexkikgp5p8gt0pvsex",2025,2,REG,MIA,NE,0,0,0,0,0,0,0,0,0,0,0,0,,,0,,0,0,0,0,0,0,,0,0,0,0,0,0,0,0,0,0,,0,,0.0,0.0,0.0,0,1,0,1,0,0,0,0.0,0.0,0,0,0,1,0,0,0,0,0,0,0,0,0,0,0,0,0,0,0,0,0,0,0,,,0,0,0,0,0,0,0,0,0,0,0,0,,,,0,0,0,0,0,0,0,,0,0,0,0,0,0.0,0.0
00-0040175,Jo.Phillips,Jordan Phillips,DT,DL,"https://static.www.nfl.com/image/upload/f_auto,q_auto/league/e9ggqzobdb4aevpq3rlc",2025,2,REG,MIA,NE,0,0,0,0,0,0,0,0,0,0,0,0,,,0,,0,0,0,0,0,0,,0,0,0,0,0,0,0,0,0,0,,0,,0.0,0.0,0.0,0,0,0,3,0,0,0,0.0,0.0,0,0,0,0,0,0,0,0,0,0,0,0,0,0,0,0,0,0,0,0,0,0,0,,,0,0,0,0,0,0,0,0,0,0,0,0,,,,0,0,0,0,0,0,0,,0,0,0,0,0,0.0,0.0
00-0040178,J.Marshall,Jason Marshall Jr.,CB,DB,"https://static.www.nfl.com/image/upload/f_auto,q_auto/league/chf1ow0awwha9hrcoqxc",2025,2,REG,MIA,NE,0,0,0,0,0,0,0,0,0,0,0,0,,,0,,0,0,0,0,0,0,,0,0,0,0,0,0,0,0,0,0,,0,,0.0,0.0,0.0,0,0,0,0,0,0,0,0.0,0.0,0,0,0,0,0,0,0,0,0,0,0,0,0,1,5,0,0,0,0,0,0,0,0,,,0,0,0,0,0,0,0,0,0,0,0,0,,,,0,0,0,0,0,0,0,,0,0,0,0,0,0.0,0.0
00-0040182,D.Trader,Dante Trader Jr.,SAF,DB,"https://static.www.nfl.com/image/upload/f_auto,q_auto/league/nffbi3a32ngmczzvxcz0",2025,2,REG,MIA,NE,0,0,0,0,0,0,0,0,0,0,0,0,,,0,,0,0,0,0,0,0,,0,0,0,0,0,0,0,0,0,0,,0,,0.0,0.0,0.0,0,2,0,0,0,0,0,0.0,0.0,0,0,0,0,0,0,0,0,0,0,0,0,0,0,0,0,0,0,0,0,0,0,0,,,0,0,0,0,0,0,0,0,0,0,0,0,,,,0,0,0,0,0,0,0,,0,0,0,0,0,0.0,0.0
00-0040198,O.Gordon,Ollie Gordon II,RB,RB,"https://static.www.nfl.com/image/upload/f_auto,q_auto/league/bv33rgypaauv7sealwkr",2025,2,REG,MIA,NE,0,0,0,0,0,0,0,0,0,0,0,0,,,0,,1,8,0,0,0,0,0.6091268518939614,0,1,1,5,0,0,0,-3,8,0,-0.03711498994380236,0,-1.6666666666666667,0.03125,-0.01195219123505976,0.03850846613545817,0,0,0,0,0,0,0,0.0,0.0,0,0,0,0,0,0,0,0,0,0,0,0,0,0,0,0,0,0,0,0,0,0,0,,,0,0,0,0,0,0,0,0,0,0,0,0,,,,0,0,0,0,0,0,0,,0,0,0,0,0,1.3,2.3
00-0040742,J.Savaiinaea,Jonah Savaiinaea,OT,OL,"https://static.www.nfl.com/image/upload/f_auto,q_auto/league/kglg4js9nthq1wg9rn5y",2025,2,REG,MIA,NE,0,0,0,0,0,0,0,0,0,0,0,0,,,0,,0,0,0,0,0,0,,0,0,0,0,0,0,0,0,0,0,,0,,0.0,0.0,0.0,0,0,0,0,0,0,0,0.0,0.0,0,0,0,0,0,0,0,0,0,0,0,0,0,1,10,0,0,0,0,0,0,0,0,,,0,0,0,0,0,0,0,0,0,0,0,0,,,,0,0,0,0,0,0,0,,0,0,0,0,0,0.0,0.0
00-0033040,T.Hill,Tyreek Hill,WR,WR,"https://static.www.nfl.com/image/upload/f_auto,q_auto/league/gg73gnfivrn80oyqwazl",2025,3,REG,MIA,BUF,0,0,0,0,0,0,0,0,0,0,0,0,,,0,,0,0,0,0,0,0,,0,5,10,49,1,0,0,148,13,5,5.171109102782793,0,0.3310810810810811,0.30303030303030304,0.7254901960784313,0.9623885918003565,0,0,0,0,0,0,0,0.0,0.0,0,0,0,0,0,0,0,0,0,0,0,0,0,0,0,0,0,0,0,0,0,0,0,,,0,0,0,0,0,0,0,0,0,0,0,0,,,,0,0,0,0,0,0,0,,0,0,0,0,0,10.9,15.9
00-0033551,R.Douglas,Rasul Douglas,CB,DB,"https://static.www.nfl.com/image/upload/f_auto,q_auto/league/ckyphq6brbau8lhgbt6j",2025,3,REG,MIA,BUF,0,0,0,0,0,0,0,0,0,0,0,0,,,0,,0,0,0,0,0,0,,0,0,0,0,0,0,0,0,0,0,,0,,0.0,0.0,0.0,0,4,0,3,0,0,0,0.0,0.0,0,0,0,0,0,0,0,0,0,0,0,0,0,0,0,0,0,0,0,0,0,0,0,,,0,0,0,0,0,0,0,0,0,0,0,0,,,,0,0,0,0,0,0,0,,0,0,0,0,0,0.0,0.0
00-0034285,Z.Sieler,Zach Sieler,DT,DL,"https://static.www.nfl.com/image/upload/f_auto,q_auto/league/a3mvqtjjep76e13cs353",2025,3,REG,MIA,BUF,0,0,0,0,0,0,0,0,0,0,0,0,,,0,,0,0,0,0,0,0,,0,0,0,0,0,0,0,0,0,0,,0,,0.0,0.0,0.0,0,4,0,1,0,0,0,0.0,0.0,0,0,0,0,0,0,0,0,0,0,0,0,0,1,15,0,0,0,0,0,0,0,0,,,0,0,0,0,0,0,0,0,0,0,0,0,,,,0,0,0,0,0,0,0,,0,0,0,0,0,0.0,0.0
00-0034789,M.Fitzpatrick,Minkah Fitzpatrick,FS,DB,"https://static.www.nfl.com/image/upload/f_auto,q_auto/league/umy9w1ayh5lnhjc10mmq",2025,3,REG,MIA,BUF,0,0,0,0,0,0,0,0,0,0,0,0,,,0,,0,0,0,0,0,0,,0,0,0,0,0,0,0,0,0,0,,0,,0.0,0.0,0.0,0,4,0,1,0,0,0,0.0,0.0,0,0,0,0,0,0,0,0,0,0,0,0,0,0,0,0,0,0,0,0,0,0,0,,,0,0,0,0,0,0,0,0,0,0,0,0,,,,0,0,0,0,0,0,0,,0,0,0,0,0,0.0,0.0
00-0034792,C.Armstrong,Cornell Armstrong,DB,DB,"https://static.www.nfl.com/image/upload/f_auto,q_auto/league/aslfjfnirvlt7u6z8hkn",2025,3,REG,MIA,BUF,0,0,0,0,0,0,0,0,0,0,0,0,,,0,,0,0,0,0,0,0,,0,0,0,0,0,0,0,0,0,0,,0,,0.0,0.0,0.0,0,1,0,0,0,0,0,0.0,0.0,0,0,0,0,0,0,0,0,0,0,0,0,0,0,0,0,0,0,0,0,0,0,0,,,0,0,0,0,0,0,0,0,0,0,0,0,,,,0,0,0,0,0,0,0,,0,0,0,0,0,0.0,0.0
00-0034832,B.Chubb,Bradley Chubb,OLB,LB,"https://static.www.nfl.com/image/upload/f_auto,q_auto/league/u0hpsvirbf0ksqqrr4of",2025,3,REG,MIA,BUF,0,0,0,0,0,0,0,0,0,0,0,0,,,0,,0,0,0,0,0,0,,0,0,0,0,0,0,0,0,0,0,,0,,0.0,0.0,0.0,0,1,0,2,1,7,0,1.0,7.0,1,0,0,0,0,0,0,0,0,0,0,0,0,0,0,0,0,0,0,0,0,0,0,,,0,0,0,0,0,0,0,0,0,0,0,0,,,,0,0,0,0,0,0,0,,0,0,0,0,0,0.0,0.0
00-0035280,J.Bailey,Jake Bailey,P,SPEC,"https://static.www.nfl.com/image/upload/f_auto,q_auto/league/xgqo8pwrwqtmfhoaproq",2025,3,REG,MIA,BUF,0,0,0,0,0,0,0,0,0,0,0,0,,,0,,0,0,0,0,0,0,,0,0,0,0,0,0,0,0,0,0,,0,,0.0,0.0,0.0,0,0,0,0,0,0,0,0.0,0.0,0,0,0,0,0,0,0,0,0,0,0,0,0,0,0,0,0,0,0,0,0,0,0,,,0,0,0,0,0,0,0,0,0,0,0,0,,,,0,0,0,0,0,0,0,,0,0,0,0,0,0.0,0.0
00-0035352,T.Dodson,Tyrel Dodson,LB,LB,"https://static.www.nfl.com/image/upload/f_auto,q_auto/league/ssfyc6yarlegh112xeoa",2025,3,REG,MIA,BUF,0,0,0,0,0,0,0,0,0,0,0,0,,,0,,0,0,0,0,0,0,,0,0,0,0,0,0,0,0,0,0,,0,,0.0,0.0,0.0,0,11,0,0,1,1,0,1.0,3.0,1,0,0,1,0,0,0,0,0,0,0,0,0,0,0,0,0,0,0,0,0,0,0,,,0,0,0,0,0,0,0,0,0,0,0,0,,,,0,0,0,0,0,0,0,,0,0,0,0,0,0.0,0.0
00-0036182,N.Westbrook-Ikhine,Nick Westbrook-Ikhine,WR,WR,"https://static.www.nfl.com/image/upload/f_auto,q_auto/league/plgwfjcbl5quoi2jrass",2025,3,REG,MIA,BUF,0,0,0,0,0,0,0,0,0,0,0,0,,,0,,0,0,0,0,0,0,,0,0,0,0,0,0,0,0,0,0,,0,,0.0,0.0,0.0,0,1,0,0,0,0,0,0.0,0.0,0,0,0,0,0,0,0,0,0,0,0,0,0,0,0,0,0,0,0,0,0,0,0,,,0,0,0,0,0,0,0,0,0,0,0,0,,,,0,0,0,0,0,0,0,,0,0,0,0,0,0.0,0.0
00-0036212,T.Tagovailoa,Tua Tagovailoa,QB,QB,"https://static.www.nfl.com/image/upload/f_auto,q_auto/league/ktqj3s5vofexl2dwrrp4",2025,3,REG,MIA,BUF,22,34,146,2,1,0,0,0,0,204,117,11,0.14744083787081763,-1.6873112230589895,0,0.7156862745098039,2,10,0,1,0,2,0.2927044708048925,0,0,0,0,0,0,0,0,0,0,,0,,0.0,0.0,0.0,0,0,0,0,0,0,0,0.0,0.0,0,0,0,0,0,0,0,0,1,1,0,0,0,0,0,0,0,0,0,0,0,0,0,,,0,0,0,0,0,0,0,0,0,0,0,0,,,,0,0,0,0,0,0,0,,0,0,0,0,0,12.84,12.84
00-0036329,A.Davis,Ashtyn Davis,SAF,DB,"https://static.www.nfl.com/image/upload/f_auto,q_auto/league/f1yyvajikoqdnqunml6i",2025,3,REG,MIA,BUF,0,0,0,0,0,0,0,0,0,0,0,0,,,0,,0,0,0,0,0,0,,0,0,0,0,0,0,0,0,0,0,,0,,0.0,0.0,0.0,0,3,0,1,0,0,0,0.0,0.0,0,0,0,1,0,0,0,0,0,0,0,0,0,0,0,0,0,0,0,0,0,0,0,,,0,0,0,0,0,0,0,0,0,0,0,0,,,,0,0,0,0,0,0,0,,0,0,0,0,0,0.0,0.0
00-0036409,J.Brooks,Jordyn Brooks,LB,LB,"https://static.www.nfl.com/image/upload/f_auto,q_auto/league/fqpdggqc3fngvkta63zy",2025,3,REG,MIA,BUF,0,0,0,0,0,0,0,0,0,0,0,0,,,0,,0,0,0,0,0,0,,0,0,0,0,0,0,0,0,0,0,,0,,0.0,0.0,0.0,0,4,0,0,0,0,0,0.0,0.0,0,0,0,0,0,0,0,0,0,0,0,0,0,1,2,0,0,0,0,0,0,0,0,,,0,0,0,0,0,0,0,0,0,0,0,0,,,,0,0,0,0,0,0,0,,0,0,0,0,0,0.0,0.0
00-0036613,J.Waddle,Jaylen Waddle,WR,WR,"https://static.www.nfl.com/image/upload/f_auto,q_auto/league/dsxd2zcqm42wsv4ewtfc",2025,3,REG,MIA,BUF,0,0,0,0,0,0,0,0,0,0,0,0,,,0,,0,0,0,0,0,0,,0,5,6,39,1,0,0,25,18,4,2.5449278694577515,0,1.56,0.18181818181818182,0.12254901960784313,0.3585115864527629,0,1,0,0,0,0,0,0.0,0.0,0,0,0,0,0,0,0,0,0,0,0,0,0,0,0,0,0,0,0,0,0,0,0,,,0,0,0,0,0,0,0,0,0,0,0,0,,,,0,0,0,0,0,0,0,,0,0,0,0,0,9.9,14.9
00-0036620,D.Eskridge,Dee Eskridge,WR,WR,"https://static.www.nfl.com/image/upload/f_auto,q_auto/league/baasw8ia3qztewmawfnz",2025,3,REG,MIA,BUF,0,0,0,0,0,0,0,0,0,0,0,0,,,0,,0,0,0,0,0,0,,0,0,0,0,0,0,0,0,0,0,,0,,0.0,0.0,0.0,0,0,0,0,0,0,0,0.0,0.0,0,0,0,0,0,0,0,0,0,0,0,0,0,0,0,0,0,3,104,0,0,0,0,,,0,0,0,0,0,0,0,0,0,0,0,0,,,,0,0,0,0,0,0,0,,0,0,0,0,0,0.0,0.0
00-0036643,K.Britt,K.J. Britt,LB,LB,"https://static.www.nfl.com/image/upload/f_auto,q_auto/league/kca9qozdfs1albiamsq0",2025,3,REG,MIA,BUF,0,0,0,0,0,0,0,0,0,0,0,0,,,0,,0,0,0,0,0,0,,0,0,0,0,0,0,0,0,0,0,,0,,0.0,0.0,0.0,0,0,0,1,0,0,0,0.0,0.0,0,0,0,0,0,0,0,0,0,0,0,0,0,1,10,0,0,0,0,0,0,0,0,,,0,0,0,0,0,0,0,0,0,0,0,0,,,,0,0,0,0,0,0,0,,0,0,0,0,0,0.0,0.0
00-0036816,R.Patterson,Riley Patterson,K,SPEC,"https://static.www.nfl.com/image/private/f_auto,q_auto/league/waj6pvpu1ouzgssedqiq",2025,3,REG,MIA,BUF,0,0,0,0,0,0,0,0,0,0,0,0,,,0,,0,0,0,0,0,0,,0,0,0,0,0,0,0,0,0,0,,0,,0.0,0.0,0.0,0,0,0,0,0,0,0,0.0,0.0,0,0,0,0,0,0,0,0,0,0,0,0,0,0,0,0,0,0,0,0,0,0,0,,,0,0,0,0,0,0,0,0,0,0,0,0,,,,0,0,0,3,3,0,0,1.0,0,0,0,0,0,0.0,0.0
00-0036839,K.Smith,Kion Smith,OT,OL,"https://static.www.nfl.com/image/upload/f_auto,q_auto/league/rawjlqbe9aroo9cqkpfv",2025,3,REG,MIA,BUF,0,0,0,0,0,0,0,0,0,0,0,0,,,0,,0,0,0,0,0,0,,0,0,0,0,0,0,0,0,0,0,,0,,0.0,0.0,0.0,0,0,0,0,0,0,0,0.0,0.0,0,0,0,0,0,0,0,0,0,0,0,0,0,1,5,0,0,0,0,0,0,0,0,,,0,0,0,0,0,0,0,0,0,0,0,0,,,,0,0,0,0,0,0,0,,0,0,0,0,0,0.0,0.0
00-0036934,Ja.Phillips,Jaelan Phillips,LB,LB,"https://static.www.nfl.com/image/upload/f_auto,q_auto/league/fppokhbgq3msu8wks1jz",2025,3,REG,MIA,BUF,0,0,0,0,0,0,0,0,0,0,0,0,,,0,,0,0,0,0,0,0,,0,0,0,0,0,0,0,0,0,0,,0,,0.0,0.0,0.0,0,3,0,0,0,0,0,0.0,0.0,0,0,0,0,0,0,0,0,0,0,0,0,0,0,0,0,0,0,0,0,0,0,0,,,0,0,0,0,0,0,0,0,0,0,0,0,,,,0,0,0,0,0,0,0,,0,0,0,0,0,0.0,0.0
00-0037280,M.Butler,Matthew Butler,DT,DL,"https://static.www.nfl.com/image/upload/f_auto,q_auto/league/nsv9pnp9s8oaxaepftzk",2025,3,REG,MIA,BUF,0,0,0,0,0,0,0,0,0,0,0,0,,,0,,0,0,0,0,0,0,,0,0,0,0,0,0,0,0,0,0,,0,,0.0,0.0,0.0,0,0,0,1,0,0,0,0.0,0.0,0,0,0,0,0,0,0,0,0,0,0,0,0,0,0,0,0,0,0,0,0,0,0,,,0,0,0,0,0,0,0,0,0,0,0,0,,,,0,0,0,0,0,0,0,,0,0,0,0,0,0.0,0.0
00-0037315,C.Goode,Cameron Goode,LB,LB,"https://static.www.nfl.com/image/upload/f_auto,q_auto/league/y9nbijy8p3twagggyodh",2025,3,REG,MIA,BUF,0,0,0,0,0,0,0,0,0,0,0,0,,,0,,0,0,0,0,0,0,,0,0,0,0,0,0,0,0,0,0,,0,,0.0,0.0,0.0,0,0,0,1,0,0,0,0.0,0.0,0,0,0,0,0,0,0,0,0,0,0,0,0,0,0,0,0,0,0,0,0,0,0,,,0,0,0,0,0,0,0,0,0,0,0,0,,,,0,0,0,0,0,0,0,,0,0,0,0,0,0.0,0.0
00-0037348,T.Conner,Tanner Conner,TE,TE,"https://static.www.nfl.com/image/upload/f_auto,q_auto/league/ndhpqkxblrd3vcbcfadw",2025,3,REG,MIA,BUF,0,0,0,0,0,0,0,0,0,0,0,0,,,0,,0,0,0,0,0,0,,0,1,2,13,0,0,0,7,12,1,-0.08079345017904416,0,1.8571428571428572,0.06060606060606061,0.03431372549019608,0.11492869875222816,0,0,0,0,0,0,0,0.0,0.0,0,0,0,0,0,0,0,0,0,0,0,0,0,0,0,0,0,0,0,0,0,0,0,,,0,0,0,0,0,0,0,0,0,0,0,0,,,,0,0,0,0,0,0,0,,0,0,0,0,0,1.3,2.3
00-0038039,J.Jones,Jack Jones,CB,DB,"https://static.www.nfl.com/image/upload/f_auto,q_auto/league/du4dbnopryqdeffnwcwh",2025,3,REG,MIA,BUF,0,0,0,0,0,0,0,0,0,0,0,0,,,0,,0,0,0,0,0,0,,0,0,0,0,0,0,0,0,0,0,,0,,0.0,0.0,0.0,0,2,0,1,0,0,0,0.0,0.0,0,0,0,1,0,0,0,0,0,0,0,0,0,1,20,0,0,0,0,0,0,0,0,,,0,0,0,0,0,0,0,0,0,0,0,0,,,,0,0,0,0,0,0,0,,0,0,0,0,0,0.0,0.0
00-0038720,J.Hill,Julian Hill,TE,TE,"https://static.www.nfl.com/image/upload/f_auto,q_auto/league/yogwwyzq4sydycahhbgw",2025,3,REG,MIA,BUF,0,0,0,0,0,0,0,0,0,0,0,0,,,0,,0,0,0,0,0,0,,0,1,1,4,0,0,0,1,3,0,-0.250724823854398,0,4.0,0.030303030303030304,0.004901960784313725,0.048885918003565065,0,0,0,0,0,0,0,0.0,0.0,0,0,0,0,0,0,0,0,0,0,0,0,0,0,0,0,0,0,0,0,0,0,0,,,0,0,0,0,0,0,0,0,0,0,0,0,,,,0,0,0,0,0,0,0,,0,0,0,0,0,0.4,1.4
00-0039040,D.Achane,De'Von Achane,RB,RB,"https://static.www.nfl.com/image/upload/f_auto,q_auto/league/xk1xwio0bryfxo1ylweu",2025,3,REG,MIA,BUF,0,0,0,0,0,0,0,0,0,0,0,0,,,0,,12,62,0,0,0,1,0.11916991625912488,0,7,9,29,0,0,0,-5,59,1,-4.575593707908411,0,-5.8,0.2727272727272727,-0.024509803921568627,0.391934046345811,0,0,0,0,0,0,0,0.0,0.0,0,0,0,0,0,0,0,0,0,0,0,0,0,0,0,0,0,0,0,0,0,0,0,,,0,0,0,0,0,0,0,0,0,0,0,0,,,,0,0,0,0,0,0,0,,0,0,0,0,0,9.1,16.1
00-0039480,J.Colbert,Jordan Colbert,SAF,DB,"https://static.www.nfl.com/image/upload/f_auto,q_auto/league/vzwrdqknqaz09r8s2wcu",2025,3,REG,MIA,BUF,0,0,0,0,0,0,0,0,0,0,0,0,,,0,,0,0,0,0,0,0,,0,0,0,0,0,0,0,0,0,0,,0,,0.0,0.0,0.0,0,1,0,0,0,0,0,0.0,0.0,0,0,0,0,0,0,0,0,0,0,0,0,0,0,0,0,0,0,0,0,0,0,0,,,0,0,0,0,0,0,0,0,0,0,0,0,,,,0,0,0,0,0,0,0,,0,0,0,0,0,0.0,0.0
00-0039880,M.Washington,Malik Washington,WR,WR,"https://static.www.nfl.com/image/upload/f_auto,q_auto/league/kwcgtsbpd0rpwsgq2npe",2025,3,REG,MIA,BUF,0,0,0,0,0,0,0,0,0,0,0,0,,,0,,2,20,0,0,0,2,0.34316899318946525,0,3,5,12,0,0,0,17,12,0,-2.099640070227906,0,0.7058823529411765,0.15151515151515152,0.08333333333333333,0.28560606060606064,0,0,0,0,0,0,0,0.0,0.0,0,0,0,0,0,0,0,0,0,0,0,0,0,0,0,2,22,2,48,0,0,0,0,,,0,0,0,0,0,0,0,0,0,0,0,0,,,,0,0,0,0,0,0,0,,0,0,0,0,0,3.2,6.2
00-0040127,K.Grant,Kenneth Grant,DT,DL,"https://static.www.nfl.com/image/upload/f_auto,q_auto/league/yzexkikgp5p8gt0pvsex",2025,3,REG,MIA,BUF,0,0,0,0,0,0,0,0,0,0,0,0,,,0,,0,0,0,0,0,0,,0,0,0,0,0,0,0,0,0,0,,0,,0.0,0.0,0.0,0,1,0,1,0,0,0,0.0,0.0,0,0,0,0,0,0,0,0,0,0,0,0,0,0,0,0,0,0,0,0,0,0,0,,,0,0,0,0,0,0,0,0,0,0,0,0,,,,0,0,0,0,0,0,0,,0,0,0,0,0,0.0,0.0
00-0040178,J.Marshall,Jason Marshall Jr.,CB,DB,"https://static.www.nfl.com/image/upload/f_auto,q_auto/league/chf1ow0awwha9hrcoqxc",2025,3,REG,MIA,BUF,0,0,0,0,0,0,0,0,0,0,0,0,,,0,,0,0,0,0,0,0,,0,0,0,0,0,0,0,0,0,0,,0,,0.0,0.0,0.0,0,1,0,0,0,0,0,0.0,0.0,0,0,0,0,0,0,0,0,0,0,0,0,0,0,0,0,0,0,0,0,0,0,0,,,0,0,0,0,0,0,0,0,0,0,0,0,,,,0,0,0,0,0,0,0,,0,0,0,0,0,0.0,0.0
00-0040182,D.Trader,Dante Trader Jr.,SAF,DB,"https://static.www.nfl.com/image/upload/f_auto,q_auto/league/nffbi3a32ngmczzvxcz0",2025,3,REG,MIA,BUF,0,0,0,0,0,0,0,0,0,0,0,0,,,0,,0,0,0,0,0,0,,0,0,0,0,0,0,0,0,0,0,,0,,0.0,0.0,0.0,0,2,0,1,0,0,0,0.0,0.0,0,0,0,0,0,0,0,0,0,0,0,0,0,0,0,0,0,0,0,0,0,0,0,,,0,0,0,0,0,0,0,0,0,0,0,0,,,,0,0,0,0,0,0,0,,0,0,0,0,0,0.0,0.0
00-0040198,O.Gordon,Ollie Gordon II,RB,RB,"https://static.www.nfl.com/image/upload/f_auto,q_auto/league/bv33rgypaauv7sealwkr",2025,3,REG,MIA,BUF,0,0,0,0,0,0,0,0,0,0,0,0,,,0,,9,38,1,0,0,4,2.2565005787764676,0,0,0,0,0,0,0,0,0,0,,0,,0.0,0.0,0.0,0,0,0,0,0,0,0,0.0,0.0,0,0,0,0,0,0,0,0,0,0,0,0,0,0,0,0,0,0,0,0,0,0,0,,,0,0,0,0,0,0,0,0,0,0,0,0,,,,0,0,0,0,0,0,0,,0,0,0,0,0,9.8,9.8
00-0040742,J.Savaiinaea,Jonah Savaiinaea,OT,OL,"https://static.www.nfl.com/image/upload/f_auto,q_auto/league/kglg4js9nthq1wg9rn5y",2025,3,REG,MIA,BUF,0,0,0,0,0,0,0,0,0,0,0,0,,,0,,0,0,0,0,0,0,,0,0,0,0,0,0,0,0,0,0,,0,,0.0,0.0,0.0,0,0,0,0,0,0,0,0.0,0.0,0,0,0,0,0,0,0,0,0,0,0,0,0,1,5,0,0,0,0,0,0,0,0,,,0,0,0,0,0,0,0,0,0,0,0,0,,,,0,0,0,0,0,0,0,,0,0,0,0,0,0.0,0.0
,,,,,,2025,3,REG,MIA,BUF,0,0,0,0,0,0,0,0,0,0,0,0,,,0,,0,0,0,0,0,0,,0,0,0,0,0,0,0,0,0,0,,0,,0.0,0.0,0.0,0,0,0,0,0,0,0,0.0,0.0,0,0,0,0,0,0,1,0,0,0,0,0,0,12,72,0,0,0,0,0,0,0,0,,,0,0,0,0,0,0,0,0,0,0,0,0,,,,0,0,0,0,0,0,0,,0,0,0,0,0,0.0,0.0
