player_id,player_name,player_display_name,position,position_group,headshot_url,season,week,season_type,team,opponent_team,completions,attempts,passing_yards,passing_tds,passing_interceptions,sacks_suffered,sack_yards_lost,sack_fumbles,sack_fumbles_lost,passing_air_yards,passing_yards_after_catch,passing_first_downs,passing_epa,passing_cpoe,passing_2pt_conversions,pacr,carries,rushing_yards,rushing_tds,rushing_fumbles,rushing_fumbles_lost,rushing_first_downs,rushing_epa,rushing_2pt_conversions,receptions,targets,receiving_yards,receiving_tds,receiving_fumbles,receiving_fumbles_lost,receiving_air_yards,receiving_yards_after_catch,receiving_first_downs,receiving_epa,receiving_2pt_conversions,racr,target_share,air_yards_share,wopr,special_teams_tds,def_tackles_solo,def_tackles_with_assist,def_tackle_assists,def_tackles_for_loss,def_tackles_for_loss_yards,def_fumbles_forced,def_sacks,def_sack_yards,def_qb_hits,def_interceptions,def_interception_yards,def_pass_defended,def_tds,def_fumbles,def_safeties,misc_yards,fumble_recovery_own,fumble_recovery_yards_own,fumble_recovery_opp,fumble_recovery_yards_opp,fumble_recovery_tds,penalties,penalty_yards,punt_returns,punt_return_yards,kickoff_returns,kickoff_return_yards,fg_made,fg_att,fg_missed,fg_blocked,fg_long,fg_pct,fg_made_0_19,fg_made_20_29,fg_made_30_39,fg_made_40_49,fg_made_50_59,fg_made_60_,fg_missed_0_19,fg_missed_20_29,fg_missed_30_39,fg_missed_40_49,fg_missed_50_59,fg_missed_60_,fg_made_list,fg_missed_list,fg_blocked_list,fg_made_distance,fg_missed_distance,fg_blocked_distance,pat_made,pat_att,pat_missed,pat_blocked,pat_pct,gwfg_made,gwfg_att,gwfg_missed,gwfg_blocked,gwfg_distance,fantasy_points,fantasy_points_ppr
00-0033787,J.Elliott,Jake Elliott,K,SPEC,"https://static.www.nfl.com/image/upload/f_auto,q_auto/league/v35j7b3tofdn0kfskdhj",2025,1,REG,PHI,DAL,0,0,0,0,0,0,0,0,0,0,0,0,,,0,,0,0,0,0,0,0,,0,0,0,0,0,0,0,0,0,0,,0,,0.0,0.0,0.0,0,0,0,0,0,0,0,0.0,0.0,0,0,0,0,0,0,0,0,0,0,0,0,0,0,0,0,0,0,0,1,1,0,0,58.0,1.0,0,0,0,0,1,0,0,0,0,0,0,0,58,,,58,0,0,3,3,0,0,1.0,0,0,0,0,0,0.0,0.0
00-0033878,A.Jackson,Adoree' Jackson,CB,DB,"https://static.www.nfl.com/image/upload/f_auto,q_auto/league/jtskiyzkosuajjatls72",2025,1,REG,PHI,DAL,0,0,0,0,0,0,0,0,0,0,0,0,,,0,,0,0,0,0,0,0,,0,0,0,0,0,0,0,0,0,0,,0,,0.0,0.0,0.0,0,5,0,2,0,0,0,0.0,0.0,0,0,0,1,0,0,0,0,0,0,0,0,0,1,0,0,0,0,0,0,0,0,0,,,0,0,0,0,0,0,0,0,0,0,0,0,,,,0,0,0,0,0,0,0,,0,0,0,0,0,0.0,0.0
00-0034351,D.Goedert,Dallas Goedert,TE,TE,"https://static.www.nfl.com/image/upload/f_auto,q_auto/league/a6ljhwvkehvyiufdx3d1",2025,1,REG,PHI,DAL,0,0,0,0,0,0,0,0,0,0,0,0,,,0,,0,0,0,0,0,0,,0,7,7,44,0,0,0,34,10,2,2.1053661364130676,0,1.2941176470588236,0.35,0.30357142857142855,0.7374999999999998,0,0,0,0,0,0,0,0.0,0.0,0,0,0,0,0,0,0,0,0,0,0,0,0,0,0,0,0,0,0,0,0,0,0,,,0,0,0,0,0,0,0,0,0,0,0,0,,,,0,0,0,0,0,0,0,,0,0,0,0,0,4.4,11.4
00-0034844,S.Barkley,Saquon Barkley,RB,RB,"https://static.www.nfl.com/image/upload/f_auto,q_auto/league/ern1nbhivkmwkg82c7v1",2025,1,REG,PHI,DAL,0,0,0,0,0,0,0,0,0,0,0,0,,,0,,18,60,1,0,0,4,-1.1778034286107868,0,4,5,24,0,0,0,-5,27,2,1.6937246785964817,0,-4.8,0.25,-0.044642857142857144,0.34375,0,0,0,0,0,0,0,0.0,0.0,0,0,0,0,0,0,0,0,0,0,0,0,0,0,0,0,0,0,0,0,0,0,0,,,0,0,0,0,0,0,0,0,0,0,0,0,,,,0,0,0,0,0,0,0,,0,0,0,0,0,14.4,18.4
00-0034993,M.Epps,Marcus Epps,SAF,DB,"https://static.www.nfl.com/image/upload/f_auto,q_auto/league/buqwodgcsy5ndrrxtpga",2025,1,REG,PHI,DAL,0,0,0,0,0,0,0,0,0,0,0,0,,,0,,0,0,0,0,0,0,,0,0,0,0,0,0,0,0,0,0,,0,,0.0,0.0,0.0,0,0,0,0,0,0,0,0.0,0.0,0,0,0,0,0,0,0,0,0,0,0,0,0,1,5,0,0,0,0,0,0,0,0,,,0,0,0,0,0,0,0,0,0,0,0,0,,,,0,0,0,0,0,0,0,,0,0,0,0,0,0.0,0.0
00-0035676,A.Brown,A.J. Brown,WR,WR,"https://static.www.nfl.com/image/private/f_auto,q_auto/league/a014sgzctarbvhwb35lw",2025,1,REG,PHI,DAL,0,0,0,0,0,0,0,0,0,0,0,0,,,0,,0,0,0,0,0,0,,0,1,1,8,0,0,0,8,0,0,0.07846242509549484,0,1.0,0.05,0.07142857142857142,0.125,0,0,0,0,0,0,0,0.0,0.0,0,0,0,0,0,0,0,0,0,0,0,0,0,0,0,0,0,0,0,0,0,0,0,,,0,0,0,0,0,0,0,0,0,0,0,0,,,,0,0,0,0,0,0,0,,0,0,0,0,0,0.8,1.8
00-0036159,J.Uche,Joshua Uche,LB,LB,"https://static.www.nfl.com/image/upload/f_auto,q_auto/league/t7ahfah5ks9tispkebd5",2025,1,REG,PHI,DAL,0,0,0,0,0,0,0,0,0,0,0,0,,,0,,0,0,0,0,0,0,,0,0,0,0,0,0,0,0,0,0,,0,,0.0,0.0,0.0,0,0,0,1,0,0,0,0.0,0.0,0,0,0,0,0,0,0,0,0,0,0,0,0,0,0,0,0,0,0,0,0,0,0,,,0,0,0,0,0,0,0,0,0,0,0,0,,,,0,0,0,0,0,0,0,,0,0,0,0,0,0.0,0.0
00-0036265,A.Dillon,AJ Dillon,RB,RB,"https://static.www.nfl.com/image/upload/f_auto,q_auto/league/nknt5pckn5mzq9ll660i",2025,1,REG,PHI,DAL,0,0,0,0,0,0,0,0,0,0,0,0,,,0,,3,10,0,0,0,1,0.061233018059283495,0,0,0,0,0,0,0,0,0,0,,0,,0.0,0.0,0.0,0,0,0,0,0,0,0,0.0,0.0,0,0,0,0,0,0,0,0,0,0,0,0,0,0,0,0,0,0,0,0,0,0,0,,,0,0,0,0,0,0,0,0,0,0,0,0,,,,0,0,0,0,0,0,0,,0,0,0,0,0,1.0,1.0
00-0036313,B.Mann,Braden Mann,P,SPEC,"https://static.www.nfl.com/image/upload/f_auto,q_auto/league/eizeojehmxkvvfahj1tk",2025,1,REG,PHI,DAL,0,0,0,0,0,0,0,0,0,0,0,0,,,0,,0,0,0,0,0,0,,0,0,0,0,0,0,0,0,0,0,,0,,0.0,0.0,0.0,0,0,0,0,0,0,0,0.0,0.0,0,0,0,0,0,0,0,0,0,0,0,0,0,0,0,0,0,0,0,0,0,0,0,,,0,0,0,0,0,0,0,0,0,0,0,0,,,,0,0,0,0,0,0,0,,0,0,0,0,0,0.0,0.0
00-0036389,J.Hurts,Jalen Hurts,QB,QB,"https://static.www.nfl.com/image/upload/f_auto,q_auto/league/c47i9v6gmokkun9cat9s",2025,1,REG,PHI,DAL,19,23,152,0,0,1,-8,0,0,112,61,6,1.5907520360172063,21.806308776140213,0,1.3571428571428572,14,62,2,0,0,7,5.471464365313295,0,0,0,0,0,0,0,0,0,0,,0,,0.0,0.0,0.0,0,0,0,0,0,0,0,0.0,0.0,0,0,0,0,0,0,0,0,0,0,0,0,0,0,0,0,0,0,0,0,0,0,0,,,0,0,0,0,0,0,0,0,0,0,0,0,,,,0,0,0,0,0,0,0,,0,0,0,0,0,24.28,24.28
00-0036418,Z.Baun,Zack Baun,LB,LB,"https://static.www.nfl.com/image/upload/f_auto,q_auto/league/lxfptgyjuuwmvxrwr3m4",2025,1,REG,PHI,DAL,0,0,0,0,0,0,0,0,0,0,0,0,,,0,,0,0,0,0,0,0,,0,0,0,0,0,0,0,0,0,0,,0,,0.0,0.0,0.0,0,6,0,3,1,3,0,0.0,0.0,0,0,0,1,0,0,0,0,0,0,0,0,0,0,0,0,0,0,0,0,0,0,0,,,0,0,0,0,0,0,0,0,0,0,0,0,,,,0,0,0,0,0,0,0,,0,0,0,0,0,0.0,0.0
00-0036876,K.Granson,Kylen Granson,TE,TE,"https://static.www.nfl.com/image/upload/f_auto,q_auto/league/ysbxmdw4da30q3kjb571",2025,1,REG,PHI,DAL,0,0,0,0,0,0,0,0,0,0,0,0,,,0,,0,0,0,0,0,0,,0,1,1,1,0,0,0,0,1,0,-0.4308725926093757,0,0.0,0.05,0.0,0.07500000000000001,0,1,0,0,0,0,0,0.0,0.0,0,0,0,0,0,0,0,0,0,0,0,0,0,0,0,0,0,0,0,0,0,0,0,,,0,0,0,0,0,0,0,0,0,0,0,0,,,,0,0,0,0,0,0,0,,0,0,0,0,0,0.1,1.1
00-0036912,D.Smith,DeVonta Smith,WR,WR,"https://static.www.nfl.com/image/upload/f_auto,q_auto/league/vj2fz8veorg1k5qthnjm",2025,1,REG,PHI,DAL,0,0,0,0,0,0,0,0,0,0,0,0,,,0,,0,0,0,0,0,0,,0,3,3,16,0,0,0,4,12,1,0.6605038000270724,0,4.0,0.15,0.03571428571428571,0.24999999999999997,0,0,0,0,0,0,0,0.0,0.0,0,0,0,0,0,0,0,0,0,0,0,0,0,0,0,0,0,0,0,0,0,0,0,,,0,0,0,0,0,0,0,0,0,0,0,0,,,,0,0,0,0,0,0,0,,0,0,0,0,0,1.6,4.6
00-0037073,J.Davis,Jordan Davis,DT,DL,"https://static.www.nfl.com/image/upload/f_auto,q_auto/league/tcepyh61e1ct4vhdeaer",2025,1,REG,PHI,DAL,0,0,0,0,0,0,0,0,0,0,0,0,,,0,,0,0,0,0,0,0,,0,0,0,0,0,0,0,0,0,0,,0,,0.0,0.0,0.0,0,3,0,3,1,3,0,0.0,0.0,0,0,0,1,0,0,0,0,0,0,0,0,0,0,0,0,0,0,0,0,0,0,0,,,0,0,0,0,0,0,0,0,0,0,0,0,,,,0,0,0,0,0,0,0,,0,0,0,0,0,0.0,0.0
00-0037130,R.Blankenship,Reed Blankenship,SAF,DB,"https://static.www.nfl.com/image/upload/f_auto,q_auto/league/fot7g8gs7nv4ecavlisf",2025,1,REG,PHI,DAL,0,0,0,0,0,0,0,0,0,0,0,0,,,0,,0,0,0,0,0,0,,0,0,0,0,0,0,0,0,0,0,,0,,0.0,0.0,0.0,0,3,0,0,0,0,0,0.0,0.0,0,0,0,0,0,0,0,0,0,0,0,0,0,1,12,0,0,0,0,0,0,0,0,,,0,0,0,0,0,0,0,0,0,0,0,0,,,,0,0,0,0,0,0,0,,0,0,0,0,0,0.0,0.0
00-0037614,J.Metchie,John Metchie III,WR,WR,"https://static.www.nfl.com/image/upload/f_auto,q_auto/league/fxj7cmbatyvsu6bmsblw",2025,1,REG,PHI,DAL,0,0,0,0,0,0,0,0,0,0,0,0,,,0,,0,0,0,0,0,0,,0,0,0,0,0,0,0,0,0,0,,0,,0.0,0.0,0.0,0,1,0,0,0,0,0,0.0,0.0,0,0,0,0,0,0,0,0,0,0,0,0,0,0,0,0,0,1,20,0,0,0,0,,,0,0,0,0,0,0,0,0,0,0,0,0,,,,0,0,0,0,0,0,0,,0,0,0,0,0,0.0,0.0
00-0037741,J.Dotson,Jahan Dotson,WR,WR,"https://static.www.nfl.com/image/upload/f_auto,q_auto/league/dbtou5ln1kwjutixywie",2025,1,REG,PHI,DAL,0,0,0,0,0,0,0,0,0,0,0,0,,,0,,0,0,0,0,0,0,,0,3,3,59,0,0,0,48,11,1,1.6508258578808315,0,1.2291666666666667,0.15,0.42857142857142855,0.5249999999999999,0,0,0,0,0,0,0,0.0,0.0,0,0,0,0,0,0,0,0,0,0,0,0,0,0,0,0,0,0,0,0,0,0,0,,,0,0,0,0,0,0,0,0,0,0,0,0,,,,0,0,0,0,0,0,0,,0,0,0,0,0,5.9,8.9
00-0038386,J.Carter,Jalen Carter,DT,DL,"https://static.www.nfl.com/image/upload/f_auto,q_auto/league/dxkrjv1ihimkwj9xahsz",2025,1,REG,PHI,DAL,0,0,0,0,0,0,0,0,0,0,0,0,,,0,,0,0,0,0,0,0,,0,0,0,0,0,0,0,0,0,0,,0,,0.0,0.0,0.0,0,0,0,0,0,0,0,0.0,0.0,0,0,0,0,0,0,0,0,0,0,0,0,0,1,15,0,0,0,0,0,0,0,0,,,0,0,0,0,0,0,0,0,0,0,0,0,,,,0,0,0,0,0,0,0,,0,0,0,0,0,0.0,0.0
00-0038412,M.Ojomo,Moro Ojomo,DT,DL,"https://static.www.nfl.com/image/upload/f_auto,q_auto/league/bbiomvn996iwm4ckkzio",2025,1,REG,PHI,DAL,0,0,0,0,0,0,0,0,0,0,0,0,,,0,,0,0,0,0,0,0,,0,0,0,0,0,0,0,0,0,0,,0,,0.0,0.0,0.0,0,0,0,1,0,0,0,0.0,0.0,1,0,0,0,0,0,0,0,0,0,0,0,0,0,0,0,0,0,0,0,0,0,0,,,0,0,0,0,0,0,0,0,0,0,0,0,,,,0,0,0,0,0,0,0,,0,0,0,0,0,0.0,0.0
00-0038978,B.Young,Byron Young,DT,DL,"https://static.www.nfl.com/image/upload/f_auto,q_auto/league/zkjuhizs7now7kfwp9s3",2025,1,REG,PHI,DAL,0,0,0,0,0,0,0,0,0,0,0,0,,,0,,0,0,0,0,0,0,,0,0,0,0,0,0,0,0,0,0,,0,,0.0,0.0,0.0,0,0,0,1,0,0,0,0.0,0.0,0,0,0,0,0,0,0,0,0,0,0,0,0,0,0,0,0,0,0,0,0,0,0,,,0,0,0,0,0,0,0,0,0,0,0,0,,,,0,0,0,0,0,0,0,,0,0,0,0,0,0.0,0.0
00-0039002,S.Brown,Sydney Brown,SAF,DB,"https://static.www.nfl.com/image/upload/f_auto,q_auto/league/r3cwxtqft79kjy5nvpjm",2025,1,REG,PHI,DAL,0,0,0,0,0,0,0,0,0,0,0,0,,,0,,0,0,0,0,0,0,,0,0,0,0,0,0,0,0,0,0,,0,,0.0,0.0,0.0,0,1,0,1,0,0,0,0.0,0.0,0,0,0,0,0,0,0,0,0,0,0,0,0,0,0,0,0,0,0,0,0,0,0,,,0,0,0,0,0,0,0,0,0,0,0,0,,,,0,0,0,0,0,0,0,,0,0,0,0,0,0.0,0.0
00-0039013,N.Smith,Nolan Smith,LB,LB,"https://static.www.nfl.com/image/upload/f_auto,q_auto/league/mutic3dzmrlfruwqlgcb",2025,1,REG,PHI,DAL,0,0,0,0,0,0,0,0,0,0,0,0,,,0,,0,0,0,0,0,0,,0,0,0,0,0,0,0,0,0,0,,0,,0.0,0.0,0.0,0,1,0,3,0,0,0,0.0,0.0,0,0,0,0,0,0,0,0,0,0,0,0,0,2,30,0,0,0,0,0,0,0,0,,,0,0,0,0,0,0,0,0,0,0,0,0,,,,0,0,0,0,0,0,0,,0,0,0,0,0,0.0,0.0
00-0039072,J.Bennett,Jakorian Bennett,CB,DB,"https://static.www.nfl.com/image/upload/f_auto,q_auto/league/faleietqfsmpnhibdhad",2025,1,REG,PHI,DAL,0,0,0,0,0,0,0,0,0,0,0,0,,,0,,0,0,0,0,0,0,,0,0,0,0,0,0,0,0,0,0,,0,,0.0,0.0,0.0,0,3,0,0,0,0,0,0.0,0.0,0,0,0,0,0,0,0,0,0,0,0,0,0,1,9,0,0,0,0,0,0,0,0,,,0,0,0,0,0,0,0,0,0,0,0,0,,,,0,0,0,0,0,0,0,,0,0,0,0,0,0.0,0.0
00-0039740,J.Hunt,Jalyx Hunt,LB,LB,"https://static.www.nfl.com/image/upload/f_auto,q_auto/league/cg8yroxxd3znnkt894rm",2025,1,REG,PHI,DAL,0,0,0,0,0,0,0,0,0,0,0,0,,,0,,0,0,0,0,0,0,,0,0,0,0,0,0,0,0,0,0,,0,,0.0,0.0,0.0,0,0,1,2,1,2,0,0.0,0.0,0,0,0,0,0,0,0,0,0,0,0,0,0,0,0,0,0,0,0,0,0,0,0,,,0,0,0,0,0,0,0,0,0,0,0,0,,,,0,0,0,0,0,0,0,,0,0,0,0,0,0.0,0.0
00-0039746,W.Shipley,Will Shipley,RB,RB,"https://static.www.nfl.com/image/upload/f_auto,q_auto/league/rdps3spkhbztc2mbd6ty",2025,1,REG,PHI,DAL,0,0,0,0,0,0,0,0,0,0,0,0,,,0,,3,26,0,0,0,2,1.6899814548669383,0,0,0,0,0,0,0,0,0,0,,0,,0.0,0.0,0.0,0,0,0,0,0,0,0,0.0,0.0,0,0,0,0,0,0,0,0,0,0,0,0,0,0,0,0,0,1,12,0,0,0,0,,,0,0,0,0,0,0,0,0,0,0,0,0,,,,0,0,0,0,0,0,0,,0,0,0,0,0,2.6,2.6
00-0039826,J.Trotter,Jeremiah Trotter Jr.,LB,LB,"https://static.www.nfl.com/image/upload/f_auto,q_auto/league/fbgpf6iqljasd4h1miw2",2025,1,REG,PHI,DAL,0,0,0,0,0,0,0,0,0,0,0,0,,,0,,0,0,0,0,0,0,,0,0,0,0,0,0,0,0,0,0,,0,,0.0,0.0,0.0,0,0,0,2,0,0,0,0.0,0.0,0,0,0,0,0,0,0,0,0,0,0,0,0,0,0,0,0,0,0,0,0,0,0,,,0,0,0,0,0,0,0,0,0,0,0,0,,,,0,0,0,0,0,0,0,,0,0,0,0,0,0.0,0.0
00-0039841,C.DeJean,Cooper DeJean,CB,DB,"https://static.www.nfl.com/image/upload/f_auto,q_auto/league/meqy50bhzwvghrwbtjg5",2025,1,REG,PHI,DAL,0,0,0,0,0,0,0,0,0,0,0,0,,,0,,0,0,0,0,0,0,,0,0,0,0,0,0,0,0,0,0,,0,,0.0,0.0,0.0,0,3,0,2,0,0,0,0.0,0.0,0,0,0,1,0,0,0,0,0,0,0,0,0,0,0,0,0,0,0,0,0,0,0,,,0,0,0,0,0,0,0,0,0,0,0,0,,,,0,0,0,0,0,0,0,,0,0,0,0,0,0.0,0.0
00-0039888,Q.Mitchell,Quinyon Mitchell,CB,DB,"https://static.www.nfl.com/image/upload/f_auto,q_auto/league/kkniksj5urk8jm7pzd1f",2025,1,REG,PHI,DAL,0,0,0,0,0,0,0,0,0,0,0,0,,,0,,0,0,0,0,0,0,,0,0,0,0,0,0,0,0,0,0,,0,,0.0,0.0,0.0,0,3,0,1,0,0,0,0.0,0.0,0,0,0,1,0,0,0,0,0,0,1,1,0,1,34,0,0,0,0,0,0,0,0,,,0,0,0,0,0,0,0,0,0,0,0,0,,,,0,0,0,0,0,0,0,,0,0,0,0,0,0.0,0.0
00-0040708,J.Campbell,Jihaad Campbell,LB,LB,"https://static.www.nfl.com/image/upload/f_auto,q_auto/league/vjdpuldnh2hhbqjszrx2",2025,1,REG,PHI,DAL,0,0,0,0,0,0,0,0,0,0,0,0,,,0,,0,0,0,0,0,0,,0,0,0,0,0,0,0,0,0,0,,0,,0.0,0.0,0.0,0,0,0,3,0,0,1,0.0,0.0,0,0,0,1,0,0,0,0,0,0,0,0,0,0,0,0,0,0,0,0,0,0,0,,,0,0,0,0,0,0,0,0,0,0,0,0,,,,0,0,0,0,0,0,0,,0,0,0,0,0,0.0,0.0
00-0040749,A.Mukuba,Andrew Mukuba,SAF,DB,"https://static.www.nfl.com/image/upload/f_auto,q_auto/league/uis1nibeesqlsasmw2km",2025,1,REG,PHI,DAL,0,0,0,0,0,0,0,0,0,0,0,0,,,0,,0,0,0,0,0,0,,0,0,0,0,0,0,0,0,0,0,,0,,0.0,0.0,0.0,0,2,1,1,0,0,0,0.0,0.0,0,0,0,0,0,0,0,0,0,0,0,0,0,0,0,0,0,0,0,0,0,0,0,,,0,0,0,0,0,0,0,0,0,0,0,0,,,,0,0,0,0,0,0,0,,0,0,0,0,0,0.0,0.0
00-0029008,C.Hughlett,Charley Hughlett,LS,SPEC,"https://static.www.nfl.com/image/upload/f_auto,q_auto/league/cowm2qllr7vpyktisnln",2025,2,REG,PHI,KC,0,0,0,0,0,0,0,0,0,0,0,0,,,0,,0,0,0,0,0,0,,0,0,0,0,0,0,0,0,0,0,,0,,0.0,0.0,0.0,0,0,0,0,0,0,0,0.0,0.0,0,0,0,0,0,0,0,0,0,0,0,0,0,1,4,0,0,0,0,0,0,0,0,,,0,0,0,0,0,0,0,0,0,0,0,0,,,,0,0,0,0,0,0,0,,0,0,0,0,0,0.0,0.0
00-0030561,L.Johnson,Lane Johnson,OT,OL,"https://static.www.nfl.com/image/upload/f_auto,q_auto/league/ukibsn5yxozyzompfbxm",2025,2,REG,PHI,KC,0,0,0,0,0,0,0,0,0,0,0,0,,,0,,0,0,0,0,0,0,,0,0,0,0,0,0,0,0,0,0,,0,,0.0,0.0,0.0,0,0,0,0,0,0,0,0.0,0.0,0,0,0,0,0,0,0,0,0,0,0,0,0,1,5,0,0,0,0,0,0,0,0,,,0,0,0,0,0,0,0,0,0,0,0,0,,,,0,0,0,0,0,0,0,,0,0,0,0,0,0.0,0.0
00-0031576,Z.Smith,Za'Darius Smith,DE,DL,"https://static.www.nfl.com/image/upload/f_auto,q_auto/league/l5t51lcflhhfvxhr1sx3",2025,2,REG,PHI,KC,0,0,0,0,0,0,0,0,0,0,0,0,,,0,,0,0,0,0,0,0,,0,0,0,0,0,0,0,0,0,0,,0,,0.0,0.0,0.0,0,2,0,2,1,2,0,0.5,5.5,1,0,0,0,0,0,0,0,0,0,0,0,0,0,0,0,0,0,0,0,0,0,0,,,0,0,0,0,0,0,0,0,0,0,0,0,,,,0,0,0,0,0,0,0,,0,0,0,0,0,0.0,0.0
00-0033787,J.Elliott,Jake Elliott,K,SPEC,"https://static.www.nfl.com/image/upload/f_auto,q_auto/league/v35j7b3tofdn0kfskdhj",2025,2,REG,PHI,KC,0,0,0,0,0,0,0,0,0,0,0,0,,,0,,0,0,0,0,0,0,,0,0,0,0,0,0,0,0,0,0,,0,,0.0,0.0,0.0,0,0,0,0,0,0,0,0.0,0.0,0,0,0,0,0,0,0,0,0,0,0,0,0,0,0,0,0,0,0,2,2,0,0,58.0,1.0,0,0,0,0,2,0,0,0,0,0,0,0,58;51,,,109,0,0,2,2,0,0,1.0,0,0,0,0,0,0.0,0.0
00-0033878,A.Jackson,Adoree' Jackson,CB,DB,"https://static.www.nfl.com/image/upload/f_auto,q_auto/league/jtskiyzkosuajjatls72",2025,2,REG,PHI,KC,0,0,0,0,0,0,0,0,0,0,0,0,,,0,,0,0,0,0,0,0,,0,0,0,0,0,0,0,0,0,0,,0,,0.0,0.0,0.0,0,1,0,0,0,0,0,0.0,0.0,0,0,0,1,0,0,0,0,0,0,0,0,0,0,0,0,0,0,0,0,0,0,0,,,0,0,0,0,0,0,0,0,0,0,0,0,,,,0,0,0,0,0,0,0,,0,0,0,0,0,0.0,0.0
00-0034844,S.Barkley,Saquon Barkley,RB,RB,"https://static.www.nfl.com/image/upload/f_auto,q_auto/league/ern1nbhivkmwkg82c7v1",2025,2,REG,PHI,KC,0,0,0,0,0,0,0,0,0,0,0,0,,,0,,22,88,1,0,0,3,1.3909095042035915,0,2,2,6,0,0,0,-9,15,0,-0.5736762923188508,0,-0.6666666666666666,0.09523809523809523,-0.05389221556886228,0.10513259195893926,0,0,0,0,0,0,0,0.0,0.0,0,0,0,0,0,0,0,0,0,0,0,0,0,0,0,0,0,0,0,0,0,0,0,,,0,0,0,0,0,0,0,0,0,0,0,0,,,,0,0,0,0,0,0,0,,0,0,0,0,0,15.4,17.4
00-0035676,A.Brown,A.J. Brown,WR,WR,"https://static.www.nfl.com/image/private/f_auto,q_auto/league/a014sgzctarbvhwb35lw",2025,2,REG,PHI,KC,0,0,0,0,0,0,0,0,0,0,0,0,,,0,,0,0,0,0,0,0,,0,5,8,27,0,0,0,59,5,1,-2.2731581077096052,0,0.4576271186440678,0.38095238095238093,0.3532934131736527,0.8187339606501283,0,0,0,0,0,0,0,0.0,0.0,0,0,0,0,0,0,0,0,0,0,0,0,0,0,0,0,0,0,0,0,0,0,0,,,0,0,0,0,0,0,0,0,0,0,0,0,,,,0,0,0,0,0,0,0,,0,0,0,0,0,2.7,7.7
00-0036159,J.Uche,Joshua Uche,LB,LB,"https://static.www.nfl.com/image/upload/f_auto,q_auto/league/t7ahfah5ks9tispkebd5",2025,2,REG,PHI,KC,0,0,0,0,0,0,0,0,0,0,0,0,,,0,,0,0,0,0,0,0,,0,0,0,0,0,0,0,0,0,0,,0,,0.0,0.0,0.0,0,2,0,2,0,0,0,0.0,0.0,0,0,0,0,0,0,0,0,0,0,0,0,0,0,0,0,0,0,0,0,0,0,0,,,0,0,0,0,0,0,0,0,0,0,0,0,,,,0,0,0,0,0,0,0,,0,0,0,0,0,0.0,0.0
00-0036265,A.Dillon,AJ Dillon,RB,RB,"https://static.www.nfl.com/image/upload/f_auto,q_auto/league/nknt5pckn5mzq9ll660i",2025,2,REG,PHI,KC,0,0,0,0,0,0,0,0,0,0,0,0,,,0,,3,19,0,0,0,1,0.07008174539078027,0,0,0,0,0,0,0,0,0,0,,0,,0.0,0.0,0.0,0,0,0,0,0,0,0,0.0,0.0,0,0,0,0,0,0,0,0,0,0,0,0,0,0,0,0,0,0,0,0,0,0,0,,,0,0,0,0,0,0,0,0,0,0,0,0,,,,0,0,0,0,0,0,0,,0,0,0,0,0,1.9000000000000001,1.9000000000000001
00-0036313,B.Mann,Braden Mann,P,SPEC,"https://static.www.nfl.com/image/upload/f_auto,q_auto/league/eizeojehmxkvvfahj1tk",2025,2,REG,PHI,KC,0,0,0,0,0,0,0,0,0,0,0,0,,,0,,0,0,0,0,0,0,,0,0,0,0,0,0,0,0,0,0,,0,,0.0,0.0,0.0,0,0,0,0,0,0,0,0.0,0.0,0,0,0,0,0,0,0,0,0,0,0,0,0,0,0,0,0,0,0,0,0,0,0,,,0,0,0,0,0,0,0,0,0,0,0,0,,,,0,0,0,0,0,0,0,,0,0,0,0,0,0.0,0.0
00-0036389,J.Hurts,Jalen Hurts,QB,QB,"https://static.www.nfl.com/image/upload/f_auto,q_auto/league/c47i9v6gmokkun9cat9s",2025,2,REG,PHI,KC,15,22,101,0,0,2,-7,1,0,167,54,4,-4.85998605615568,4.396389211927142,0,0.6047904191616766,9,15,1,0,0,5,0.9748168520163745,0,0,0,0,0,0,0,0,0,0,,0,,0.0,0.0,0.0,0,0,0,0,0,0,0,0.0,0.0,0,0,0,0,0,0,0,0,0,0,0,0,0,0,0,0,0,0,0,0,0,0,0,,,0,0,0,0,0,0,0,0,0,0,0,0,,,,0,0,0,0,0,0,0,,0,0,0,0,0,11.54,11.54
00-0036418,Z.Baun,Zack Baun,LB,LB,"https://static.www.nfl.com/image/upload/f_auto,q_auto/league/lxfptgyjuuwmvxrwr3m4",2025,2,REG,PHI,KC,0,0,0,0,0,0,0,0,0,0,0,0,,,0,,0,0,0,0,0,0,,0,0,0,0,0,0,0,0,0,0,,0,,0.0,0.0,0.0,0,5,0,1,0,0,0,0.0,0.0,1,0,0,0,0,0,0,0,0,0,0,0,0,0,0,0,0,0,0,0,0,0,0,,,0,0,0,0,0,0,0,0,0,0,0,0,,,,0,0,0,0,0,0,0,,0,0,0,0,0,0.0,0.0
00-0036876,K.Granson,Kylen Granson,TE,TE,"https://static.www.nfl.com/image/upload/f_auto,q_auto/league/ysbxmdw4da30q3kjb571",2025,2,REG,PHI,KC,0,0,0,0,0,0,0,0,0,0,0,0,,,0,,0,0,0,0,0,0,,0,1,1,5,0,0,0,3,2,1,0.41526665003038943,0,1.6666666666666667,0.047619047619047616,0.017964071856287425,0.08400342172797262,0,2,0,1,0,0,0,0.0,0.0,0,0,0,0,0,0,0,0,0,0,0,0,0,0,0,0,0,0,0,0,0,0,0,,,0,0,0,0,0,0,0,0,0,0,0,0,,,,0,0,0,0,0,0,0,,0,0,0,0,0,0.5,1.5
00-0036912,D.Smith,DeVonta Smith,WR,WR,"https://static.www.nfl.com/image/upload/f_auto,q_auto/league/vj2fz8veorg1k5qthnjm",2025,2,REG,PHI,KC,0,0,0,0,0,0,0,0,0,0,0,0,,,0,,0,0,0,0,0,0,,0,4,6,53,0,0,0,104,19,2,2.5459028349247137,0,0.5096153846153846,0.2857142857142857,0.6227544910179641,0.8644995722840034,0,0,0,0,0,0,0,0.0,0.0,0,0,0,0,0,0,0,0,0,0,0,0,0,0,0,0,0,0,0,0,0,0,0,,,0,0,0,0,0,0,0,0,0,0,0,0,,,,0,0,0,0,0,0,0,,0,0,0,0,0,5.300000000000001,9.3
00-0037002,L.Dickerson,Landon Dickerson,G,OL,"https://static.www.nfl.com/image/upload/f_auto,q_auto/league/xmdowvfxum5huo9ahemm",2025,2,REG,PHI,KC,0,0,0,0,0,0,0,0,0,0,0,0,,,0,,0,0,0,0,0,0,,0,0,0,0,0,0,0,0,0,0,,0,,0.0,0.0,0.0,0,0,0,0,0,0,0,0.0,0.0,0,0,0,0,0,0,0,0,0,0,0,0,0,1,5,0,0,0,0,0,0,0,0,,,0,0,0,0,0,0,0,0,0,0,0,0,,,,0,0,0,0,0,0,0,,0,0,0,0,0,0.0,0.0
00-0037073,J.Davis,Jordan Davis,DT,DL,"https://static.www.nfl.com/image/upload/f_auto,q_auto/league/tcepyh61e1ct4vhdeaer",2025,2,REG,PHI,KC,0,0,0,0,0,0,0,0,0,0,0,0,,,0,,0,0,0,0,0,0,,0,0,0,0,0,0,0,0,0,0,,0,,0.0,0.0,0.0,0,3,0,2,0,0,0,0.0,0.0,0,0,0,2,0,0,0,0,0,0,0,0,0,0,0,0,0,0,0,0,0,0,0,,,0,0,0,0,0,0,0,0,0,0,0,0,,,,0,0,0,0,0,0,0,,0,0,0,0,0,0.0,0.0
00-0037086,G.Calcaterra,Grant Calcaterra,TE,TE,"https://static.www.nfl.com/image/upload/f_auto,q_auto/league/xzfqqlmavruytirlmg3n",2025,2,REG,PHI,KC,0,0,0,0,0,0,0,0,0,0,0,0,,,0,,0,0,0,0,0,0,,0,1,2,6,0,0,0,9,0,0,-1.5280253440141678,0,0.6666666666666666,0.09523809523809523,0.05389221556886228,0.18058169375534644,0,0,0,0,0,0,0,0.0,0.0,0,0,0,0,0,0,0,0,1,1,0,0,0,0,0,0,0,0,0,0,0,0,0,,,0,0,0,0,0,0,0,0,0,0,0,0,,,,0,0,0,0,0,0,0,,0,0,0,0,0,0.6000000000000001,1.6
00-0037130,R.Blankenship,Reed Blankenship,SAF,DB,"https://static.www.nfl.com/image/upload/f_auto,q_auto/league/fot7g8gs7nv4ecavlisf",2025,2,REG,PHI,KC,0,0,0,0,0,0,0,0,0,0,0,0,,,0,,0,0,0,0,0,0,,0,0,0,0,0,0,0,0,0,0,,0,,0.0,0.0,0.0,0,0,0,2,0,0,0,0.0,0.0,0,0,0,0,0,0,0,0,0,0,0,0,0,0,0,0,0,0,0,0,0,0,0,,,0,0,0,0,0,0,0,0,0,0,0,0,,,,0,0,0,0,0,0,0,,0,0,0,0,0,0.0,0.0
00-0037614,J.Metchie,John Metchie III,WR,WR,"https://static.www.nfl.com/image/upload/f_auto,q_auto/league/fxj7cmbatyvsu6bmsblw",2025,2,REG,PHI,KC,0,0,0,0,0,0,0,0,0,0,0,0,,,0,,0,0,0,0,0,0,,0,1,1,0,0,0,0,-3,3,0,-0.7433355553075671,0,0.0,0.047619047619047616,-0.017964071856287425,0.05885372112917023,0,0,0,0,0,0,0,0.0,0.0,0,0,0,0,0,0,0,0,0,0,0,0,0,0,0,0,0,3,69,0,0,0,0,,,0,0,0,0,0,0,0,0,0,0,0,0,,,,0,0,0,0,0,0,0,,0,0,0,0,0,0.0,1.0
00-0037741,J.Dotson,Jahan Dotson,WR,WR,"https://static.www.nfl.com/image/upload/f_auto,q_auto/league/dbtou5ln1kwjutixywie",2025,2,REG,PHI,KC,0,0,0,0,0,0,0,0,0,0,0,0,,,0,,0,0,0,0,0,0,,0,1,1,4,0,0,0,-6,10,0,-0.004040410742163658,0,0.0,0.047619047619047616,-0.03592814371257485,0.04627887082976903,0,0,0,0,0,0,0,0.0,0.0,0,0,0,0,0,0,0,0,0,0,0,0,0,0,0,1,14,0,0,0,0,0,0,,,0,0,0,0,0,0,0,0,0,0,0,0,,,,0,0,0,0,0,0,0,,0,0,0,0,0,0.4,1.4
00-0038112,C.Jurgens,Cam Jurgens,C,OL,"https://static.www.nfl.com/image/upload/f_auto,q_auto/league/gksconutf766u40keyxr",2025,2,REG,PHI,KC,0,0,0,0,0,0,0,0,0,0,0,0,,,0,,0,0,0,0,0,0,,0,0,0,0,0,0,0,0,0,0,,0,,0.0,0.0,0.0,0,0,0,0,0,0,0,0.0,0.0,0,0,0,0,0,0,0,0,0,0,0,0,0,1,10,0,0,0,0,0,0,0,0,,,0,0,0,0,0,0,0,0,0,0,0,0,,,,0,0,0,0,0,0,0,,0,0,0,0,0,0.0,0.0
00-0038386,J.Carter,Jalen Carter,DT,DL,"https://static.www.nfl.com/image/upload/f_auto,q_auto/league/dxkrjv1ihimkwj9xahsz",2025,2,REG,PHI,KC,0,0,0,0,0,0,0,0,0,0,0,0,,,0,,0,0,0,0,0,0,,0,0,0,0,0,0,0,0,0,0,,0,,0.0,0.0,0.0,0,0,1,1,1,1,0,0.0,0.0,3,0,0,0,0,0,0,0,0,0,0,0,0,0,0,0,0,0,0,0,0,0,0,,,0,0,0,0,0,0,0,0,0,0,0,0,,,,0,0,0,0,0,0,0,,0,0,0,0,0,0.0,0.0
00-0038412,M.Ojomo,Moro Ojomo,DT,DL,"https://static.www.nfl.com/image/upload/f_auto,q_auto/league/bbiomvn996iwm4ckkzio",2025,2,REG,PHI,KC,0,0,0,0,0,0,0,0,0,0,0,0,,,0,,0,0,0,0,0,0,,0,0,0,0,0,0,0,0,0,0,,0,,0.0,0.0,0.0,0,1,0,1,1,3,0,1.0,3.0,2,0,0,0,0,0,0,0,0,0,0,0,0,0,0,0,0,0,0,0,0,0,0,,,0,0,0,0,0,0,0,0,0,0,0,0,,,,0,0,0,0,0,0,0,,0,0,0,0,0,0.0,0.0
00-0038978,B.Young,Byron Young,DT,DL,"https://static.www.nfl.com/image/upload/f_auto,q_auto/league/zkjuhizs7now7kfwp9s3",2025,2,REG,PHI,KC,0,0,0,0,0,0,0,0,0,0,0,0,,,0,,0,0,0,0,0,0,,0,0,0,0,0,0,0,0,0,0,,0,,0.0,0.0,0.0,0,0,0,1,0,0,0,0.0,0.0,0,0,0,0,0,0,0,0,0,0,0,0,0,0,0,0,0,0,0,0,0,0,0,,,0,0,0,0,0,0,0,0,0,0,0,0,,,,0,0,0,0,0,0,0,,0,0,0,0,0,0.0,0.0
00-0039002,S.Brown,Sydney Brown,SAF,DB,"https://static.www.nfl.com/image/upload/f_auto,q_auto/league/r3cwxtqft79kjy5nvpjm",2025,2,REG,PHI,KC,0,0,0,0,0,0,0,0,0,0,0,0,,,0,,0,0,0,0,0,0,,0,0,0,0,0,0,0,0,0,0,,0,,0.0,0.0,0.0,0,0,0,1,0,0,0,0.0,0.0,0,0,0,0,0,0,0,0,0,0,0,0,0,1,9,0,0,0,0,0,0,0,0,,,0,0,0,0,0,0,0,0,0,0,0,0,,,,0,0,0,0,0,0,0,,0,0,0,0,0,0.0,0.0
00-0039013,N.Smith,Nolan Smith,LB,LB,"https://static.www.nfl.com/image/upload/f_auto,q_auto/league/mutic3dzmrlfruwqlgcb",2025,2,REG,PHI,KC,0,0,0,0,0,0,0,0,0,0,0,0,,,0,,0,0,0,0,0,0,,0,0,0,0,0,0,0,0,0,0,,0,,0.0,0.0,0.0,0,0,0,3,0,0,1,0.0,0.0,0,0,0,0,0,0,0,0,0,0,0,0,0,0,0,0,0,0,0,0,0,0,0,,,0,0,0,0,0,0,0,0,0,0,0,0,,,,0,0,0,0,0,0,0,,0,0,0,0,0,0.0,0.0
00-0039140,K.Ringo,Kelee Ringo,CB,DB,"https://static.www.nfl.com/image/upload/f_auto,q_auto/league/ly44wusmozddh3mx9jqv",2025,2,REG,PHI,KC,0,0,0,0,0,0,0,0,0,0,0,0,,,0,,0,0,0,0,0,0,,0,0,0,0,0,0,0,0,0,0,,0,,0.0,0.0,0.0,0,1,0,1,0,0,0,0.0,0.0,0,0,0,0,0,0,0,0,0,0,0,0,0,0,0,0,0,0,0,0,0,0,0,,,0,0,0,0,0,0,0,0,0,0,0,0,,,,0,0,0,0,0,0,0,,0,0,0,0,0,0.0,0.0
00-0039740,J.Hunt,Jalyx Hunt,LB,LB,"https://static.www.nfl.com/image/upload/f_auto,q_auto/league/cg8yroxxd3znnkt894rm",2025,2,REG,PHI,KC,0,0,0,0,0,0,0,0,0,0,0,0,,,0,,0,0,0,0,0,0,,0,0,0,0,0,0,0,0,0,0,,0,,0.0,0.0,0.0,0,0,0,0,0,0,0,0.0,0.0,1,0,0,0,0,0,0,0,0,0,0,0,0,0,0,0,0,0,0,0,0,0,0,,,0,0,0,0,0,0,0,0,0,0,0,0,,,,0,0,0,0,0,0,0,,0,0,0,0,0,0.0,0.0
00-0039826,J.Trotter,Jeremiah Trotter Jr.,LB,LB,"https://static.www.nfl.com/image/upload/f_auto,q_auto/league/fbgpf6iqljasd4h1miw2",2025,2,REG,PHI,KC,0,0,0,0,0,0,0,0,0,0,0,0,,,0,,0,0,0,0,0,0,,0,0,0,0,0,0,0,0,0,0,,0,,0.0,0.0,0.0,0,1,0,0,0,0,0,0.0,0.0,0,0,0,0,0,0,0,0,0,0,0,0,0,0,0,0,0,0,0,0,0,0,0,,,0,0,0,0,0,0,0,0,0,0,0,0,,,,0,0,0,0,0,0,0,,0,0,0,0,0,0.0,0.0
00-0039841,C.DeJean,Cooper DeJean,CB,DB,"https://static.www.nfl.com/image/upload/f_auto,q_auto/league/meqy50bhzwvghrwbtjg5",2025,2,REG,PHI,KC,0,0,0,0,0,0,0,0,0,0,0,0,,,0,,0,0,0,0,0,0,,0,0,0,0,0,0,0,0,0,0,,0,,0.0,0.0,0.0,0,5,1,2,0,0,0,0.0,0.0,0,0,0,0,0,0,0,0,0,0,0,0,0,0,0,0,0,0,0,0,0,0,0,,,0,0,0,0,0,0,0,0,0,0,0,0,,,,0,0,0,0,0,0,0,,0,0,0,0,0,0.0,0.0
00-0039888,Q.Mitchell,Quinyon Mitchell,CB,DB,"https://static.www.nfl.com/image/upload/f_auto,q_auto/league/kkniksj5urk8jm7pzd1f",2025,2,REG,PHI,KC,0,0,0,0,0,0,0,0,0,0,0,0,,,0,,0,0,0,0,0,0,,0,0,0,0,0,0,0,0,0,0,,0,,0.0,0.0,0.0,0,3,0,0,0,0,0,0.0,0.0,0,0,0,0,0,0,0,0,0,0,0,0,0,0,0,0,0,0,0,0,0,0,0,,,0,0,0,0,0,0,0,0,0,0,0,0,,,,0,0,0,0,0,0,0,,0,0,0,0,0,0.0,0.0
00-0040708,J.Campbell,Jihaad Campbell,LB,LB,"https://static.www.nfl.com/image/upload/f_auto,q_auto/league/vjdpuldnh2hhbqjszrx2",2025,2,REG,PHI,KC,0,0,0,0,0,0,0,0,0,0,0,0,,,0,,0,0,0,0,0,0,,0,0,0,0,0,0,0,0,0,0,,0,,0.0,0.0,0.0,0,5,0,2,0,0,0,0.0,0.0,1,0,0,0,0,0,0,0,0,0,0,0,0,1,15,0,0,0,0,0,0,0,0,,,0,0,0,0,0,0,0,0,0,0,0,0,,,,0,0,0,0,0,0,0,,0,0,0,0,0,0.0,0.0
00-0040749,A.Mukuba,Andrew Mukuba,SAF,DB,"https://static.www.nfl.com/image/upload/f_auto,q_auto/league/uis1nibeesqlsasmw2km",2025,2,REG,PHI,KC,0,0,0,0,0,0,0,0,0,0,0,0,,,0,,0,0,0,0,0,0,,0,0,0,0,0,0,0,0,0,0,,0,,0.0,0.0,0.0,0,4,1,1,1,1,0,0.5,5.5,1,1,41,1,0,0,0,0,0,0,0,0,0,0,0,0,0,0,0,0,0,0,0,,,0,0,0,0,0,0,0,0,0,0,0,0,,,,0,0,0,0,0,0,0,,0,0,0,0,0,0.0,0.0
00-0033787,J.Elliott,Jake Elliott,K,SPEC,"https://static.www.nfl.com/image/upload/f_auto,q_auto/league/v35j7b3tofdn0kfskdhj",2025,3,REG,PHI,LA,0,0,0,0,0,0,0,0,0,0,0,0,,,0,,0,0,0,0,0,0,,0,0,0,0,0,0,0,0,0,0,,0,,0.0,0.0,0.0,0,0,0,0,0,0,0,0.0,0.0,0,0,0,0,0,0,0,0,0,0,0,0,0,0,0,0,0,0,0,0,0,0,0,,,0,0,0,0,0,0,0,0,0,0,0,0,,,,0,0,0,3,3,0,0,1.0,0,0,0,0,0,0.0,0.0
00-0033878,A.Jackson,Adoree' Jackson,CB,DB,"https://static.www.nfl.com/image/upload/f_auto,q_auto/league/jtskiyzkosuajjatls72",2025,3,REG,PHI,LA,0,0,0,0,0,0,0,0,0,0,0,0,,,0,,0,0,0,0,0,0,,0,0,0,0,0,0,0,0,0,0,,0,,0.0,0.0,0.0,0,3,0,2,0,0,0,0.0,0.0,0,0,0,0,0,0,0,0,0,0,0,0,0,0,0,0,0,0,0,0,0,0,0,,,0,0,0,0,0,0,0,0,0,0,0,0,,,,0,0,0,0,0,0,0,,0,0,0,0,0,0.0,0.0
00-0034351,D.Goedert,Dallas Goedert,TE,TE,"https://static.www.nfl.com/image/upload/f_auto,q_auto/league/a6ljhwvkehvyiufdx3d1",2025,3,REG,PHI,LA,0,0,0,0,0,0,0,0,0,0,0,0,,,0,,0,0,0,0,0,0,,0,1,2,33,1,0,0,30,9,1,2.4446980357170105,0,1.1,0.06666666666666667,0.10948905109489052,0.17664233576642335,0,0,0,0,0,0,0,0.0,0.0,0,0,0,0,0,0,0,0,0,0,0,0,0,0,0,0,0,0,0,0,0,0,0,,,0,0,0,0,0,0,0,0,0,0,0,0,,,,0,0,0,0,0,0,0,,0,0,0,0,0,9.3,10.3
00-0034844,S.Barkley,Saquon Barkley,RB,RB,"https://static.www.nfl.com/image/upload/f_auto,q_auto/league/ern1nbhivkmwkg82c7v1",2025,3,REG,PHI,LA,0,0,0,0,0,0,0,0,0,0,0,0,,,0,,18,46,0,0,0,3,-4.703516685578506,0,4,5,9,0,0,0,-2,9,0,-2.5350339899305254,0,-4.5,0.16666666666666666,-0.0072992700729927005,0.2448905109489051,0,0,0,0,0,0,0,0.0,0.0,0,0,0,0,0,0,0,0,0,0,0,0,0,0,0,0,0,0,0,0,0,0,0,,,0,0,0,0,0,0,0,0,0,0,0,0,,,,0,0,0,0,0,0,0,,0,0,0,0,0,5.5,9.5
00-0034993,M.Epps,Marcus Epps,SAF,DB,"https://static.www.nfl.com/image/upload/f_auto,q_auto/league/buqwodgcsy5ndrrxtpga",2025,3,REG,PHI,LA,0,0,0,0,0,0,0,0,0,0,0,0,,,0,,0,0,0,0,0,0,,0,0,0,0,0,0,0,0,0,0,,0,,0.0,0.0,0.0,0,1,0,0,0,0,0,0.0,0.0,0,0,0,0,0,0,0,0,0,0,0,0,0,0,0,0,0,0,0,0,0,0,0,,,0,0,0,0,0,0,0,0,0,0,0,0,,,,0,0,0,0,0,0,0,,0,0,0,0,0,0.0,0.0
00-0035676,A.Brown,A.J. Brown,WR,WR,"https://static.www.nfl.com/image/private/f_auto,q_auto/league/a014sgzctarbvhwb35lw",2025,3,REG,PHI,LA,0,0,0,0,0,0,0,0,0,0,0,0,,,0,,0,0,0,0,0,0,,0,6,10,109,1,0,0,120,33,4,5.984957258333452,0,0.9083333333333333,0.3333333333333333,0.43795620437956206,0.8065693430656935,0,0,0,0,0,0,0,0.0,0.0,0,0,0,0,0,0,0,0,0,0,0,0,0,1,6,0,0,0,0,0,0,0,0,,,0,0,0,0,0,0,0,0,0,0,0,0,,,,0,0,0,0,0,0,0,,0,0,0,0,0,16.9,22.9
00-0036159,J.Uche,Joshua Uche,LB,LB,"https://static.www.nfl.com/image/upload/f_auto,q_auto/league/t7ahfah5ks9tispkebd5",2025,3,REG,PHI,LA,0,0,0,0,0,0,0,0,0,0,0,0,,,0,,0,0,0,0,0,0,,0,0,0,0,0,0,0,0,0,0,,0,,0.0,0.0,0.0,0,1,0,0,0,0,0,0.0,0.0,0,0,0,0,0,0,0,0,0,0,0,0,0,0,0,0,0,0,0,0,0,0,0,,,0,0,0,0,0,0,0,0,0,0,0,0,,,,0,0,0,0,0,0,0,,0,0,0,0,0,0.0,0.0
00-0036313,B.Mann,Braden Mann,P,SPEC,"https://static.www.nfl.com/image/upload/f_auto,q_auto/league/eizeojehmxkvvfahj1tk",2025,3,REG,PHI,LA,0,0,0,0,0,0,0,0,0,0,0,0,,,0,,0,0,0,0,0,0,,0,0,0,0,0,0,0,0,0,0,,0,,0.0,0.0,0.0,0,0,0,0,0,0,0,0.0,0.0,0,0,0,0,0,0,0,0,0,0,0,0,0,0,0,0,0,0,0,0,0,0,0,,,0,0,0,0,0,0,0,0,0,0,0,0,,,,0,0,0,0,0,0,0,,0,0,0,0,0,0.0,0.0
00-0036389,J.Hurts,Jalen Hurts,QB,QB,"https://static.www.nfl.com/image/upload/f_auto,q_auto/league/c47i9v6gmokkun9cat9s",2025,3,REG,PHI,LA,21,32,226,3,0,4,-24,1,1,274,63,9,-0.21159855952998619,5.956184168656667,0,0.8248175182481752,9,40,1,0,0,5,5.9633792688837275,0,0,0,0,0,0,0,0,0,0,,0,,0.0,0.0,0.0,0,0,0,0,0,0,0,0.0,0.0,0,0,0,0,0,0,0,0,0,0,0,0,0,0,0,0,0,0,0,0,0,0,0,,,0,0,0,0,0,0,0,0,0,0,0,0,,,,0,0,0,0,0,0,0,,0,0,0,0,0,29.04,29.04
00-0036418,Z.Baun,Zack Baun,LB,LB,"https://static.www.nfl.com/image/upload/f_auto,q_auto/league/lxfptgyjuuwmvxrwr3m4",2025,3,REG,PHI,LA,0,0,0,0,0,0,0,0,0,0,0,0,,,0,,0,0,0,0,0,0,,0,0,0,0,0,0,0,0,0,0,,0,,0.0,0.0,0.0,0,3,0,4,0,0,0,0.0,0.0,0,1,0,2,0,0,0,0,0,0,0,0,0,0,0,0,0,0,0,0,0,0,0,,,0,0,0,0,0,0,0,0,0,0,0,0,,,,0,0,0,0,0,0,0,,0,0,0,0,0,0.0,0.0
00-0036876,K.Granson,Kylen Granson,TE,TE,"https://static.www.nfl.com/image/upload/f_auto,q_auto/league/ysbxmdw4da30q3kjb571",2025,3,REG,PHI,LA,0,0,0,0,0,0,0,0,0,0,0,0,,,0,,0,0,0,0,0,0,,0,0,0,0,0,0,0,0,0,0,,0,,0.0,0.0,0.0,0,0,0,1,0,0,0,0.0,0.0,0,0,0,0,0,0,0,0,0,0,0,0,0,0,0,0,0,0,0,0,0,0,0,,,0,0,0,0,0,0,0,0,0,0,0,0,,,,0,0,0,0,0,0,0,,0,0,0,0,0,0.0,0.0
00-0036912,D.Smith,DeVonta Smith,WR,WR,"https://static.www.nfl.com/image/upload/f_auto,q_auto/league/vj2fz8veorg1k5qthnjm",2025,3,REG,PHI,LA,0,0,0,0,0,0,0,0,0,0,0,0,,,0,,0,0,0,0,0,0,,0,8,9,60,1,0,0,68,6,3,6.9810533082201145,0,0.8823529411764706,0.3,0.24817518248175183,0.6237226277372262,0,0,0,0,0,0,0,0.0,0.0,0,0,0,0,0,0,0,0,0,0,0,0,0,0,0,0,0,0,0,0,0,0,0,,,0,0,0,0,0,0,0,0,0,0,0,0,,,,0,0,0,0,0,0,0,,0,0,0,0,0,12.0,20.0
00-0037002,L.Dickerson,Landon Dickerson,G,OL,"https://static.www.nfl.com/image/upload/f_auto,q_auto/league/xmdowvfxum5huo9ahemm",2025,3,REG,PHI,LA,0,0,0,0,0,0,0,0,0,0,0,0,,,0,,0,0,0,0,0,0,,0,0,0,0,0,0,0,0,0,0,,0,,0.0,0.0,0.0,0,0,0,0,0,0,0,0.0,0.0,0,0,0,0,0,0,0,0,0,0,0,0,0,1,10,0,0,0,0,0,0,0,0,,,0,0,0,0,0,0,0,0,0,0,0,0,,,,0,0,0,0,0,0,0,,0,0,0,0,0,0.0,0.0
00-0037073,J.Davis,Jordan Davis,DT,DL,"https://static.www.nfl.com/image/upload/f_auto,q_auto/league/tcepyh61e1ct4vhdeaer",2025,3,REG,PHI,LA,0,0,0,0,0,0,0,0,0,0,0,0,,,0,,0,0,0,0,0,0,,0,0,0,0,0,0,0,0,0,0,,0,,0.0,0.0,0.0,1,3,1,1,1,1,0,1.0,0.0,1,0,0,0,0,0,0,61,0,0,0,0,0,0,0,0,0,0,0,0,0,0,0,,,0,0,0,0,0,0,0,0,0,0,0,0,,,,0,0,0,0,0,0,0,,0,0,0,0,0,6.0,6.0
00-0037086,G.Calcaterra,Grant Calcaterra,TE,TE,"https://static.www.nfl.com/image/upload/f_auto,q_auto/league/xzfqqlmavruytirlmg3n",2025,3,REG,PHI,LA,0,0,0,0,0,0,0,0,0,0,0,0,,,0,,0,0,0,0,0,0,,0,0,0,0,0,0,0,0,0,0,,0,,0.0,0.0,0.0,0,1,0,0,0,0,0,0.0,0.0,0,0,0,0,0,0,0,0,0,0,0,0,0,0,0,0,0,0,0,0,0,0,0,,,0,0,0,0,0,0,0,0,0,0,0,0,,,,0,0,0,0,0,0,0,,0,0,0,0,0,0.0,0.0
00-0037130,R.Blankenship,Reed Blankenship,SAF,DB,"https://static.www.nfl.com/image/upload/f_auto,q_auto/league/fot7g8gs7nv4ecavlisf",2025,3,REG,PHI,LA,0,0,0,0,0,0,0,0,0,0,0,0,,,0,,0,0,0,0,0,0,,0,0,0,0,0,0,0,0,0,0,,0,,0.0,0.0,0.0,0,2,0,2,0,0,0,0.0,0.0,0,0,0,1,0,0,0,0,0,0,0,0,0,0,0,0,0,0,0,0,0,0,0,,,0,0,0,0,0,0,0,0,0,0,0,0,,,,0,0,0,0,0,0,0,,0,0,0,0,0,0.0,0.0
00-0037614,J.Metchie,John Metchie III,WR,WR,"https://static.www.nfl.com/image/upload/f_auto,q_auto/league/fxj7cmbatyvsu6bmsblw",2025,3,REG,PHI,LA,0,0,0,0,0,0,0,0,0,0,0,0,,,0,,0,0,0,0,0,0,,0,1,1,8,0,0,0,4,4,1,0.33131108700763434,0,2.0,0.03333333333333333,0.014598540145985401,0.060218978102189784,0,0,0,0,0,0,0,0.0,0.0,0,0,0,0,0,0,0,0,0,0,0,0,0,0,0,0,0,3,31,0,0,0,0,,,0,0,0,0,0,0,0,0,0,0,0,0,,,,0,0,0,0,0,0,0,,0,0,0,0,0,0.8,1.8
00-0037741,J.Dotson,Jahan Dotson,WR,WR,"https://static.www.nfl.com/image/upload/f_auto,q_auto/league/dbtou5ln1kwjutixywie",2025,3,REG,PHI,LA,0,0,0,0,0,0,0,0,0,0,0,0,,,0,,0,0,0,0,0,0,,0,1,3,7,0,0,0,37,2,0,-1.6268549761734903,0,0.1891891891891892,0.1,0.13503649635036497,0.2445255474452555,0,0,0,0,0,0,0,0.0,0.0,0,0,0,0,0,0,0,0,0,0,0,0,0,0,0,0,0,0,0,0,0,0,0,,,0,0,0,0,0,0,0,0,0,0,0,0,,,,0,0,0,0,0,0,0,,0,0,0,0,0,0.7000000000000001,1.7000000000000002
00-0038386,J.Carter,Jalen Carter,DT,DL,"https://static.www.nfl.com/image/upload/f_auto,q_auto/league/dxkrjv1ihimkwj9xahsz",2025,3,REG,PHI,LA,0,0,0,0,0,0,0,0,0,0,0,0,,,0,,0,0,0,0,0,0,,0,0,0,0,0,0,0,0,0,0,,0,,0.0,0.0,0.0,0,0,0,3,0,0,0,0.0,0.0,2,0,0,0,0,0,0,0,0,0,0,0,0,1,9,0,0,0,0,0,0,0,0,,,0,0,0,0,0,0,0,0,0,0,0,0,,,,0,0,0,0,0,0,0,,0,0,0,0,0,0.0,0.0
00-0038412,M.Ojomo,Moro Ojomo,DT,DL,"https://static.www.nfl.com/image/upload/f_auto,q_auto/league/bbiomvn996iwm4ckkzio",2025,3,REG,PHI,LA,0,0,0,0,0,0,0,0,0,0,0,0,,,0,,0,0,0,0,0,0,,0,0,0,0,0,0,0,0,0,0,,0,,0.0,0.0,0.0,0,1,0,1,0,0,0,0.0,0.0,0,0,0,0,0,0,0,0,0,0,0,0,0,0,0,0,0,0,0,0,0,0,0,,,0,0,0,0,0,0,0,0,0,0,0,0,,,,0,0,0,0,0,0,0,,0,0,0,0,0,0.0,0.0
00-0038555,T.Bigsby,Tank Bigsby,RB,RB,"https://static.www.nfl.com/image/upload/f_auto,q_auto/league/pbdmvxgc4qymtkmeegxr",2025,3,REG,PHI,LA,0,0,0,0,0,0,0,0,0,0,0,0,,,0,,0,0,0,0,0,0,,0,0,0,0,0,0,0,0,0,0,,0,,0.0,0.0,0.0,0,1,0,0,0,0,0,0.0,0.0,0,0,0,0,0,0,0,0,0,0,0,0,0,0,0,0,0,2,24,0,0,0,0,,,0,0,0,0,0,0,0,0,0,0,0,0,,,,0,0,0,0,0,0,0,,0,0,0,0,0,0.0,0.0
00-0038978,B.Young,Byron Young,DT,DL,"https://static.www.nfl.com/image/upload/f_auto,q_auto/league/zkjuhizs7now7kfwp9s3",2025,3,REG,PHI,LA,0,0,0,0,0,0,0,0,0,0,0,0,,,0,,0,0,0,0,0,0,,0,0,0,0,0,0,0,0,0,0,,0,,0.0,0.0,0.0,0,0,0,1,0,0,0,0.0,0.0,1,0,0,0,0,0,0,0,0,0,0,0,0,0,0,0,0,0,0,0,0,0,0,,,0,0,0,0,0,0,0,0,0,0,0,0,,,,0,0,0,0,0,0,0,,0,0,0,0,0,0.0,0.0
00-0039002,S.Brown,Sydney Brown,SAF,DB,"https://static.www.nfl.com/image/upload/f_auto,q_auto/league/r3cwxtqft79kjy5nvpjm",2025,3,REG,PHI,LA,0,0,0,0,0,0,0,0,0,0,0,0,,,0,,0,0,0,0,0,0,,0,0,0,0,0,0,0,0,0,0,,0,,0.0,0.0,0.0,0,1,0,2,0,0,0,0.0,0.0,0,0,0,0,0,0,0,0,0,0,0,0,0,0,0,0,0,0,0,0,0,0,0,,,0,0,0,0,0,0,0,0,0,0,0,0,,,,0,0,0,0,0,0,0,,0,0,0,0,0,0.0,0.0
00-0039013,N.Smith,Nolan Smith,LB,LB,"https://static.www.nfl.com/image/upload/f_auto,q_auto/league/mutic3dzmrlfruwqlgcb",2025,3,REG,PHI,LA,0,0,0,0,0,0,0,0,0,0,0,0,,,0,,0,0,0,0,0,0,,0,0,0,0,0,0,0,0,0,0,,0,,0.0,0.0,0.0,0,3,0,0,0,0,0,0.0,0.0,1,0,0,0,0,0,0,0,0,0,0,0,0,0,0,0,0,0,0,0,0,0,0,,,0,0,0,0,0,0,0,0,0,0,0,0,,,,0,0,0,0,0,0,0,,0,0,0,0,0,0.0,0.0
00-0039072,J.Bennett,Jakorian Bennett,CB,DB,"https://static.www.nfl.com/image/upload/f_auto,q_auto/league/faleietqfsmpnhibdhad",2025,3,REG,PHI,LA,0,0,0,0,0,0,0,0,0,0,0,0,,,0,,0,0,0,0,0,0,,0,0,0,0,0,0,0,0,0,0,,0,,0.0,0.0,0.0,0,2,1,0,0,0,0,0.0,0.0,0,0,0,1,0,0,0,0,0,0,0,0,0,0,0,0,0,0,0,0,0,0,0,,,0,0,0,0,0,0,0,0,0,0,0,0,,,,0,0,0,0,0,0,0,,0,0,0,0,0,0.0,0.0
00-0039140,K.Ringo,Kelee Ringo,CB,DB,"https://static.www.nfl.com/image/upload/f_auto,q_auto/league/ly44wusmozddh3mx9jqv",2025,3,REG,PHI,LA,0,0,0,0,0,0,0,0,0,0,0,0,,,0,,0,0,0,0,0,0,,0,0,0,0,0,0,0,0,0,0,,0,,0.0,0.0,0.0,0,1,0,1,0,0,0,0.0,0.0,0,0,0,0,0,0,0,0,0,0,0,0,0,0,0,0,0,0,0,0,0,0,0,,,0,0,0,0,0,0,0,0,0,0,0,0,,,,0,0,0,0,0,0,0,,0,0,0,0,0,0.0,0.0
00-0039740,J.Hunt,Jalyx Hunt,LB,LB,"https://static.www.nfl.com/image/upload/f_auto,q_auto/league/cg8yroxxd3znnkt894rm",2025,3,REG,PHI,LA,0,0,0,0,0,0,0,0,0,0,0,0,,,0,,0,0,0,0,0,0,,0,0,0,0,0,0,0,0,0,0,,0,,0.0,0.0,0.0,0,0,0,2,0,0,0,0.0,0.0,2,0,0,0,0,0,0,0,0,0,0,0,0,0,0,0,0,0,0,0,0,0,0,,,0,0,0,0,0,0,0,0,0,0,0,0,,,,0,0,0,0,0,0,0,,0,0,0,0,0,0.0,0.0
00-0039826,J.Trotter,Jeremiah Trotter Jr.,LB,LB,"https://static.www.nfl.com/image/upload/f_auto,q_auto/league/fbgpf6iqljasd4h1miw2",2025,3,REG,PHI,LA,0,0,0,0,0,0,0,0,0,0,0,0,,,0,,0,0,0,0,0,0,,0,0,0,0,0,0,0,0,0,0,,0,,0.0,0.0,0.0,0,3,0,1,0,0,0,0.0,0.0,0,0,0,0,0,0,0,0,0,0,0,0,0,1,8,0,0,0,0,0,0,0,0,,,0,0,0,0,0,0,0,0,0,0,0,0,,,,0,0,0,0,0,0,0,,0,0,0,0,0,0.0,0.0
00-0039841,C.DeJean,Cooper DeJean,CB,DB,"https://static.www.nfl.com/image/upload/f_auto,q_auto/league/meqy50bhzwvghrwbtjg5",2025,3,REG,PHI,LA,0,0,0,0,0,0,0,0,0,0,0,0,,,0,,0,0,0,0,0,0,,0,0,0,0,0,0,0,0,0,0,,0,,0.0,0.0,0.0,0,5,0,4,1,2,0,0.0,0.0,0,0,0,0,0,0,0,0,0,0,0,0,0,0,0,0,0,0,0,0,0,0,0,,,0,0,0,0,0,0,0,0,0,0,0,0,,,,0,0,0,0,0,0,0,,0,0,0,0,0,0.0,0.0
00-0039888,Q.Mitchell,Quinyon Mitchell,CB,DB,"https://static.www.nfl.com/image/upload/f_auto,q_auto/league/kkniksj5urk8jm7pzd1f",2025,3,REG,PHI,LA,0,0,0,0,0,0,0,0,0,0,0,0,,,0,,0,0,0,0,0,0,,0,0,0,0,0,0,0,0,0,0,,0,,0.0,0.0,0.0,0,4,0,1,0,0,0,0.0,0.0,0,0,0,0,0,0,0,0,0,0,0,0,0,1,17,0,0,0,0,0,0,0,0,,,0,0,0,0,0,0,0,0,0,0,0,0,,,,0,0,0,0,0,0,0,,0,0,0,0,0,0.0,0.0
00-0040708,J.Campbell,Jihaad Campbell,LB,LB,"https://static.www.nfl.com/image/upload/f_auto,q_auto/league/vjdpuldnh2hhbqjszrx2",2025,3,REG,PHI,LA,0,0,0,0,0,0,0,0,0,0,0,0,,,0,,0,0,0,0,0,0,,0,0,0,0,0,0,0,0,0,0,,0,,0.0,0.0,0.0,0,5,0,3,0,0,0,0.0,0.0,0,0,0,0,0,0,0,0,0,0,0,0,0,0,0,0,0,0,0,0,0,0,0,,,0,0,0,0,0,0,0,0,0,0,0,0,,,,0,0,0,0,0,0,0,,0,0,0,0,0,0.0,0.0
00-0040749,A.Mukuba,Andrew Mukuba,SAF,DB,"https://static.www.nfl.com/image/upload/f_auto,q_auto/league/uis1nibeesqlsasmw2km",2025,3,REG,PHI,LA,0,0,0,0,0,0,0,0,0,0,0,0,,,0,,0,0,0,0,0,0,,0,0,0,0,0,0,0,0,0,0,,0,,0.0,0.0,0.0,0,0,0,3,0,0,0,0.0,0.0,0,0,0,0,0,0,0,0,0,0,0,0,0,0,0,0,0,0,0,0,0,0,0,,,0,0,0,0,0,0,0,0,0,0,0,0,,,,0,0,0,0,0,0,0,,0,0,0,0,0,0.0,0.0
