player_id,player_name,player_display_name,position,position_group,headshot_url,season,week,season_type,team,opponent_team,completions,attempts,passing_yards,passing_tds,passing_interceptions,sacks_suffered,sack_yards_lost,sack_fumbles,sack_fumbles_lost,passing_air_yards,passing_yards_after_catch,passing_first_downs,passing_epa,passing_cpoe,passing_2pt_conversions,pacr,carries,rushing_yards,rushing_tds,rushing_fumbles,rushing_fumbles_lost,rushing_first_downs,rushing_epa,rushing_2pt_conversions,receptions,targets,receiving_yards,receiving_tds,receiving_fumbles,receiving_fumbles_lost,receiving_air_yards,receiving_yards_after_catch,receiving_first_downs,receiving_epa,receiving_2pt_conversions,racr,target_share,air_yards_share,wopr,special_teams_tds,def_tackles_solo,def_tackles_with_assist,def_tackle_assists,def_tackles_for_loss,def_tackles_for_loss_yards,def_fumbles_forced,def_sacks,def_sack_yards,def_qb_hits,def_interceptions,def_interception_yards,def_pass_defended,def_tds,def_fumbles,def_safeties,misc_yards,fumble_recovery_own,fumble_recovery_yards_own,fumble_recovery_opp,fumble_recovery_yards_opp,fumble_recovery_tds,penalties,penalty_yards,punt_returns,punt_return_yards,kickoff_returns,kickoff_return_yards,fg_made,fg_att,fg_missed,fg_blocked,fg_long,fg_pct,fg_made_0_19,fg_made_20_29,fg_made_30_39,fg_made_40_49,fg_made_50_59,fg_made_60_,fg_missed_0_19,fg_missed_20_29,fg_missed_30_39,fg_missed_40_49,fg_missed_50_59,fg_missed_60_,fg_made_list,fg_missed_list,fg_blocked_list,fg_made_distance,fg_missed_distance,fg_blocked_distance,pat_made,pat_att,pat_missed,pat_blocked,pat_pct,gwfg_made,gwfg_att,gwfg_missed,gwfg_blocked,gwfg_distance,fantasy_points,fantasy_points_ppr
00-0030565,G.Smith,Geno Smith,QB,QB,"https://static.www.nfl.com/image/upload/f_auto,q_auto/league/tqy0933vz5yogwlefb1s",2025,1,REG,LV,NE,24,34,362,1,1,4,-29,0,0,350,140,17,14.945327814546477,9.620190027988318,0,1.0342857142857143,2,10,0,0,0,1,0.11908065629540943,0,0,0,0,0,0,0,0,0,0,,0,,0.0,0.0,0.0,0,0,0,0,0,0,0,0.0,0.0,0,0,0,0,0,0,0,0,0,0,0,0,0,0,0,0,0,0,0,0,0,0,0,,,0,0,0,0,0,0,0,0,0,0,0,0,,,,0,0,0,0,0,0,0,,0,0,0,0,0,17.48,17.48
00-0032442,E.Roberts,Elandon Roberts,OLB,LB,"https://static.www.nfl.com/image/upload/f_auto,q_auto/league/niydmsknfdiu1zyivwso",2025,1,REG,LV,NE,0,0,0,0,0,0,0,0,0,0,0,0,,,0,,0,0,0,0,0,0,,0,0,0,0,0,0,0,0,0,0,,0,,0.0,0.0,0.0,0,1,0,0,0,0,0,0.0,0.0,0,0,0,0,0,0,0,0,0,0,0,0,0,0,0,0,0,0,0,0,0,0,0,,,0,0,0,0,0,0,0,0,0,0,0,0,,,,0,0,0,0,0,0,0,,0,0,0,0,0,0.0,0.0
00-0033381,A.Butler,Adam Butler,DT,DL,"https://static.www.nfl.com/image/upload/f_auto,q_auto/league/t9cxogz67nugvjyqif73",2025,1,REG,LV,NE,0,0,0,0,0,0,0,0,0,0,0,0,,,0,,0,0,0,0,0,0,,0,0,0,0,0,0,0,0,0,0,,0,,0.0,0.0,0.0,0,0,0,3,0,0,0,0.0,0.0,1,0,0,0,0,0,0,0,0,0,0,0,0,1,5,0,0,0,0,0,0,0,0,,,0,0,0,0,0,0,0,0,0,0,0,0,,,,0,0,0,0,0,0,0,,0,0,0,0,0,0.0,0.0
00-0033872,J.Adams,Jamal Adams,LB,LB,"https://static.www.nfl.com/image/upload/f_auto,q_auto/league/plodzh6kwjvhpo2mf3ie",2025,1,REG,LV,NE,0,0,0,0,0,0,0,0,0,0,0,0,,,0,,0,0,0,0,0,0,,0,0,0,0,0,0,0,0,0,0,,0,,0.0,0.0,0.0,0,2,1,0,0,0,0,0.0,0.0,1,0,0,0,0,0,0,0,0,0,0,0,0,0,0,0,0,0,0,0,0,0,0,,,0,0,0,0,0,0,0,0,0,0,0,0,,,,0,0,0,0,0,0,0,,0,0,0,0,0,0.0,0.0
00-0034161,D.Carlson,Daniel Carlson,K,SPEC,"https://static.www.nfl.com/image/upload/f_auto,q_auto/league/gsvj7rtvqwbwdeho8whf",2025,1,REG,LV,NE,0,0,0,0,0,0,0,0,0,0,0,0,,,0,,0,0,0,0,0,0,,0,0,0,0,0,0,0,0,0,0,,0,,0.0,0.0,0.0,0,0,0,0,0,0,0,0.0,0.0,0,0,0,0,0,0,0,0,0,0,0,0,0,1,0,0,0,0,0,2,3,1,0,51.0,0.6666666666666666,0,0,0,1,1,0,0,0,0,0,1,0,51;40,58,,91,58,0,2,2,0,0,1.0,0,0,0,0,0,0.0,0.0
00-0034960,J.Meyers,Jakobi Meyers,WR,WR,"https://static.www.nfl.com/image/upload/f_auto,q_auto/league/lvtrni5hwbcslky9t1rz",2025,1,REG,LV,NE,0,0,0,0,0,0,0,0,0,0,0,0,,,0,,0,0,0,0,0,0,,0,8,10,97,0,0,0,81,41,5,5.185908793529961,0,1.1975308641975309,0.30303030303030304,0.23142857142857143,0.6165454545454545,0,0,0,0,0,0,0,0.0,0.0,0,0,0,0,0,0,0,0,0,0,0,0,0,0,0,0,0,0,0,0,0,0,0,,,0,0,0,0,0,0,0,0,0,0,0,0,,,,0,0,0,0,0,0,0,,0,0,0,0,0,9.700000000000001,17.700000000000003
00-0034973,M.Crosby,Maxx Crosby,DE,DL,"https://static.www.nfl.com/image/upload/f_auto,q_auto/league/eradjc0noknlab2smu1e",2025,1,REG,LV,NE,0,0,0,0,0,0,0,0,0,0,0,0,,,0,,0,0,0,0,0,0,,0,0,0,0,0,0,0,0,0,0,,0,,0.0,0.0,0.0,0,1,0,1,1,1,0,1.0,1.0,2,0,0,1,0,0,0,0,0,0,0,0,0,0,0,0,0,0,0,0,0,0,0,,,0,0,0,0,0,0,0,0,0,0,0,0,,,,0,0,0,0,0,0,0,,0,0,0,0,0,0.0,0.0
00-0035190,A.Cole,AJ Cole,P,SPEC,"https://static.www.nfl.com/image/upload/f_auto,q_auto/league/t6ah2u0wptbb8n22tehr",2025,1,REG,LV,NE,0,0,0,0,0,0,0,0,0,0,0,0,,,0,,0,0,0,0,0,0,,0,0,0,0,0,0,0,0,0,0,,0,,0.0,0.0,0.0,0,0,0,0,0,0,0,0.0,0.0,0,0,0,0,0,0,0,0,0,0,0,0,0,0,0,0,0,0,0,0,0,0,0,,,0,0,0,0,0,0,0,0,0,0,0,0,,,,0,0,0,0,0,0,0,,0,0,0,0,0,0.0,0.0
00-0035602,A.Bachman,Alex Bachman,WR,WR,"https://static.www.nfl.com/image/upload/f_auto,q_auto/league/xebxem8tzjm0yyygaklg",2025,1,REG,LV,NE,0,0,0,0,0,0,0,0,0,0,0,0,,,0,,0,0,0,0,0,0,,0,0,1,0,0,0,0,4,0,0,-0.8386445580981672,0,0.0,0.030303030303030304,0.011428571428571429,0.053454545454545456,0,0,0,1,0,0,0,0.0,0.0,0,0,0,0,0,0,0,0,0,0,0,0,0,0,0,0,0,0,0,0,0,0,0,,,0,0,0,0,0,0,0,0,0,0,0,0,,,,0,0,0,0,0,0,0,,0,0,0,0,0,0.0,0.0
00-0035697,G.Pratt,Germaine Pratt,LB,LB,"https://static.www.nfl.com/image/upload/f_auto,q_auto/league/xxtvrfgycrmxgesobuwc",2025,1,REG,LV,NE,0,0,0,0,0,0,0,0,0,0,0,0,,,0,,0,0,0,0,0,0,,0,0,0,0,0,0,0,0,0,0,,0,,0.0,0.0,0.0,0,1,0,7,0,0,0,0.0,0.0,0,0,0,0,0,0,0,0,0,0,0,0,0,0,0,0,0,0,0,0,0,0,0,,,0,0,0,0,0,0,0,0,0,0,0,0,,,,0,0,0,0,0,0,0,,0,0,0,0,0,0.0,0.0
00-0035707,D.White,Devin White,LB,LB,"https://static.www.nfl.com/image/upload/f_auto,q_auto/league/oqv87a7jn67zgnlplnbp",2025,1,REG,LV,NE,0,0,0,0,0,0,0,0,0,0,0,0,,,0,,0,0,0,0,0,0,,0,0,0,0,0,0,0,0,0,0,,0,,0.0,0.0,0.0,0,7,1,3,1,2,0,0.0,0.0,0,0,0,0,0,0,0,0,0,0,0,0,0,0,0,0,0,0,0,0,0,0,0,,,0,0,0,0,0,0,0,0,0,0,0,0,,,,0,0,0,0,0,0,0,,0,0,0,0,0,0.0,0.0
00-0035757,J.Bobenmoyer,Jacob Bobenmoyer,LS,SPEC,"https://static.www.nfl.com/image/upload/f_auto,q_auto/league/cjpwsinxkggwwfhaahga",2025,1,REG,LV,NE,0,0,0,0,0,0,0,0,0,0,0,0,,,0,,0,0,0,0,0,0,,0,0,0,0,0,0,0,0,0,0,,0,,0.0,0.0,0.0,0,0,0,1,0,0,0,0.0,0.0,0,0,0,0,0,0,0,0,0,0,0,0,0,0,0,0,0,0,0,0,0,0,0,,,0,0,0,0,0,0,0,0,0,0,0,0,,,,0,0,0,0,0,0,0,,0,0,0,0,0,0.0,0.0
00-0036293,J.Chinn,Jeremy Chinn,SAF,DB,"https://static.www.nfl.com/image/upload/f_auto,q_auto/league/qdvollzto5i4xs6q9gov",2025,1,REG,LV,NE,0,0,0,0,0,0,0,0,0,0,0,0,,,0,,0,0,0,0,0,0,,0,0,0,0,0,0,0,0,0,0,,0,,0.0,0.0,0.0,0,3,0,1,0,0,0,0.0,0.0,0,0,0,0,0,0,0,0,0,0,0,0,0,0,0,0,0,0,0,0,0,0,0,,,0,0,0,0,0,0,0,0,0,0,0,0,,,,0,0,0,0,0,0,0,,0,0,0,0,0,0.0,0.0
00-0036394,D.Holmes,Darnay Holmes,CB,DB,"https://static.www.nfl.com/image/upload/f_auto,q_auto/league/pubbkwys2ishkc7i2ljb",2025,1,REG,LV,NE,0,0,0,0,0,0,0,0,0,0,0,0,,,0,,0,0,0,0,0,0,,0,0,0,0,0,0,0,0,0,0,,0,,0.0,0.0,0.0,0,1,0,1,0,0,0,0.0,0.0,0,0,0,0,0,0,0,0,0,0,0,0,0,0,0,0,0,0,0,0,0,0,0,,,0,0,0,0,0,0,0,0,0,0,0,0,,,,0,0,0,0,0,0,0,,0,0,0,0,0,0.0,0.0
00-0036711,C.Snowden,Charles Snowden,DE,DL,"https://static.www.nfl.com/image/upload/f_auto,q_auto/league/lwfjnx5rgx1hanfqfnl7",2025,1,REG,LV,NE,0,0,0,0,0,0,0,0,0,0,0,0,,,0,,0,0,0,0,0,0,,0,0,0,0,0,0,0,0,0,0,,0,,0.0,0.0,0.0,0,1,0,1,0,0,0,0.0,0.0,0,0,0,0,0,0,0,0,0,0,0,0,0,1,5,0,0,0,0,0,0,0,0,,,0,0,0,0,0,0,0,0,0,0,0,0,,,,0,0,0,0,0,0,0,,0,0,0,0,0,0.0,0.0
00-0036901,E.Stokes,Eric Stokes,CB,DB,"https://static.www.nfl.com/image/upload/f_auto,q_auto/league/utosvktgajhtqd2px9xp",2025,1,REG,LV,NE,0,0,0,0,0,0,0,0,0,0,0,0,,,0,,0,0,0,0,0,0,,0,0,0,0,0,0,0,0,0,0,,0,,0.0,0.0,0.0,0,3,0,2,1,4,0,0.0,0.0,0,0,0,0,0,0,0,0,0,0,0,0,0,0,0,0,0,0,0,0,0,0,0,,,0,0,0,0,0,0,0,0,0,0,0,0,,,,0,0,0,0,0,0,0,,0,0,0,0,0,0.0,0.0
00-0036989,M.Koonce,Malcolm Koonce,DE,DL,"https://static.www.nfl.com/image/upload/f_auto,q_auto/league/cujkqhjibrywjodwgfyp",2025,1,REG,LV,NE,0,0,0,0,0,0,0,0,0,0,0,0,,,0,,0,0,0,0,0,0,,0,0,0,0,0,0,0,0,0,0,,0,,0.0,0.0,0.0,0,1,0,2,1,8,1,1.0,8.0,2,0,0,0,0,0,0,0,0,0,0,0,0,0,0,0,0,0,0,0,0,0,0,,,0,0,0,0,0,0,0,0,0,0,0,0,,,,0,0,0,0,0,0,0,,0,0,0,0,0,0.0,0.0
00-0037255,D.Parham,Dylan Parham,G,OL,"https://static.www.nfl.com/image/upload/f_auto,q_auto/league/wcuxehe604u11ay7hbpm",2025,1,REG,LV,NE,0,0,0,0,0,0,0,0,0,0,0,0,,,0,,0,0,0,0,0,0,,0,0,0,0,0,0,0,0,0,0,,0,,0.0,0.0,0.0,0,0,0,0,0,0,0,0.0,0.0,0,0,0,0,0,0,0,0,0,0,0,0,0,1,5,0,0,0,0,0,0,0,0,,,0,0,0,0,0,0,0,0,0,0,0,0,,,,0,0,0,0,0,0,0,,0,0,0,0,0,0.0,0.0
00-0037262,T.Booker,Thomas Booker,DT,DL,"https://static.www.nfl.com/image/upload/f_auto,q_auto/league/mial4vlgplowh3uxrnmk",2025,1,REG,LV,NE,0,0,0,0,0,0,0,0,0,0,0,0,,,0,,0,0,0,0,0,0,,0,0,0,0,0,0,0,0,0,0,,0,,0.0,0.0,0.0,0,1,0,2,0,0,0,0.0,0.0,1,0,0,1,0,0,0,0,0,0,0,0,0,0,0,0,0,0,0,0,0,0,0,,,0,0,0,0,0,0,0,0,0,0,0,0,,,,0,0,0,0,0,0,0,,0,0,0,0,0,0.0,0.0
00-0037512,I.Pola-Mao,Isaiah Pola-Mao,SAF,DB,"https://static.www.nfl.com/image/upload/f_auto,q_auto/league/iv2fsbkqbciaglpqrlbd",2025,1,REG,LV,NE,0,0,0,0,0,0,0,0,0,0,0,0,,,0,,0,0,0,0,0,0,,0,0,0,0,0,0,0,0,0,0,,0,,0.0,0.0,0.0,0,5,0,2,1,1,0,0.0,0.0,0,1,0,1,0,0,0,0,0,0,0,0,0,0,0,0,0,0,0,0,0,0,0,,,0,0,0,0,0,0,0,0,0,0,0,0,,,,0,0,0,0,0,0,0,,0,0,0,0,0,0.0,0.0
00-0038040,Z.White,Zamir White,RB,RB,"https://static.www.nfl.com/image/upload/f_auto,q_auto/league/jzthyqk2ld52f31ka1ir",2025,1,REG,LV,NE,0,0,0,0,0,0,0,0,0,0,0,0,,,0,,3,8,0,0,0,0,-1.7182576768100262,0,0,0,0,0,0,0,0,0,0,,0,,0.0,0.0,0.0,0,0,0,0,0,0,0,0.0,0.0,0,0,0,0,0,0,0,0,0,0,0,0,0,0,0,0,0,1,31,0,0,0,0,,,0,0,0,0,0,0,0,0,0,0,0,0,,,,0,0,0,0,0,0,0,,0,0,0,0,0,0.8,0.8
00-0038381,K.Kelly,Kyu Blu Kelly,CB,DB,"https://static.www.nfl.com/image/upload/f_auto,q_auto/league/jmwlrbcsuzckrohnwgdu",2025,1,REG,LV,NE,0,0,0,0,0,0,0,0,0,0,0,0,,,0,,0,0,0,0,0,0,,0,0,0,0,0,0,0,0,0,0,,0,,0.0,0.0,0.0,0,7,0,2,0,0,0,0.0,0.0,0,0,0,1,0,0,0,0,0,0,0,0,0,1,22,0,0,0,0,0,0,0,0,,,0,0,0,0,0,0,0,0,0,0,0,0,,,,0,0,0,0,0,0,0,,0,0,0,0,0,0.0,0.0
00-0038541,T.Wilson,Tyree Wilson,DE,DL,"https://static.www.nfl.com/image/upload/f_auto,q_auto/league/wrybvbogxpg3f0fiakaz",2025,1,REG,LV,NE,0,0,0,0,0,0,0,0,0,0,0,0,,,0,,0,0,0,0,0,0,,0,0,0,0,0,0,0,0,0,0,,0,,0.0,0.0,0.0,0,2,0,1,1,2,0,1.0,2.0,2,0,0,0,0,0,0,0,0,0,0,0,0,0,0,0,0,0,0,0,0,0,0,,,0,0,0,0,0,0,0,0,0,0,0,0,,,,0,0,0,0,0,0,0,,0,0,0,0,0,0.0,0.0
00-0038563,T.Tucker,Tre Tucker,WR,WR,"https://static.www.nfl.com/image/upload/f_auto,q_auto/league/fsx05ats4azj8mus03d4",2025,1,REG,LV,NE,0,0,0,0,0,0,0,0,0,0,0,0,,,0,,0,0,0,0,0,0,,0,2,3,54,1,0,0,63,5,2,5.236632241518237,0,0.8571428571428571,0.09090909090909091,0.18,0.26236363636363635,0,0,0,0,0,0,0,0.0,0.0,0,0,0,0,0,0,0,0,0,0,0,0,0,1,5,1,13,0,0,0,0,0,0,,,0,0,0,0,0,0,0,0,0,0,0,0,,,,0,0,0,0,0,0,0,,0,0,0,0,0,11.4,13.4
00-0038590,J.Shorter,Justin Shorter,TE,TE,"https://static.www.nfl.com/image/upload/f_auto,q_auto/league/htymyxoyw1hh52zoo3lb",2025,1,REG,LV,NE,0,0,0,0,0,0,0,0,0,0,0,0,,,0,,0,0,0,0,0,0,,0,0,0,0,0,0,0,0,0,0,,0,,0.0,0.0,0.0,0,0,0,2,0,0,0,0.0,0.0,0,0,0,0,0,0,0,0,0,0,0,0,0,0,0,0,0,0,0,0,0,0,0,,,0,0,0,0,0,0,0,0,0,0,0,0,,,,0,0,0,0,0,0,0,,0,0,0,0,0,0.0,0.0
00-0039066,M.Mayer,Michael Mayer,TE,TE,"https://static.www.nfl.com/image/upload/f_auto,q_auto/league/crb4nzumiww6ftxcyiqm",2025,1,REG,LV,NE,0,0,0,0,0,0,0,0,0,0,0,0,,,0,,0,0,0,0,0,0,,0,4,4,38,0,0,0,14,24,3,5.025447635898035,0,2.7142857142857144,0.12121212121212122,0.04,0.20981818181818182,0,0,0,0,0,0,0,0.0,0.0,0,0,0,0,0,0,0,0,0,0,0,0,0,0,0,0,0,0,0,0,0,0,0,,,0,0,0,0,0,0,0,0,0,0,0,0,,,,0,0,0,0,0,0,0,,0,0,0,0,0,3.8000000000000003,7.800000000000001
00-0039338,B.Bowers,Brock Bowers,TE,TE,"https://static.www.nfl.com/image/upload/f_auto,q_auto/league/uzp2ffi0lomamxofsrhy",2025,1,REG,LV,NE,0,0,0,0,0,0,0,0,0,0,0,0,,,0,,0,0,0,0,0,0,,0,5,8,103,0,0,0,80,54,4,1.1103109608811792,0,1.2875,0.24242424242424243,0.22857142857142856,0.5236363636363637,0,1,0,0,0,0,0,0.0,0.0,0,0,0,0,0,0,0,0,0,0,0,0,0,0,0,0,0,0,0,0,0,0,0,,,0,0,0,0,0,0,0,0,0,0,0,0,,,,0,0,0,0,0,0,0,,0,0,0,0,0,10.3,15.3
00-0039349,D.Glaze,DJ Glaze,OT,OL,"https://static.www.nfl.com/image/upload/f_auto,q_auto/league/yj1mdamgenemfg28e4b9",2025,1,REG,LV,NE,0,0,0,0,0,0,0,0,0,0,0,0,,,0,,0,0,0,0,0,0,,0,0,0,0,0,0,0,0,0,0,,0,,0.0,0.0,0.0,0,0,0,0,0,0,0,0.0,0.0,0,0,0,0,0,0,0,0,0,0,0,0,0,1,10,0,0,0,0,0,0,0,0,,,0,0,0,0,0,0,0,0,0,0,0,0,,,,0,0,0,0,0,0,0,,0,0,0,0,0,0.0,0.0
00-0039357,D.Richardson,Decamerion Richardson,CB,DB,"https://static.www.nfl.com/image/upload/f_auto,q_auto/league/l2jarpo9v1hfsmcoqoeb",2025,1,REG,LV,NE,0,0,0,0,0,0,0,0,0,0,0,0,,,0,,0,0,0,0,0,0,,0,0,0,0,0,0,0,0,0,0,,0,,0.0,0.0,0.0,0,1,0,0,0,0,0,0.0,0.0,0,0,0,0,0,0,0,0,0,0,0,0,0,0,0,0,0,0,0,0,0,0,0,,,0,0,0,0,0,0,0,0,0,0,0,0,,,,0,0,0,0,0,0,0,,0,0,0,0,0,0.0,0.0
00-0039374,T.Eichenberg,Tommy Eichenberg,LB,LB,"https://static.www.nfl.com/image/upload/f_auto,q_auto/league/nzujkx5ycu6leuz2ctie",2025,1,REG,LV,NE,0,0,0,0,0,0,0,0,0,0,0,0,,,0,,0,0,0,0,0,0,,0,0,0,0,0,0,0,0,0,0,,0,,0.0,0.0,0.0,0,1,0,1,0,0,0,0.0,0.0,0,0,0,0,0,0,0,0,0,0,0,0,0,1,10,0,0,0,0,0,0,0,0,,,0,0,0,0,0,0,0,0,0,0,0,0,,,,0,0,0,0,0,0,0,,0,0,0,0,0,0.0,0.0
00-0039407,D.Laube,Dylan Laube,RB,RB,"https://static.www.nfl.com/image/upload/f_auto,q_auto/league/lpizdza73bgksstymv5t",2025,1,REG,LV,NE,0,0,0,0,0,0,0,0,0,0,0,0,,,0,,0,0,0,0,0,0,,0,0,0,0,0,0,0,0,0,0,,0,,0.0,0.0,0.0,0,0,0,0,0,0,0,0.0,0.0,0,0,0,0,0,0,0,0,0,0,0,0,0,0,0,0,0,2,65,0,0,0,0,,,0,0,0,0,0,0,0,0,0,0,0,0,,,,0,0,0,0,0,0,0,,0,0,0,0,0,0.0,0.0
00-0039423,J.Laulu,Jonah Laulu,DT,DL,"https://static.www.nfl.com/image/upload/f_auto,q_auto/league/zqjhfs8ufqncqsiuobgh",2025,1,REG,LV,NE,0,0,0,0,0,0,0,0,0,0,0,0,,,0,,0,0,0,0,0,0,,0,0,0,0,0,0,0,0,0,0,,0,,0.0,0.0,0.0,0,1,0,1,0,0,0,1.0,0.0,0,0,0,0,0,0,0,0,0,0,0,0,0,0,0,0,0,0,0,0,0,0,0,,,0,0,0,0,0,0,0,0,0,0,0,0,,,,0,0,0,0,0,0,0,,0,0,0,0,0,0.0,0.0
00-0039735,J.Powers-Johnson,Jackson Powers-Johnson,C,OL,"https://static.www.nfl.com/image/upload/f_auto,q_auto/league/o2lpxcphdigzwbjr12jh",2025,1,REG,LV,NE,0,0,0,0,0,0,0,0,0,0,0,0,,,0,,0,0,0,0,0,0,,0,0,0,0,0,0,0,0,0,0,,0,,0.0,0.0,0.0,0,0,0,0,0,0,0,0.0,0.0,0,0,0,0,0,0,0,0,0,0,0,0,0,1,15,0,0,0,0,0,0,0,0,,,0,0,0,0,0,0,0,0,0,0,0,0,,,,0,0,0,0,0,0,0,,0,0,0,0,0,0.0,0.0
00-0040122,A.Jeanty,Ashton Jeanty,RB,RB,"https://static.www.nfl.com/image/upload/f_auto,q_auto/league/syspis1mntov9kgspb7r",2025,1,REG,LV,NE,0,0,0,0,0,0,0,0,0,0,0,0,,,0,,19,38,1,0,0,2,-5.768620662888546,0,2,2,2,0,0,0,-4,6,0,-1.1610321420012042,0,-0.5,0.06060606060606061,-0.011428571428571429,0.0829090909090909,0,0,0,0,0,0,0,0.0,0.0,0,0,0,0,0,0,0,0,0,0,0,0,0,0,0,0,0,0,0,0,0,0,0,,,0,0,0,0,0,0,0,0,0,0,0,0,,,,0,0,0,0,0,0,0,,0,0,0,0,0,10.0,12.0
00-0040581,D.Thornton,Dont'e Thornton Jr.,WR,WR,"https://static.www.nfl.com/image/upload/f_auto,q_auto/league/hlxztd3lpjaxtzojuxwh",2025,1,REG,LV,NE,0,0,0,0,0,0,0,0,0,0,0,0,,,0,,0,0,0,0,0,0,,0,2,4,45,0,0,0,100,0,2,2.487759296258446,0,0.45,0.12121212121212122,0.2857142857142857,0.38181818181818183,0,0,0,0,0,0,0,0.0,0.0,0,0,0,0,0,0,0,0,0,0,0,0,0,0,0,0,0,0,0,0,0,0,0,,,0,0,0,0,0,0,0,0,0,0,0,0,,,,0,0,0,0,0,0,0,,0,0,0,0,0,4.5,6.5
00-0040729,J.Bech,Jack Bech,WR,WR,"https://static.www.nfl.com/image/upload/f_auto,q_auto/league/feplgtl0x1svqen9szwv",2025,1,REG,LV,NE,0,0,0,0,0,0,0,0,0,0,0,0,,,0,,0,0,0,0,0,0,,0,1,1,23,0,0,0,13,10,1,2.974110698560253,0,1.7692307692307692,0.030303030303030304,0.037142857142857144,0.07145454545454545,0,0,0,0,0,0,0,0.0,0.0,0,0,0,0,0,0,0,0,0,0,0,0,0,0,0,0,0,0,0,0,0,0,0,,,0,0,0,0,0,0,0,0,0,0,0,0,,,,0,0,0,0,0,0,0,,0,0,0,0,0,2.3000000000000003,3.3000000000000003
00-0030565,G.Smith,Geno Smith,QB,QB,"https://static.www.nfl.com/image/upload/f_auto,q_auto/league/tqy0933vz5yogwlefb1s",2025,2,REG,LV,LAC,24,43,180,0,3,3,-30,0,0,291,145,8,-23.067928140179568,-15.258365453675736,0,0.6185567010309279,5,20,0,0,0,2,1.0859158706152812,0,0,0,0,0,0,0,0,0,0,,0,,0.0,0.0,0.0,0,0,0,0,0,0,0,0.0,0.0,0,0,0,0,0,0,0,0,1,1,0,0,0,0,0,0,0,0,0,0,0,0,0,,,0,0,0,0,0,0,0,0,0,0,0,0,,,,0,0,0,0,0,0,0,,0,0,0,0,0,3.2,3.2
00-0032442,E.Roberts,Elandon Roberts,OLB,LB,"https://static.www.nfl.com/image/upload/f_auto,q_auto/league/niydmsknfdiu1zyivwso",2025,2,REG,LV,LAC,0,0,0,0,0,0,0,0,0,0,0,0,,,0,,0,0,0,0,0,0,,0,0,0,0,0,0,0,0,0,0,,0,,0.0,0.0,0.0,0,2,0,3,0,0,0,0.0,0.0,0,0,0,0,0,0,0,0,0,0,0,0,0,0,0,0,0,0,0,0,0,0,0,,,0,0,0,0,0,0,0,0,0,0,0,0,,,,0,0,0,0,0,0,0,,0,0,0,0,0,0.0,0.0
00-0033381,A.Butler,Adam Butler,DT,DL,"https://static.www.nfl.com/image/upload/f_auto,q_auto/league/t9cxogz67nugvjyqif73",2025,2,REG,LV,LAC,0,0,0,0,0,0,0,0,0,0,0,0,,,0,,0,0,0,0,0,0,,0,0,0,0,0,0,0,0,0,0,,0,,0.0,0.0,0.0,0,0,0,3,0,0,0,0.0,0.0,0,0,0,0,0,0,0,0,0,0,1,1,0,0,0,0,0,0,0,0,0,0,0,,,0,0,0,0,0,0,0,0,0,0,0,0,,,,0,0,0,0,0,0,0,,0,0,0,0,0,0.0,0.0
00-0033872,J.Adams,Jamal Adams,LB,LB,"https://static.www.nfl.com/image/upload/f_auto,q_auto/league/plodzh6kwjvhpo2mf3ie",2025,2,REG,LV,LAC,0,0,0,0,0,0,0,0,0,0,0,0,,,0,,0,0,0,0,0,0,,0,0,0,0,0,0,0,0,0,0,,0,,0.0,0.0,0.0,0,3,0,0,0,0,0,0.0,0.0,0,0,0,0,0,0,0,0,0,0,0,0,0,0,0,0,0,0,0,0,0,0,0,,,0,0,0,0,0,0,0,0,0,0,0,0,,,,0,0,0,0,0,0,0,,0,0,0,0,0,0.0,0.0
00-0034161,D.Carlson,Daniel Carlson,K,SPEC,"https://static.www.nfl.com/image/upload/f_auto,q_auto/league/gsvj7rtvqwbwdeho8whf",2025,2,REG,LV,LAC,0,0,0,0,0,0,0,0,0,0,0,0,,,0,,0,0,0,0,0,0,,0,0,0,0,0,0,0,0,0,0,,0,,0.0,0.0,0.0,0,0,0,0,0,0,0,0.0,0.0,0,0,0,0,0,0,0,0,0,0,0,0,0,0,0,0,0,0,0,3,3,0,0,54.0,1.0,0,0,1,1,1,0,0,0,0,0,0,0,54;40;37,,,131,0,0,0,0,0,0,,0,0,0,0,0,0.0,0.0
00-0034365,I.Thomas,Ian Thomas,TE,TE,"https://static.www.nfl.com/image/upload/f_auto,q_auto/league/gvpwnq0mjefjlekgzxro",2025,2,REG,LV,LAC,0,0,0,0,0,0,0,0,0,0,0,0,,,0,,0,0,0,0,0,0,,0,0,0,0,0,0,0,0,0,0,,0,,0.0,0.0,0.0,0,0,0,0,0,0,0,0.0,0.0,0,0,0,0,0,0,0,0,0,0,0,0,0,1,10,0,0,0,0,0,0,0,0,,,0,0,0,0,0,0,0,0,0,0,0,0,,,,0,0,0,0,0,0,0,,0,0,0,0,0,0.0,0.0
00-0034960,J.Meyers,Jakobi Meyers,WR,WR,"https://static.www.nfl.com/image/upload/f_auto,q_auto/league/lvtrni5hwbcslky9t1rz",2025,2,REG,LV,LAC,0,0,0,0,0,0,0,0,0,0,0,0,,,0,,0,0,0,0,0,0,,0,6,12,68,0,0,0,101,48,3,-3.4771856219740584,0,0.6732673267326733,0.27906976744186046,0.3470790378006873,0.6615599776232717,0,0,0,0,0,0,0,0.0,0.0,0,0,0,0,0,0,0,0,0,0,0,0,0,0,0,0,0,0,0,0,0,0,0,,,0,0,0,0,0,0,0,0,0,0,0,0,,,,0,0,0,0,0,0,0,,0,0,0,0,0,6.800000000000001,12.8
00-0034973,M.Crosby,Maxx Crosby,DE,DL,"https://static.www.nfl.com/image/upload/f_auto,q_auto/league/eradjc0noknlab2smu1e",2025,2,REG,LV,LAC,0,0,0,0,0,0,0,0,0,0,0,0,,,0,,0,0,0,0,0,0,,0,0,0,0,0,0,0,0,0,0,,0,,0.0,0.0,0.0,0,0,1,4,1,1,0,0.0,0.0,0,0,0,0,0,0,0,0,0,0,0,0,0,0,0,0,0,0,0,0,0,0,0,,,0,0,0,0,0,0,0,0,0,0,0,0,,,,0,0,0,0,0,0,0,,0,0,0,0,0,0.0,0.0
00-0035190,A.Cole,AJ Cole,P,SPEC,"https://static.www.nfl.com/image/upload/f_auto,q_auto/league/t6ah2u0wptbb8n22tehr",2025,2,REG,LV,LAC,0,0,0,0,0,0,0,0,0,0,0,0,,,0,,0,0,0,0,0,0,,0,0,0,0,0,0,0,0,0,0,,0,,0.0,0.0,0.0,0,0,0,0,0,0,0,0.0,0.0,0,0,0,0,0,0,0,0,0,0,0,0,0,0,0,0,0,0,0,0,0,0,0,,,0,0,0,0,0,0,0,0,0,0,0,0,,,,0,0,0,0,0,0,0,,0,0,0,0,0,0.0,0.0
00-0035697,G.Pratt,Germaine Pratt,LB,LB,"https://static.www.nfl.com/image/upload/f_auto,q_auto/league/xxtvrfgycrmxgesobuwc",2025,2,REG,LV,LAC,0,0,0,0,0,0,0,0,0,0,0,0,,,0,,0,0,0,0,0,0,,0,0,0,0,0,0,0,0,0,0,,0,,0.0,0.0,0.0,0,4,0,2,0,0,0,0.0,0.0,0,0,0,2,0,0,0,0,0,0,0,0,0,0,0,0,0,0,0,0,0,0,0,,,0,0,0,0,0,0,0,0,0,0,0,0,,,,0,0,0,0,0,0,0,,0,0,0,0,0,0.0,0.0
00-0035707,D.White,Devin White,LB,LB,"https://static.www.nfl.com/image/upload/f_auto,q_auto/league/oqv87a7jn67zgnlplnbp",2025,2,REG,LV,LAC,0,0,0,0,0,0,0,0,0,0,0,0,,,0,,0,0,0,0,0,0,,0,0,0,0,0,0,0,0,0,0,,0,,0.0,0.0,0.0,0,5,1,2,1,2,0,0.0,0.0,0,0,0,0,0,0,0,0,0,0,0,0,0,0,0,0,0,0,0,0,0,0,0,,,0,0,0,0,0,0,0,0,0,0,0,0,,,,0,0,0,0,0,0,0,,0,0,0,0,0,0.0,0.0
00-0036293,J.Chinn,Jeremy Chinn,SAF,DB,"https://static.www.nfl.com/image/upload/f_auto,q_auto/league/qdvollzto5i4xs6q9gov",2025,2,REG,LV,LAC,0,0,0,0,0,0,0,0,0,0,0,0,,,0,,0,0,0,0,0,0,,0,0,0,0,0,0,0,0,0,0,,0,,0.0,0.0,0.0,0,7,0,0,1,1,0,0.0,0.0,0,0,0,1,0,0,0,0,0,0,0,0,0,0,0,0,0,0,0,0,0,0,0,,,0,0,0,0,0,0,0,0,0,0,0,0,,,,0,0,0,0,0,0,0,,0,0,0,0,0,0.0,0.0
00-0036371,L.Fotu,Leki Fotu,DT,DL,"https://static.www.nfl.com/image/upload/f_auto,q_auto/league/nvivcl9hxccojvuexvmw",2025,2,REG,LV,LAC,0,0,0,0,0,0,0,0,0,0,0,0,,,0,,0,0,0,0,0,0,,0,0,0,0,0,0,0,0,0,0,,0,,0.0,0.0,0.0,0,1,0,1,1,3,0,0.0,0.0,0,0,0,0,0,0,0,0,0,0,0,0,0,0,0,0,0,0,0,0,0,0,0,,,0,0,0,0,0,0,0,0,0,0,0,0,,,,0,0,0,0,0,0,0,,0,0,0,0,0,0.0,0.0
00-0036604,J.Meredith,Jordan Meredith,G,OL,"https://static.www.nfl.com/image/upload/f_auto,q_auto/league/mcahbqsrb49owl6ipc2y",2025,2,REG,LV,LAC,0,0,0,0,0,0,0,0,0,0,0,0,,,0,,0,0,0,0,0,0,,0,0,0,0,0,0,0,0,0,0,,0,,0.0,0.0,0.0,0,0,0,0,0,0,0,0.0,0.0,0,0,0,0,0,0,0,0,0,0,0,0,0,0,0,0,0,0,0,0,0,0,0,,,0,0,0,0,0,0,0,0,0,0,0,0,,,,0,0,0,0,0,0,0,,0,0,0,0,0,0.0,0.0
00-0036901,E.Stokes,Eric Stokes,CB,DB,"https://static.www.nfl.com/image/upload/f_auto,q_auto/league/utosvktgajhtqd2px9xp",2025,2,REG,LV,LAC,0,0,0,0,0,0,0,0,0,0,0,0,,,0,,0,0,0,0,0,0,,0,0,0,0,0,0,0,0,0,0,,0,,0.0,0.0,0.0,0,0,1,1,0,0,0,0.0,0.0,0,0,0,1,0,0,0,0,0,0,0,0,0,0,0,0,0,0,0,0,0,0,0,,,0,0,0,0,0,0,0,0,0,0,0,0,,,,0,0,0,0,0,0,0,,0,0,0,0,0,0.0,0.0
00-0036989,M.Koonce,Malcolm Koonce,DE,DL,"https://static.www.nfl.com/image/upload/f_auto,q_auto/league/cujkqhjibrywjodwgfyp",2025,2,REG,LV,LAC,0,0,0,0,0,0,0,0,0,0,0,0,,,0,,0,0,0,0,0,0,,0,0,0,0,0,0,0,0,0,0,,0,,0.0,0.0,0.0,0,0,0,1,0,0,0,0.0,0.0,0,0,0,0,0,0,0,0,0,0,0,0,0,0,0,0,0,0,0,0,0,0,0,,,0,0,0,0,0,0,0,0,0,0,0,0,,,,0,0,0,0,0,0,0,,0,0,0,0,0,0.0,0.0
00-0037255,D.Parham,Dylan Parham,G,OL,"https://static.www.nfl.com/image/upload/f_auto,q_auto/league/wcuxehe604u11ay7hbpm",2025,2,REG,LV,LAC,0,0,0,0,0,0,0,0,0,0,0,0,,,0,,0,0,0,0,0,0,,0,0,0,0,0,0,0,0,0,0,,0,,0.0,0.0,0.0,0,0,0,0,0,0,0,0.0,0.0,0,0,0,0,0,0,0,0,0,0,0,0,0,2,20,0,0,0,0,0,0,0,0,,,0,0,0,0,0,0,0,0,0,0,0,0,,,,0,0,0,0,0,0,0,,0,0,0,0,0,0.0,0.0
00-0037262,T.Booker,Thomas Booker,DT,DL,"https://static.www.nfl.com/image/upload/f_auto,q_auto/league/mial4vlgplowh3uxrnmk",2025,2,REG,LV,LAC,0,0,0,0,0,0,0,0,0,0,0,0,,,0,,0,0,0,0,0,0,,0,0,0,0,0,0,0,0,0,0,,0,,0.0,0.0,0.0,0,0,0,1,0,0,0,0.0,0.0,0,0,0,0,0,0,0,0,0,0,0,0,0,0,0,0,0,0,0,0,0,0,0,,,0,0,0,0,0,0,0,0,0,0,0,0,,,,0,0,0,0,0,0,0,,0,0,0,0,0,0.0,0.0
00-0037512,I.Pola-Mao,Isaiah Pola-Mao,SAF,DB,"https://static.www.nfl.com/image/upload/f_auto,q_auto/league/iv2fsbkqbciaglpqrlbd",2025,2,REG,LV,LAC,0,0,0,0,0,0,0,0,0,0,0,0,,,0,,0,0,0,0,0,0,,0,0,0,0,0,0,0,0,0,0,,0,,0.0,0.0,0.0,0,3,0,2,0,0,0,0.0,0.0,0,0,0,0,0,0,0,0,0,0,0,0,0,1,12,0,0,0,0,0,0,0,0,,,0,0,0,0,0,0,0,0,0,0,0,0,,,,0,0,0,0,0,0,0,,0,0,0,0,0,0.0,0.0
00-0038040,Z.White,Zamir White,RB,RB,"https://static.www.nfl.com/image/upload/f_auto,q_auto/league/jzthyqk2ld52f31ka1ir",2025,2,REG,LV,LAC,0,0,0,0,0,0,0,0,0,0,0,0,,,0,,2,-2,0,0,0,0,-2.8441846346249804,0,2,3,15,0,0,0,-3,14,0,-0.6515298267105267,0,-5.0,0.06976744186046512,-0.010309278350515464,0.09743466794533684,0,0,0,0,0,0,0,0.0,0.0,0,0,0,0,0,0,0,0,0,0,0,0,0,0,0,0,0,4,91,0,0,0,0,,,0,0,0,0,0,0,0,0,0,0,0,0,,,,0,0,0,0,0,0,0,,0,0,0,0,0,1.3,3.3
00-0038381,K.Kelly,Kyu Blu Kelly,CB,DB,"https://static.www.nfl.com/image/upload/f_auto,q_auto/league/jmwlrbcsuzckrohnwgdu",2025,2,REG,LV,LAC,0,0,0,0,0,0,0,0,0,0,0,0,,,0,,0,0,0,0,0,0,,0,0,0,0,0,0,0,0,0,0,,0,,0.0,0.0,0.0,0,2,0,0,1,6,0,0.0,0.0,0,0,0,1,0,0,0,0,0,0,0,0,0,0,0,0,0,0,0,0,0,0,0,,,0,0,0,0,0,0,0,0,0,0,0,0,,,,0,0,0,0,0,0,0,,0,0,0,0,0,0.0,0.0
00-0038541,T.Wilson,Tyree Wilson,DE,DL,"https://static.www.nfl.com/image/upload/f_auto,q_auto/league/wrybvbogxpg3f0fiakaz",2025,2,REG,LV,LAC,0,0,0,0,0,0,0,0,0,0,0,0,,,0,,0,0,0,0,0,0,,0,0,0,0,0,0,0,0,0,0,,0,,0.0,0.0,0.0,0,0,0,0,0,0,0,0.0,0.0,0,0,0,1,0,0,0,0,0,0,0,0,0,0,0,0,0,0,0,0,0,0,0,,,0,0,0,0,0,0,0,0,0,0,0,0,,,,0,0,0,0,0,0,0,,0,0,0,0,0,0.0,0.0
00-0038563,T.Tucker,Tre Tucker,WR,WR,"https://static.www.nfl.com/image/upload/f_auto,q_auto/league/fsx05ats4azj8mus03d4",2025,2,REG,LV,LAC,0,0,0,0,0,0,0,0,0,0,0,0,,,0,,1,7,0,0,0,0,0.3231116032693535,0,3,8,12,0,0,0,60,8,0,-8.995614157407545,0,0.2,0.18604651162790697,0.20618556701030927,0.42339966434907694,0,0,0,0,0,0,0,0.0,0.0,0,0,0,0,0,0,0,0,0,0,0,0,0,0,0,1,15,0,0,0,0,0,0,,,0,0,0,0,0,0,0,0,0,0,0,0,,,,0,0,0,0,0,0,0,,0,0,0,0,0,1.9000000000000001,4.9
00-0038602,C.Smith,Chris Smith II,S,DB,"https://static.www.nfl.com/image/upload/f_auto,q_auto/league/vada29u8cv7aooueespg",2025,2,REG,LV,LAC,0,0,0,0,0,0,0,0,0,0,0,0,,,0,,0,0,0,0,0,0,,0,0,0,0,0,0,0,0,0,0,,0,,0.0,0.0,0.0,0,0,0,1,0,0,0,0.0,0.0,0,0,0,0,0,0,0,0,0,0,0,0,0,0,0,0,0,0,0,0,0,0,0,,,0,0,0,0,0,0,0,0,0,0,0,0,,,,0,0,0,0,0,0,0,,0,0,0,0,0,0.0,0.0
00-0039066,M.Mayer,Michael Mayer,TE,TE,"https://static.www.nfl.com/image/upload/f_auto,q_auto/league/crb4nzumiww6ftxcyiqm",2025,2,REG,LV,LAC,0,0,0,0,0,0,0,0,0,0,0,0,,,0,,0,0,0,0,0,0,,0,2,2,9,0,0,0,7,2,1,-0.12254778714850545,0,1.2857142857142858,0.046511627906976744,0.024054982817869417,0.0866059298329737,0,1,0,0,0,0,0,0.0,0.0,0,0,0,0,0,0,0,0,0,0,0,0,0,0,0,0,0,0,0,0,0,0,0,,,0,0,0,0,0,0,0,0,0,0,0,0,,,,0,0,0,0,0,0,0,,0,0,0,0,0,0.9,2.9
00-0039338,B.Bowers,Brock Bowers,TE,TE,"https://static.www.nfl.com/image/upload/f_auto,q_auto/league/uzp2ffi0lomamxofsrhy",2025,2,REG,LV,LAC,0,0,0,0,0,0,0,0,0,0,0,0,,,0,,0,0,0,0,0,0,,0,5,8,38,0,0,0,51,17,2,1.3053827134426683,0,0.7450980392156863,0.18604651162790697,0.17525773195876287,0.40175017981299443,0,0,0,0,0,0,0,0.0,0.0,0,0,0,0,0,0,0,0,0,0,0,0,0,0,0,0,0,0,0,0,0,0,0,,,0,0,0,0,0,0,0,0,0,0,0,0,,,,0,0,0,0,0,0,0,,0,0,0,0,0,3.8000000000000003,8.8
00-0039357,D.Richardson,Decamerion Richardson,CB,DB,"https://static.www.nfl.com/image/upload/f_auto,q_auto/league/l2jarpo9v1hfsmcoqoeb",2025,2,REG,LV,LAC,0,0,0,0,0,0,0,0,0,0,0,0,,,0,,0,0,0,0,0,0,,0,0,0,0,0,0,0,0,0,0,,0,,0.0,0.0,0.0,0,1,0,0,0,0,0,0.0,0.0,0,0,0,0,0,0,0,0,0,0,0,0,0,0,0,0,0,0,0,0,0,0,0,,,0,0,0,0,0,0,0,0,0,0,0,0,,,,0,0,0,0,0,0,0,,0,0,0,0,0,0.0,0.0
00-0039374,T.Eichenberg,Tommy Eichenberg,LB,LB,"https://static.www.nfl.com/image/upload/f_auto,q_auto/league/nzujkx5ycu6leuz2ctie",2025,2,REG,LV,LAC,0,0,0,0,0,0,0,0,0,0,0,0,,,0,,0,0,0,0,0,0,,0,0,0,0,0,0,0,0,0,0,,0,,0.0,0.0,0.0,0,1,0,0,0,0,0,0.0,0.0,0,0,0,0,0,0,0,0,0,0,0,0,0,0,0,0,0,0,0,0,0,0,0,,,0,0,0,0,0,0,0,0,0,0,0,0,,,,0,0,0,0,0,0,0,,0,0,0,0,0,0.0,0.0
00-0039407,D.Laube,Dylan Laube,RB,RB,"https://static.www.nfl.com/image/upload/f_auto,q_auto/league/lpizdza73bgksstymv5t",2025,2,REG,LV,LAC,0,0,0,0,0,0,0,0,0,0,0,0,,,0,,0,0,0,0,0,0,,0,2,2,17,0,0,0,-3,20,1,0.5093692446826026,0,-5.666666666666667,0.046511627906976744,-0.010309278350515464,0.06255094701510429,0,1,0,0,0,0,0,0.0,0.0,0,0,0,0,0,0,0,0,0,0,0,0,0,0,0,0,0,0,0,0,0,0,0,,,0,0,0,0,0,0,0,0,0,0,0,0,,,,0,0,0,0,0,0,0,,0,0,0,0,0,1.7000000000000002,3.7
00-0039423,J.Laulu,Jonah Laulu,DT,DL,"https://static.www.nfl.com/image/upload/f_auto,q_auto/league/zqjhfs8ufqncqsiuobgh",2025,2,REG,LV,LAC,0,0,0,0,0,0,0,0,0,0,0,0,,,0,,0,0,0,0,0,0,,0,0,0,0,0,0,0,0,0,0,,0,,0.0,0.0,0.0,0,2,1,1,3,7,0,2.0,6.0,3,0,0,0,0,0,0,0,0,0,0,0,0,0,0,0,0,0,0,0,0,0,0,,,0,0,0,0,0,0,0,0,0,0,0,0,,,,0,0,0,0,0,0,0,,0,0,0,0,0,0.0,0.0
00-0039836,B.Jackson,Brennan Jackson,LB,LB,"https://static.www.nfl.com/image/upload/f_auto,q_auto/league/aacqz576jq1ykkanftmc",2025,2,REG,LV,LAC,0,0,0,0,0,0,0,0,0,0,0,0,,,0,,0,0,0,0,0,0,,0,0,0,0,0,0,0,0,0,0,,0,,0.0,0.0,0.0,0,0,0,1,0,0,0,0.0,0.0,0,0,0,0,0,0,0,0,0,0,0,0,0,0,0,0,0,0,0,0,0,0,0,,,0,0,0,0,0,0,0,0,0,0,0,0,,,,0,0,0,0,0,0,0,,0,0,0,0,0,0.0,0.0
00-0040122,A.Jeanty,Ashton Jeanty,RB,RB,"https://static.www.nfl.com/image/upload/f_auto,q_auto/league/syspis1mntov9kgspb7r",2025,2,REG,LV,LAC,0,0,0,0,0,0,0,0,0,0,0,0,,,0,,11,43,0,0,0,3,-0.9693267117254436,0,3,4,1,0,0,0,-27,20,0,-3.2103737085708417,0,-0.037037037037037035,0.09302325581395349,-0.09278350515463918,0.0745864301126828,0,0,0,0,0,0,0,0.0,0.0,0,0,0,0,0,0,0,0,0,0,0,0,0,0,0,0,0,0,0,0,0,0,0,,,0,0,0,0,0,0,0,0,0,0,0,0,,,,0,0,0,0,0,0,0,,0,0,0,0,0,4.4,7.4
00-0040228,C.Lindenberg,Cody Lindenberg,LB,LB,"https://static.www.nfl.com/image/upload/f_auto,q_auto/league/fkyosruw3thae4zuxksu",2025,2,REG,LV,LAC,0,0,0,0,0,0,0,0,0,0,0,0,,,0,,0,0,0,0,0,0,,0,0,0,0,0,0,0,0,0,0,,0,,0.0,0.0,0.0,0,0,0,1,0,0,0,0.0,0.0,0,0,0,0,0,0,0,0,0,0,0,0,0,0,0,0,0,0,0,0,0,0,0,,,0,0,0,0,0,0,0,0,0,0,0,0,,,,0,0,0,0,0,0,0,,0,0,0,0,0,0.0,0.0
00-0040581,D.Thornton,Dont'e Thornton Jr.,WR,WR,"https://static.www.nfl.com/image/upload/f_auto,q_auto/league/hlxztd3lpjaxtzojuxwh",2025,2,REG,LV,LAC,0,0,0,0,0,0,0,0,0,0,0,0,,,0,,0,0,0,0,0,0,,0,1,4,20,0,0,0,105,16,1,-0.7576457014656626,0,0.19047619047619047,0.09302325581395349,0.36082474226804123,0.3921122033085591,0,1,0,0,0,0,0,0.0,0.0,0,0,0,0,0,0,0,0,0,0,0,0,0,0,0,0,0,0,0,0,0,0,0,,,0,0,0,0,0,0,0,0,0,0,0,0,,,,0,0,0,0,0,0,0,,0,0,0,0,0,2.0,3.0
00-0030565,G.Smith,Geno Smith,QB,QB,"https://static.www.nfl.com/image/upload/f_auto,q_auto/league/tqy0933vz5yogwlefb1s",2025,3,REG,LV,WAS,19,29,289,3,0,5,-28,0,0,305,90,12,12.24070766654052,10.805926389164394,1,0.9475409836065574,2,5,0,0,0,2,4.009431233862415,0,0,0,0,0,0,0,0,0,0,,0,,0.0,0.0,0.0,0,0,0,0,0,0,0,0.0,0.0,0,0,0,0,0,0,0,0,0,0,0,0,0,0,0,0,0,0,0,0,0,0,0,,,0,0,0,0,0,0,0,0,0,0,0,0,,,,0,0,0,0,0,0,0,,0,0,0,0,0,26.060000000000002,26.060000000000002
00-0032442,E.Roberts,Elandon Roberts,OLB,LB,"https://static.www.nfl.com/image/upload/f_auto,q_auto/league/niydmsknfdiu1zyivwso",2025,3,REG,LV,WAS,0,0,0,0,0,0,0,0,0,0,0,0,,,0,,0,0,0,0,0,0,,0,0,0,0,0,0,0,0,0,0,,0,,0.0,0.0,0.0,0,3,1,1,1,2,0,0.0,0.0,0,0,0,0,0,0,0,0,0,0,0,0,0,0,0,0,0,0,0,0,0,0,0,,,0,0,0,0,0,0,0,0,0,0,0,0,,,,0,0,0,0,0,0,0,,0,0,0,0,0,0.0,0.0
00-0033381,A.Butler,Adam Butler,DT,DL,"https://static.www.nfl.com/image/upload/f_auto,q_auto/league/t9cxogz67nugvjyqif73",2025,3,REG,LV,WAS,0,0,0,0,0,0,0,0,0,0,0,0,,,0,,0,0,0,0,0,0,,0,0,0,0,0,0,0,0,0,0,,0,,0.0,0.0,0.0,0,4,0,1,0,0,0,0.0,0.0,0,0,0,0,0,0,0,0,0,0,0,0,0,0,0,0,0,0,0,0,0,0,0,,,0,0,0,0,0,0,0,0,0,0,0,0,,,,0,0,0,0,0,0,0,,0,0,0,0,0,0.0,0.0
00-0033872,J.Adams,Jamal Adams,LB,LB,"https://static.www.nfl.com/image/upload/f_auto,q_auto/league/plodzh6kwjvhpo2mf3ie",2025,3,REG,LV,WAS,0,0,0,0,0,0,0,0,0,0,0,0,,,0,,0,0,0,0,0,0,,0,0,0,0,0,0,0,0,0,0,,0,,0.0,0.0,0.0,0,0,0,2,0,0,0,0.0,0.0,0,0,0,0,0,0,0,0,0,0,0,0,0,0,0,0,0,0,0,0,0,0,0,,,0,0,0,0,0,0,0,0,0,0,0,0,,,,0,0,0,0,0,0,0,,0,0,0,0,0,0.0,0.0
00-0034161,D.Carlson,Daniel Carlson,K,SPEC,"https://static.www.nfl.com/image/upload/f_auto,q_auto/league/gsvj7rtvqwbwdeho8whf",2025,3,REG,LV,WAS,0,0,0,0,0,0,0,0,0,0,0,0,,,0,,0,0,0,0,0,0,,0,0,0,0,0,0,0,0,0,0,,0,,0.0,0.0,0.0,0,0,0,0,0,0,0,0.0,0.0,0,0,0,0,0,0,0,0,0,0,0,0,0,0,0,0,0,0,0,1,1,0,0,37.0,1.0,0,0,1,0,0,0,0,0,0,0,0,0,37,,,37,0,0,1,1,0,0,1.0,0,0,0,0,0,0.0,0.0
00-0034960,J.Meyers,Jakobi Meyers,WR,WR,"https://static.www.nfl.com/image/upload/f_auto,q_auto/league/lvtrni5hwbcslky9t1rz",2025,3,REG,LV,WAS,0,0,0,0,0,0,0,0,0,0,0,0,,,0,,0,0,0,0,0,0,,0,3,4,63,0,0,0,65,24,1,4.008935822290368,0,0.9692307692307692,0.14814814814814814,0.21311475409836064,0.37140255009107465,0,0,0,0,0,0,0,0.0,0.0,0,0,0,0,0,0,0,0,0,0,0,0,0,0,0,0,0,0,0,0,0,0,0,,,0,0,0,0,0,0,0,0,0,0,0,0,,,,0,0,0,0,0,0,0,,0,0,0,0,0,6.300000000000001,9.3
00-0034973,M.Crosby,Maxx Crosby,DE,DL,"https://static.www.nfl.com/image/upload/f_auto,q_auto/league/eradjc0noknlab2smu1e",2025,3,REG,LV,WAS,0,0,0,0,0,0,0,0,0,0,0,0,,,0,,0,0,0,0,0,0,,0,0,0,0,0,0,0,0,0,0,,0,,0.0,0.0,0.0,0,4,0,3,2,9,0,1.0,8.0,2,0,0,0,0,0,0,0,0,0,0,0,0,0,0,0,0,0,0,0,0,0,0,,,0,0,0,0,0,0,0,0,0,0,0,0,,,,0,0,0,0,0,0,0,,0,0,0,0,0,0.0,0.0
00-0035190,A.Cole,AJ Cole,P,SPEC,"https://static.www.nfl.com/image/upload/f_auto,q_auto/league/t6ah2u0wptbb8n22tehr",2025,3,REG,LV,WAS,0,0,0,0,0,0,0,0,0,0,0,0,,,0,,0,0,0,0,0,0,,0,0,0,0,0,0,0,0,0,0,,0,,0.0,0.0,0.0,0,0,0,0,0,0,0,0.0,0.0,0,0,0,0,0,0,0,0,0,0,0,0,0,0,0,0,0,0,0,0,0,0,0,,,0,0,0,0,0,0,0,0,0,0,0,0,,,,0,0,0,0,0,0,0,,0,0,0,0,0,0.0,0.0
00-0035697,G.Pratt,Germaine Pratt,LB,LB,"https://static.www.nfl.com/image/upload/f_auto,q_auto/league/xxtvrfgycrmxgesobuwc",2025,3,REG,LV,WAS,0,0,0,0,0,0,0,0,0,0,0,0,,,0,,0,0,0,0,0,0,,0,0,0,0,0,0,0,0,0,0,,0,,0.0,0.0,0.0,0,1,0,3,0,0,0,0.0,0.0,0,0,0,0,0,0,0,0,0,0,0,0,0,0,0,0,0,0,0,0,0,0,0,,,0,0,0,0,0,0,0,0,0,0,0,0,,,,0,0,0,0,0,0,0,,0,0,0,0,0,0.0,0.0
00-0035707,D.White,Devin White,LB,LB,"https://static.www.nfl.com/image/upload/f_auto,q_auto/league/oqv87a7jn67zgnlplnbp",2025,3,REG,LV,WAS,0,0,0,0,0,0,0,0,0,0,0,0,,,0,,0,0,0,0,0,0,,0,0,0,0,0,0,0,0,0,0,,0,,0.0,0.0,0.0,0,1,2,3,2,3,0,0.0,0.0,1,0,0,0,0,0,0,0,0,0,0,0,0,0,0,0,0,0,0,0,0,0,0,,,0,0,0,0,0,0,0,0,0,0,0,0,,,,0,0,0,0,0,0,0,,0,0,0,0,0,0.0,0.0
00-0036293,J.Chinn,Jeremy Chinn,SAF,DB,"https://static.www.nfl.com/image/upload/f_auto,q_auto/league/qdvollzto5i4xs6q9gov",2025,3,REG,LV,WAS,0,0,0,0,0,0,0,0,0,0,0,0,,,0,,0,0,0,0,0,0,,0,0,0,0,0,0,0,0,0,0,,0,,0.0,0.0,0.0,0,4,0,1,0,0,0,0.0,0.0,0,0,0,0,0,0,0,0,0,0,0,0,0,0,0,0,0,0,0,0,0,0,0,,,0,0,0,0,0,0,0,0,0,0,0,0,,,,0,0,0,0,0,0,0,,0,0,0,0,0,0.0,0.0
00-0036394,D.Holmes,Darnay Holmes,CB,DB,"https://static.www.nfl.com/image/upload/f_auto,q_auto/league/pubbkwys2ishkc7i2ljb",2025,3,REG,LV,WAS,0,0,0,0,0,0,0,0,0,0,0,0,,,0,,0,0,0,0,0,0,,0,0,0,0,0,0,0,0,0,0,,0,,0.0,0.0,0.0,0,1,0,2,0,0,0,0.0,0.0,0,0,0,0,0,0,0,0,0,0,0,0,0,0,0,0,0,0,0,0,0,0,0,,,0,0,0,0,0,0,0,0,0,0,0,0,,,,0,0,0,0,0,0,0,,0,0,0,0,0,0.0,0.0
00-0036604,J.Meredith,Jordan Meredith,G,OL,"https://static.www.nfl.com/image/upload/f_auto,q_auto/league/mcahbqsrb49owl6ipc2y",2025,3,REG,LV,WAS,0,0,0,0,0,0,0,0,0,0,0,0,,,0,,0,0,0,0,0,0,,0,0,0,0,0,0,0,0,0,0,,0,,0.0,0.0,0.0,0,0,0,0,0,0,0,0.0,0.0,0,0,0,0,0,0,0,0,0,0,0,0,0,1,5,0,0,0,0,0,0,0,0,,,0,0,0,0,0,0,0,0,0,0,0,0,,,,0,0,0,0,0,0,0,,0,0,0,0,0,0.0,0.0
00-0036901,E.Stokes,Eric Stokes,CB,DB,"https://static.www.nfl.com/image/upload/f_auto,q_auto/league/utosvktgajhtqd2px9xp",2025,3,REG,LV,WAS,0,0,0,0,0,0,0,0,0,0,0,0,,,0,,0,0,0,0,0,0,,0,0,0,0,0,0,0,0,0,0,,0,,0.0,0.0,0.0,0,0,0,0,0,0,0,0.0,0.0,0,0,0,1,0,0,0,0,0,0,0,0,0,0,0,0,0,0,0,0,0,0,0,,,0,0,0,0,0,0,0,0,0,0,0,0,,,,0,0,0,0,0,0,0,,0,0,0,0,0,0.0,0.0
00-0036989,M.Koonce,Malcolm Koonce,DE,DL,"https://static.www.nfl.com/image/upload/f_auto,q_auto/league/cujkqhjibrywjodwgfyp",2025,3,REG,LV,WAS,0,0,0,0,0,0,0,0,0,0,0,0,,,0,,0,0,0,0,0,0,,0,0,0,0,0,0,0,0,0,0,,0,,0.0,0.0,0.0,0,0,0,0,0,0,0,0.0,0.0,0,0,0,0,0,0,0,0,0,0,0,0,0,1,16,0,0,0,0,0,0,0,0,,,0,0,0,0,0,0,0,0,0,0,0,0,,,,0,0,0,0,0,0,0,,0,0,0,0,0,0.0,0.0
00-0037262,T.Booker,Thomas Booker,DT,DL,"https://static.www.nfl.com/image/upload/f_auto,q_auto/league/mial4vlgplowh3uxrnmk",2025,3,REG,LV,WAS,0,0,0,0,0,0,0,0,0,0,0,0,,,0,,0,0,0,0,0,0,,0,0,0,0,0,0,0,0,0,0,,0,,0.0,0.0,0.0,0,2,0,1,0,0,1,0.0,0.0,0,0,0,0,0,0,0,0,0,0,0,0,0,0,0,0,0,0,0,0,0,0,0,,,0,0,0,0,0,0,0,0,0,0,0,0,,,,0,0,0,0,0,0,0,,0,0,0,0,0,0.0,0.0
00-0037461,T.McCollum,Tristin McCollum,SAF,DB,"https://static.www.nfl.com/image/upload/f_auto,q_auto/league/lob4yulcbxvkweblc0dg",2025,3,REG,LV,WAS,0,0,0,0,0,0,0,0,0,0,0,0,,,0,,0,0,0,0,0,0,,0,0,0,0,0,0,0,0,0,0,,0,,0.0,0.0,0.0,0,2,0,0,0,0,0,0.0,0.0,0,0,0,0,0,0,0,0,0,0,0,0,0,0,0,0,0,0,0,0,0,0,0,,,0,0,0,0,0,0,0,0,0,0,0,0,,,,0,0,0,0,0,0,0,,0,0,0,0,0,0.0,0.0
00-0037512,I.Pola-Mao,Isaiah Pola-Mao,SAF,DB,"https://static.www.nfl.com/image/upload/f_auto,q_auto/league/iv2fsbkqbciaglpqrlbd",2025,3,REG,LV,WAS,0,0,0,0,0,0,0,0,0,0,0,0,,,0,,0,0,0,0,0,0,,0,0,0,0,0,0,0,0,0,0,,0,,0.0,0.0,0.0,0,2,0,3,0,0,0,0.0,0.0,0,0,0,0,0,0,0,0,0,0,0,0,0,1,15,0,0,0,0,0,0,0,0,,,0,0,0,0,0,0,0,0,0,0,0,0,,,,0,0,0,0,0,0,0,,0,0,0,0,0,0.0,0.0
00-0038040,Z.White,Zamir White,RB,RB,"https://static.www.nfl.com/image/upload/f_auto,q_auto/league/jzthyqk2ld52f31ka1ir",2025,3,REG,LV,WAS,0,0,0,0,0,0,0,0,0,0,0,0,,,0,,5,19,0,0,0,0,-2.883527290308848,0,1,2,4,0,0,0,3,2,0,-1.2189847973641008,0,1.3333333333333333,0.07407407407407407,0.009836065573770493,0.11799635701275045,0,0,0,0,0,0,0,0.0,0.0,0,0,0,0,0,0,0,0,0,0,0,0,0,0,0,0,0,1,27,0,0,0,0,,,0,0,0,0,0,0,0,0,0,0,0,0,,,,0,0,0,0,0,0,0,,0,0,0,0,0,2.3000000000000003,3.3000000000000003
00-0038381,K.Kelly,Kyu Blu Kelly,CB,DB,"https://static.www.nfl.com/image/upload/f_auto,q_auto/league/jmwlrbcsuzckrohnwgdu",2025,3,REG,LV,WAS,0,0,0,0,0,0,0,0,0,0,0,0,,,0,,0,0,0,0,0,0,,0,0,0,0,0,0,0,0,0,0,,0,,0.0,0.0,0.0,0,4,0,1,0,0,0,0.0,0.0,0,0,0,1,0,0,0,0,0,0,1,1,0,0,0,0,0,0,0,0,0,0,0,,,0,0,0,0,0,0,0,0,0,0,0,0,,,,0,0,0,0,0,0,0,,0,0,0,0,0,0.0,0.0
00-0038541,T.Wilson,Tyree Wilson,DE,DL,"https://static.www.nfl.com/image/upload/f_auto,q_auto/league/wrybvbogxpg3f0fiakaz",2025,3,REG,LV,WAS,0,0,0,0,0,0,0,0,0,0,0,0,,,0,,0,0,0,0,0,0,,0,0,0,0,0,0,0,0,0,0,,0,,0.0,0.0,0.0,0,2,0,0,0,0,0,0.0,0.0,0,0,0,0,0,0,0,0,0,0,0,0,0,0,0,0,0,0,0,0,0,0,0,,,0,0,0,0,0,0,0,0,0,0,0,0,,,,0,0,0,0,0,0,0,,0,0,0,0,0,0.0,0.0
00-0038563,T.Tucker,Tre Tucker,WR,WR,"https://static.www.nfl.com/image/upload/f_auto,q_auto/league/fsx05ats4azj8mus03d4",2025,3,REG,LV,WAS,0,0,0,0,0,0,0,0,0,0,0,0,,,0,,1,4,0,0,0,0,-0.2950757264625281,0,8,9,145,3,0,0,127,36,7,15.740069849067368,0,1.141732283464567,0.3333333333333333,0.4163934426229508,0.7914754098360656,0,0,0,0,0,0,0,0.0,0.0,0,0,0,0,0,0,0,0,0,0,0,0,0,1,5,2,10,1,23,0,0,0,0,,,0,0,0,0,0,0,0,0,0,0,0,0,,,,0,0,0,0,0,0,0,,0,0,0,0,0,32.9,40.9
00-0039066,M.Mayer,Michael Mayer,TE,TE,"https://static.www.nfl.com/image/upload/f_auto,q_auto/league/crb4nzumiww6ftxcyiqm",2025,3,REG,LV,WAS,0,0,0,0,0,0,0,0,0,0,0,0,,,0,,0,0,0,0,0,0,,0,0,1,0,0,0,0,1,0,0,-0.716888420516625,0,0.0,0.037037037037037035,0.003278688524590164,0.057850637522768665,0,2,0,0,0,0,0,0.0,0.0,0,0,0,0,0,0,0,0,0,0,0,0,0,0,0,0,0,0,0,0,0,0,0,,,0,0,0,0,0,0,0,0,0,0,0,0,,,,0,0,0,0,0,0,0,,0,0,0,0,0,0.0,0.0
00-0039338,B.Bowers,Brock Bowers,TE,TE,"https://static.www.nfl.com/image/upload/f_auto,q_auto/league/uzp2ffi0lomamxofsrhy",2025,3,REG,LV,WAS,0,0,0,0,0,0,0,0,0,0,0,0,,,0,,0,0,0,0,0,0,,0,4,5,38,0,0,0,31,21,2,0.37410226317308837,1,1.2258064516129032,0.18518518518518517,0.10163934426229508,0.34892531876138433,0,0,0,0,0,0,0,0.0,0.0,0,0,0,0,0,0,0,0,0,0,0,0,0,0,0,0,0,0,0,0,0,0,0,,,0,0,0,0,0,0,0,0,0,0,0,0,,,,0,0,0,0,0,0,0,,0,0,0,0,0,5.800000000000001,9.8
00-0039407,D.Laube,Dylan Laube,RB,RB,"https://static.www.nfl.com/image/upload/f_auto,q_auto/league/lpizdza73bgksstymv5t",2025,3,REG,LV,WAS,0,0,0,0,0,0,0,0,0,0,0,0,,,0,,3,2,0,0,0,0,-4.89483971480513,0,0,1,0,0,0,0,0,0,0,-0.3229790620971471,0,,0.037037037037037035,0.0,0.05555555555555555,0,0,0,0,0,0,0,0.0,0.0,0,0,0,0,0,0,0,0,0,0,0,0,0,0,0,0,0,3,60,0,0,0,0,,,0,0,0,0,0,0,0,0,0,0,0,0,,,,0,0,0,0,0,0,0,,0,0,0,0,0,0.2,0.2
00-0039423,J.Laulu,Jonah Laulu,DT,DL,"https://static.www.nfl.com/image/upload/f_auto,q_auto/league/zqjhfs8ufqncqsiuobgh",2025,3,REG,LV,WAS,0,0,0,0,0,0,0,0,0,0,0,0,,,0,,0,0,0,0,0,0,,0,0,0,0,0,0,0,0,0,0,,0,,0.0,0.0,0.0,0,0,1,1,1,1,0,0.0,0.0,0,0,0,0,0,0,0,0,0,0,0,0,0,0,0,0,0,0,0,0,0,0,0,,,0,0,0,0,0,0,0,0,0,0,0,0,,,,0,0,0,0,0,0,0,,0,0,0,0,0,0.0,0.0
00-0039836,B.Jackson,Brennan Jackson,LB,LB,"https://static.www.nfl.com/image/upload/f_auto,q_auto/league/aacqz576jq1ykkanftmc",2025,3,REG,LV,WAS,0,0,0,0,0,0,0,0,0,0,0,0,,,0,,0,0,0,0,0,0,,0,0,0,0,0,0,0,0,0,0,,0,,0.0,0.0,0.0,0,2,0,0,0,0,0,0.0,0.0,0,0,0,0,0,0,0,0,0,0,0,0,0,0,0,0,0,0,0,0,0,0,0,,,0,0,0,0,0,0,0,0,0,0,0,0,,,,0,0,0,0,0,0,0,,0,0,0,0,0,0.0,0.0
00-0040122,A.Jeanty,Ashton Jeanty,RB,RB,"https://static.www.nfl.com/image/upload/f_auto,q_auto/league/syspis1mntov9kgspb7r",2025,3,REG,LV,WAS,0,0,0,0,0,0,0,0,0,0,0,0,,,0,,17,63,0,0,0,3,-5.297071947614197,0,0,0,0,0,0,0,0,0,0,,0,,0.0,0.0,0.0,0,0,0,0,0,0,0,0.0,0.0,0,0,0,0,0,0,0,0,0,0,0,0,0,0,0,0,0,0,0,0,0,0,0,,,0,0,0,0,0,0,0,0,0,0,0,0,,,,0,0,0,0,0,0,0,,0,0,0,0,0,6.300000000000001,6.300000000000001
00-0040581,D.Thornton,Dont'e Thornton Jr.,WR,WR,"https://static.www.nfl.com/image/upload/f_auto,q_auto/league/hlxztd3lpjaxtzojuxwh",2025,3,REG,LV,WAS,0,0,0,0,0,0,0,0,0,0,0,0,,,0,,0,0,0,0,0,0,,0,2,4,29,0,0,0,53,7,1,0.196903231786564,0,0.5471698113207547,0.14814814814814814,0.1737704918032787,0.34386156648451727,0,0,0,0,0,0,0,0.0,0.0,0,0,0,0,0,0,0,0,0,0,0,0,0,0,0,0,0,0,0,0,0,0,0,,,0,0,0,0,0,0,0,0,0,0,0,0,,,,0,0,0,0,0,0,0,,0,0,0,0,0,2.9000000000000004,4.9
00-0040641,D.Porter,Darien Porter,CB,DB,"https://static.www.nfl.com/image/upload/f_auto,q_auto/league/ypukflc6tvt4usvyouhk",2025,3,REG,LV,WAS,0,0,0,0,0,0,0,0,0,0,0,0,,,0,,0,0,0,0,0,0,,0,0,0,0,0,0,0,0,0,0,,0,,0.0,0.0,0.0,0,4,0,0,0,0,0,0.0,0.0,0,0,0,0,0,0,0,0,0,0,0,0,0,1,8,0,0,0,0,0,0,0,0,,,0,0,0,0,0,0,0,0,0,0,0,0,,,,0,0,0,0,0,0,0,,0,0,0,0,0,0.0,0.0
00-0040729,J.Bech,Jack Bech,WR,WR,"https://static.www.nfl.com/image/upload/f_auto,q_auto/league/feplgtl0x1svqen9szwv",2025,3,REG,LV,WAS,0,0,0,0,0,0,0,0,0,0,0,0,,,0,,0,0,0,0,0,0,,0,1,1,10,0,0,0,10,0,1,2.04307283135131,0,1.0,0.037037037037037035,0.03278688524590164,0.07850637522768669,0,0,0,0,0,0,0,0.0,0.0,0,0,0,0,0,0,0,0,0,0,0,0,0,0,0,0,0,0,0,0,0,0,0,,,0,0,0,0,0,0,0,0,0,0,0,0,,,,0,0,0,0,0,0,0,,0,0,0,0,0,1.0,2.0
