player_id,player_name,player_display_name,position,position_group,headshot_url,season,week,season_type,team,opponent_team,completions,attempts,passing_yards,passing_tds,passing_interceptions,sacks_suffered,sack_yards_lost,sack_fumbles,sack_fumbles_lost,passing_air_yards,passing_yards_after_catch,passing_first_downs,passing_epa,passing_cpoe,passing_2pt_conversions,pacr,carries,rushing_yards,rushing_tds,rushing_fumbles,rushing_fumbles_lost,rushing_first_downs,rushing_epa,rushing_2pt_conversions,receptions,targets,receiving_yards,receiving_tds,receiving_fumbles,receiving_fumbles_lost,receiving_air_yards,receiving_yards_after_catch,receiving_first_downs,receiving_epa,receiving_2pt_conversions,racr,target_share,air_yards_share,wopr,special_teams_tds,def_tackles_solo,def_tackles_with_assist,def_tackle_assists,def_tackles_for_loss,def_tackles_for_loss_yards,def_fumbles_forced,def_sacks,def_sack_yards,def_qb_hits,def_interceptions,def_interception_yards,def_pass_defended,def_tds,def_fumbles,def_safeties,misc_yards,fumble_recovery_own,fumble_recovery_yards_own,fumble_recovery_opp,fumble_recovery_yards_opp,fumble_recovery_tds,penalties,penalty_yards,punt_returns,punt_return_yards,kickoff_returns,kickoff_return_yards,fg_made,fg_att,fg_missed,fg_blocked,fg_long,fg_pct,fg_made_0_19,fg_made_20_29,fg_made_30_39,fg_made_40_49,fg_made_50_59,fg_made_60_,fg_missed_0_19,fg_missed_20_29,fg_missed_30_39,fg_missed_40_49,fg_missed_50_59,fg_missed_60_,fg_made_list,fg_missed_list,fg_blocked_list,fg_made_distance,fg_missed_distance,fg_blocked_distance,pat_made,pat_att,pat_missed,pat_blocked,pat_pct,gwfg_made,gwfg_att,gwfg_missed,gwfg_blocked,gwfg_distance,fantasy_points,fantasy_points_ppr
00-0030564,D.Hopkins,DeAndre Hopkins,WR,WR,"https://static.www.nfl.com/image/upload/f_auto,q_auto/league/snvo6holyfdjmrlqxqxu",2025,1,REG,BAL,BUF,0,0,0,0,0,0,0,0,0,0,0,0,,,0,,0,0,0,0,0,0,,0,2,2,35,1,0,0,33,2,1,2.635307776858099,0,1.0606060606060606,0.10526315789473684,0.1907514450867052,0.29142074840279886,0,0,0,0,0,0,0,0.0,0.0,0,0,0,0,0,0,0,0,0,0,0,0,0,0,0,0,0,0,0,0,0,0,0,,,0,0,0,0,0,0,0,0,0,0,0,0,,,,0,0,0,0,0,0,0,,0,0,0,0,0,9.5,11.5
00-0031360,K.Van Noy,Kyle Van Noy,MLB,LB,"https://static.www.nfl.com/image/upload/f_auto,q_auto/league/kxj2hipcguahh4l60vaa",2025,1,REG,BAL,BUF,0,0,0,0,0,0,0,0,0,0,0,0,,,0,,0,0,0,0,0,0,,0,0,0,0,0,0,0,0,0,0,,0,,0.0,0.0,0.0,0,1,0,2,0,0,0,0.0,0.0,1,0,0,0,0,0,0,0,0,0,0,0,0,0,0,0,0,0,0,0,0,0,0,,,0,0,0,0,0,0,0,0,0,0,0,0,,,,0,0,0,0,0,0,0,,0,0,0,0,0,0.0,0.0
00-0032764,D.Henry,Derrick Henry,RB,RB,"https://static.www.nfl.com/image/upload/f_auto,q_auto/league/jxtikemnvpkw9r0ex2wv",2025,1,REG,BAL,BUF,0,0,0,0,0,0,0,0,0,0,0,0,,,0,,18,169,2,1,1,5,3.486422095389571,0,1,1,13,0,0,0,5,8,1,0.8707738592056558,0,2.6,0.05263157894736842,0.028901734104046242,0.09917858229388499,0,0,0,0,0,0,0,0.0,0.0,0,0,0,0,0,0,0,0,0,0,0,0,0,0,0,0,0,0,0,0,0,0,0,,,0,0,0,0,0,0,0,0,0,0,0,0,,,,0,0,0,0,0,0,0,,0,0,0,0,0,28.2,29.2
00-0033281,M.Humphrey,Marlon Humphrey,CB,DB,"https://static.www.nfl.com/image/upload/f_auto,q_auto/league/zru6ellib9fzob6zq5c3",2025,1,REG,BAL,BUF,0,0,0,0,0,0,0,0,0,0,0,0,,,0,,0,0,0,0,0,0,,0,0,0,0,0,0,0,0,0,0,,0,,0.0,0.0,0.0,0,4,0,0,0,0,0,0.0,0.0,0,0,0,0,0,0,0,0,0,0,0,0,0,0,0,0,0,0,0,0,0,0,0,,,0,0,0,0,0,0,0,0,0,0,0,0,,,,0,0,0,0,0,0,0,,0,0,0,0,0,0.0,0.0
00-0033548,C.Awuzie,Chidobe Awuzie,CB,DB,"https://static.www.nfl.com/image/upload/f_auto,q_auto/league/qmjzimecbg4ftseg8myr",2025,1,REG,BAL,BUF,0,0,0,0,0,0,0,0,0,0,0,0,,,0,,0,0,0,0,0,0,,0,0,0,0,0,0,0,0,0,0,,0,,0.0,0.0,0.0,0,2,0,4,0,0,0,0.0,0.0,0,0,0,0,0,0,0,0,0,0,0,0,0,0,0,0,0,0,0,0,0,0,0,,,0,0,0,0,0,0,0,0,0,0,0,0,,,,0,0,0,0,0,0,0,,0,0,0,0,0,0.0,0.0
00-0034728,J.Alexander,Jaire Alexander,CB,DB,"https://static.www.nfl.com/image/upload/f_auto,q_auto/league/vuvu2i6oz5motvn1s482",2025,1,REG,BAL,BUF,0,0,0,0,0,0,0,0,0,0,0,0,,,0,,0,0,0,0,0,0,,0,0,0,0,0,0,0,0,0,0,,0,,0.0,0.0,0.0,0,2,0,1,0,0,0,0.0,0.0,0,0,0,0,0,0,0,0,0,0,0,0,0,1,27,0,0,0,0,0,0,0,0,,,0,0,0,0,0,0,0,0,0,0,0,0,,,,0,0,0,0,0,0,0,,0,0,0,0,0,0.0,0.0
00-0034753,M.Andrews,Mark Andrews,TE,TE,"https://static.www.nfl.com/image/upload/f_auto,q_auto/league/wzx3p0hzm3qyqsrfqznb",2025,1,REG,BAL,BUF,0,0,0,0,0,0,0,0,0,0,0,0,,,0,,0,0,0,0,0,0,,0,1,1,5,0,0,0,4,1,0,0.1806112618651241,0,1.25,0.05263157894736842,0.023121387283236993,0.09513233951931852,0,0,0,0,0,0,0,0.0,0.0,0,0,0,0,0,0,0,0,0,0,0,0,0,0,0,0,0,0,0,0,0,0,0,,,0,0,0,0,0,0,0,0,0,0,0,0,,,,0,0,0,0,0,0,0,,0,0,0,0,0,0.5,1.5
00-0034796,L.Jackson,Lamar Jackson,QB,QB,"https://static.www.nfl.com/image/upload/f_auto,q_auto/league/cruqs6qpbykh7a2whd7p",2025,1,REG,BAL,BUF,14,19,209,2,0,2,-15,0,0,173,109,8,8.798420577786704,8.720899255652176,0,1.2080924855491328,6,70,1,0,0,5,9.690438299475366,0,0,0,0,0,0,0,0,0,0,,0,,0.0,0.0,0.0,0,0,0,0,0,0,0,0.0,0.0,0,0,0,0,0,0,0,0,0,0,0,0,0,0,0,0,0,0,0,0,0,0,0,,,0,0,0,0,0,0,0,0,0,0,0,0,,,,0,0,0,0,0,0,0,,0,0,0,0,0,29.36,29.36
00-0034874,R.Smith,Roquan Smith,ILB,LB,"https://static.www.nfl.com/image/upload/f_auto,q_auto/league/ru4idxsvmhlpiwx6za9a",2025,1,REG,BAL,BUF,0,0,0,0,0,0,0,0,0,0,0,0,,,0,,0,0,0,0,0,0,,0,0,0,0,0,0,0,0,0,0,,0,,0.0,0.0,0.0,0,8,0,2,0,0,0,0.0,0.0,0,0,0,0,0,0,0,0,0,0,0,0,0,0,0,0,0,0,0,0,0,0,0,,,0,0,0,0,0,0,0,0,0,0,0,0,,,,0,0,0,0,0,0,0,,0,0,0,0,0,0.0,0.0
00-0034975,J.Hill,Justice Hill,RB,RB,"https://static.www.nfl.com/image/upload/f_auto,q_auto/league/h6p9crhra8ehxju3ubza",2025,1,REG,BAL,BUF,0,0,0,0,0,0,0,0,0,0,0,0,,,0,,2,-14,0,1,0,0,-2.640937140560709,0,1,2,3,0,0,0,-2,4,1,0.38191258744336665,0,-1.5,0.10526315789473684,-0.011560693641618497,0.1498022512929723,0,0,0,0,0,0,0,0.0,0.0,0,0,0,0,0,0,0,0,1,1,0,0,0,0,0,0,0,0,0,0,0,0,0,,,0,0,0,0,0,0,0,0,0,0,0,0,,,,0,0,0,0,0,0,0,,0,0,0,0,0,-1.1,-0.10000000000000009
00-0036081,B.Washington,Broderick Washington,DT,DL,"https://static.www.nfl.com/image/upload/f_auto,q_auto/league/p5tkzkh6v2hda70lwojk",2025,1,REG,BAL,BUF,0,0,0,0,0,0,0,0,0,0,0,0,,,0,,0,0,0,0,0,0,,0,0,0,0,0,0,0,0,0,0,,0,,0.0,0.0,0.0,0,0,0,0,0,0,0,0.0,0.0,0,0,0,1,0,0,0,0,0,0,0,0,0,0,0,0,0,0,0,0,0,0,0,,,0,0,0,0,0,0,0,0,0,0,0,0,,,,0,0,0,0,0,0,0,,0,0,0,0,0,0.0,0.0
00-0036130,N.Madubuike,Nnamdi Madubuike,DT,DL,"https://static.www.nfl.com/image/upload/f_auto,q_auto/league/zvqf4b2ks5pwfkzynt5d",2025,1,REG,BAL,BUF,0,0,0,0,0,0,0,0,0,0,0,0,,,0,,0,0,0,0,0,0,,0,0,0,0,0,0,0,0,0,0,,0,,0.0,0.0,0.0,0,4,0,2,1,5,0,1.0,5.0,1,0,0,0,0,0,0,0,0,0,0,0,0,1,5,0,0,0,0,0,0,0,0,,,0,0,0,0,0,0,0,0,0,0,0,0,,,,0,0,0,0,0,0,0,,0,0,0,0,0,0.0,0.0
00-0036550,R.Bateman,Rashod Bateman,WR,WR,"https://static.www.nfl.com/image/upload/f_auto,q_auto/league/gtktmsfcxc1eijwpwzyq",2025,1,REG,BAL,BUF,0,0,0,0,0,0,0,0,0,0,0,0,,,0,,0,0,0,0,0,0,,0,2,4,10,0,0,0,42,5,0,-1.8208026541396976,0,0.23809523809523808,0.21052631578947367,0.24277456647398843,0.4857316702160024,0,0,0,0,0,0,0,0.0,0.0,0,0,0,0,0,0,0,0,0,0,0,0,0,0,0,0,0,0,0,0,0,0,0,,,0,0,0,0,0,0,0,0,0,0,0,0,,,,0,0,0,0,0,0,0,,0,0,0,0,0,1.0,3.0
00-0036630,T.Wallace,Tylan Wallace,WR,WR,"https://static.www.nfl.com/image/upload/f_auto,q_auto/league/rifnnpeub6okv41offnd",2025,1,REG,BAL,BUF,0,0,0,0,0,0,0,0,0,0,0,0,,,0,,0,0,0,0,0,0,,0,0,0,0,0,0,0,0,0,0,,0,,0.0,0.0,0.0,0,1,0,0,0,0,0,0.0,0.0,0,0,0,0,0,0,0,0,0,0,0,0,0,1,5,0,0,0,0,0,0,0,0,,,0,0,0,0,0,0,0,0,0,0,0,0,,,,0,0,0,0,0,0,0,,0,0,0,0,0,0.0,0.0
00-0036940,O.Oweh,Odafe Oweh,LB,LB,"https://static.www.nfl.com/image/upload/f_auto,q_auto/league/ommzbeg07ayr9x4t9rpr",2025,1,REG,BAL,BUF,0,0,0,0,0,0,0,0,0,0,0,0,,,0,,0,0,0,0,0,0,,0,0,0,0,0,0,0,0,0,0,,0,,0.0,0.0,0.0,0,0,0,1,0,0,0,0.0,0.0,1,0,0,0,0,0,0,0,0,0,0,0,0,0,0,0,0,0,0,0,0,0,0,,,0,0,0,0,0,0,0,0,0,0,0,0,,,,0,0,0,0,0,0,0,,0,0,0,0,0,0.0,0.0
00-0037633,J.Hummel,Jacob Hummel,LB,LB,"https://static.www.nfl.com/image/upload/f_auto,q_auto/league/yeqyn79axqsyvi7iqcpl",2025,1,REG,BAL,BUF,0,0,0,0,0,0,0,0,0,0,0,0,,,0,,0,0,0,0,0,0,,0,0,0,0,0,0,0,0,0,0,,0,,0.0,0.0,0.0,0,1,0,0,0,0,0,0.0,0.0,0,0,0,0,0,0,0,0,0,0,0,0,0,0,0,0,0,0,0,0,0,0,0,,,0,0,0,0,0,0,0,0,0,0,0,0,,,,0,0,0,0,0,0,0,,0,0,0,0,0,0.0,0.0
00-0037756,T.Jones,Travis Jones,DT,DL,"https://static.www.nfl.com/image/upload/f_auto,q_auto/league/wm1f5uddgq3xmivgmrkz",2025,1,REG,BAL,BUF,0,0,0,0,0,0,0,0,0,0,0,0,,,0,,0,0,0,0,0,0,,0,0,0,0,0,0,0,0,0,0,,0,,0.0,0.0,0.0,0,1,1,1,1,2,0,0.0,0.0,0,0,0,0,0,0,0,0,0,0,0,0,0,0,0,0,0,0,0,0,0,0,0,,,0,0,0,0,0,0,0,0,0,0,0,0,,,,0,0,0,0,0,0,0,,0,0,0,0,0,0.0,0.0
00-0038038,K.Hamilton,Kyle Hamilton,SAF,DB,"https://static.www.nfl.com/image/upload/f_auto,q_auto/league/chrrlhiriydmjomv3s2f",2025,1,REG,BAL,BUF,0,0,0,0,0,0,0,0,0,0,0,0,,,0,,0,0,0,0,0,0,,0,0,0,0,0,0,0,0,0,0,,0,,0.0,0.0,0.0,0,6,0,3,0,0,1,0.0,0.0,0,0,0,2,0,0,0,0,0,0,0,0,0,0,0,0,0,0,0,0,0,0,0,,,0,0,0,0,0,0,0,0,0,0,0,0,,,,0,0,0,0,0,0,0,,0,0,0,0,0,0.0,0.0
00-0038094,J.Stout,Jordan Stout,P,SPEC,"https://static.www.nfl.com/image/upload/f_auto,q_auto/league/ta8m8jfnaotfjnasvy2e",2025,1,REG,BAL,BUF,0,0,0,0,0,0,0,0,0,0,0,0,,,0,,0,0,0,0,0,0,,0,0,0,0,0,0,0,0,0,0,,0,,0.0,0.0,0.0,0,0,0,0,0,0,0,0.0,0.0,0,0,0,0,0,0,0,0,0,0,0,0,0,0,0,0,0,0,0,0,0,0,0,,,0,0,0,0,0,0,0,0,0,0,0,0,,,,0,0,0,0,0,0,0,,0,0,0,0,0,0.0,0.0
00-0038504,T.Simpson,Trenton Simpson,LB,LB,"https://static.www.nfl.com/image/upload/f_auto,q_auto/league/ozi4oorc2wbcbonnjoo8",2025,1,REG,BAL,BUF,0,0,0,0,0,0,0,0,0,0,0,0,,,0,,0,0,0,0,0,0,,0,0,0,0,0,0,0,0,0,0,,0,,0.0,0.0,0.0,0,0,1,0,1,1,0,0.0,0.0,0,0,0,0,0,0,0,0,0,0,0,0,0,0,0,0,0,0,0,0,0,0,0,,,0,0,0,0,0,0,0,0,0,0,0,0,,,,0,0,0,0,0,0,0,,0,0,0,0,0,0.0,0.0
00-0038505,T.Robinson,Tavius Robinson,LB,LB,"https://static.www.nfl.com/image/upload/f_auto,q_auto/league/jmwnobonw2ieerdw5ynd",2025,1,REG,BAL,BUF,0,0,0,0,0,0,0,0,0,0,0,0,,,0,,0,0,0,0,0,0,,0,0,0,0,0,0,0,0,0,0,,0,,0.0,0.0,0.0,0,4,0,1,0,0,0,0.0,0.0,0,0,0,0,0,0,0,0,0,0,0,0,0,0,0,0,0,0,0,0,0,0,0,,,0,0,0,0,0,0,0,0,0,0,0,0,,,,0,0,0,0,0,0,0,,0,0,0,0,0,0.0,0.0
00-0039064,Z.Flowers,Zay Flowers,WR,WR,"https://static.www.nfl.com/image/upload/f_auto,q_auto/league/sqqh8gmxdpo55qwpsszj",2025,1,REG,BAL,BUF,0,0,0,0,0,0,0,0,0,0,0,0,,,0,,2,8,0,0,0,0,-0.03512624662835151,0,7,9,143,1,0,0,91,89,5,9.816800983040594,0,1.5714285714285714,0.47368421052631576,0.5260115606936416,1.0787344082750228,0,0,0,0,0,0,0,0.0,0.0,0,0,0,0,0,0,0,0,0,0,0,0,0,0,0,0,0,0,0,0,0,0,0,,,0,0,0,0,0,0,0,0,0,0,0,0,,,,0,0,0,0,0,0,0,,0,0,0,0,0,21.1,28.1
00-0039232,N.Wiggins,Nate Wiggins,CB,DB,"https://static.www.nfl.com/image/upload/f_auto,q_auto/league/ggnkwrepoggazbn1s2ld",2025,1,REG,BAL,BUF,0,0,0,0,0,0,0,0,0,0,0,0,,,0,,0,0,0,0,0,0,,0,0,0,0,0,0,0,0,0,0,,0,,0.0,0.0,0.0,0,5,0,0,0,0,0,0.0,0.0,0,0,0,0,0,0,0,0,0,0,0,0,0,1,8,0,0,0,0,0,0,0,0,,,0,0,0,0,0,0,0,0,0,0,0,0,,,,0,0,0,0,0,0,0,,0,0,0,0,0,0.0,0.0
00-0039233,R.Rosengarten,Roger Rosengarten,OT,OL,"https://static.www.nfl.com/image/upload/f_auto,q_auto/league/yl4hhbcxdtcxqgiezmss",2025,1,REG,BAL,BUF,0,0,0,0,0,0,0,0,0,0,0,0,,,0,,0,0,0,0,0,0,,0,0,0,0,0,0,0,0,0,0,,0,,0.0,0.0,0.0,0,0,0,0,0,0,0,0.0,0.0,0,0,0,0,0,0,0,0,0,0,0,0,0,1,5,0,0,0,0,0,0,0,0,,,0,0,0,0,0,0,0,0,0,0,0,0,,,,0,0,0,0,0,0,0,,0,0,0,0,0,0.0,0.0
00-0039234,T.Tampa,T.J. Tampa,CB,DB,"https://static.www.nfl.com/image/upload/f_auto,q_auto/league/poanrufasprugy1q1ulq",2025,1,REG,BAL,BUF,0,0,0,0,0,0,0,0,0,0,0,0,,,0,,0,0,0,0,0,0,,0,0,0,0,0,0,0,0,0,0,,0,,0.0,0.0,0.0,0,2,0,0,0,0,0,0.0,0.0,0,0,0,0,0,0,0,0,0,0,0,0,0,0,0,0,0,0,0,0,0,0,0,,,0,0,0,0,0,0,0,0,0,0,0,0,,,,0,0,0,0,0,0,0,,0,0,0,0,0,0.0,0.0
00-0039796,R.Ali,Rasheen Ali,RB,RB,"https://static.www.nfl.com/image/upload/f_auto,q_auto/league/zwjrkzu3ia3cfrwgotqt",2025,1,REG,BAL,BUF,0,0,0,0,0,0,0,0,0,0,0,0,,,0,,1,5,0,0,0,0,-0.014282658055890352,0,0,0,0,0,0,0,0,0,0,,0,,0.0,0.0,0.0,0,1,0,0,0,0,0,0.0,0.0,0,0,0,0,0,0,0,0,0,0,0,0,0,0,0,0,0,6,167,0,0,0,0,,,0,0,0,0,0,0,0,0,0,0,0,0,,,,0,0,0,0,0,0,0,,0,0,0,0,0,0.5,0.5
00-0040069,T.Buchanan,Teddye Buchanan,LB,LB,"https://static.www.nfl.com/image/upload/f_auto,q_auto/league/gdrupqieujvpskzimnbb",2025,1,REG,BAL,BUF,0,0,0,0,0,0,0,0,0,0,0,0,,,0,,0,0,0,0,0,0,,0,0,0,0,0,0,0,0,0,0,,0,,0.0,0.0,0.0,0,3,0,1,0,0,0,0.0,0.0,0,0,0,0,0,0,0,0,0,0,0,0,0,0,0,0,0,0,0,0,0,0,0,,,0,0,0,0,0,0,0,0,0,0,0,0,,,,0,0,0,0,0,0,0,,0,0,0,0,0,0.0,0.0
00-0040074,T.Loop,Tyler Loop,K,SPEC,"https://static.www.nfl.com/image/upload/f_auto,q_auto/league/vp3vows5aq3sgnadgtjf",2025,1,REG,BAL,BUF,0,0,0,0,0,0,0,0,0,0,0,0,,,0,,0,0,0,0,0,0,,0,0,0,0,0,0,0,0,0,0,,0,,0.0,0.0,0.0,0,1,0,0,0,0,0,0.0,0.0,0,0,0,0,0,0,0,0,0,0,0,0,0,1,0,0,0,0,0,2,2,0,0,52.0,1.0,0,0,0,1,1,0,0,0,0,0,0,0,52;49,,,101,0,0,4,5,1,0,0.8,0,0,0,0,0,0.0,0.0
00-0040075,L.Wester,LaJohntay Wester,WR,WR,"https://static.www.nfl.com/image/upload/f_auto,q_auto/league/grf2sg34y8tvysnqiamd",2025,1,REG,BAL,BUF,0,0,0,0,0,0,0,0,0,0,0,0,,,0,,0,0,0,0,0,0,,0,0,0,0,0,0,0,0,0,0,,0,,0.0,0.0,0.0,0,0,0,0,0,0,0,0.0,0.0,0,0,0,0,0,0,0,0,0,0,0,0,0,0,0,1,6,0,0,0,0,0,0,,,0,0,0,0,0,0,0,0,0,0,0,0,,,,0,0,0,0,0,0,0,,0,0,0,0,0,0.0,0.0
00-0040076,A.Peebles,Aeneas Peebles,DT,DL,"https://static.www.nfl.com/image/upload/f_auto,q_auto/league/fi3wuv7cm3hx5xotrbaq",2025,1,REG,BAL,BUF,0,0,0,0,0,0,0,0,0,0,0,0,,,0,,0,0,0,0,0,0,,0,0,0,0,0,0,0,0,0,0,,0,,0.0,0.0,0.0,0,0,0,0,0,0,0,0.0,0.0,0,0,0,1,0,0,0,0,0,0,0,0,0,0,0,0,0,0,0,0,0,0,0,,,0,0,0,0,0,0,0,0,0,0,0,0,,,,0,0,0,0,0,0,0,,0,0,0,0,0,0.0,0.0
00-0040636,K.Martin,Keyon Martin,CB,DB,"https://static.www.nfl.com/image/upload/f_auto,q_auto/league/drg6ppedf9zg66vgfpdr",2025,1,REG,BAL,BUF,0,0,0,0,0,0,0,0,0,0,0,0,,,0,,0,0,0,0,0,0,,0,0,0,0,0,0,0,0,0,0,,0,,0.0,0.0,0.0,0,1,0,0,0,0,0,0.0,0.0,0,0,0,0,0,0,0,0,0,0,0,0,0,0,0,0,0,0,0,0,0,0,0,,,0,0,0,0,0,0,0,0,0,0,0,0,,,,0,0,0,0,0,0,0,,0,0,0,0,0,0.0,0.0
00-0040688,M.Starks,Malaki Starks,SAF,DB,"https://static.www.nfl.com/image/upload/f_auto,q_auto/league/wfdoofktfspnxsclihrf",2025,1,REG,BAL,BUF,0,0,0,0,0,0,0,0,0,0,0,0,,,0,,0,0,0,0,0,0,,0,0,0,0,0,0,0,0,0,0,,0,,0.0,0.0,0.0,0,3,0,4,0,0,0,0.0,0.0,0,0,0,0,0,0,0,0,0,0,0,0,0,0,0,0,0,0,0,0,0,0,0,,,0,0,0,0,0,0,0,0,0,0,0,0,,,,0,0,0,0,0,0,0,,0,0,0,0,0,0.0,0.0
00-0040722,M.Green,Mike Green,LB,LB,"https://static.www.nfl.com/image/upload/f_auto,q_auto/league/u7sictvg6th8tpfineb6",2025,1,REG,BAL,BUF,0,0,0,0,0,0,0,0,0,0,0,0,,,0,,0,0,0,0,0,0,,0,0,0,0,0,0,0,0,0,0,,0,,0.0,0.0,0.0,0,1,0,0,0,0,0,0.0,0.0,0,0,0,0,0,0,0,0,0,0,0,0,0,0,0,0,0,0,0,0,0,0,0,,,0,0,0,0,0,0,0,0,0,0,0,0,,,,0,0,0,0,0,0,0,,0,0,0,0,0,0.0,0.0
00-0030070,J.Jenkins,John Jenkins,DT,DL,"https://static.www.nfl.com/image/upload/f_auto,q_auto/league/cgamzernsuzy7zamg3rx",2025,2,REG,BAL,CLE,0,0,0,0,0,0,0,0,0,0,0,0,,,0,,0,0,0,0,0,0,,0,0,0,0,0,0,0,0,0,0,,0,,0.0,0.0,0.0,0,1,0,0,0,0,0,0.0,0.0,0,0,0,0,0,0,0,0,0,0,0,0,0,0,0,0,0,0,0,0,0,0,0,,,0,0,0,0,0,0,0,0,0,0,0,0,,,,0,0,0,0,0,0,0,,0,0,0,0,0,0.0,0.0
00-0030564,D.Hopkins,DeAndre Hopkins,WR,WR,"https://static.www.nfl.com/image/upload/f_auto,q_auto/league/snvo6holyfdjmrlqxqxu",2025,2,REG,BAL,CLE,0,0,0,0,0,0,0,0,0,0,0,0,,,0,,0,0,0,0,0,0,,0,2,2,64,1,0,0,64,0,2,6.734847618616186,0,1.0,0.07142857142857142,0.23443223443223443,0.2712454212454212,0,0,0,0,0,0,0,0.0,0.0,0,0,0,0,0,0,0,0,0,0,0,0,0,0,0,0,0,0,0,0,0,0,0,,,0,0,0,0,0,0,0,0,0,0,0,0,,,,0,0,0,0,0,0,0,,0,0,0,0,0,12.4,14.4
00-0031360,K.Van Noy,Kyle Van Noy,MLB,LB,"https://static.www.nfl.com/image/upload/f_auto,q_auto/league/kxj2hipcguahh4l60vaa",2025,2,REG,BAL,CLE,0,0,0,0,0,0,0,0,0,0,0,0,,,0,,0,0,0,0,0,0,,0,0,0,0,0,0,0,0,0,0,,0,,0.0,0.0,0.0,0,1,0,0,0,0,0,0.0,0.0,1,0,0,0,0,0,0,0,0,0,0,0,0,0,0,0,0,0,0,0,0,0,0,,,0,0,0,0,0,0,0,0,0,0,0,0,,,,0,0,0,0,0,0,0,,0,0,0,0,0,0.0,0.0
00-0032764,D.Henry,Derrick Henry,RB,RB,"https://static.www.nfl.com/image/upload/f_auto,q_auto/league/jxtikemnvpkw9r0ex2wv",2025,2,REG,BAL,CLE,0,0,0,0,0,0,0,0,0,0,0,0,,,0,,11,23,0,1,0,1,-2.8282057107426226,0,0,0,0,0,0,0,0,0,0,,0,,0.0,0.0,0.0,0,0,0,0,0,0,0,0.0,0.0,0,0,0,0,0,0,0,0,0,0,0,0,0,0,0,0,0,0,0,0,0,0,0,,,0,0,0,0,0,0,0,0,0,0,0,0,,,,0,0,0,0,0,0,0,,0,0,0,0,0,2.3000000000000003,2.3000000000000003
00-0033281,M.Humphrey,Marlon Humphrey,CB,DB,"https://static.www.nfl.com/image/upload/f_auto,q_auto/league/zru6ellib9fzob6zq5c3",2025,2,REG,BAL,CLE,0,0,0,0,0,0,0,0,0,0,0,0,,,0,,0,0,0,0,0,0,,0,0,0,0,0,0,0,0,0,0,,0,,0.0,0.0,0.0,0,3,0,0,0,0,0,0.0,0.0,0,0,0,1,0,0,0,0,0,0,0,0,0,0,0,0,0,0,0,0,0,0,0,,,0,0,0,0,0,0,0,0,0,0,0,0,,,,0,0,0,0,0,0,0,,0,0,0,0,0,0.0,0.0
00-0033548,C.Awuzie,Chidobe Awuzie,CB,DB,"https://static.www.nfl.com/image/upload/f_auto,q_auto/league/qmjzimecbg4ftseg8myr",2025,2,REG,BAL,CLE,0,0,0,0,0,0,0,0,0,0,0,0,,,0,,0,0,0,0,0,0,,0,0,0,0,0,0,0,0,0,0,,0,,0.0,0.0,0.0,0,3,0,2,0,0,0,0.0,0.0,0,0,0,0,0,0,0,0,0,0,0,0,0,0,0,0,0,0,0,0,0,0,0,,,0,0,0,0,0,0,0,0,0,0,0,0,,,,0,0,0,0,0,0,0,,0,0,0,0,0,0.0,0.0
00-0033662,C.Rush,Cooper Rush,QB,QB,"https://static.www.nfl.com/image/upload/f_auto,q_auto/league/mwrtykpswz7nbfisqlmj",2025,2,REG,BAL,CLE,0,0,0,0,0,0,0,0,0,0,0,0,,,0,,3,-4,0,0,0,0,0.0,0,0,0,0,0,0,0,0,0,0,,0,,0.0,0.0,0.0,0,0,0,0,0,0,0,0.0,0.0,0,0,0,0,0,0,0,0,0,0,0,0,0,0,0,0,0,0,0,0,0,0,0,,,0,0,0,0,0,0,0,0,0,0,0,0,,,,0,0,0,0,0,0,0,,0,0,0,0,0,-0.4,-0.4
00-0034753,M.Andrews,Mark Andrews,TE,TE,"https://static.www.nfl.com/image/upload/f_auto,q_auto/league/wzx3p0hzm3qyqsrfqznb",2025,2,REG,BAL,CLE,0,0,0,0,0,0,0,0,0,0,0,0,,,0,,1,2,0,0,0,1,0.6526914577698335,0,1,3,2,0,0,0,6,3,0,-3.6498092116671614,0,0.3333333333333333,0.10714285714285714,0.02197802197802198,0.17609890109890108,0,0,0,0,0,0,0,0.0,0.0,0,0,0,0,0,0,0,0,0,0,0,0,0,1,10,0,0,0,0,0,0,0,0,,,0,0,0,0,0,0,0,0,0,0,0,0,,,,0,0,0,0,0,0,0,,0,0,0,0,0,0.4,1.4
00-0034796,L.Jackson,Lamar Jackson,QB,QB,"https://static.www.nfl.com/image/upload/f_auto,q_auto/league/cruqs6qpbykh7a2whd7p",2025,2,REG,BAL,CLE,19,29,225,4,0,3,-28,0,0,273,66,10,9.342703126255497,6.713613335575376,0,0.8241758241758241,2,13,0,0,0,0,0.840790797083173,0,0,0,0,0,0,0,0,0,0,,0,,0.0,0.0,0.0,0,0,0,0,0,0,0,0.0,0.0,0,0,0,0,0,0,0,0,0,0,0,0,0,0,0,0,0,0,0,0,0,0,0,,,0,0,0,0,0,0,0,0,0,0,0,0,,,,0,0,0,0,0,0,0,,0,0,0,0,0,26.3,26.3
00-0034874,R.Smith,Roquan Smith,ILB,LB,"https://static.www.nfl.com/image/upload/f_auto,q_auto/league/ru4idxsvmhlpiwx6za9a",2025,2,REG,BAL,CLE,0,0,0,0,0,0,0,0,0,0,0,0,,,0,,0,0,0,0,0,0,,0,0,0,0,0,0,0,0,0,0,,0,,0.0,0.0,0.0,0,7,1,7,3,7,0,0.0,0.0,2,0,0,0,0,0,0,0,0,0,1,1,1,0,0,0,0,0,0,0,0,0,0,,,0,0,0,0,0,0,0,0,0,0,0,0,,,,0,0,0,0,0,0,0,,0,0,0,0,0,0.0,0.0
00-0034975,J.Hill,Justice Hill,RB,RB,"https://static.www.nfl.com/image/upload/f_auto,q_auto/league/h6p9crhra8ehxju3ubza",2025,2,REG,BAL,CLE,0,0,0,0,0,0,0,0,0,0,0,0,,,0,,3,7,0,0,0,0,-1.5436618927051313,0,3,3,18,0,0,0,-8,26,0,-1.7824739231728017,0,-2.25,0.10714285714285714,-0.029304029304029304,0.14020146520146518,0,0,0,0,0,0,0,0.0,0.0,0,0,0,0,0,0,0,0,0,0,0,0,0,0,0,0,0,0,0,0,0,0,0,,,0,0,0,0,0,0,0,0,0,0,0,0,,,,0,0,0,0,0,0,0,,0,0,0,0,0,2.5,5.5
00-0036130,N.Madubuike,Nnamdi Madubuike,DT,DL,"https://static.www.nfl.com/image/upload/f_auto,q_auto/league/zvqf4b2ks5pwfkzynt5d",2025,2,REG,BAL,CLE,0,0,0,0,0,0,0,0,0,0,0,0,,,0,,0,0,0,0,0,0,,0,0,0,0,0,0,0,0,0,0,,0,,0.0,0.0,0.0,0,1,0,0,1,7,0,1.0,7.0,2,0,0,0,0,0,0,0,0,0,0,0,0,0,0,0,0,0,0,0,0,0,0,,,0,0,0,0,0,0,0,0,0,0,0,0,,,,0,0,0,0,0,0,0,,0,0,0,0,0,0.0,0.0
00-0036550,R.Bateman,Rashod Bateman,WR,WR,"https://static.www.nfl.com/image/upload/f_auto,q_auto/league/gtktmsfcxc1eijwpwzyq",2025,2,REG,BAL,CLE,0,0,0,0,0,0,0,0,0,0,0,0,,,0,,0,0,0,0,0,0,,0,2,4,15,0,0,0,31,6,1,-1.340733728711001,0,0.4838709677419355,0.14285714285714285,0.11355311355311355,0.29377289377289373,0,0,0,0,0,0,0,0.0,0.0,0,0,0,0,0,0,0,0,0,0,0,0,0,0,0,0,0,0,0,0,0,0,0,,,0,0,0,0,0,0,0,0,0,0,0,0,,,,0,0,0,0,0,0,0,,0,0,0,0,0,1.5,3.5
00-0036630,T.Wallace,Tylan Wallace,WR,WR,"https://static.www.nfl.com/image/upload/f_auto,q_auto/league/rifnnpeub6okv41offnd",2025,2,REG,BAL,CLE,0,0,0,0,0,0,0,0,0,0,0,0,,,0,,0,0,0,0,0,0,,0,2,2,25,1,0,0,18,7,2,3.68370065651834,0,1.3888888888888888,0.07142857142857142,0.06593406593406594,0.15329670329670328,0,0,0,0,0,0,0,0.0,0.0,0,0,0,0,0,0,0,0,1,1,0,0,0,1,10,0,0,3,79,0,0,0,0,,,0,0,0,0,0,0,0,0,0,0,0,0,,,,0,0,0,0,0,0,0,,0,0,0,0,0,8.5,10.5
00-0036940,O.Oweh,Odafe Oweh,LB,LB,"https://static.www.nfl.com/image/upload/f_auto,q_auto/league/ommzbeg07ayr9x4t9rpr",2025,2,REG,BAL,CLE,0,0,0,0,0,0,0,0,0,0,0,0,,,0,,0,0,0,0,0,0,,0,0,0,0,0,0,0,0,0,0,,0,,0.0,0.0,0.0,0,0,0,1,0,0,0,0.0,0.0,2,0,0,0,0,0,0,0,0,0,0,0,0,0,0,0,0,0,0,0,0,0,0,,,0,0,0,0,0,0,0,0,0,0,0,0,,,,0,0,0,0,0,0,0,,0,0,0,0,0,0.0,0.0
00-0037340,Z.Mitchell-Paden,Zaire Mitchell-Paden,TE,TE,"https://static.www.nfl.com/image/upload/f_auto,q_auto/league/k7tcf2iv4vqezpg0gfsz",2025,2,REG,BAL,CLE,0,0,0,0,0,0,0,0,0,0,0,0,,,0,,0,0,0,0,0,0,,0,0,1,0,0,0,0,1,0,0,-0.21710452280240133,0,0.0,0.03571428571428571,0.003663003663003663,0.05613553113553113,0,0,0,0,0,0,0,0.0,0.0,0,0,0,0,0,0,0,0,0,0,0,0,0,1,4,0,0,0,0,0,0,0,0,,,0,0,0,0,0,0,0,0,0,0,0,0,,,,0,0,0,0,0,0,0,,0,0,0,0,0,0.0,0.0
00-0037633,J.Hummel,Jacob Hummel,LB,LB,"https://static.www.nfl.com/image/upload/f_auto,q_auto/league/yeqyn79axqsyvi7iqcpl",2025,2,REG,BAL,CLE,0,0,0,0,0,0,0,0,0,0,0,0,,,0,,0,0,0,0,0,0,,0,0,0,0,0,0,0,0,0,0,,0,,0.0,0.0,0.0,0,0,0,0,0,0,0,0.0,0.0,0,0,0,0,0,0,0,0,0,0,0,0,0,0,0,0,0,0,0,0,0,0,0,,,0,0,0,0,0,0,0,0,0,0,0,0,,,,0,0,0,0,0,0,0,,0,0,0,0,0,0.0,0.0
00-0037756,T.Jones,Travis Jones,DT,DL,"https://static.www.nfl.com/image/upload/f_auto,q_auto/league/wm1f5uddgq3xmivgmrkz",2025,2,REG,BAL,CLE,0,0,0,0,0,0,0,0,0,0,0,0,,,0,,0,0,0,0,0,0,,0,0,0,0,0,0,0,0,0,0,,0,,0.0,0.0,0.0,0,1,0,1,0,0,0,0.0,0.0,0,0,0,0,0,0,0,0,0,0,0,0,0,0,0,0,0,0,0,0,0,0,0,,,0,0,0,0,0,0,0,0,0,0,0,0,,,,0,0,0,0,0,0,0,,0,0,0,0,0,0.0,0.0
00-0038038,K.Hamilton,Kyle Hamilton,SAF,DB,"https://static.www.nfl.com/image/upload/f_auto,q_auto/league/chrrlhiriydmjomv3s2f",2025,2,REG,BAL,CLE,0,0,0,0,0,0,0,0,0,0,0,0,,,0,,0,0,0,0,0,0,,0,0,0,0,0,0,0,0,0,0,,0,,0.0,0.0,0.0,0,3,0,2,1,3,0,0.0,0.0,0,0,0,0,0,0,0,0,0,0,0,0,0,0,0,0,0,0,0,0,0,0,0,,,0,0,0,0,0,0,0,0,0,0,0,0,,,,0,0,0,0,0,0,0,,0,0,0,0,0,0.0,0.0
00-0038094,J.Stout,Jordan Stout,P,SPEC,"https://static.www.nfl.com/image/upload/f_auto,q_auto/league/ta8m8jfnaotfjnasvy2e",2025,2,REG,BAL,CLE,0,0,0,0,0,0,0,0,0,0,0,0,,,0,,0,0,0,0,0,0,,0,0,0,0,0,0,0,0,0,0,,0,,0.0,0.0,0.0,0,0,0,0,0,0,0,0.0,0.0,0,0,0,0,0,0,0,0,0,0,0,0,0,0,0,0,0,0,0,0,0,0,0,,,0,0,0,0,0,0,0,0,0,0,0,0,,,,0,0,0,0,0,0,0,,0,0,0,0,0,0.0,0.0
00-0038504,T.Simpson,Trenton Simpson,LB,LB,"https://static.www.nfl.com/image/upload/f_auto,q_auto/league/ozi4oorc2wbcbonnjoo8",2025,2,REG,BAL,CLE,0,0,0,0,0,0,0,0,0,0,0,0,,,0,,0,0,0,0,0,0,,0,0,0,0,0,0,0,0,0,0,,0,,0.0,0.0,0.0,0,3,0,1,0,0,0,0.0,0.0,0,0,0,0,0,0,0,0,0,0,0,0,0,0,0,0,0,0,0,0,0,0,0,,,0,0,0,0,0,0,0,0,0,0,0,0,,,,0,0,0,0,0,0,0,,0,0,0,0,0,0.0,0.0
00-0038505,T.Robinson,Tavius Robinson,LB,LB,"https://static.www.nfl.com/image/upload/f_auto,q_auto/league/jmwnobonw2ieerdw5ynd",2025,2,REG,BAL,CLE,0,0,0,0,0,0,0,0,0,0,0,0,,,0,,0,0,0,0,0,0,,0,0,0,0,0,0,0,0,0,0,,0,,0.0,0.0,0.0,0,4,0,2,1,4,1,1.0,4.0,1,0,0,0,0,0,0,0,0,0,0,0,0,0,0,0,0,0,0,0,0,0,0,,,0,0,0,0,0,0,0,0,0,0,0,0,,,,0,0,0,0,0,0,0,,0,0,0,0,0,0.0,0.0
00-0039064,Z.Flowers,Zay Flowers,WR,WR,"https://static.www.nfl.com/image/upload/f_auto,q_auto/league/sqqh8gmxdpo55qwpsszj",2025,2,REG,BAL,CLE,0,0,0,0,0,0,0,0,0,0,0,0,,,0,,1,4,0,0,0,0,-0.21887502167373896,0,7,11,75,0,0,0,134,24,3,3.692928177304566,0,0.5597014925373134,0.39285714285714285,0.4908424908424908,0.9328754578754579,0,0,0,0,0,0,0,0.0,0.0,0,0,0,0,0,0,0,0,0,0,0,0,0,0,0,0,0,0,0,0,0,0,0,,,0,0,0,0,0,0,0,0,0,0,0,0,,,,0,0,0,0,0,0,0,,0,0,0,0,0,7.9,14.9
00-0039232,N.Wiggins,Nate Wiggins,CB,DB,"https://static.www.nfl.com/image/upload/f_auto,q_auto/league/ggnkwrepoggazbn1s2ld",2025,2,REG,BAL,CLE,0,0,0,0,0,0,0,0,0,0,0,0,,,0,,0,0,0,0,0,0,,0,0,0,0,0,0,0,0,0,0,,0,,0.0,0.0,0.0,0,2,0,1,1,1,0,0.0,0.0,0,1,61,3,0,0,0,0,0,0,0,0,0,0,0,0,0,0,0,0,0,0,0,,,0,0,0,0,0,0,0,0,0,0,0,0,,,,0,0,0,0,0,0,0,,0,0,0,0,0,0.0,0.0
00-0039234,T.Tampa,T.J. Tampa,CB,DB,"https://static.www.nfl.com/image/upload/f_auto,q_auto/league/poanrufasprugy1q1ulq",2025,2,REG,BAL,CLE,0,0,0,0,0,0,0,0,0,0,0,0,,,0,,0,0,0,0,0,0,,0,0,0,0,0,0,0,0,0,0,,0,,0.0,0.0,0.0,0,1,0,1,0,0,0,0.0,0.0,0,0,0,1,0,0,0,0,0,0,0,0,0,0,0,0,0,0,0,0,0,0,0,,,0,0,0,0,0,0,0,0,0,0,0,0,,,,0,0,0,0,0,0,0,,0,0,0,0,0,0.0,0.0
00-0039235,S.Kane,Sanoussi Kane,SAF,DB,"https://static.www.nfl.com/image/upload/f_auto,q_auto/league/uj78zgtqjemh0ftylsjd",2025,2,REG,BAL,CLE,0,0,0,0,0,0,0,0,0,0,0,0,,,0,,0,0,0,0,0,0,,0,0,0,0,0,0,0,0,0,0,,0,,0.0,0.0,0.0,0,0,0,0,0,0,0,0.0,0.0,0,0,0,0,0,0,0,5,0,0,0,0,0,0,0,0,0,0,0,0,0,0,0,,,0,0,0,0,0,0,0,0,0,0,0,0,,,,0,0,0,0,0,0,0,,0,0,0,0,0,0.0,0.0
00-0039792,D.Walker,Devontez Walker,WR,WR,"https://static.www.nfl.com/image/upload/f_auto,q_auto/league/d8qrpenynncwink7dqs2",2025,2,REG,BAL,CLE,0,0,0,0,0,0,0,0,0,0,0,0,,,0,,0,0,0,0,0,0,,0,2,2,26,2,0,0,26,0,2,7.1514823997276835,0,1.0,0.07142857142857142,0.09523809523809523,0.1738095238095238,0,0,0,0,0,0,0,0.0,0.0,0,0,0,0,0,0,0,0,0,0,0,0,0,0,0,0,0,0,0,0,0,0,0,,,0,0,0,0,0,0,0,0,0,0,0,0,,,,0,0,0,0,0,0,0,,0,0,0,0,0,14.6,16.6
00-0039796,R.Ali,Rasheen Ali,RB,RB,"https://static.www.nfl.com/image/upload/f_auto,q_auto/league/zwjrkzu3ia3cfrwgotqt",2025,2,REG,BAL,CLE,0,0,0,0,0,0,0,0,0,0,0,0,,,0,,0,0,0,0,0,0,,0,0,0,0,0,0,0,0,0,0,,0,,0.0,0.0,0.0,0,1,0,0,0,0,0,0.0,0.0,0,0,0,0,0,0,0,0,0,0,0,0,0,0,0,0,0,0,0,0,0,0,0,,,0,0,0,0,0,0,0,0,0,0,0,0,,,,0,0,0,0,0,0,0,,0,0,0,0,0,0.0,0.0
00-0040069,T.Buchanan,Teddye Buchanan,LB,LB,"https://static.www.nfl.com/image/upload/f_auto,q_auto/league/gdrupqieujvpskzimnbb",2025,2,REG,BAL,CLE,0,0,0,0,0,0,0,0,0,0,0,0,,,0,,0,0,0,0,0,0,,0,0,0,0,0,0,0,0,0,0,,0,,0.0,0.0,0.0,0,2,0,4,0,0,0,0.0,0.0,0,0,0,0,0,0,0,0,0,0,0,0,0,0,0,0,0,0,0,0,0,0,0,,,0,0,0,0,0,0,0,0,0,0,0,0,,,,0,0,0,0,0,0,0,,0,0,0,0,0,0.0,0.0
00-0040074,T.Loop,Tyler Loop,K,SPEC,"https://static.www.nfl.com/image/upload/f_auto,q_auto/league/vp3vows5aq3sgnadgtjf",2025,2,REG,BAL,CLE,0,0,0,0,0,0,0,0,0,0,0,0,,,0,,0,0,0,0,0,0,,0,0,0,0,0,0,0,0,0,0,,0,,0.0,0.0,0.0,0,0,0,0,0,0,0,0.0,0.0,0,0,0,0,0,0,0,0,0,0,0,0,0,2,0,0,0,0,0,2,2,0,0,43.0,1.0,0,0,1,1,0,0,0,0,0,0,0,0,43;32,,,75,0,0,5,5,0,0,1.0,0,0,0,0,0,0.0,0.0
00-0040075,L.Wester,LaJohntay Wester,WR,WR,"https://static.www.nfl.com/image/upload/f_auto,q_auto/league/grf2sg34y8tvysnqiamd",2025,2,REG,BAL,CLE,0,0,0,0,0,0,0,0,0,0,0,0,,,0,,0,0,0,0,0,0,,0,0,0,0,0,0,0,0,0,0,,0,,0.0,0.0,0.0,0,0,0,0,0,0,0,0.0,0.0,0,0,0,0,0,0,0,0,0,0,0,0,0,0,0,1,23,0,0,0,0,0,0,,,0,0,0,0,0,0,0,0,0,0,0,0,,,,0,0,0,0,0,0,0,,0,0,0,0,0,0.0,0.0
00-0040076,A.Peebles,Aeneas Peebles,DT,DL,"https://static.www.nfl.com/image/upload/f_auto,q_auto/league/fi3wuv7cm3hx5xotrbaq",2025,2,REG,BAL,CLE,0,0,0,0,0,0,0,0,0,0,0,0,,,0,,0,0,0,0,0,0,,0,0,0,0,0,0,0,0,0,0,,0,,0.0,0.0,0.0,0,1,0,0,0,0,0,0.0,0.0,0,0,0,0,0,0,0,0,0,0,0,0,0,0,0,0,0,0,0,0,0,0,0,,,0,0,0,0,0,0,0,0,0,0,0,0,,,,0,0,0,0,0,0,0,,0,0,0,0,0,0.0,0.0
00-0040636,K.Martin,Keyon Martin,CB,DB,"https://static.www.nfl.com/image/upload/f_auto,q_auto/league/drg6ppedf9zg66vgfpdr",2025,2,REG,BAL,CLE,0,0,0,0,0,0,0,0,0,0,0,0,,,0,,0,0,0,0,0,0,,0,0,0,0,0,0,0,0,0,0,,0,,0.0,0.0,0.0,0,4,1,0,0,0,0,0.0,0.0,0,0,0,0,0,0,0,0,0,0,0,0,0,0,0,0,0,0,0,0,0,0,0,,,0,0,0,0,0,0,0,0,0,0,0,0,,,,0,0,0,0,0,0,0,,0,0,0,0,0,0.0,0.0
00-0040688,M.Starks,Malaki Starks,SAF,DB,"https://static.www.nfl.com/image/upload/f_auto,q_auto/league/wfdoofktfspnxsclihrf",2025,2,REG,BAL,CLE,0,0,0,0,0,0,0,0,0,0,0,0,,,0,,0,0,0,0,0,0,,0,0,0,0,0,0,0,0,0,0,,0,,0.0,0.0,0.0,0,3,1,3,0,0,0,0.0,0.0,0,0,0,0,0,0,0,0,0,0,0,0,0,0,0,0,0,0,0,0,0,0,0,,,0,0,0,0,0,0,0,0,0,0,0,0,,,,0,0,0,0,0,0,0,,0,0,0,0,0,0.0,0.0
00-0040722,M.Green,Mike Green,LB,LB,"https://static.www.nfl.com/image/upload/f_auto,q_auto/league/u7sictvg6th8tpfineb6",2025,2,REG,BAL,CLE,0,0,0,0,0,0,0,0,0,0,0,0,,,0,,0,0,0,0,0,0,,0,0,0,0,0,0,0,0,0,0,,0,,0.0,0.0,0.0,0,0,0,2,0,0,0,0.0,0.0,1,0,0,0,0,0,0,0,0,0,0,0,0,0,0,0,0,0,0,0,0,0,0,,,0,0,0,0,0,0,0,0,0,0,0,0,,,,0,0,0,0,0,0,0,,0,0,0,0,0,0.0,0.0
00-0030070,J.Jenkins,John Jenkins,DT,DL,"https://static.www.nfl.com/image/upload/f_auto,q_auto/league/cgamzernsuzy7zamg3rx",2025,3,REG,BAL,DET,0,0,0,0,0,0,0,0,0,0,0,0,,,0,,0,0,0,0,0,0,,0,0,0,0,0,0,0,0,0,0,,0,,0.0,0.0,0.0,0,5,0,3,1,1,0,0.0,0.0,0,0,0,0,0,0,0,0,0,0,0,0,0,0,0,0,0,0,0,0,0,0,0,,,0,0,0,0,0,0,0,0,0,0,0,0,,,,0,0,0,0,0,0,0,,0,0,0,0,0,0.0,0.0
00-0030564,D.Hopkins,DeAndre Hopkins,WR,WR,"https://static.www.nfl.com/image/upload/f_auto,q_auto/league/snvo6holyfdjmrlqxqxu",2025,3,REG,BAL,DET,0,0,0,0,0,0,0,0,0,0,0,0,,,0,,0,0,0,0,0,0,,0,1,2,13,0,0,0,24,0,1,0.526680895825848,0,0.5416666666666666,0.07142857142857142,0.08450704225352113,0.16629778672032192,0,0,0,0,0,0,0,0.0,0.0,0,0,0,0,0,0,0,0,0,0,0,0,0,0,0,0,0,0,0,0,0,0,0,,,0,0,0,0,0,0,0,0,0,0,0,0,,,,0,0,0,0,0,0,0,,0,0,0,0,0,1.3,2.3
00-0031177,B.Urban,Brent Urban,DE,DL,"https://static.www.nfl.com/image/upload/f_auto,q_auto/league/acp4qzscazxskq9efwnf",2025,3,REG,BAL,DET,0,0,0,0,0,0,0,0,0,0,0,0,,,0,,0,0,0,0,0,0,,0,0,0,0,0,0,0,0,0,0,,0,,0.0,0.0,0.0,0,0,0,1,0,0,0,0.0,0.0,0,0,0,0,0,0,0,0,0,0,0,0,0,0,0,0,0,0,0,0,0,0,0,,,0,0,0,0,0,0,0,0,0,0,0,0,,,,0,0,0,0,0,0,0,,0,0,0,0,0,0.0,0.0
00-0032764,D.Henry,Derrick Henry,RB,RB,"https://static.www.nfl.com/image/upload/f_auto,q_auto/league/jxtikemnvpkw9r0ex2wv",2025,3,REG,BAL,DET,0,1,0,0,0,0,0,0,0,10,0,0,-0.4591185906319879,-33.69303643703461,0,0.0,12,50,1,1,1,2,-5.648319344909396,0,1,1,7,0,0,0,-2,9,0,0.36141569656319916,0,-3.5,0.03571428571428571,-0.007042253521126761,0.048641851106639836,0,0,0,0,0,0,0,0.0,0.0,0,0,0,0,0,0,0,0,0,0,0,0,0,0,0,0,0,0,0,0,0,0,0,,,0,0,0,0,0,0,0,0,0,0,0,0,,,,0,0,0,0,0,0,0,,0,0,0,0,0,9.7,10.7
00-0033281,M.Humphrey,Marlon Humphrey,CB,DB,"https://static.www.nfl.com/image/upload/f_auto,q_auto/league/zru6ellib9fzob6zq5c3",2025,3,REG,BAL,DET,0,0,0,0,0,0,0,0,0,0,0,0,,,0,,0,0,0,0,0,0,,0,0,0,0,0,0,0,0,0,0,,0,,0.0,0.0,0.0,0,3,0,1,0,0,0,0.0,0.0,0,0,0,0,0,0,0,0,0,0,0,0,0,1,5,0,0,0,0,0,0,0,0,,,0,0,0,0,0,0,0,0,0,0,0,0,,,,0,0,0,0,0,0,0,,0,0,0,0,0,0.0,0.0
00-0033548,C.Awuzie,Chidobe Awuzie,CB,DB,"https://static.www.nfl.com/image/upload/f_auto,q_auto/league/qmjzimecbg4ftseg8myr",2025,3,REG,BAL,DET,0,0,0,0,0,0,0,0,0,0,0,0,,,0,,0,0,0,0,0,0,,0,0,0,0,0,0,0,0,0,0,,0,,0.0,0.0,0.0,0,2,0,1,0,0,0,0.0,0.0,0,0,0,0,0,0,0,0,0,0,0,0,0,0,0,0,0,0,0,0,0,0,0,,,0,0,0,0,0,0,0,0,0,0,0,0,,,,0,0,0,0,0,0,0,,0,0,0,0,0,0.0,0.0
00-0034753,M.Andrews,Mark Andrews,TE,TE,"https://static.www.nfl.com/image/upload/f_auto,q_auto/league/wzx3p0hzm3qyqsrfqznb",2025,3,REG,BAL,DET,0,0,0,0,0,0,0,0,0,0,0,0,,,0,,0,0,0,0,0,0,,0,6,6,91,2,0,0,65,26,4,10.055352277995553,0,1.4,0.21428571428571427,0.22887323943661972,0.48163983903420515,0,0,0,0,0,0,0,0.0,0.0,0,0,0,0,0,0,0,0,0,0,0,0,0,0,0,0,0,0,0,0,0,0,0,,,0,0,0,0,0,0,0,0,0,0,0,0,,,,0,0,0,0,0,0,0,,0,0,0,0,0,21.1,27.1
00-0034796,L.Jackson,Lamar Jackson,QB,QB,"https://static.www.nfl.com/image/upload/f_auto,q_auto/league/cruqs6qpbykh7a2whd7p",2025,3,REG,BAL,DET,21,27,288,3,0,7,-55,1,0,274,101,14,11.022880831304771,13.372031185362074,0,1.051094890510949,7,35,0,0,0,2,-1.1629311349825002,0,0,0,0,0,0,0,0,0,0,,0,,0.0,0.0,0.0,0,1,0,0,0,0,0,0.0,0.0,0,0,0,0,0,0,0,0,1,1,0,0,0,0,0,0,0,0,0,0,0,0,0,,,0,0,0,0,0,0,0,0,0,0,0,0,,,,0,0,0,0,0,0,0,,0,0,0,0,0,27.02,27.02
00-0034874,R.Smith,Roquan Smith,ILB,LB,"https://static.www.nfl.com/image/upload/f_auto,q_auto/league/ru4idxsvmhlpiwx6za9a",2025,3,REG,BAL,DET,0,0,0,0,0,0,0,0,0,0,0,0,,,0,,0,0,0,0,0,0,,0,0,0,0,0,0,0,0,0,0,,0,,0.0,0.0,0.0,0,6,0,1,1,9,0,0.0,0.0,1,0,0,0,0,0,0,0,0,0,0,0,0,0,0,0,0,0,0,0,0,0,0,,,0,0,0,0,0,0,0,0,0,0,0,0,,,,0,0,0,0,0,0,0,,0,0,0,0,0,0.0,0.0
00-0034975,J.Hill,Justice Hill,RB,RB,"https://static.www.nfl.com/image/upload/f_auto,q_auto/league/h6p9crhra8ehxju3ubza",2025,3,REG,BAL,DET,0,0,0,0,0,0,0,0,0,0,0,0,,,0,,0,0,0,0,0,0,,0,3,4,45,0,0,0,17,41,1,0.6560126332333311,0,2.6470588235294117,0.14285714285714285,0.05985915492957746,0.25618712273641847,0,0,0,0,0,0,0,0.0,0.0,0,0,0,0,0,0,0,0,0,0,0,0,0,0,0,0,0,0,0,0,0,0,0,,,0,0,0,0,0,0,0,0,0,0,0,0,,,,0,0,0,0,0,0,0,,0,0,0,0,0,4.5,7.5
00-0036081,B.Washington,Broderick Washington,DT,DL,"https://static.www.nfl.com/image/upload/f_auto,q_auto/league/p5tkzkh6v2hda70lwojk",2025,3,REG,BAL,DET,0,0,0,0,0,0,0,0,0,0,0,0,,,0,,0,0,0,0,0,0,,0,0,0,0,0,0,0,0,0,0,,0,,0.0,0.0,0.0,0,1,0,3,0,0,0,0.0,0.0,0,0,0,0,0,0,0,0,0,0,0,0,0,0,0,0,0,0,0,0,0,0,0,,,0,0,0,0,0,0,0,0,0,0,0,0,,,,0,0,0,0,0,0,0,,0,0,0,0,0,0.0,0.0
00-0036550,R.Bateman,Rashod Bateman,WR,WR,"https://static.www.nfl.com/image/upload/f_auto,q_auto/league/gtktmsfcxc1eijwpwzyq",2025,3,REG,BAL,DET,0,0,0,0,0,0,0,0,0,0,0,0,,,0,,0,0,0,0,0,0,,0,5,7,63,1,0,0,95,2,5,6.203143524879124,0,0.6631578947368421,0.25,0.3345070422535211,0.6091549295774648,0,0,0,0,0,0,0,0.0,0.0,0,0,0,0,0,0,0,0,0,0,0,0,0,0,0,0,0,0,0,0,0,0,0,,,0,0,0,0,0,0,0,0,0,0,0,0,,,,0,0,0,0,0,0,0,,0,0,0,0,0,12.3,17.3
00-0036630,T.Wallace,Tylan Wallace,WR,WR,"https://static.www.nfl.com/image/upload/f_auto,q_auto/league/rifnnpeub6okv41offnd",2025,3,REG,BAL,DET,0,0,0,0,0,0,0,0,0,0,0,0,,,0,,0,0,0,0,0,0,,0,0,1,0,0,0,0,10,0,0,-0.4591185906319879,0,0.0,0.03571428571428571,0.035211267605633804,0.07821931589537223,0,1,0,1,0,0,0,0.0,0.0,0,0,0,0,0,0,0,0,0,0,0,0,0,0,0,0,0,0,0,0,0,0,0,,,0,0,0,0,0,0,0,0,0,0,0,0,,,,0,0,0,0,0,0,0,,0,0,0,0,0,0.0,0.0
00-0036940,O.Oweh,Odafe Oweh,LB,LB,"https://static.www.nfl.com/image/upload/f_auto,q_auto/league/ommzbeg07ayr9x4t9rpr",2025,3,REG,BAL,DET,0,0,0,0,0,0,0,0,0,0,0,0,,,0,,0,0,0,0,0,0,,0,0,0,0,0,0,0,0,0,0,,0,,0.0,0.0,0.0,0,1,0,1,1,3,0,0.0,0.0,2,0,0,0,0,0,0,0,0,0,0,0,0,0,0,0,0,0,0,0,0,0,0,,,0,0,0,0,0,0,0,0,0,0,0,0,,,,0,0,0,0,0,0,0,,0,0,0,0,0,0.0,0.0
00-0037633,J.Hummel,Jacob Hummel,LB,LB,"https://static.www.nfl.com/image/upload/f_auto,q_auto/league/yeqyn79axqsyvi7iqcpl",2025,3,REG,BAL,DET,0,0,0,0,0,0,0,0,0,0,0,0,,,0,,0,0,0,0,0,0,,0,0,0,0,0,0,0,0,0,0,,0,,0.0,0.0,0.0,0,0,0,1,0,0,0,0.0,0.0,0,0,0,0,0,0,0,0,0,0,0,0,0,0,0,0,0,0,0,0,0,0,0,,,0,0,0,0,0,0,0,0,0,0,0,0,,,,0,0,0,0,0,0,0,,0,0,0,0,0,0.0,0.0
00-0037756,T.Jones,Travis Jones,DT,DL,"https://static.www.nfl.com/image/upload/f_auto,q_auto/league/wm1f5uddgq3xmivgmrkz",2025,3,REG,BAL,DET,0,0,0,0,0,0,0,0,0,0,0,0,,,0,,0,0,0,0,0,0,,0,0,0,0,0,0,0,0,0,0,,0,,0.0,0.0,0.0,0,1,0,0,0,0,0,0.0,0.0,0,0,0,0,0,0,0,0,0,0,0,0,0,0,0,0,0,0,0,0,0,0,0,,,0,0,0,0,0,0,0,0,0,0,0,0,,,,0,0,0,0,0,0,0,,0,0,0,0,0,0.0,0.0
00-0038038,K.Hamilton,Kyle Hamilton,SAF,DB,"https://static.www.nfl.com/image/upload/f_auto,q_auto/league/chrrlhiriydmjomv3s2f",2025,3,REG,BAL,DET,0,0,0,0,0,0,0,0,0,0,0,0,,,0,,0,0,0,0,0,0,,0,0,0,0,0,0,0,0,0,0,,0,,0.0,0.0,0.0,0,5,0,4,0,0,0,0.0,0.0,0,0,0,0,0,0,0,0,0,0,0,0,0,0,0,0,0,0,0,0,0,0,0,,,0,0,0,0,0,0,0,0,0,0,0,0,,,,0,0,0,0,0,0,0,,0,0,0,0,0,0.0,0.0
00-0038046,C.Kolar,Charlie Kolar,TE,TE,"https://static.www.nfl.com/image/upload/f_auto,q_auto/league/g75ws8vkqz9cqwifhcy7",2025,3,REG,BAL,DET,0,0,0,0,0,0,0,0,0,0,0,0,,,0,,0,0,0,0,0,0,,0,2,3,22,0,0,0,34,7,1,1.2151058103190735,0,0.6470588235294118,0.10714285714285714,0.11971830985915492,0.24451710261569415,0,0,0,0,0,0,0,0.0,0.0,0,0,0,0,0,0,0,0,0,0,0,0,0,1,5,0,0,0,0,0,0,0,0,,,0,0,0,0,0,0,0,0,0,0,0,0,,,,0,0,0,0,0,0,0,,0,0,0,0,0,2.2,4.2
00-0038094,J.Stout,Jordan Stout,P,SPEC,"https://static.www.nfl.com/image/upload/f_auto,q_auto/league/ta8m8jfnaotfjnasvy2e",2025,3,REG,BAL,DET,0,0,0,0,0,0,0,0,0,0,0,0,,,0,,0,0,0,0,0,0,,0,0,0,0,0,0,0,0,0,0,,0,,0.0,0.0,0.0,0,0,0,0,0,0,0,0.0,0.0,0,0,0,0,0,0,0,0,0,0,0,0,0,0,0,0,0,0,0,0,0,0,0,,,0,0,0,0,0,0,0,0,0,0,0,0,,,,0,0,0,0,0,0,0,,0,0,0,0,0,0.0,0.0
00-0038504,T.Simpson,Trenton Simpson,LB,LB,"https://static.www.nfl.com/image/upload/f_auto,q_auto/league/ozi4oorc2wbcbonnjoo8",2025,3,REG,BAL,DET,0,0,0,0,0,0,0,0,0,0,0,0,,,0,,0,0,0,0,0,0,,0,0,0,0,0,0,0,0,0,0,,0,,0.0,0.0,0.0,0,0,0,1,0,0,0,0.0,0.0,0,0,0,0,0,0,0,0,0,0,0,0,0,0,0,0,0,0,0,0,0,0,0,,,0,0,0,0,0,0,0,0,0,0,0,0,,,,0,0,0,0,0,0,0,,0,0,0,0,0,0.0,0.0
00-0038505,T.Robinson,Tavius Robinson,LB,LB,"https://static.www.nfl.com/image/upload/f_auto,q_auto/league/jmwnobonw2ieerdw5ynd",2025,3,REG,BAL,DET,0,0,0,0,0,0,0,0,0,0,0,0,,,0,,0,0,0,0,0,0,,0,0,0,0,0,0,0,0,0,0,,0,,0.0,0.0,0.0,0,0,0,3,0,0,0,0.0,0.0,0,0,0,0,0,0,0,0,0,0,0,0,0,0,0,0,0,0,0,0,0,0,0,,,0,0,0,0,0,0,0,0,0,0,0,0,,,,0,0,0,0,0,0,0,,0,0,0,0,0,0.0,0.0
00-0039064,Z.Flowers,Zay Flowers,WR,WR,"https://static.www.nfl.com/image/upload/f_auto,q_auto/league/sqqh8gmxdpo55qwpsszj",2025,3,REG,BAL,DET,0,0,0,0,0,0,0,0,0,0,0,0,,,0,,0,0,0,0,0,0,,0,2,3,13,0,0,0,9,14,1,0.27812237844057386,0,1.4444444444444444,0.10714285714285714,0.03169014084507042,0.182897384305835,0,0,0,0,0,0,0,0.0,0.0,0,0,0,0,0,0,0,0,0,0,0,0,0,0,0,0,0,0,0,0,0,0,0,,,0,0,0,0,0,0,0,0,0,0,0,0,,,,0,0,0,0,0,0,0,,0,0,0,0,0,1.3,3.3
00-0039232,N.Wiggins,Nate Wiggins,CB,DB,"https://static.www.nfl.com/image/upload/f_auto,q_auto/league/ggnkwrepoggazbn1s2ld",2025,3,REG,BAL,DET,0,0,0,0,0,0,0,0,0,0,0,0,,,0,,0,0,0,0,0,0,,0,0,0,0,0,0,0,0,0,0,,0,,0.0,0.0,0.0,0,1,0,1,0,0,0,0.0,0.0,0,0,0,1,0,0,0,0,0,0,0,0,0,0,0,0,0,0,0,0,0,0,0,,,0,0,0,0,0,0,0,0,0,0,0,0,,,,0,0,0,0,0,0,0,,0,0,0,0,0,0.0,0.0
00-0039234,T.Tampa,T.J. Tampa,CB,DB,"https://static.www.nfl.com/image/upload/f_auto,q_auto/league/poanrufasprugy1q1ulq",2025,3,REG,BAL,DET,0,0,0,0,0,0,0,0,0,0,0,0,,,0,,0,0,0,0,0,0,,0,0,0,0,0,0,0,0,0,0,,0,,0.0,0.0,0.0,0,3,0,0,0,0,0,0.0,0.0,0,0,0,0,0,0,0,0,0,0,0,0,0,0,0,0,0,0,0,0,0,0,0,,,0,0,0,0,0,0,0,0,0,0,0,0,,,,0,0,0,0,0,0,0,,0,0,0,0,0,0.0,0.0
00-0039235,S.Kane,Sanoussi Kane,SAF,DB,"https://static.www.nfl.com/image/upload/f_auto,q_auto/league/uj78zgtqjemh0ftylsjd",2025,3,REG,BAL,DET,0,0,0,0,0,0,0,0,0,0,0,0,,,0,,0,0,0,0,0,0,,0,0,0,0,0,0,0,0,0,0,,0,,0.0,0.0,0.0,0,0,0,1,0,0,0,0.0,0.0,0,0,0,0,0,0,0,0,0,0,0,0,0,0,0,0,0,0,0,0,0,0,0,,,0,0,0,0,0,0,0,0,0,0,0,0,,,,0,0,0,0,0,0,0,,0,0,0,0,0,0.0,0.0
00-0039792,D.Walker,Devontez Walker,WR,WR,"https://static.www.nfl.com/image/upload/f_auto,q_auto/league/d8qrpenynncwink7dqs2",2025,3,REG,BAL,DET,0,0,0,0,0,0,0,0,0,0,0,0,,,0,,0,0,0,0,0,0,,0,1,1,34,0,0,0,32,2,1,2.8129720741999336,0,1.0625,0.03571428571428571,0.11267605633802817,0.13244466800804827,0,0,0,0,0,0,0,0.0,0.0,0,0,0,0,0,0,0,0,0,0,0,0,0,0,0,0,0,0,0,0,0,0,0,,,0,0,0,0,0,0,0,0,0,0,0,0,,,,0,0,0,0,0,0,0,,0,0,0,0,0,3.4000000000000004,4.4
00-0039796,R.Ali,Rasheen Ali,RB,RB,"https://static.www.nfl.com/image/upload/f_auto,q_auto/league/zwjrkzu3ia3cfrwgotqt",2025,3,REG,BAL,DET,0,0,0,0,0,0,0,0,0,0,0,0,,,0,,0,0,0,0,0,0,,0,0,0,0,0,0,0,0,0,0,,0,,0.0,0.0,0.0,0,0,0,1,0,0,0,0.0,0.0,0,0,0,0,0,0,0,0,0,0,0,0,0,0,0,0,0,4,105,0,0,0,0,,,0,0,0,0,0,0,0,0,0,0,0,0,,,,0,0,0,0,0,0,0,,0,0,0,0,0,0.0,0.0
00-0040069,T.Buchanan,Teddye Buchanan,LB,LB,"https://static.www.nfl.com/image/upload/f_auto,q_auto/league/gdrupqieujvpskzimnbb",2025,3,REG,BAL,DET,0,0,0,0,0,0,0,0,0,0,0,0,,,0,,0,0,0,0,0,0,,0,0,0,0,0,0,0,0,0,0,,0,,0.0,0.0,0.0,0,3,1,4,0,0,0,0.0,0.0,0,0,0,0,0,0,0,0,0,0,0,0,0,0,0,0,0,0,0,0,0,0,0,,,0,0,0,0,0,0,0,0,0,0,0,0,,,,0,0,0,0,0,0,0,,0,0,0,0,0,0.0,0.0
00-0040074,T.Loop,Tyler Loop,K,SPEC,"https://static.www.nfl.com/image/upload/f_auto,q_auto/league/vp3vows5aq3sgnadgtjf",2025,3,REG,BAL,DET,0,0,0,0,0,0,0,0,0,0,0,0,,,0,,0,0,0,0,0,0,,0,0,0,0,0,0,0,0,0,0,,0,,0.0,0.0,0.0,0,0,0,0,0,0,0,0.0,0.0,0,0,0,0,0,0,0,0,0,0,0,0,0,1,0,0,0,0,0,1,1,0,0,41.0,1.0,0,0,0,1,0,0,0,0,0,0,0,0,41,,,41,0,0,3,3,0,0,1.0,0,0,0,0,0,0.0,0.0
00-0040075,L.Wester,LaJohntay Wester,WR,WR,"https://static.www.nfl.com/image/upload/f_auto,q_auto/league/grf2sg34y8tvysnqiamd",2025,3,REG,BAL,DET,0,0,0,0,0,0,0,0,0,0,0,0,,,0,,0,0,0,0,0,0,,0,0,0,0,0,0,0,0,0,0,,0,,0.0,0.0,0.0,0,0,0,0,0,0,0,0.0,0.0,0,0,0,0,0,0,0,0,0,0,0,0,0,0,0,3,31,0,0,0,0,0,0,,,0,0,0,0,0,0,0,0,0,0,0,0,,,,0,0,0,0,0,0,0,,0,0,0,0,0,0.0,0.0
00-0040076,A.Peebles,Aeneas Peebles,DT,DL,"https://static.www.nfl.com/image/upload/f_auto,q_auto/league/fi3wuv7cm3hx5xotrbaq",2025,3,REG,BAL,DET,0,0,0,0,0,0,0,0,0,0,0,0,,,0,,0,0,0,0,0,0,,0,0,0,0,0,0,0,0,0,0,,0,,0.0,0.0,0.0,0,0,0,1,0,0,0,0.0,0.0,1,0,0,0,0,0,0,0,0,0,0,0,0,0,0,0,0,0,0,0,0,0,0,,,0,0,0,0,0,0,0,0,0,0,0,0,,,,0,0,0,0,0,0,0,,0,0,0,0,0,0.0,0.0
00-0040100,J.Higgins,Jay Higgins,LB,LB,"https://static.www.nfl.com/image/upload/f_auto,q_auto/league/zsbevehh3h4bsqiyga5q",2025,3,REG,BAL,DET,0,0,0,0,0,0,0,0,0,0,0,0,,,0,,0,0,0,0,0,0,,0,0,0,0,0,0,0,0,0,0,,0,,0.0,0.0,0.0,0,0,0,1,0,0,0,0.0,0.0,0,0,0,0,0,0,0,0,0,0,0,0,0,0,0,0,0,0,0,0,0,0,0,,,0,0,0,0,0,0,0,0,0,0,0,0,,,,0,0,0,0,0,0,0,,0,0,0,0,0,0.0,0.0
00-0040636,K.Martin,Keyon Martin,CB,DB,"https://static.www.nfl.com/image/upload/f_auto,q_auto/league/drg6ppedf9zg66vgfpdr",2025,3,REG,BAL,DET,0,0,0,0,0,0,0,0,0,0,0,0,,,0,,0,0,0,0,0,0,,0,0,0,0,0,0,0,0,0,0,,0,,0.0,0.0,0.0,0,1,0,0,0,0,0,0.0,0.0,0,0,0,0,0,0,0,0,0,0,0,0,0,0,0,0,0,0,0,0,0,0,0,,,0,0,0,0,0,0,0,0,0,0,0,0,,,,0,0,0,0,0,0,0,,0,0,0,0,0,0.0,0.0
00-0040688,M.Starks,Malaki Starks,SAF,DB,"https://static.www.nfl.com/image/upload/f_auto,q_auto/league/wfdoofktfspnxsclihrf",2025,3,REG,BAL,DET,0,0,0,0,0,0,0,0,0,0,0,0,,,0,,0,0,0,0,0,0,,0,0,0,0,0,0,0,0,0,0,,0,,0.0,0.0,0.0,0,3,0,5,1,3,0,0.0,0.0,0,0,0,0,0,0,0,0,0,0,0,0,0,0,0,0,0,0,0,0,0,0,0,,,0,0,0,0,0,0,0,0,0,0,0,0,,,,0,0,0,0,0,0,0,,0,0,0,0,0,0.0,0.0
00-0040722,M.Green,Mike Green,LB,LB,"https://static.www.nfl.com/image/upload/f_auto,q_auto/league/u7sictvg6th8tpfineb6",2025,3,REG,BAL,DET,0,0,0,0,0,0,0,0,0,0,0,0,,,0,,0,0,0,0,0,0,,0,0,0,0,0,0,0,0,0,0,,0,,0.0,0.0,0.0,0,2,0,2,0,0,0,0.0,0.0,1,0,0,0,0,0,0,0,0,0,0,0,0,0,0,0,0,0,0,0,0,0,0,,,0,0,0,0,0,0,0,0,0,0,0,0,,,,0,0,0,0,0,0,0,,0,0,0,0,0,0.0,0.0
