player_id,player_name,player_display_name,position,position_group,headshot_url,season,week,season_type,team,opponent_team,completions,attempts,passing_yards,passing_tds,passing_interceptions,sacks_suffered,sack_yards_lost,sack_fumbles,sack_fumbles_lost,passing_air_yards,passing_yards_after_catch,passing_first_downs,passing_epa,passing_cpoe,passing_2pt_conversions,pacr,carries,rushing_yards,rushing_tds,rushing_fumbles,rushing_fumbles_lost,rushing_first_downs,rushing_epa,rushing_2pt_conversions,receptions,targets,receiving_yards,receiving_tds,receiving_fumbles,receiving_fumbles_lost,receiving_air_yards,receiving_yards_after_catch,receiving_first_downs,receiving_epa,receiving_2pt_conversions,racr,target_share,air_yards_share,wopr,special_teams_tds,def_tackles_solo,def_tackles_with_assist,def_tackle_assists,def_tackles_for_loss,def_tackles_for_loss_yards,def_fumbles_forced,def_sacks,def_sack_yards,def_qb_hits,def_interceptions,def_interception_yards,def_pass_defended,def_tds,def_fumbles,def_safeties,misc_yards,fumble_recovery_own,fumble_recovery_yards_own,fumble_recovery_opp,fumble_recovery_yards_opp,fumble_recovery_tds,penalties,penalty_yards,punt_returns,punt_return_yards,kickoff_returns,kickoff_return_yards,fg_made,fg_att,fg_missed,fg_blocked,fg_long,fg_pct,fg_made_0_19,fg_made_20_29,fg_made_30_39,fg_made_40_49,fg_made_50_59,fg_made_60_,fg_missed_0_19,fg_missed_20_29,fg_missed_30_39,fg_missed_40_49,fg_missed_50_59,fg_missed_60_,fg_made_list,fg_missed_list,fg_blocked_list,fg_made_distance,fg_missed_distance,fg_blocked_distance,pat_made,pat_att,pat_missed,pat_blocked,pat_pct,gwfg_made,gwfg_att,gwfg_missed,gwfg_blocked,gwfg_distance,fantasy_points,fantasy_points_ppr
00-0030506,T.Kelce,Travis Kelce,TE,TE,"https://static.www.nfl.com/image/upload/f_auto,q_auto/league/ebc5j60djpinc9elvlc5",2025,1,REG,KC,LAC,0,0,0,0,0,0,0,0,0,0,0,0,,,0,,0,0,0,0,0,0,,0,2,4,47,1,0,0,24,24,2,2.9727956554852426,0,1.9583333333333333,0.10526315789473684,0.08856088560885608,0.2198873567683045,0,0,0,0,0,0,0,0.0,0.0,0,0,0,0,0,0,0,0,0,0,0,0,0,0,0,0,0,0,0,0,0,0,0,,,0,0,0,0,0,0,0,0,0,0,0,0,,,,0,0,0,0,0,0,0,,0,0,0,0,0,10.7,12.7
00-0032762,C.Jones,Chris Jones,DE,DL,"https://static.www.nfl.com/image/upload/f_auto,q_auto/league/yrka1thykkvkfo4ixrxc",2025,1,REG,KC,LAC,0,0,0,0,0,0,0,0,0,0,0,0,,,0,,0,0,0,0,0,0,,0,0,0,0,0,0,0,0,0,0,,0,,0.0,0.0,0.0,0,0,0,2,0,0,0,0.0,0.0,0,0,0,0,0,0,0,0,0,0,0,0,0,0,0,0,0,0,0,0,0,0,0,,,0,0,0,0,0,0,0,0,0,0,0,0,,,,0,0,0,0,0,0,0,,0,0,0,0,0,0.0,0.0
00-0033303,H.Butker,Harrison Butker,K,SPEC,"https://static.www.nfl.com/image/upload/f_auto,q_auto/league/ove4pmnrtqtuyta6rrlc",2025,1,REG,KC,LAC,0,0,0,0,0,0,0,0,0,0,0,0,,,0,,0,0,0,0,0,0,,0,0,0,0,0,0,0,0,0,0,,0,,0.0,0.0,0.0,0,0,0,0,0,0,0,0.0,0.0,0,0,0,0,0,0,0,0,0,0,0,0,0,0,0,0,0,0,0,3,3,0,0,59.0,1.0,0,1,1,0,1,0,0,0,0,0,0,0,35;59;27,,,121,0,0,0,1,1,0,0.0,0,0,0,0,0,0.0,0.0
00-0033857,J.Smith-Schuster,JuJu Smith-Schuster,WR,WR,"https://static.www.nfl.com/image/upload/f_auto,q_auto/league/fmjrhk2zt9z22uifctv0",2025,1,REG,KC,LAC,0,0,0,0,0,0,0,0,0,0,0,0,,,0,,0,0,0,0,0,0,,0,5,5,55,0,0,0,29,26,1,4.612270607263781,0,1.896551724137931,0.13157894736842105,0.1070110701107011,0.27227617013012234,0,0,0,0,0,0,0,0.0,0.0,0,0,0,0,0,0,0,0,0,0,0,0,0,0,0,0,0,0,0,0,0,0,0,,,0,0,0,0,0,0,0,0,0,0,0,0,,,,0,0,0,0,0,0,0,,0,0,0,0,0,5.5,10.5
00-0033873,P.Mahomes,Patrick Mahomes,QB,QB,"https://static.www.nfl.com/image/upload/f_auto,q_auto/league/iireqbn32cpg9fn4sfy7",2025,1,REG,KC,LAC,24,39,258,1,0,2,-9,0,0,271,116,9,3.4485526789862906,-5.99277631232613,0,0.9520295202952029,6,57,1,0,0,5,7.211467055254616,0,0,0,0,0,0,0,0,0,0,,0,,0.0,0.0,0.0,0,0,0,0,0,0,0,0.0,0.0,0,0,0,0,0,0,0,0,1,1,0,0,0,0,0,0,0,0,0,0,0,0,0,,,0,0,0,0,0,0,0,0,0,0,0,0,,,,0,0,0,0,0,0,0,,0,0,0,0,0,26.02,26.02
00-0033923,K.Hunt,Kareem Hunt,RB,RB,"https://static.www.nfl.com/image/upload/f_auto,q_auto/league/hktvzf8hiupoycyg1kmc",2025,1,REG,KC,LAC,0,0,0,0,0,0,0,0,0,0,0,0,,,0,,5,16,0,0,0,2,2.3410449299262837,0,2,3,10,0,0,0,-2,12,1,0.41320900770369917,0,-5.0,0.07894736842105263,-0.007380073800738007,0.11325500097106234,0,0,0,0,0,0,0,0.0,0.0,0,0,0,0,0,0,0,0,0,0,0,0,0,0,0,0,0,0,0,0,0,0,0,,,0,0,0,0,0,0,0,0,0,0,0,0,,,,0,0,0,0,0,0,0,,0,0,0,0,0,2.6,4.6
00-0034818,D.Nnadi,Derrick Nnadi,NT,DL,"https://static.www.nfl.com/image/upload/f_auto,q_auto/league/dbzhxihrdflpqcgcn7z4",2025,1,REG,KC,LAC,0,0,0,0,0,0,0,0,0,0,0,0,,,0,,0,0,0,0,0,0,,0,0,0,0,0,0,0,0,0,0,,0,,0.0,0.0,0.0,0,1,0,0,0,0,0,0.0,0.0,0,0,0,0,0,0,0,0,0,0,0,0,0,0,0,0,0,0,0,0,0,0,0,,,0,0,0,0,0,0,0,0,0,0,0,0,,,,0,0,0,0,0,0,0,,0,0,0,0,0,0.0,0.0
00-0035237,J.Taylor,Jawaan Taylor,OT,OL,"https://static.www.nfl.com/image/upload/f_auto,q_auto/league/honwntzfepzenss8uqhw",2025,1,REG,KC,LAC,0,0,0,0,0,0,0,0,0,0,0,0,,,0,,0,0,0,0,0,0,,0,0,0,0,0,0,0,0,0,0,,0,,0.0,0.0,0.0,0,0,0,0,0,0,0,0.0,0.0,0,0,0,0,0,0,0,0,0,0,0,0,0,4,30,0,0,0,0,0,0,0,0,,,0,0,0,0,0,0,0,0,0,0,0,0,,,,0,0,0,0,0,0,0,,0,0,0,0,0,0.0,0.0
00-0035262,D.Tranquill,Drue Tranquill,LB,LB,"https://static.www.nfl.com/image/upload/f_auto,q_auto/league/azjrwh0rdddskgckydsq",2025,1,REG,KC,LAC,0,0,0,0,0,0,0,0,0,0,0,0,,,0,,0,0,0,0,0,0,,0,0,0,0,0,0,0,0,0,0,,0,,0.0,0.0,0.0,0,4,0,1,2,13,0,2.0,13.0,2,0,0,0,0,0,0,0,0,0,0,0,0,0,0,0,0,0,0,0,0,0,0,,,0,0,0,0,0,0,0,0,0,0,0,0,,,,0,0,0,0,0,0,0,,0,0,0,0,0,0.0,0.0
00-0035279,C.Omenihu,Charles Omenihu,DE,DL,"https://static.www.nfl.com/image/upload/f_auto,q_auto/league/eqdzy6rghyb0sywwbd8i",2025,1,REG,KC,LAC,0,0,0,0,0,0,0,0,0,0,0,0,,,0,,0,0,0,0,0,0,,0,0,0,0,0,0,0,0,0,0,,0,,0.0,0.0,0.0,0,2,0,0,0,0,0,0.0,0.0,1,0,0,0,0,0,0,0,0,0,0,0,0,0,0,0,0,0,0,0,0,0,0,,,0,0,0,0,0,0,0,0,0,0,0,0,,,,0,0,0,0,0,0,0,,0,0,0,0,0,0.0,0.0
00-0035662,M.Brown,Marquise Brown,WR,WR,"https://static.www.nfl.com/image/upload/f_auto,q_auto/league/ixuddegcphzmvjn4jq6r",2025,1,REG,KC,LAC,0,0,0,0,0,0,0,0,0,0,0,0,,,0,,0,0,0,0,0,0,,0,10,16,99,0,0,0,101,39,4,3.1377431839355268,0,0.9801980198019802,0.42105263157894735,0.3726937269372694,0.8924645562245095,0,0,0,0,0,0,0,0.0,0.0,0,0,0,0,0,0,0,0,0,0,0,0,0,0,0,0,0,0,0,0,0,0,0,,,0,0,0,0,0,0,0,0,0,0,0,0,,,,0,0,0,0,0,0,0,,0,0,0,0,0,9.9,19.9
00-0035674,J.Tillery,Jerry Tillery,DT,DL,"https://static.www.nfl.com/image/upload/f_auto,q_auto/league/hyof95ttrz9czoqaxac7",2025,1,REG,KC,LAC,0,0,0,0,0,0,0,0,0,0,0,0,,,0,,0,0,0,0,0,0,,0,0,0,0,0,0,0,0,0,0,,0,,0.0,0.0,0.0,0,1,0,0,1,1,0,0.0,0.0,0,0,0,0,0,0,0,0,0,0,0,0,0,0,0,0,0,0,0,0,0,0,0,,,0,0,0,0,0,0,0,0,0,0,0,0,,,,0,0,0,0,0,0,0,,0,0,0,0,0,0.0,0.0
00-0036378,M.Danna,Michael Danna,DE,DL,"https://static.www.nfl.com/image/private/f_auto,q_auto/league/oiywq8es1rm2rjnpbouw",2025,1,REG,KC,LAC,0,0,0,0,0,0,0,0,0,0,0,0,,,0,,0,0,0,0,0,0,,0,0,0,0,0,0,0,0,0,0,,0,,0.0,0.0,0.0,0,0,1,1,1,1,0,0.0,0.0,0,0,0,0,0,0,0,0,0,0,0,0,0,0,0,0,0,0,0,0,0,0,0,,,0,0,0,0,0,0,0,0,0,0,0,0,,,,0,0,0,0,0,0,0,,0,0,0,0,0,0.0,0.0
00-0036416,K.Fulton,Kristian Fulton,CB,DB,"https://static.www.nfl.com/image/upload/f_auto,q_auto/league/gxh7dcqykzmo2nadvs5u",2025,1,REG,KC,LAC,0,0,0,0,0,0,0,0,0,0,0,0,,,0,,0,0,0,0,0,0,,0,0,0,0,0,0,0,0,0,0,,0,,0.0,0.0,0.0,0,1,0,0,0,0,0,0.0,0.0,0,0,0,0,0,0,0,0,0,0,0,0,0,0,0,0,0,0,0,0,0,0,0,,,0,0,0,0,0,0,0,0,0,0,0,0,,,,0,0,0,0,0,0,0,,0,0,0,0,0,0.0,0.0
00-0036621,N.Bolton,Nick Bolton,LB,LB,"https://static.www.nfl.com/image/upload/f_auto,q_auto/league/qwdpcmobp7qgdzqgltlr",2025,1,REG,KC,LAC,0,0,0,0,0,0,0,0,0,0,0,0,,,0,,0,0,0,0,0,0,,0,0,0,0,0,0,0,0,0,0,,0,,0.0,0.0,0.0,0,6,0,2,0,0,0,0.0,0.0,0,0,0,0,0,0,0,0,0,0,0,0,0,0,0,0,0,0,0,0,0,0,0,,,0,0,0,0,0,0,0,0,0,0,0,0,,,,0,0,0,0,0,0,0,,0,0,0,0,0,0.0,0.0
00-0036623,C.Humphrey,Creed Humphrey,C,OL,"https://static.www.nfl.com/image/upload/f_auto,q_auto/league/ggz2h81ghybmrerlgdsq",2025,1,REG,KC,LAC,0,0,0,0,0,0,0,0,0,0,0,0,,,0,,0,0,0,0,0,0,,0,0,0,0,0,0,0,0,0,0,,0,,0.0,0.0,0.0,0,0,0,0,0,0,0,0.0,0.0,0,0,0,0,0,0,0,0,0,0,0,0,0,0,0,0,0,0,0,0,0,0,0,,,0,0,0,0,0,0,0,0,0,0,0,0,,,,0,0,0,0,0,0,0,,0,0,0,0,0,0.0,0.0
00-0036637,N.Gray,Noah Gray,TE,TE,"https://static.www.nfl.com/image/upload/f_auto,q_auto/league/yugngcrdfxh0nwzl4zwp",2025,1,REG,KC,LAC,0,0,0,0,0,0,0,0,0,0,0,0,,,0,,0,0,0,0,0,0,,0,1,1,3,0,0,0,3,0,0,-0.2543896081809355,0,1.0,0.02631578947368421,0.01107011070110701,0.04722276170130122,0,0,0,0,0,0,0,0.0,0.0,0,0,0,0,0,0,0,0,0,0,0,0,0,0,0,0,0,0,0,0,0,0,0,,,0,0,0,0,0,0,0,0,0,0,0,0,,,,0,0,0,0,0,0,0,,0,0,0,0,0,0.30000000000000004,1.3
00-0037191,T.McDuffie,Trent McDuffie,CB,DB,"https://static.www.nfl.com/image/upload/f_auto,q_auto/league/nkb7xmyxy4uxe4qhablh",2025,1,REG,KC,LAC,0,0,0,0,0,0,0,0,0,0,0,0,,,0,,0,0,0,0,0,0,,0,0,0,0,0,0,0,0,0,0,,0,,0.0,0.0,0.0,0,4,0,1,0,0,0,0.0,0.0,0,0,0,1,0,0,0,0,0,0,0,0,0,0,0,0,0,0,0,0,0,0,0,,,0,0,0,0,0,0,0,0,0,0,0,0,,,,0,0,0,0,0,0,0,,0,0,0,0,0,0.0,0.0
00-0037192,G.Karlaftis,George Karlaftis,DE,DL,"https://static.www.nfl.com/image/upload/f_auto,q_auto/league/hxs6hihwuusxydnr8skh",2025,1,REG,KC,LAC,0,0,0,0,0,0,0,0,0,0,0,0,,,0,,0,0,0,0,0,0,,0,0,0,0,0,0,0,0,0,0,,0,,0.0,0.0,0.0,0,1,1,1,2,2,0,1.0,1.0,1,0,0,0,0,0,0,0,0,0,0,0,0,2,13,0,0,0,0,0,0,0,0,,,0,0,0,0,0,0,0,0,0,0,0,0,,,,0,0,0,0,0,0,0,,0,0,0,0,0,0.0,0.0
00-0037193,B.Cook,Bryan Cook,SAF,DB,"https://static.www.nfl.com/image/upload/f_auto,q_auto/league/ge8j9sel1xacfl2plnol",2025,1,REG,KC,LAC,0,0,0,0,0,0,0,0,0,0,0,0,,,0,,0,0,0,0,0,0,,0,0,0,0,0,0,0,0,0,0,,0,,0.0,0.0,0.0,0,2,0,1,0,0,0,0.0,0.0,0,0,0,0,0,0,0,0,0,0,0,0,0,0,0,0,0,0,0,0,0,0,0,,,0,0,0,0,0,0,0,0,0,0,0,0,,,,0,0,0,0,0,0,0,,0,0,0,0,0,0.0,0.0
00-0037195,J.Watson,Jaylen Watson,CB,DB,"https://static.www.nfl.com/image/upload/f_auto,q_auto/league/vxmoq9pwno4z14gldecd",2025,1,REG,KC,LAC,0,0,0,0,0,0,0,0,0,0,0,0,,,0,,0,0,0,0,0,0,,0,0,0,0,0,0,0,0,0,0,,0,,0.0,0.0,0.0,0,5,0,1,0,0,0,0.0,0.0,0,0,0,1,0,0,0,0,0,0,0,0,0,0,0,0,0,0,0,0,0,0,0,,,0,0,0,0,0,0,0,0,0,0,0,0,,,,0,0,0,0,0,0,0,,0,0,0,0,0,0.0,0.0
00-0037197,I.Pacheco,Isiah Pacheco,RB,RB,"https://static.www.nfl.com/image/upload/f_auto,q_auto/league/tqshteijt4xhgk2ei9sx",2025,1,REG,KC,LAC,0,0,0,0,0,0,0,0,0,0,0,0,,,0,,5,25,0,0,0,1,0.16055593750206754,0,2,3,3,0,0,0,-12,10,0,-1.9994852069066837,0,-0.25,0.07894736842105263,-0.04428044280442804,0.08742474266847931,0,0,0,0,0,0,0,0.0,0.0,0,0,0,0,0,0,0,0,0,0,0,0,0,0,0,0,0,0,0,0,0,0,0,,,0,0,0,0,0,0,0,0,0,0,0,0,,,,0,0,0,0,0,0,0,,0,0,0,0,0,2.8000000000000003,4.800000000000001
00-0037208,J.Cochrane,Jack Cochrane,LB,LB,"https://static.www.nfl.com/image/upload/f_auto,q_auto/league/oh1dnddhxhzozoatq0z9",2025,1,REG,KC,LAC,0,0,0,0,0,0,0,0,0,0,0,0,,,0,,0,0,0,0,0,0,,0,0,0,0,0,0,0,0,0,0,,0,,0.0,0.0,0.0,0,0,0,1,0,0,0,0.0,0.0,0,0,0,0,0,0,0,0,0,0,0,0,0,0,0,0,0,0,0,0,0,0,0,,,0,0,0,0,0,0,0,0,0,0,0,0,,,,0,0,0,0,0,0,0,,0,0,0,0,0,0.0,0.0
00-0037284,M.Araiza,Matt Araiza,P,SPEC,"https://static.www.nfl.com/image/upload/f_auto,q_auto/league/q4wjyhw18fj0omjkzql4",2025,1,REG,KC,LAC,0,0,0,0,0,0,0,0,0,0,0,0,,,0,,0,0,0,0,0,0,,0,0,0,0,0,0,0,0,0,0,,0,,0.0,0.0,0.0,0,0,0,0,0,0,0,0.0,0.0,0,0,0,0,0,0,0,0,0,0,0,0,0,0,0,0,0,0,0,0,0,0,0,,,0,0,0,0,0,0,0,0,0,0,0,0,,,,0,0,0,0,0,0,0,,0,0,0,0,0,0.0,0.0
00-0037819,L.Chenal,Leo Chenal,LB,LB,"https://static.www.nfl.com/image/upload/f_auto,q_auto/league/x09uj5ta65jfceysfi2v",2025,1,REG,KC,LAC,0,0,0,0,0,0,0,0,0,0,0,0,,,0,,0,0,0,0,0,0,,0,0,0,0,0,0,0,0,0,0,,0,,0.0,0.0,0.0,0,1,0,1,0,0,0,0.0,0.0,0,0,0,0,0,0,0,0,0,0,0,0,0,0,0,0,0,0,0,0,0,0,0,,,0,0,0,0,0,0,0,0,0,0,0,0,,,,0,0,0,0,0,0,0,,0,0,0,0,0,0.0,0.0
00-0038043,J.Williams,Joshua Williams,CB,DB,"https://static.www.nfl.com/image/upload/f_auto,q_auto/league/gpyxftvkpvbwrc7srrgt",2025,1,REG,KC,LAC,0,0,0,0,0,0,0,0,0,0,0,0,,,0,,0,0,0,0,0,0,,0,0,0,0,0,0,0,0,0,0,,0,,0.0,0.0,0.0,0,0,0,0,0,0,0,0.0,0.0,0,0,0,0,0,0,0,0,0,0,0,0,0,1,10,0,0,0,0,0,0,0,0,,,0,0,0,0,0,0,0,0,0,0,0,0,,,,0,0,0,0,0,0,0,,0,0,0,0,0,0.0,0.0
00-0038104,T.Thornton,Tyquan Thornton,WR,WR,"https://static.www.nfl.com/image/upload/f_auto,q_auto/league/bjqzuempyiwxe0hl7e5a",2025,1,REG,KC,LAC,0,0,0,0,0,0,0,0,0,0,0,0,,,0,,0,0,0,0,0,0,,0,2,4,41,0,0,0,115,5,1,-1.0332888546399772,0,0.3565217391304348,0.10526315789473684,0.42435424354243545,0.45494270732181,0,0,0,0,0,0,0,0.0,0.0,0,0,0,0,0,0,0,0,0,0,0,0,0,0,0,0,0,1,28,0,0,0,0,,,0,0,0,0,0,0,0,0,0,0,0,0,,,,0,0,0,0,0,0,0,,0,0,0,0,0,4.1000000000000005,6.1000000000000005
00-0038492,J.Brownlee,Jason Brownlee,WR,WR,"https://static.www.nfl.com/image/upload/f_auto,q_auto/league/gnqpsix71nvcuclltghc",2025,1,REG,KC,LAC,0,0,0,0,0,0,0,0,0,0,0,0,,,0,,0,0,0,0,0,0,,0,0,1,0,0,0,0,9,0,0,-0.7134253880445582,0,0.0,0.02631578947368421,0.033210332103321034,0.06272091668285104,0,0,0,0,0,0,0,0.0,0.0,0,0,0,0,0,0,0,0,0,0,0,0,0,0,0,0,0,0,0,0,0,0,0,,,0,0,0,0,0,0,0,0,0,0,0,0,,,,0,0,0,0,0,0,0,,0,0,0,0,0,0.0,0.0
00-0038519,N.Remigio,Nikko Remigio,WR,WR,"https://static.www.nfl.com/image/upload/f_auto,q_auto/league/tsvjshclrrbqv9mrbyj9",2025,1,REG,KC,LAC,0,0,0,0,0,0,0,0,0,0,0,0,,,0,,0,0,0,0,0,0,,0,0,0,0,0,0,0,0,0,0,,0,,0.0,0.0,0.0,0,0,0,0,0,0,0,0.0,0.0,0,0,0,0,0,0,0,0,0,0,0,0,0,0,0,2,7,2,56,0,0,0,0,,,0,0,0,0,0,0,0,0,0,0,0,0,,,,0,0,0,0,0,0,0,,0,0,0,0,0,0.0,0.0
00-0038982,C.Conner,Chamarri Conner,DB,DB,"https://static.www.nfl.com/image/upload/f_auto,q_auto/league/fzzbwoogfbowestdz7gz",2025,1,REG,KC,LAC,0,0,0,0,0,0,0,0,0,0,0,0,,,0,,0,0,0,0,0,0,,0,0,0,0,0,0,0,0,0,0,,0,,0.0,0.0,0.0,0,7,0,3,0,0,1,0.0,0.0,0,0,0,0,0,0,0,0,0,0,0,0,0,0,0,0,0,0,0,0,0,0,0,,,0,0,0,0,0,0,0,0,0,0,0,0,,,,0,0,0,0,0,0,0,,0,0,0,0,0,0.0,0.0
00-0039825,J.Hicks,Jaden Hicks,SAF,DB,"https://static.www.nfl.com/image/upload/f_auto,q_auto/league/lvcirt1ekbyj97v6mdzx",2025,1,REG,KC,LAC,0,0,0,0,0,0,0,0,0,0,0,0,,,0,,0,0,0,0,0,0,,0,0,0,0,0,0,0,0,0,0,,0,,0.0,0.0,0.0,0,3,0,1,0,0,0,0.0,0.0,0,0,0,0,0,0,0,0,0,0,0,0,0,1,8,0,0,0,0,0,0,0,0,,,0,0,0,0,0,0,0,0,0,0,0,0,,,,0,0,0,0,0,0,0,,0,0,0,0,0,0.0,0.0
00-0039894,X.Worthy,Xavier Worthy,WR,WR,"https://static.www.nfl.com/image/upload/f_auto,q_auto/league/ue6fp8xwnyo7ftvabbb8",2025,1,REG,KC,LAC,0,0,0,0,0,0,0,0,0,0,0,0,,,0,,1,0,0,0,0,0,-0.8066269843839109,0,0,1,0,0,0,0,4,0,0,-1.56532017653808,0,0.0,0.02631578947368421,0.014760147601476014,0.04980578753155952,0,0,0,0,0,0,0,0.0,0.0,0,0,0,0,0,0,0,0,0,0,0,0,0,0,0,0,0,0,0,0,0,0,0,,,0,0,0,0,0,0,0,0,0,0,0,0,,,,0,0,0,0,0,0,0,,0,0,0,0,0,0.0,0.0
00-0040078,B.Smith,Brashard Smith,RB,RB,"https://static.www.nfl.com/image/upload/f_auto,q_auto/league/u3t4csj7hhcgymvb8ldf",2025,1,REG,KC,LAC,0,0,0,0,0,0,0,0,0,0,0,0,,,0,,0,0,0,0,0,0,,0,0,0,0,0,0,0,0,0,0,,0,,0.0,0.0,0.0,0,0,0,0,0,0,0,0.0,0.0,0,0,0,0,0,0,0,0,0,0,0,0,0,0,0,0,0,2,63,0,0,0,0,,,0,0,0,0,0,0,0,0,0,0,0,0,,,,0,0,0,0,0,0,0,,0,0,0,0,0,0.0,0.0
00-0040116,J.Simmons,Josh Simmons,OT,OL,"https://static.www.nfl.com/image/upload/f_auto,q_auto/league/q6zopiqcmhy8fpsxvrdf",2025,1,REG,KC,LAC,0,0,0,0,0,0,0,0,0,0,0,0,,,0,,0,0,0,0,0,0,,0,0,0,0,0,0,0,0,0,0,,0,,0.0,0.0,0.0,0,0,0,0,0,0,0,0.0,0.0,0,0,0,0,0,0,0,0,0,0,0,0,0,2,10,0,0,0,0,0,0,0,0,,,0,0,0,0,0,0,0,0,0,0,0,0,,,,0,0,0,0,0,0,0,,0,0,0,0,0,0.0,0.0
00-0040118,C.McDonald,Cooper McDonald,LB,LB,"https://static.www.nfl.com/image/upload/f_auto,q_auto/league/v0oin5wbqdnsmsf5uckx",2025,1,REG,KC,LAC,0,0,0,0,0,0,0,0,0,0,0,0,,,0,,0,0,0,0,0,0,,0,0,0,0,0,0,0,0,0,0,,0,,0.0,0.0,0.0,0,0,0,1,0,0,0,0.0,0.0,0,0,0,0,0,0,0,0,0,0,0,0,0,0,0,0,0,0,0,0,0,0,0,,,0,0,0,0,0,0,0,0,0,0,0,0,,,,0,0,0,0,0,0,0,,0,0,0,0,0,0.0,0.0
00-0040640,A.Gillotte,Ashton Gillotte,DE,DL,"https://static.www.nfl.com/image/upload/f_auto,q_auto/league/kosxaikscmzp69msssey",2025,1,REG,KC,LAC,0,0,0,0,0,0,0,0,0,0,0,0,,,0,,0,0,0,0,0,0,,0,0,0,0,0,0,0,0,0,0,,0,,0.0,0.0,0.0,0,1,0,0,0,0,0,0.0,0.0,0,0,0,0,0,0,0,0,0,0,0,0,0,0,0,0,0,0,0,0,0,0,0,,,0,0,0,0,0,0,0,0,0,0,0,0,,,,0,0,0,0,0,0,0,,0,0,0,0,0,0.0,0.0
00-0040670,N.Williams,Nohl Williams,CB,DB,"https://static.www.nfl.com/image/upload/f_auto,q_auto/league/wgzpsljodoj0uanznf5e",2025,1,REG,KC,LAC,0,0,0,0,0,0,0,0,0,0,0,0,,,0,,0,0,0,0,0,0,,0,0,0,0,0,0,0,0,0,0,,0,,0.0,0.0,0.0,0,1,0,1,0,0,0,0.0,0.0,0,0,0,0,0,0,0,0,0,0,0,0,0,0,0,0,0,0,0,0,0,0,0,,,0,0,0,0,0,0,0,0,0,0,0,0,,,,0,0,0,0,0,0,0,,0,0,0,0,0,0.0,0.0
00-0030506,T.Kelce,Travis Kelce,TE,TE,"https://static.www.nfl.com/image/upload/f_auto,q_auto/league/ebc5j60djpinc9elvlc5",2025,2,REG,KC,PHI,0,0,0,0,0,0,0,0,0,0,0,0,,,0,,0,0,0,0,0,0,,0,4,6,61,0,0,0,37,37,3,-0.3012629764270969,0,1.6486486486486487,0.20689655172413793,0.11974110032362459,0.3941635978127441,0,0,0,0,0,0,0,0.0,0.0,0,0,0,0,0,0,0,0,0,0,0,0,0,0,0,0,0,0,0,0,0,0,0,,,0,0,0,0,0,0,0,0,0,0,0,0,,,,0,0,0,0,0,0,0,,0,0,0,0,0,6.1000000000000005,10.100000000000001
00-0030615,J.Winchester,James Winchester,LS,SPEC,"https://static.www.nfl.com/image/upload/f_auto,q_auto/league/qw1jmfvcpwxx12cewfqg",2025,2,REG,KC,PHI,0,0,0,0,0,0,0,0,0,0,0,0,,,0,,0,0,0,0,0,0,,0,0,0,0,0,0,0,0,0,0,,0,,0.0,0.0,0.0,0,1,0,0,0,0,0,0.0,0.0,0,0,0,0,0,0,0,0,0,0,0,0,0,0,0,0,0,0,0,0,0,0,0,,,0,0,0,0,0,0,0,0,0,0,0,0,,,,0,0,0,0,0,0,0,,0,0,0,0,0,0.0,0.0
00-0032762,C.Jones,Chris Jones,DE,DL,"https://static.www.nfl.com/image/upload/f_auto,q_auto/league/yrka1thykkvkfo4ixrxc",2025,2,REG,KC,PHI,0,0,0,0,0,0,0,0,0,0,0,0,,,0,,0,0,0,0,0,0,,0,0,0,0,0,0,0,0,0,0,,0,,0.0,0.0,0.0,0,2,0,0,2,3,0,0.0,0.0,1,0,0,0,0,0,0,0,0,0,0,0,0,2,10,0,0,0,0,0,0,0,0,,,0,0,0,0,0,0,0,0,0,0,0,0,,,,0,0,0,0,0,0,0,,0,0,0,0,0,0.0,0.0
00-0033303,H.Butker,Harrison Butker,K,SPEC,"https://static.www.nfl.com/image/upload/f_auto,q_auto/league/ove4pmnrtqtuyta6rrlc",2025,2,REG,KC,PHI,0,0,0,0,0,0,0,0,0,0,0,0,,,0,,0,0,0,0,0,0,,0,0,0,0,0,0,0,0,0,0,,0,,0.0,0.0,0.0,0,0,0,0,0,0,0,0.0,0.0,0,0,0,0,0,0,0,0,0,0,0,0,0,0,0,0,0,0,0,1,2,1,0,56.0,0.5,0,0,0,0,1,0,0,0,0,0,1,0,56,58,,56,58,0,2,2,0,0,1.0,0,0,0,0,0,0.0,0.0
00-0033857,J.Smith-Schuster,JuJu Smith-Schuster,WR,WR,"https://static.www.nfl.com/image/upload/f_auto,q_auto/league/fmjrhk2zt9z22uifctv0",2025,2,REG,KC,PHI,0,0,0,0,0,0,0,0,0,0,0,0,,,0,,0,0,0,0,0,0,,0,1,3,5,0,0,0,19,0,0,-1.587477196007967,0,0.2631578947368421,0.10344827586206896,0.061488673139158574,0.19821448499051444,0,0,0,0,0,0,0,0.0,0.0,0,0,0,0,0,0,0,0,0,0,0,0,0,0,0,0,0,0,0,0,0,0,0,,,0,0,0,0,0,0,0,0,0,0,0,0,,,,0,0,0,0,0,0,0,,0,0,0,0,0,0.5,1.5
00-0033873,P.Mahomes,Patrick Mahomes,QB,QB,"https://static.www.nfl.com/image/upload/f_auto,q_auto/league/iireqbn32cpg9fn4sfy7",2025,2,REG,KC,PHI,16,29,187,1,1,2,-14,0,0,309,68,7,-7.1535654113225045,-5.841067638890497,0,0.6051779935275081,7,66,1,0,0,5,6.408956878702156,0,0,0,0,0,0,0,0,0,0,,0,,0.0,0.0,0.0,0,0,0,0,0,0,0,0.0,0.0,0,0,0,0,0,0,0,0,0,0,0,0,0,0,0,0,0,0,0,0,0,0,0,,,0,0,0,0,0,0,0,0,0,0,0,0,,,,0,0,0,0,0,0,0,,0,0,0,0,0,22.080000000000002,22.080000000000002
00-0033923,K.Hunt,Kareem Hunt,RB,RB,"https://static.www.nfl.com/image/upload/f_auto,q_auto/league/hktvzf8hiupoycyg1kmc",2025,2,REG,KC,PHI,0,0,0,0,0,0,0,0,0,0,0,0,,,0,,8,31,0,1,0,3,-2.8975824393600513,0,1,1,3,0,0,0,-3,6,0,-1.277931013610214,0,-1.0,0.034482758620689655,-0.009708737864077669,0.04492802142618012,0,0,0,0,0,0,0,0.0,0.0,0,0,0,0,0,0,0,0,1,1,0,0,0,1,5,0,0,0,0,0,0,0,0,,,0,0,0,0,0,0,0,0,0,0,0,0,,,,0,0,0,0,0,0,0,,0,0,0,0,0,3.4000000000000004,4.4
00-0034818,D.Nnadi,Derrick Nnadi,NT,DL,"https://static.www.nfl.com/image/upload/f_auto,q_auto/league/dbzhxihrdflpqcgcn7z4",2025,2,REG,KC,PHI,0,0,0,0,0,0,0,0,0,0,0,0,,,0,,0,0,0,0,0,0,,0,0,0,0,0,0,0,0,0,0,,0,,0.0,0.0,0.0,0,1,0,3,0,0,0,0.0,0.0,0,0,0,0,0,0,0,0,0,0,0,0,0,0,0,0,0,0,0,0,0,0,0,,,0,0,0,0,0,0,0,0,0,0,0,0,,,,0,0,0,0,0,0,0,,0,0,0,0,0,0.0,0.0
00-0035237,J.Taylor,Jawaan Taylor,OT,OL,"https://static.www.nfl.com/image/upload/f_auto,q_auto/league/honwntzfepzenss8uqhw",2025,2,REG,KC,PHI,0,0,0,0,0,0,0,0,0,0,0,0,,,0,,0,0,0,0,0,0,,0,0,0,0,0,0,0,0,0,0,,0,,0.0,0.0,0.0,0,0,0,0,0,0,0,0.0,0.0,0,0,0,0,0,0,0,0,0,0,0,0,0,1,10,0,0,0,0,0,0,0,0,,,0,0,0,0,0,0,0,0,0,0,0,0,,,,0,0,0,0,0,0,0,,0,0,0,0,0,0.0,0.0
00-0035262,D.Tranquill,Drue Tranquill,LB,LB,"https://static.www.nfl.com/image/upload/f_auto,q_auto/league/azjrwh0rdddskgckydsq",2025,2,REG,KC,PHI,0,0,0,0,0,0,0,0,0,0,0,0,,,0,,0,0,0,0,0,0,,0,0,0,0,0,0,0,0,0,0,,0,,0.0,0.0,0.0,0,4,0,2,0,0,0,0.0,0.0,0,0,0,0,0,0,0,0,0,0,0,0,0,0,0,0,0,0,0,0,0,0,0,,,0,0,0,0,0,0,0,0,0,0,0,0,,,,0,0,0,0,0,0,0,,0,0,0,0,0,0.0,0.0
00-0035279,C.Omenihu,Charles Omenihu,DE,DL,"https://static.www.nfl.com/image/upload/f_auto,q_auto/league/eqdzy6rghyb0sywwbd8i",2025,2,REG,KC,PHI,0,0,0,0,0,0,0,0,0,0,0,0,,,0,,0,0,0,0,0,0,,0,0,0,0,0,0,0,0,0,0,,0,,0.0,0.0,0.0,0,1,0,1,0,0,0,0.0,0.0,0,0,0,0,0,0,0,0,0,0,0,0,0,2,20,0,0,0,0,0,0,0,0,,,0,0,0,0,0,0,0,0,0,0,0,0,,,,0,0,0,0,0,0,0,,0,0,0,0,0,0.0,0.0
00-0035662,M.Brown,Marquise Brown,WR,WR,"https://static.www.nfl.com/image/upload/f_auto,q_auto/league/ixuddegcphzmvjn4jq6r",2025,2,REG,KC,PHI,0,0,0,0,0,0,0,0,0,0,0,0,,,0,,0,0,0,0,0,0,,0,5,5,30,0,0,0,22,8,2,-0.014629681245423853,0,1.3636363636363635,0.1724137931034483,0.07119741100323625,0.3084588773574378,0,0,0,0,0,0,0,0.0,0.0,0,0,0,0,0,0,0,0,0,0,0,0,0,0,0,0,0,0,0,0,0,0,0,,,0,0,0,0,0,0,0,0,0,0,0,0,,,,0,0,0,0,0,0,0,,0,0,0,0,0,3.0,8.0
00-0035674,J.Tillery,Jerry Tillery,DT,DL,"https://static.www.nfl.com/image/upload/f_auto,q_auto/league/hyof95ttrz9czoqaxac7",2025,2,REG,KC,PHI,0,0,0,0,0,0,0,0,0,0,0,0,,,0,,0,0,0,0,0,0,,0,0,0,0,0,0,0,0,0,0,,0,,0.0,0.0,0.0,0,1,0,0,0,0,0,0.0,0.0,0,0,0,0,0,0,0,0,0,0,0,0,0,0,0,0,0,0,0,0,0,0,0,,,0,0,0,0,0,0,0,0,0,0,0,0,,,,0,0,0,0,0,0,0,,0,0,0,0,0,0.0,0.0
00-0036621,N.Bolton,Nick Bolton,LB,LB,"https://static.www.nfl.com/image/upload/f_auto,q_auto/league/qwdpcmobp7qgdzqgltlr",2025,2,REG,KC,PHI,0,0,0,0,0,0,0,0,0,0,0,0,,,0,,0,0,0,0,0,0,,0,0,0,0,0,0,0,0,0,0,,0,,0.0,0.0,0.0,0,3,0,3,0,0,0,0.0,0.0,0,0,0,0,0,0,0,0,0,0,0,0,0,0,0,0,0,0,0,0,0,0,0,,,0,0,0,0,0,0,0,0,0,0,0,0,,,,0,0,0,0,0,0,0,,0,0,0,0,0,0.0,0.0
00-0036637,N.Gray,Noah Gray,TE,TE,"https://static.www.nfl.com/image/upload/f_auto,q_auto/league/yugngcrdfxh0nwzl4zwp",2025,2,REG,KC,PHI,0,0,0,0,0,0,0,0,0,0,0,0,,,0,,0,0,0,0,0,0,,0,1,5,1,0,0,0,51,3,0,-4.025034452206455,0,0.0196078431372549,0.1724137931034483,0.1650485436893204,0.3741546702376967,0,0,0,0,0,0,0,0.0,0.0,0,0,0,0,0,0,0,0,0,0,0,0,0,0,0,0,0,0,0,0,0,0,0,,,0,0,0,0,0,0,0,0,0,0,0,0,,,,0,0,0,0,0,0,0,,0,0,0,0,0,0.1,1.1
00-0037191,T.McDuffie,Trent McDuffie,CB,DB,"https://static.www.nfl.com/image/upload/f_auto,q_auto/league/nkb7xmyxy4uxe4qhablh",2025,2,REG,KC,PHI,0,0,0,0,0,0,0,0,0,0,0,0,,,0,,0,0,0,0,0,0,,0,0,0,0,0,0,0,0,0,0,,0,,0.0,0.0,0.0,0,3,0,0,0,0,0,0.0,0.0,0,0,0,1,0,0,0,0,0,0,0,0,0,0,0,0,0,0,0,0,0,0,0,,,0,0,0,0,0,0,0,0,0,0,0,0,,,,0,0,0,0,0,0,0,,0,0,0,0,0,0.0,0.0
00-0037192,G.Karlaftis,George Karlaftis,DE,DL,"https://static.www.nfl.com/image/upload/f_auto,q_auto/league/hxs6hihwuusxydnr8skh",2025,2,REG,KC,PHI,0,0,0,0,0,0,0,0,0,0,0,0,,,0,,0,0,0,0,0,0,,0,0,0,0,0,0,0,0,0,0,,0,,0.0,0.0,0.0,0,1,0,2,0,0,0,0.0,0.0,0,0,0,0,0,0,0,0,0,0,0,0,0,0,0,0,0,0,0,0,0,0,0,,,0,0,0,0,0,0,0,0,0,0,0,0,,,,0,0,0,0,0,0,0,,0,0,0,0,0,0.0,0.0
00-0037193,B.Cook,Bryan Cook,SAF,DB,"https://static.www.nfl.com/image/upload/f_auto,q_auto/league/ge8j9sel1xacfl2plnol",2025,2,REG,KC,PHI,0,0,0,0,0,0,0,0,0,0,0,0,,,0,,0,0,0,0,0,0,,0,0,0,0,0,0,0,0,0,0,,0,,0.0,0.0,0.0,0,4,0,0,0,0,0,0.0,0.0,0,0,0,1,0,0,0,0,0,0,0,0,0,0,0,0,0,0,0,0,0,0,0,,,0,0,0,0,0,0,0,0,0,0,0,0,,,,0,0,0,0,0,0,0,,0,0,0,0,0,0.0,0.0
00-0037195,J.Watson,Jaylen Watson,CB,DB,"https://static.www.nfl.com/image/upload/f_auto,q_auto/league/vxmoq9pwno4z14gldecd",2025,2,REG,KC,PHI,0,0,0,0,0,0,0,0,0,0,0,0,,,0,,0,0,0,0,0,0,,0,0,0,0,0,0,0,0,0,0,,0,,0.0,0.0,0.0,0,2,0,7,0,0,0,0.0,0.0,0,0,0,0,0,0,0,0,0,0,0,0,0,0,0,0,0,0,0,0,0,0,0,,,0,0,0,0,0,0,0,0,0,0,0,0,,,,0,0,0,0,0,0,0,,0,0,0,0,0,0.0,0.0
00-0037197,I.Pacheco,Isiah Pacheco,RB,RB,"https://static.www.nfl.com/image/upload/f_auto,q_auto/league/tqshteijt4xhgk2ei9sx",2025,2,REG,KC,PHI,0,0,0,0,0,0,0,0,0,0,0,0,,,0,,10,22,0,0,0,1,-3.7231798035791144,0,1,2,7,0,0,0,-4,7,0,-0.036872101947665215,0,-1.75,0.06896551724137931,-0.012944983818770227,0.0943867871889298,0,0,0,0,0,0,0,0.0,0.0,0,0,0,0,0,0,0,0,0,0,0,0,0,0,0,0,0,0,0,0,0,0,0,,,0,0,0,0,0,0,0,0,0,0,0,0,,,,0,0,0,0,0,0,0,,0,0,0,0,0,2.9000000000000004,3.9000000000000004
00-0037284,M.Araiza,Matt Araiza,P,SPEC,"https://static.www.nfl.com/image/upload/f_auto,q_auto/league/q4wjyhw18fj0omjkzql4",2025,2,REG,KC,PHI,0,0,0,0,0,0,0,0,0,0,0,0,,,0,,0,0,0,0,0,0,,0,0,0,0,0,0,0,0,0,0,,0,,0.0,0.0,0.0,0,0,0,0,0,0,0,0.0,0.0,0,0,0,0,0,0,0,0,0,0,0,0,0,0,0,0,0,0,0,0,0,0,0,,,0,0,0,0,0,0,0,0,0,0,0,0,,,,0,0,0,0,0,0,0,,0,0,0,0,0,0.0,0.0
00-0037819,L.Chenal,Leo Chenal,LB,LB,"https://static.www.nfl.com/image/upload/f_auto,q_auto/league/x09uj5ta65jfceysfi2v",2025,2,REG,KC,PHI,0,0,0,0,0,0,0,0,0,0,0,0,,,0,,0,0,0,0,0,0,,0,0,0,0,0,0,0,0,0,0,,0,,0.0,0.0,0.0,0,2,0,2,1,3,0,0.0,0.0,0,0,0,0,0,0,0,0,0,0,0,0,0,0,0,0,0,0,0,0,0,0,0,,,0,0,0,0,0,0,0,0,0,0,0,0,,,,0,0,0,0,0,0,0,,0,0,0,0,0,0.0,0.0
00-0038104,T.Thornton,Tyquan Thornton,WR,WR,"https://static.www.nfl.com/image/upload/f_auto,q_auto/league/bjqzuempyiwxe0hl7e5a",2025,2,REG,KC,PHI,0,0,0,0,0,0,0,0,0,0,0,0,,,0,,0,0,0,0,0,0,,0,2,5,59,1,0,0,169,4,1,3.083401399780996,0,0.34911242603550297,0.1724137931034483,0.5469255663430421,0.6414685860953019,0,0,0,0,0,0,0,0.0,0.0,0,0,0,0,0,0,0,0,0,0,0,0,0,0,0,0,0,0,0,0,0,0,0,,,0,0,0,0,0,0,0,0,0,0,0,0,,,,0,0,0,0,0,0,0,,0,0,0,0,0,11.9,13.9
00-0038519,N.Remigio,Nikko Remigio,WR,WR,"https://static.www.nfl.com/image/upload/f_auto,q_auto/league/tsvjshclrrbqv9mrbyj9",2025,2,REG,KC,PHI,0,0,0,0,0,0,0,0,0,0,0,0,,,0,,0,0,0,0,0,0,,0,1,1,21,0,0,0,18,3,1,2.176661997975316,0,1.1666666666666667,0.034482758620689655,0.05825242718446602,0.0925008369601607,0,0,0,0,0,0,0,0.0,0.0,0,0,0,0,0,0,0,0,0,0,0,0,0,0,0,2,42,2,43,0,0,0,0,,,0,0,0,0,0,0,0,0,0,0,0,0,,,,0,0,0,0,0,0,0,,0,0,0,0,0,2.1,3.1
00-0038982,C.Conner,Chamarri Conner,DB,DB,"https://static.www.nfl.com/image/upload/f_auto,q_auto/league/fzzbwoogfbowestdz7gz",2025,2,REG,KC,PHI,0,0,0,0,0,0,0,0,0,0,0,0,,,0,,0,0,0,0,0,0,,0,0,0,0,0,0,0,0,0,0,,0,,0.0,0.0,0.0,0,3,0,6,0,0,0,0.0,0.0,1,0,0,0,0,0,0,0,0,0,0,0,0,0,0,0,0,0,0,0,0,0,0,,,0,0,0,0,0,0,0,0,0,0,0,0,,,,0,0,0,0,0,0,0,,0,0,0,0,0,0.0,0.0
00-0039825,J.Hicks,Jaden Hicks,SAF,DB,"https://static.www.nfl.com/image/upload/f_auto,q_auto/league/lvcirt1ekbyj97v6mdzx",2025,2,REG,KC,PHI,0,0,0,0,0,0,0,0,0,0,0,0,,,0,,0,0,0,0,0,0,,0,0,0,0,0,0,0,0,0,0,,0,,0.0,0.0,0.0,0,1,0,1,0,0,0,0.0,0.0,0,0,0,0,0,0,0,0,0,0,0,0,0,0,0,0,0,0,0,0,0,0,0,,,0,0,0,0,0,0,0,0,0,0,0,0,,,,0,0,0,0,0,0,0,,0,0,0,0,0,0.0,0.0
00-0040072,J.Bassa,Jeffrey Bassa,LB,LB,"https://static.www.nfl.com/image/upload/f_auto,q_auto/league/bzt58zbyfoxwxe1nhczt",2025,2,REG,KC,PHI,0,0,0,0,0,0,0,0,0,0,0,0,,,0,,0,0,0,0,0,0,,0,0,0,0,0,0,0,0,0,0,,0,,0.0,0.0,0.0,0,2,0,0,0,0,0,0.0,0.0,0,0,0,0,0,0,0,0,0,0,0,0,0,0,0,0,0,0,0,0,0,0,0,,,0,0,0,0,0,0,0,0,0,0,0,0,,,,0,0,0,0,0,0,0,,0,0,0,0,0,0.0,0.0
00-0040078,B.Smith,Brashard Smith,RB,RB,"https://static.www.nfl.com/image/upload/f_auto,q_auto/league/u3t4csj7hhcgymvb8ldf",2025,2,REG,KC,PHI,0,0,0,0,0,0,0,0,0,0,0,0,,,0,,1,2,0,0,0,0,-0.3463878706097603,0,0,1,0,0,0,0,0,0,0,-1.5543910642154515,0,,0.034482758620689655,0.0,0.05172413793103448,0,0,0,0,0,0,0,0.0,0.0,0,0,0,0,0,0,0,0,0,0,0,0,0,0,0,0,0,2,52,0,0,0,0,,,0,0,0,0,0,0,0,0,0,0,0,0,,,,0,0,0,0,0,0,0,,0,0,0,0,0,0.2,0.2
00-0040089,K.Knowles,Kevin Knowles,DB,DB,"https://static.www.nfl.com/image/upload/f_auto,q_auto/league/xgenulob3njuvpzrruvl",2025,2,REG,KC,PHI,0,0,0,0,0,0,0,0,0,0,0,0,,,0,,0,0,0,0,0,0,,0,0,0,0,0,0,0,0,0,0,,0,,0.0,0.0,0.0,0,1,0,0,0,0,0,0.0,0.0,0,0,0,0,0,0,0,0,0,0,0,0,0,0,0,0,0,0,0,0,0,0,0,,,0,0,0,0,0,0,0,0,0,0,0,0,,,,0,0,0,0,0,0,0,,0,0,0,0,0,0.0,0.0
00-0040116,J.Simmons,Josh Simmons,OT,OL,"https://static.www.nfl.com/image/upload/f_auto,q_auto/league/q6zopiqcmhy8fpsxvrdf",2025,2,REG,KC,PHI,0,0,0,0,0,0,0,0,0,0,0,0,,,0,,0,0,0,0,0,0,,0,0,0,0,0,0,0,0,0,0,,0,,0.0,0.0,0.0,0,1,0,0,0,0,0,0.0,0.0,0,0,0,0,0,0,0,0,0,0,0,0,0,0,0,0,0,0,0,0,0,0,0,,,0,0,0,0,0,0,0,0,0,0,0,0,,,,0,0,0,0,0,0,0,,0,0,0,0,0,0.0,0.0
00-0040640,A.Gillotte,Ashton Gillotte,DE,DL,"https://static.www.nfl.com/image/upload/f_auto,q_auto/league/kosxaikscmzp69msssey",2025,2,REG,KC,PHI,0,0,0,0,0,0,0,0,0,0,0,0,,,0,,0,0,0,0,0,0,,0,0,0,0,0,0,0,0,0,0,,0,,0.0,0.0,0.0,0,1,0,2,1,1,0,0.0,0.0,0,0,0,0,0,0,0,0,0,0,0,0,0,0,0,0,0,0,0,0,0,0,0,,,0,0,0,0,0,0,0,0,0,0,0,0,,,,0,0,0,0,0,0,0,,0,0,0,0,0,0.0,0.0
00-0040670,N.Williams,Nohl Williams,CB,DB,"https://static.www.nfl.com/image/upload/f_auto,q_auto/league/wgzpsljodoj0uanznf5e",2025,2,REG,KC,PHI,0,0,0,0,0,0,0,0,0,0,0,0,,,0,,0,0,0,0,0,0,,0,0,0,0,0,0,0,0,0,0,,0,,0.0,0.0,0.0,0,1,0,1,0,0,0,0.0,0.0,0,0,0,2,0,0,0,0,0,0,0,0,0,0,0,0,0,0,0,0,0,0,0,,,0,0,0,0,0,0,0,0,0,0,0,0,,,,0,0,0,0,0,0,0,,0,0,0,0,0,0.0,0.0
00-0040748,O.Norman-Lott,Omarr Norman-Lott,DT,DL,"https://static.www.nfl.com/image/upload/f_auto,q_auto/league/jp69jatihj5oqc37g9gv",2025,2,REG,KC,PHI,0,0,0,0,0,0,0,0,0,0,0,0,,,0,,0,0,0,0,0,0,,0,0,0,0,0,0,0,0,0,0,,0,,0.0,0.0,0.0,0,2,0,0,1,4,0,1.0,4.0,1,0,0,0,0,0,0,0,0,0,0,0,0,0,0,0,0,0,0,0,0,0,0,,,0,0,0,0,0,0,0,0,0,0,0,0,,,,0,0,0,0,0,0,0,,0,0,0,0,0,0.0,0.0
00-0030506,T.Kelce,Travis Kelce,TE,TE,"https://static.www.nfl.com/image/upload/f_auto,q_auto/league/ebc5j60djpinc9elvlc5",2025,3,REG,KC,NYG,0,0,0,0,0,0,0,0,0,0,0,0,,,0,,0,0,0,0,0,0,,0,4,7,26,0,0,0,31,20,2,0.06713920790934935,0,0.8387096774193549,0.2,0.09717868338557993,0.368025078369906,0,0,0,0,0,0,0,0.0,0.0,0,0,0,0,0,0,0,0,0,0,0,0,0,0,0,0,0,0,0,0,0,0,0,,,0,0,0,0,0,0,0,0,0,0,0,0,,,,0,0,0,0,0,0,0,,0,0,0,0,0,2.6,6.6
00-0030615,J.Winchester,James Winchester,LS,SPEC,"https://static.www.nfl.com/image/upload/f_auto,q_auto/league/qw1jmfvcpwxx12cewfqg",2025,3,REG,KC,NYG,0,0,0,0,0,0,0,0,0,0,0,0,,,0,,0,0,0,0,0,0,,0,0,0,0,0,0,0,0,0,0,,0,,0.0,0.0,0.0,0,1,0,0,0,0,0,0.0,0.0,0,0,0,0,0,0,0,0,0,0,0,0,0,0,0,0,0,0,0,0,0,0,0,,,0,0,0,0,0,0,0,0,0,0,0,0,,,,0,0,0,0,0,0,0,,0,0,0,0,0,0.0,0.0
00-0032762,C.Jones,Chris Jones,DE,DL,"https://static.www.nfl.com/image/upload/f_auto,q_auto/league/yrka1thykkvkfo4ixrxc",2025,3,REG,KC,NYG,0,0,0,0,0,0,0,0,0,0,0,0,,,0,,0,0,0,0,0,0,,0,0,0,0,0,0,0,0,0,0,,0,,0.0,0.0,0.0,0,1,0,0,1,5,0,1.0,5.0,2,0,0,0,0,0,0,0,0,0,0,0,0,1,5,0,0,0,0,0,0,0,0,,,0,0,0,0,0,0,0,0,0,0,0,0,,,,0,0,0,0,0,0,0,,0,0,0,0,0,0.0,0.0
00-0033303,H.Butker,Harrison Butker,K,SPEC,"https://static.www.nfl.com/image/upload/f_auto,q_auto/league/ove4pmnrtqtuyta6rrlc",2025,3,REG,KC,NYG,0,0,0,0,0,0,0,0,0,0,0,0,,,0,,0,0,0,0,0,0,,0,0,0,0,0,0,0,0,0,0,,0,,0.0,0.0,0.0,0,0,0,0,0,0,0,0.0,0.0,0,0,0,0,0,0,0,0,0,0,0,0,0,0,0,0,0,0,0,3,4,1,0,54.0,0.75,0,1,0,1,1,0,0,0,0,1,0,0,54;48;28,40,,130,40,0,1,2,1,0,0.5,0,0,0,0,0,0.0,0.0
00-0033857,J.Smith-Schuster,JuJu Smith-Schuster,WR,WR,"https://static.www.nfl.com/image/upload/f_auto,q_auto/league/fmjrhk2zt9z22uifctv0",2025,3,REG,KC,NYG,0,0,0,0,0,0,0,0,0,0,0,0,,,0,,0,0,0,0,0,0,,0,4,4,55,0,0,0,18,37,3,4.873844119545538,0,3.0555555555555554,0.11428571428571428,0.05642633228840126,0.2109270040304523,0,0,0,0,0,0,0,0.0,0.0,0,0,0,0,0,0,0,0,0,0,0,0,0,0,0,0,0,0,0,0,0,0,0,,,0,0,0,0,0,0,0,0,0,0,0,0,,,,0,0,0,0,0,0,0,,0,0,0,0,0,5.5,9.5
00-0033873,P.Mahomes,Patrick Mahomes,QB,QB,"https://static.www.nfl.com/image/upload/f_auto,q_auto/league/iireqbn32cpg9fn4sfy7",2025,3,REG,KC,NYG,22,37,224,1,0,2,-23,2,0,319,112,13,8.23080711069923,-1.4937388896942139,0,0.7021943573667712,5,2,0,0,0,0,-1.5214160526520573,0,0,0,0,0,0,0,0,0,0,,0,,0.0,0.0,0.0,0,0,0,0,0,0,0,0.0,0.0,0,0,0,0,0,0,0,0,1,1,0,0,0,0,0,0,0,0,0,0,0,0,0,,,0,0,0,0,0,0,0,0,0,0,0,0,,,,0,0,0,0,0,0,0,,0,0,0,0,0,13.16,13.16
00-0033923,K.Hunt,Kareem Hunt,RB,RB,"https://static.www.nfl.com/image/upload/f_auto,q_auto/league/hktvzf8hiupoycyg1kmc",2025,3,REG,KC,NYG,0,0,0,0,0,0,0,0,0,0,0,0,,,0,,10,34,1,0,0,2,0.0342897288792301,0,1,1,10,0,0,0,-3,13,1,1.3252038552891463,0,-3.3333333333333335,0.02857142857142857,-0.009404388714733543,0.036274070756829375,0,0,0,0,0,0,0,0.0,0.0,0,0,0,0,0,0,0,0,0,0,0,0,0,1,15,0,0,0,0,0,0,0,0,,,0,0,0,0,0,0,0,0,0,0,0,0,,,,0,0,0,0,0,0,0,,0,0,0,0,0,10.4,11.4
00-0035237,J.Taylor,Jawaan Taylor,OT,OL,"https://static.www.nfl.com/image/upload/f_auto,q_auto/league/honwntzfepzenss8uqhw",2025,3,REG,KC,NYG,0,0,0,0,0,0,0,0,0,0,0,0,,,0,,0,0,0,0,0,0,,0,0,0,0,0,0,0,0,0,0,,0,,0.0,0.0,0.0,0,0,0,0,0,0,0,0.0,0.0,0,0,0,0,0,0,0,0,0,0,0,0,0,1,5,0,0,0,0,0,0,0,0,,,0,0,0,0,0,0,0,0,0,0,0,0,,,,0,0,0,0,0,0,0,,0,0,0,0,0,0.0,0.0
00-0035262,D.Tranquill,Drue Tranquill,LB,LB,"https://static.www.nfl.com/image/upload/f_auto,q_auto/league/azjrwh0rdddskgckydsq",2025,3,REG,KC,NYG,0,0,0,0,0,0,0,0,0,0,0,0,,,0,,0,0,0,0,0,0,,0,0,0,0,0,0,0,0,0,0,,0,,0.0,0.0,0.0,0,1,0,4,0,0,0,0.0,0.0,0,0,0,0,0,0,0,0,0,0,0,0,0,0,0,0,0,0,0,0,0,0,0,,,0,0,0,0,0,0,0,0,0,0,0,0,,,,0,0,0,0,0,0,0,,0,0,0,0,0,0.0,0.0
00-0035279,C.Omenihu,Charles Omenihu,DE,DL,"https://static.www.nfl.com/image/upload/f_auto,q_auto/league/eqdzy6rghyb0sywwbd8i",2025,3,REG,KC,NYG,0,0,0,0,0,0,0,0,0,0,0,0,,,0,,0,0,0,0,0,0,,0,0,0,0,0,0,0,0,0,0,,0,,0.0,0.0,0.0,0,1,0,2,0,0,0,0.0,0.0,1,0,0,0,0,0,0,0,0,0,0,0,0,0,0,0,0,0,0,0,0,0,0,,,0,0,0,0,0,0,0,0,0,0,0,0,,,,0,0,0,0,0,0,0,,0,0,0,0,0,0.0,0.0
00-0035662,M.Brown,Marquise Brown,WR,WR,"https://static.www.nfl.com/image/upload/f_auto,q_auto/league/ixuddegcphzmvjn4jq6r",2025,3,REG,KC,NYG,0,0,0,0,0,0,0,0,0,0,0,0,,,0,,0,0,0,0,0,0,,0,4,6,42,0,0,0,85,12,2,0.202110871316866,0,0.49411764705882355,0.17142857142857143,0.2664576802507837,0.44366323331840574,0,0,0,0,0,0,0,0.0,0.0,0,0,0,0,0,0,0,0,0,0,0,0,0,0,0,0,0,0,0,0,0,0,0,,,0,0,0,0,0,0,0,0,0,0,0,0,,,,0,0,0,0,0,0,0,,0,0,0,0,0,4.2,8.2
00-0036621,N.Bolton,Nick Bolton,LB,LB,"https://static.www.nfl.com/image/upload/f_auto,q_auto/league/qwdpcmobp7qgdzqgltlr",2025,3,REG,KC,NYG,0,0,0,0,0,0,0,0,0,0,0,0,,,0,,0,0,0,0,0,0,,0,0,0,0,0,0,0,0,0,0,,0,,0.0,0.0,0.0,0,4,2,8,2,3,0,0.0,0.0,0,0,0,1,0,0,0,0,0,0,0,0,0,0,0,0,0,0,0,0,0,0,0,,,0,0,0,0,0,0,0,0,0,0,0,0,,,,0,0,0,0,0,0,0,,0,0,0,0,0,0.0,0.0
00-0036637,N.Gray,Noah Gray,TE,TE,"https://static.www.nfl.com/image/upload/f_auto,q_auto/league/yugngcrdfxh0nwzl4zwp",2025,3,REG,KC,NYG,0,0,0,0,0,0,0,0,0,0,0,0,,,0,,0,0,0,0,0,0,,0,3,6,17,0,0,0,17,12,1,-1.5262746060872954,0,1.0,0.17142857142857143,0.05329153605015674,0.2944469323779668,0,0,0,0,0,0,0,0.0,0.0,0,0,0,0,0,0,0,0,0,0,0,0,0,0,0,0,0,0,0,0,0,0,0,,,0,0,0,0,0,0,0,0,0,0,0,0,,,,0,0,0,0,0,0,0,,0,0,0,0,0,1.7000000000000002,4.7
00-0037191,T.McDuffie,Trent McDuffie,CB,DB,"https://static.www.nfl.com/image/upload/f_auto,q_auto/league/nkb7xmyxy4uxe4qhablh",2025,3,REG,KC,NYG,0,0,0,0,0,0,0,0,0,0,0,0,,,0,,0,0,0,0,0,0,,0,0,0,0,0,0,0,0,0,0,,0,,0.0,0.0,0.0,0,3,0,1,0,0,0,0.0,0.0,0,0,0,0,0,0,0,0,0,0,0,0,0,1,5,0,0,0,0,0,0,0,0,,,0,0,0,0,0,0,0,0,0,0,0,0,,,,0,0,0,0,0,0,0,,0,0,0,0,0,0.0,0.0
00-0037192,G.Karlaftis,George Karlaftis,DE,DL,"https://static.www.nfl.com/image/upload/f_auto,q_auto/league/hxs6hihwuusxydnr8skh",2025,3,REG,KC,NYG,0,0,0,0,0,0,0,0,0,0,0,0,,,0,,0,0,0,0,0,0,,0,0,0,0,0,0,0,0,0,0,,0,,0.0,0.0,0.0,0,7,1,2,3,6,0,1.0,4.0,4,0,0,1,0,0,0,0,0,0,0,0,0,1,15,0,0,0,0,0,0,0,0,,,0,0,0,0,0,0,0,0,0,0,0,0,,,,0,0,0,0,0,0,0,,0,0,0,0,0,0.0,0.0
00-0037193,B.Cook,Bryan Cook,SAF,DB,"https://static.www.nfl.com/image/upload/f_auto,q_auto/league/ge8j9sel1xacfl2plnol",2025,3,REG,KC,NYG,0,0,0,0,0,0,0,0,0,0,0,0,,,0,,0,0,0,0,0,0,,0,0,0,0,0,0,0,0,0,0,,0,,0.0,0.0,0.0,0,1,0,1,0,0,0,0.0,0.0,0,0,0,1,0,0,0,0,0,0,0,0,0,0,0,0,0,0,0,0,0,0,0,,,0,0,0,0,0,0,0,0,0,0,0,0,,,,0,0,0,0,0,0,0,,0,0,0,0,0,0.0,0.0
00-0037195,J.Watson,Jaylen Watson,CB,DB,"https://static.www.nfl.com/image/upload/f_auto,q_auto/league/vxmoq9pwno4z14gldecd",2025,3,REG,KC,NYG,0,0,0,0,0,0,0,0,0,0,0,0,,,0,,0,0,0,0,0,0,,0,0,0,0,0,0,0,0,0,0,,0,,0.0,0.0,0.0,0,5,0,2,0,0,0,0.0,0.0,0,1,0,2,0,0,0,0,0,0,0,0,0,0,0,0,0,0,0,0,0,0,0,,,0,0,0,0,0,0,0,0,0,0,0,0,,,,0,0,0,0,0,0,0,,0,0,0,0,0,0.0,0.0
00-0037197,I.Pacheco,Isiah Pacheco,RB,RB,"https://static.www.nfl.com/image/upload/f_auto,q_auto/league/tqshteijt4xhgk2ei9sx",2025,3,REG,KC,NYG,0,0,0,0,0,0,0,0,0,0,0,0,,,0,,10,45,0,0,0,2,0.14502520998939872,0,1,1,3,0,0,0,-3,6,0,-0.4745529545471072,0,-1.0,0.02857142857142857,-0.009404388714733543,0.036274070756829375,0,0,0,0,0,0,0,0.0,0.0,0,0,0,0,0,0,0,0,1,1,0,0,0,0,0,0,0,0,0,0,0,0,0,,,0,0,0,0,0,0,0,0,0,0,0,0,,,,0,0,0,0,0,0,0,,0,0,0,0,0,4.800000000000001,5.800000000000001
00-0037284,M.Araiza,Matt Araiza,P,SPEC,"https://static.www.nfl.com/image/upload/f_auto,q_auto/league/q4wjyhw18fj0omjkzql4",2025,3,REG,KC,NYG,0,0,0,0,0,0,0,0,0,0,0,0,,,0,,0,0,0,0,0,0,,0,0,0,0,0,0,0,0,0,0,,0,,0.0,0.0,0.0,0,0,0,0,0,0,0,0.0,0.0,0,0,0,0,0,0,0,0,0,0,0,0,0,0,0,0,0,0,0,0,0,0,0,,,0,0,0,0,0,0,0,0,0,0,0,0,,,,0,0,0,0,0,0,0,,0,0,0,0,0,0.0,0.0
00-0037819,L.Chenal,Leo Chenal,LB,LB,"https://static.www.nfl.com/image/upload/f_auto,q_auto/league/x09uj5ta65jfceysfi2v",2025,3,REG,KC,NYG,0,0,0,0,0,0,0,0,0,0,0,0,,,0,,0,0,0,0,0,0,,0,0,0,0,0,0,0,0,0,0,,0,,0.0,0.0,0.0,0,1,0,3,0,0,0,0.0,0.0,0,0,0,0,0,0,0,0,0,0,0,0,0,0,0,0,0,0,0,0,0,0,0,,,0,0,0,0,0,0,0,0,0,0,0,0,,,,0,0,0,0,0,0,0,,0,0,0,0,0,0.0,0.0
00-0038043,J.Williams,Joshua Williams,CB,DB,"https://static.www.nfl.com/image/upload/f_auto,q_auto/league/gpyxftvkpvbwrc7srrgt",2025,3,REG,KC,NYG,0,0,0,0,0,0,0,0,0,0,0,0,,,0,,0,0,0,0,0,0,,0,0,0,0,0,0,0,0,0,0,,0,,0.0,0.0,0.0,0,1,0,0,0,0,0,0.0,0.0,0,0,0,0,0,0,0,0,0,0,0,0,0,1,15,0,0,0,0,0,0,0,0,,,0,0,0,0,0,0,0,0,0,0,0,0,,,,0,0,0,0,0,0,0,,0,0,0,0,0,0.0,0.0
00-0038104,T.Thornton,Tyquan Thornton,WR,WR,"https://static.www.nfl.com/image/upload/f_auto,q_auto/league/bjqzuempyiwxe0hl7e5a",2025,3,REG,KC,NYG,0,0,0,0,0,0,0,0,0,0,0,0,,,0,,0,0,0,0,0,0,,0,5,9,71,1,0,0,169,12,4,6.799335316143697,0,0.42011834319526625,0.2571428571428571,0.5297805642633229,0.7565606806986116,0,0,0,0,0,0,0,0.0,0.0,0,0,0,0,0,0,0,0,0,0,0,0,0,0,0,0,0,0,0,0,0,0,0,,,0,0,0,0,0,0,0,0,0,0,0,0,,,,0,0,0,0,0,0,0,,0,0,0,0,0,13.100000000000001,18.1
00-0038519,N.Remigio,Nikko Remigio,WR,WR,"https://static.www.nfl.com/image/upload/f_auto,q_auto/league/tsvjshclrrbqv9mrbyj9",2025,3,REG,KC,NYG,0,0,0,0,0,0,0,0,0,0,0,0,,,0,,1,11,0,0,0,1,0.6427091776859015,0,0,0,0,0,0,0,0,0,0,,0,,0.0,0.0,0.0,0,0,0,0,0,0,0,0.0,0.0,0,0,0,0,0,0,0,0,0,0,0,0,0,0,0,1,4,2,41,0,0,0,0,,,0,0,0,0,0,0,0,0,0,0,0,0,,,,0,0,0,0,0,0,0,,0,0,0,0,0,1.1,1.1
00-0038982,C.Conner,Chamarri Conner,DB,DB,"https://static.www.nfl.com/image/upload/f_auto,q_auto/league/fzzbwoogfbowestdz7gz",2025,3,REG,KC,NYG,0,0,0,0,0,0,0,0,0,0,0,0,,,0,,0,0,0,0,0,0,,0,0,0,0,0,0,0,0,0,0,,0,,0.0,0.0,0.0,0,1,0,4,0,0,0,0.0,0.0,0,0,0,0,0,0,0,0,0,0,0,0,0,0,0,0,0,0,0,0,0,0,0,,,0,0,0,0,0,0,0,0,0,0,0,0,,,,0,0,0,0,0,0,0,,0,0,0,0,0,0.0,0.0
00-0039324,C.Roland-Wallace,Christian Roland-Wallace,CB,DB,"https://static.www.nfl.com/image/upload/f_auto,q_auto/league/foy9ykwmm3vcqgfviowz",2025,3,REG,KC,NYG,0,0,0,0,0,0,0,0,0,0,0,0,,,0,,0,0,0,0,0,0,,0,0,0,0,0,0,0,0,0,0,,0,,0.0,0.0,0.0,0,2,0,2,0,0,0,0.0,0.0,0,1,23,1,0,0,0,0,0,0,0,0,0,0,0,0,0,0,0,0,0,0,0,,,0,0,0,0,0,0,0,0,0,0,0,0,,,,0,0,0,0,0,0,0,,0,0,0,0,0,0.0,0.0
00-0039825,J.Hicks,Jaden Hicks,SAF,DB,"https://static.www.nfl.com/image/upload/f_auto,q_auto/league/lvcirt1ekbyj97v6mdzx",2025,3,REG,KC,NYG,0,0,0,0,0,0,0,0,0,0,0,0,,,0,,0,0,0,0,0,0,,0,0,0,0,0,0,0,0,0,0,,0,,0.0,0.0,0.0,0,1,0,0,0,0,0,0.0,0.0,0,0,0,0,0,0,0,0,0,0,0,0,0,0,0,0,0,0,0,0,0,0,0,,,0,0,0,0,0,0,0,0,0,0,0,0,,,,0,0,0,0,0,0,0,,0,0,0,0,0,0.0,0.0
00-0040072,J.Bassa,Jeffrey Bassa,LB,LB,"https://static.www.nfl.com/image/upload/f_auto,q_auto/league/bzt58zbyfoxwxe1nhczt",2025,3,REG,KC,NYG,0,0,0,0,0,0,0,0,0,0,0,0,,,0,,0,0,0,0,0,0,,0,0,0,0,0,0,0,0,0,0,,0,,0.0,0.0,0.0,0,1,0,0,0,0,0,0.0,0.0,0,0,0,0,0,0,0,0,0,0,0,0,0,0,0,0,0,0,0,0,0,0,0,,,0,0,0,0,0,0,0,0,0,0,0,0,,,,0,0,0,0,0,0,0,,0,0,0,0,0,0.0,0.0
00-0040078,B.Smith,Brashard Smith,RB,RB,"https://static.www.nfl.com/image/upload/f_auto,q_auto/league/u3t4csj7hhcgymvb8ldf",2025,3,REG,KC,NYG,0,0,0,0,0,0,0,0,0,0,0,0,,,0,,2,13,0,0,0,1,0.9616847439901903,0,0,1,0,0,0,0,0,0,0,-0.44117836869554594,0,,0.02857142857142857,0.0,0.04285714285714286,0,0,0,0,0,0,0,0.0,0.0,0,0,0,0,0,0,0,0,0,0,0,0,0,0,0,0,0,1,22,0,0,0,0,,,0,0,0,0,0,0,0,0,0,0,0,0,,,,0,0,0,0,0,0,0,,0,0,0,0,0,1.3,1.3
00-0040089,K.Knowles,Kevin Knowles,DB,DB,"https://static.www.nfl.com/image/upload/f_auto,q_auto/league/xgenulob3njuvpzrruvl",2025,3,REG,KC,NYG,0,0,0,0,0,0,0,0,0,0,0,0,,,0,,0,0,0,0,0,0,,0,0,0,0,0,0,0,0,0,0,,0,,0.0,0.0,0.0,0,2,0,1,0,0,0,0.0,0.0,0,0,0,0,0,0,0,0,0,0,0,0,0,0,0,0,0,0,0,0,0,0,0,,,0,0,0,0,0,0,0,0,0,0,0,0,,,,0,0,0,0,0,0,0,,0,0,0,0,0,0.0,0.0
00-0040116,J.Simmons,Josh Simmons,OT,OL,"https://static.www.nfl.com/image/upload/f_auto,q_auto/league/q6zopiqcmhy8fpsxvrdf",2025,3,REG,KC,NYG,0,0,0,0,0,0,0,0,0,0,0,0,,,0,,0,0,0,0,0,0,,0,0,0,0,0,0,0,0,0,0,,0,,0.0,0.0,0.0,0,0,0,0,0,0,0,0.0,0.0,0,0,0,0,0,0,0,0,0,0,0,0,0,1,10,0,0,0,0,0,0,0,0,,,0,0,0,0,0,0,0,0,0,0,0,0,,,,0,0,0,0,0,0,0,,0,0,0,0,0,0.0,0.0
00-0040118,C.McDonald,Cooper McDonald,LB,LB,"https://static.www.nfl.com/image/upload/f_auto,q_auto/league/v0oin5wbqdnsmsf5uckx",2025,3,REG,KC,NYG,0,0,0,0,0,0,0,0,0,0,0,0,,,0,,0,0,0,0,0,0,,0,0,0,0,0,0,0,0,0,0,,0,,0.0,0.0,0.0,0,0,0,1,0,0,0,0.0,0.0,0,0,0,0,0,0,0,0,0,0,0,0,0,0,0,0,0,0,0,0,0,0,0,,,0,0,0,0,0,0,0,0,0,0,0,0,,,,0,0,0,0,0,0,0,,0,0,0,0,0,0.0,0.0
00-0040640,A.Gillotte,Ashton Gillotte,DE,DL,"https://static.www.nfl.com/image/upload/f_auto,q_auto/league/kosxaikscmzp69msssey",2025,3,REG,KC,NYG,0,0,0,0,0,0,0,0,0,0,0,0,,,0,,0,0,0,0,0,0,,0,0,0,0,0,0,0,0,0,0,,0,,0.0,0.0,0.0,0,0,0,0,0,0,0,0.0,0.0,0,0,0,0,0,0,0,0,0,0,0,0,0,0,0,0,0,0,0,0,0,0,0,,,0,0,0,0,0,0,0,0,0,0,0,0,,,,0,0,0,0,0,0,0,,0,0,0,0,0,0.0,0.0
00-0040670,N.Williams,Nohl Williams,CB,DB,"https://static.www.nfl.com/image/upload/f_auto,q_auto/league/wgzpsljodoj0uanznf5e",2025,3,REG,KC,NYG,0,0,0,0,0,0,0,0,0,0,0,0,,,0,,0,0,0,0,0,0,,0,0,0,0,0,0,0,0,0,0,,0,,0.0,0.0,0.0,0,0,0,1,0,0,0,0.0,0.0,0,0,0,0,0,0,0,0,0,0,0,0,0,1,15,0,0,0,0,0,0,0,0,,,0,0,0,0,0,0,0,0,0,0,0,0,,,,0,0,0,0,0,0,0,,0,0,0,0,0,0.0,0.0
00-0040748,O.Norman-Lott,Omarr Norman-Lott,DT,DL,"https://static.www.nfl.com/image/upload/f_auto,q_auto/league/jp69jatihj5oqc37g9gv",2025,3,REG,KC,NYG,0,0,0,0,0,0,0,0,0,0,0,0,,,0,,0,0,0,0,0,0,,0,0,0,0,0,0,0,0,0,0,,0,,0.0,0.0,0.0,0,2,0,1,0,0,0,0.0,0.0,0,0,0,0,0,0,0,0,0,0,0,0,0,0,0,0,0,0,0,0,0,0,0,,,0,0,0,0,0,0,0,0,0,0,0,0,,,,0,0,0,0,0,0,0,,0,0,0,0,0,0.0,0.0
