player_id,player_name,player_display_name,position,position_group,headshot_url,season,week,season_type,team,opponent_team,completions,attempts,passing_yards,passing_tds,passing_interceptions,sacks_suffered,sack_yards_lost,sack_fumbles,sack_fumbles_lost,passing_air_yards,passing_yards_after_catch,passing_first_downs,passing_epa,passing_cpoe,passing_2pt_conversions,pacr,carries,rushing_yards,rushing_tds,rushing_fumbles,rushing_fumbles_lost,rushing_first_downs,rushing_epa,rushing_2pt_conversions,receptions,targets,receiving_yards,receiving_tds,receiving_fumbles,receiving_fumbles_lost,receiving_air_yards,receiving_yards_after_catch,receiving_first_downs,receiving_epa,receiving_2pt_conversions,racr,target_share,air_yards_share,wopr,special_teams_tds,def_tackles_solo,def_tackles_with_assist,def_tackle_assists,def_tackles_for_loss,def_tackles_for_loss_yards,def_fumbles_forced,def_sacks,def_sack_yards,def_qb_hits,def_interceptions,def_interception_yards,def_pass_defended,def_tds,def_fumbles,def_safeties,misc_yards,fumble_recovery_own,fumble_recovery_yards_own,fumble_recovery_opp,fumble_recovery_yards_opp,fumble_recovery_tds,penalties,penalty_yards,punt_returns,punt_return_yards,kickoff_returns,kickoff_return_yards,fg_made,fg_att,fg_missed,fg_blocked,fg_long,fg_pct,fg_made_0_19,fg_made_20_29,fg_made_30_39,fg_made_40_49,fg_made_50_59,fg_made_60_,fg_missed_0_19,fg_missed_20_29,fg_missed_30_39,fg_missed_40_49,fg_missed_50_59,fg_missed_60_,fg_made_list,fg_missed_list,fg_blocked_list,fg_made_distance,fg_missed_distance,fg_blocked_distance,pat_made,pat_att,pat_missed,pat_blocked,pat_pct,gwfg_made,gwfg_att,gwfg_missed,gwfg_blocked,gwfg_distance,fantasy_points,fantasy_points_ppr
00-0029562,L.David,Lavonte David,OLB,LB,"https://static.www.nfl.com/image/upload/f_auto,q_auto/league/gicyoxodiwdzvybrzddk",2025,1,REG,TB,ATL,0,0,0,0,0,0,0,0,0,0,0,0,,,0,,0,0,0,0,0,0,,0,0,0,0,0,0,0,0,0,0,,0,,0.0,0.0,0.0,0,3,0,6,1,1,0,0.0,0.0,0,0,0,0,0,0,0,0,0,0,0,0,0,0,0,0,0,0,0,0,0,0,0,,,0,0,0,0,0,0,0,0,0,0,0,0,,,,0,0,0,0,0,0,0,,0,0,0,0,0,0.0,0.0
00-0031408,M.Evans,Mike Evans,WR,WR,"https://static.www.nfl.com/image/upload/f_auto,q_auto/league/yaxorbdsvk1ucfuiyrkj",2025,1,REG,TB,ATL,0,0,0,0,0,0,0,0,0,0,0,0,,,0,,0,0,0,0,0,0,,0,5,8,51,0,0,0,106,4,4,3.750426472002874,0,0.4811320754716981,0.26666666666666666,0.31736526946107785,0.6221556886227545,0,0,0,0,0,0,0,0.0,0.0,0,0,0,0,0,0,0,0,0,0,0,0,0,0,0,0,0,0,0,0,0,0,0,,,0,0,0,0,0,0,0,0,0,0,0,0,,,,0,0,0,0,0,0,0,,0,0,0,0,0,5.1000000000000005,10.100000000000001
00-0032385,S.Shepard,Sterling Shepard,WR,WR,"https://static.www.nfl.com/image/upload/f_auto,q_auto/league/l47czwi8aaznnit0se5h",2025,1,REG,TB,ATL,0,0,0,0,0,0,0,0,0,0,0,0,,,0,,0,0,0,0,0,0,,0,3,6,39,0,0,0,86,8,3,0.8255228738998994,0,0.45348837209302323,0.2,0.25748502994011974,0.48023952095808387,0,0,0,0,0,0,0,0.0,0.0,0,0,0,0,0,0,0,0,0,0,0,0,0,0,0,0,0,0,0,0,0,0,0,,,0,0,0,0,0,0,0,0,0,0,0,0,,,,0,0,0,0,0,0,0,,0,0,0,0,0,3.9000000000000004,6.9
00-0032388,D.Jones,Deion Jones,LB,LB,"https://static.www.nfl.com/image/upload/f_auto,q_auto/league/fpmevebnsvfm07e7xhcu",2025,1,REG,TB,ATL,0,0,0,0,0,0,0,0,0,0,0,0,,,0,,0,0,0,0,0,0,,0,0,0,0,0,0,0,0,0,0,,0,,0.0,0.0,0.0,0,0,0,1,0,0,0,0.0,0.0,0,0,0,0,0,0,0,0,0,0,0,0,0,0,0,0,0,0,0,0,0,0,0,,,0,0,0,0,0,0,0,0,0,0,0,0,,,,0,0,0,0,0,0,0,,0,0,0,0,0,0.0,0.0
00-0032943,R.Dixon,Riley Dixon,P,SPEC,"https://static.www.nfl.com/image/upload/f_auto,q_auto/league/nkjfawzgxosjvjesf1ad",2025,1,REG,TB,ATL,0,0,0,0,0,0,0,0,0,0,0,0,,,0,,0,0,0,0,0,0,,0,0,0,0,0,0,0,0,0,0,,0,,0.0,0.0,0.0,0,0,0,0,0,0,0,0.0,0.0,0,0,0,0,0,0,0,0,0,0,0,0,0,0,0,0,0,0,0,0,0,0,0,,,0,0,0,0,0,0,0,0,0,0,0,0,,,,0,0,0,0,0,0,0,,0,0,0,0,0,0.0,0.0
00-0033875,H.Reddick,Haason Reddick,OLB,LB,"https://static.www.nfl.com/image/upload/f_auto,q_auto/league/to1hxe921e7wc8rarebt",2025,1,REG,TB,ATL,0,0,0,0,0,0,0,0,0,0,0,0,,,0,,0,0,0,0,0,0,,0,0,0,0,0,0,0,0,0,0,,0,,0.0,0.0,0.0,0,1,0,2,1,9,0,1.0,9.0,1,0,0,0,0,0,0,0,0,0,0,0,0,1,5,0,0,0,0,0,0,0,0,,,0,0,0,0,0,0,0,0,0,0,0,0,,,,0,0,0,0,0,0,0,,0,0,0,0,0,0.0,0.0
00-0034773,V.Vea,Vita Vea,DT,DL,"https://static.www.nfl.com/image/upload/f_auto,q_auto/league/enh7ieutevvqmvrn13ob",2025,1,REG,TB,ATL,0,0,0,0,0,0,0,0,0,0,0,0,,,0,,0,0,0,0,0,0,,0,0,0,0,0,0,0,0,0,0,,0,,0.0,0.0,0.0,0,1,0,1,0,0,0,0.0,0.0,0,0,0,0,0,0,0,0,0,0,0,0,0,1,15,0,0,0,0,0,0,0,0,,,0,0,0,0,0,0,0,0,0,0,0,0,,,,0,0,0,0,0,0,0,,0,0,0,0,0,0.0,0.0
00-0034855,B.Mayfield,Baker Mayfield,QB,QB,"https://static.www.nfl.com/image/upload/f_auto,q_auto/league/i2uufyghiphx4oihgucm",2025,1,REG,TB,ATL,17,32,167,3,0,1,-8,0,0,334,45,10,5.766234403595268,-10.401313503583273,0,0.5,5,39,0,0,0,3,4.554537580464967,0,0,0,0,0,0,0,0,0,0,,0,,0.0,0.0,0.0,0,0,0,0,0,0,0,0.0,0.0,0,0,0,0,0,0,0,0,0,0,0,0,0,0,0,0,0,0,0,0,0,0,0,,,0,0,0,0,0,0,0,0,0,0,0,0,,,,0,0,0,0,0,0,0,,0,0,0,0,0,22.58,22.58
00-0035254,A.Nelson,Anthony Nelson,LB,LB,"https://static.www.nfl.com/image/upload/f_auto,q_auto/league/p7ot8uy26tblyhgpwcdv",2025,1,REG,TB,ATL,0,0,0,0,0,0,0,0,0,0,0,0,,,0,,0,0,0,0,0,0,,0,0,0,0,0,0,0,0,0,0,,0,,0.0,0.0,0.0,0,1,0,2,0,0,0,0.0,0.0,0,0,0,0,0,0,0,0,0,0,0,0,0,0,0,0,0,0,0,0,0,0,0,,,0,0,0,0,0,0,0,0,0,0,0,0,,,,0,0,0,0,0,0,0,,0,0,0,0,0,0.0,0.0
00-0035358,C.McLaughlin,Chase McLaughlin,K,SPEC,"https://static.www.nfl.com/image/upload/f_auto,q_auto/league/vwefhtevyn2qxauchan5",2025,1,REG,TB,ATL,0,0,0,0,0,0,0,0,0,0,0,0,,,0,,0,0,0,0,0,0,,0,0,0,0,0,0,0,0,0,0,,0,,0.0,0.0,0.0,0,0,0,0,0,0,0,0.0,0.0,0,0,0,0,0,0,0,0,0,0,0,0,0,0,0,0,0,0,0,1,2,1,0,48.0,0.5,0,0,0,1,0,0,0,0,0,1,0,0,48,44,,48,44,0,2,3,1,0,0.6666666666666666,0,0,0,0,0,0.0,0.0
00-0035667,G.Gaines,Greg Gaines,DT,DL,"https://static.www.nfl.com/image/upload/f_auto,q_auto/league/zo3aqstf8ng4tju17tid",2025,1,REG,TB,ATL,0,0,0,0,0,0,0,0,0,0,0,0,,,0,,0,0,0,0,0,0,,0,0,0,0,0,0,0,0,0,0,,0,,0.0,0.0,0.0,0,0,0,1,0,0,0,0.0,0.0,0,0,0,0,0,0,0,0,0,0,0,0,0,1,15,0,0,0,0,0,0,0,0,,,0,0,0,0,0,0,0,0,0,0,0,0,,,,0,0,0,0,0,0,0,,0,0,0,0,0,0.0,0.0
00-0035699,J.Dean,Jamel Dean,CB,DB,"https://static.www.nfl.com/image/private/f_auto,q_auto/league/s0k1zs9nyl2cqsjwf5cs",2025,1,REG,TB,ATL,0,0,0,0,0,0,0,0,0,0,0,0,,,0,,0,0,0,0,0,0,,0,0,0,0,0,0,0,0,0,0,,0,,0.0,0.0,0.0,0,6,0,0,0,0,0,0.0,0.0,0,0,0,3,0,0,0,0,0,0,0,0,0,1,15,0,0,0,0,0,0,0,0,,,0,0,0,0,0,0,0,0,0,0,0,0,,,,0,0,0,0,0,0,0,,0,0,0,0,0,0.0,0.0
00-0036411,A.Winfield,Antoine Winfield Jr.,SAF,DB,"https://static.www.nfl.com/image/upload/f_auto,q_auto/league/wn2vlv6eyc9str0ak0fx",2025,1,REG,TB,ATL,0,0,0,0,0,0,0,0,0,0,0,0,,,0,,0,0,0,0,0,0,,0,0,0,0,0,0,0,0,0,0,,0,,0.0,0.0,0.0,0,1,0,3,0,0,0,0.0,0.0,1,0,0,1,0,0,0,0,0,0,0,0,0,0,0,0,0,0,0,0,0,0,0,,,0,0,0,0,0,0,0,0,0,0,0,0,,,,0,0,0,0,0,0,0,,0,0,0,0,0,0.0,0.0
00-0037256,R.White,Rachaad White,RB,RB,"https://static.www.nfl.com/image/upload/f_auto,q_auto/league/sxugbms8ketvgmilnlu3",2025,1,REG,TB,ATL,0,0,0,0,0,0,0,0,0,0,0,0,,,0,,2,14,0,0,0,1,0.6235125082312152,0,1,1,2,0,0,0,-3,5,0,-0.8007354830143187,0,-0.6666666666666666,0.03333333333333333,-0.008982035928143712,0.043712574850299404,0,0,0,0,0,0,0,0.0,0.0,0,0,0,0,0,0,0,0,0,0,0,0,0,0,0,0,0,0,0,0,0,0,0,,,0,0,0,0,0,0,0,0,0,0,0,0,,,,0,0,0,0,0,0,0,,0,0,0,0,0,1.6,2.6
00-0037268,Z.McCollum,Zyon McCollum,CB,DB,"https://static.www.nfl.com/image/upload/f_auto,q_auto/league/pkpopwwr1bwjvpxwqs94",2025,1,REG,TB,ATL,0,0,0,0,0,0,0,0,0,0,0,0,,,0,,0,0,0,0,0,0,,0,0,0,0,0,0,0,0,0,0,,0,,0.0,0.0,0.0,0,7,0,3,1,3,0,0.0,0.0,0,0,0,0,0,0,0,0,0,0,0,0,0,0,0,0,0,0,0,0,0,0,0,,,0,0,0,0,0,0,0,0,0,0,0,0,,,,0,0,0,0,0,0,0,,0,0,0,0,0,0.0,0.0
00-0037311,K.Kieft,Ko Kieft,TE,TE,"https://static.www.nfl.com/image/upload/f_auto,q_auto/league/ibtxauqcq4tjq4xsgf6a",2025,1,REG,TB,ATL,0,0,0,0,0,0,0,0,0,0,0,0,,,0,,0,0,0,0,0,0,,0,0,0,0,0,0,0,0,0,0,,0,,0.0,0.0,0.0,0,1,0,0,0,0,0,0.0,0.0,0,0,0,0,0,0,0,0,0,0,0,0,0,0,0,0,0,0,0,0,0,0,0,,,0,0,0,0,0,0,0,0,0,0,0,0,,,,0,0,0,0,0,0,0,,0,0,0,0,0,0.0,0.0
00-0038127,L.Hall,Logan Hall,DE,DL,"https://static.www.nfl.com/image/upload/f_auto,q_auto/league/bwkyc5onugo39cqnsa4e",2025,1,REG,TB,ATL,0,0,0,0,0,0,0,0,0,0,0,0,,,0,,0,0,0,0,0,0,,0,0,0,0,0,0,0,0,0,0,,0,,0.0,0.0,0.0,0,1,0,0,0,0,0,0.0,0.0,0,0,0,0,0,0,0,0,0,0,0,0,0,0,0,0,0,0,0,0,0,0,0,,,0,0,0,0,0,0,0,0,0,0,0,0,,,,0,0,0,0,0,0,0,,0,0,0,0,0,0.0,0.0
00-0038129,C.Otton,Cade Otton,TE,TE,"https://static.www.nfl.com/image/upload/f_auto,q_auto/league/dlgxvfpnufpnxkvu1ynb",2025,1,REG,TB,ATL,0,0,0,0,0,0,0,0,0,0,0,0,,,0,,0,0,0,0,0,0,,0,0,3,0,0,0,0,37,0,0,-1.4684698465862311,0,0.0,0.1,0.11077844311377245,0.22754491017964074,0,0,0,0,0,0,0,0.0,0.0,0,0,0,0,0,0,0,0,0,0,0,0,0,0,0,0,0,0,0,0,0,0,0,,,0,0,0,0,0,0,0,0,0,0,0,0,,,,0,0,0,0,0,0,0,,0,0,0,0,0,0.0,0.0
00-0038824,R.Miller,Ryan Miller,WR,WR,"https://static.www.nfl.com/image/upload/f_auto,q_auto/league/lakkaed2btx1ndkqj2pt",2025,1,REG,TB,ATL,0,0,0,0,0,0,0,0,0,0,0,0,,,0,,0,0,0,0,0,0,,0,0,1,0,0,0,0,15,0,0,-0.6096954118111171,0,0.0,0.03333333333333333,0.04491017964071856,0.081437125748503,0,1,0,1,0,0,0,0.0,0.0,0,0,0,0,0,0,0,0,0,0,0,0,0,0,0,0,0,0,0,0,0,0,0,,,0,0,0,0,0,0,0,0,0,0,0,0,,,,0,0,0,0,0,0,0,,0,0,0,0,0,0.0,0.0
00-0038951,S.Tucker,Sean Tucker,RB,RB,"https://static.www.nfl.com/image/upload/f_auto,q_auto/league/zyzp7e2gos47ebzur9gi",2025,1,REG,TB,ATL,0,0,0,0,0,0,0,0,0,0,0,0,,,0,,1,2,0,0,0,0,-0.49602907663211226,0,0,0,0,0,0,0,0,0,0,,0,,0.0,0.0,0.0,0,0,0,0,0,0,0,0.0,0.0,0,0,0,0,0,0,0,0,0,0,0,0,0,0,0,0,0,3,81,0,0,0,0,,,0,0,0,0,0,0,0,0,0,0,0,0,,,,0,0,0,0,0,0,0,,0,0,0,0,0,0.2,0.2
00-0039049,S.Dennis,SirVocea Dennis,LB,LB,"https://static.www.nfl.com/image/upload/f_auto,q_auto/league/gdi13xin0t60pyxsmjc6",2025,1,REG,TB,ATL,0,0,0,0,0,0,0,0,0,0,0,0,,,0,,0,0,0,0,0,0,,0,0,0,0,0,0,0,0,0,0,,0,,0.0,0.0,0.0,0,6,1,3,2,2,0,0.0,0.0,0,0,0,1,0,0,0,0,0,0,0,0,0,0,0,0,0,0,0,0,0,0,0,,,0,0,0,0,0,0,0,0,0,0,0,0,,,,0,0,0,0,0,0,0,,0,0,0,0,0,0.0,0.0
00-0039050,P.Durham,Payne Durham,TE,TE,"https://static.www.nfl.com/image/upload/f_auto,q_auto/league/ijjyd8bvvkjttepqv82u",2025,1,REG,TB,ATL,0,0,0,0,0,0,0,0,0,0,0,0,,,0,,0,0,0,0,0,0,,0,0,0,0,0,0,0,0,0,0,,0,,0.0,0.0,0.0,0,0,0,1,0,0,0,0.0,0.0,0,0,0,0,0,0,0,0,0,0,0,0,0,0,0,0,0,0,0,0,0,0,0,,,0,0,0,0,0,0,0,0,0,0,0,0,,,,0,0,0,0,0,0,0,,0,0,0,0,0,0.0,0.0
00-0039068,Y.Diaby,Yaya Diaby,LB,LB,"https://static.www.nfl.com/image/upload/f_auto,q_auto/league/wccyapm2qdoidjmfveos",2025,1,REG,TB,ATL,0,0,0,0,0,0,0,0,0,0,0,0,,,0,,0,0,0,0,0,0,,0,0,0,0,0,0,0,0,0,0,,0,,0.0,0.0,0.0,0,2,1,0,1,1,0,0.0,0.0,2,0,0,0,0,0,0,0,0,0,0,0,0,0,0,0,0,0,0,0,0,0,0,,,0,0,0,0,0,0,0,0,0,0,0,0,,,,0,0,0,0,0,0,0,,0,0,0,0,0,0.0,0.0
00-0039361,B.Irving,Bucky Irving,RB,RB,"https://static.www.nfl.com/image/upload/f_auto,q_auto/league/hmgpumoxwhvrrkcjuuuw",2025,1,REG,TB,ATL,0,0,0,0,0,0,0,0,0,0,0,0,,,0,,14,37,0,0,0,2,-5.0658991354866885,0,4,4,8,1,0,0,-5,13,1,0.3565397044294514,0,-1.6,0.13333333333333333,-0.014970059880239521,0.18952095808383235,0,0,0,0,0,0,0,0.0,0.0,0,0,0,0,0,0,0,0,0,0,0,0,0,0,0,0,0,0,0,0,0,0,0,,,0,0,0,0,0,0,0,0,0,0,0,0,,,,0,0,0,0,0,0,0,,0,0,0,0,0,10.5,14.5
00-0039589,K.Johnson,Kameron Johnson,WR,WR,"https://static.www.nfl.com/image/upload/f_auto,q_auto/league/ms7auybbkq1nwbd2ev0d",2025,1,REG,TB,ATL,0,0,0,0,0,0,0,0,0,0,0,0,,,0,,0,0,0,0,0,0,,0,0,0,0,0,0,0,0,0,0,,0,,0.0,0.0,0.0,0,0,0,0,0,0,0,0.0,0.0,0,0,0,0,0,0,0,0,0,0,0,0,0,0,0,1,54,0,0,0,0,0,0,,,0,0,0,0,0,0,0,0,0,0,0,0,,,,0,0,0,0,0,0,0,,0,0,0,0,0,0.0,0.0
00-0039596,R.Wisdom,Rashad Wisdom,SAF,DB,"https://static.www.nfl.com/image/upload/f_auto,q_auto/league/b1tsjkgvh7sb3yaxpexg",2025,1,REG,TB,ATL,0,0,0,0,0,0,0,0,0,0,0,0,,,0,,0,0,0,0,0,0,,0,0,0,0,0,0,0,0,0,0,,0,,0.0,0.0,0.0,0,0,0,2,0,0,0,0.0,0.0,0,0,0,0,0,0,0,0,0,0,0,0,0,0,0,0,0,0,0,0,0,0,0,,,0,0,0,0,0,0,0,0,0,0,0,0,,,,0,0,0,0,0,0,0,,0,0,0,0,0,0.0,0.0
00-0039846,T.Smith,Tykee Smith,SAF,DB,"https://static.www.nfl.com/image/upload/f_auto,q_auto/league/mjjhxgflmtw3byqbidfw",2025,1,REG,TB,ATL,0,0,0,0,0,0,0,0,0,0,0,0,,,0,,0,0,0,0,0,0,,0,0,0,0,0,0,0,0,0,0,,0,,0.0,0.0,0.0,0,7,0,4,0,0,0,0.0,0.0,0,0,0,1,0,0,0,0,0,0,0,0,0,0,0,0,0,0,0,0,0,0,0,,,0,0,0,0,0,0,0,0,0,0,0,0,,,,0,0,0,0,0,0,0,,0,0,0,0,0,0.0,0.0
00-0039905,G.Barton,Graham Barton,OT,OL,"https://static.www.nfl.com/image/upload/f_auto,q_auto/league/n5msbiirsuzkgu63vfrf",2025,1,REG,TB,ATL,0,0,0,0,0,0,0,0,0,0,0,0,,,0,,0,0,0,0,0,0,,0,0,0,0,0,0,0,0,0,0,,0,,0.0,0.0,0.0,0,0,0,0,0,0,0,0.0,0.0,0,0,0,0,0,0,0,0,0,0,0,0,0,1,10,0,0,0,0,0,0,0,0,,,0,0,0,0,0,0,0,0,0,0,0,0,,,,0,0,0,0,0,0,0,,0,0,0,0,0,0.0,0.0
00-0040129,E.Egbuka,Emeka Egbuka,WR,WR,"https://static.www.nfl.com/image/upload/f_auto,q_auto/league/qolqqtwamffi0pi4np7h",2025,1,REG,TB,ATL,0,0,0,0,0,0,0,0,0,0,0,0,,,0,,1,9,0,0,0,0,0.8898776734713465,0,4,6,67,2,0,0,71,15,2,6.027107290166896,0,0.9436619718309859,0.2,0.2125748502994012,0.4488023952095809,0,0,0,0,0,0,0,0.0,0.0,0,0,0,0,0,0,0,0,0,0,0,0,0,0,0,0,0,0,0,0,0,0,0,,,0,0,0,0,0,0,0,0,0,0,0,0,,,,0,0,0,0,0,0,0,,0,0,0,0,0,19.6,23.6
00-0040143,J.Parrish,Jacob Parrish,CB,DB,"https://static.www.nfl.com/image/upload/f_auto,q_auto/league/xspc6ojezhpflx0jorx4",2025,1,REG,TB,ATL,0,0,0,0,0,0,0,0,0,0,0,0,,,0,,0,0,0,0,0,0,,0,0,0,0,0,0,0,0,0,0,,0,,0.0,0.0,0.0,0,3,0,2,1,2,0,0.0,0.0,0,0,0,0,0,0,0,0,0,0,0,0,0,0,0,0,0,0,0,0,0,0,0,,,0,0,0,0,0,0,0,0,0,0,0,0,,,,0,0,0,0,0,0,0,,0,0,0,0,0,0.0,0.0
00-0040237,T.Johnson,Tez Johnson,WR,WR,"https://static.www.nfl.com/image/upload/f_auto,q_auto/league/zjtu1bcayjh9qunkxs9z",2025,1,REG,TB,ATL,0,0,0,0,0,0,0,0,0,0,0,0,,,0,,0,0,0,0,0,0,,0,0,1,0,0,0,0,5,0,0,-0.7956633317517117,0,0.0,0.03333333333333333,0.014970059880239521,0.06047904191616767,0,0,0,0,0,0,0,0.0,0.0,0,0,0,0,0,0,0,0,0,0,0,0,0,0,0,0,0,0,0,0,0,0,0,,,0,0,0,0,0,0,0,0,0,0,0,0,,,,0,0,0,0,0,0,0,,0,0,0,0,0,0.0,0.0
00-0040416,J.Bullock,John Bullock,LB,LB,"https://static.www.nfl.com/image/upload/f_auto,q_auto/league/myb1grpfohovodjjzdb6",2025,1,REG,TB,ATL,0,0,0,0,0,0,0,0,0,0,0,0,,,0,,0,0,0,0,0,0,,0,0,0,0,0,0,0,0,0,0,,0,,0.0,0.0,0.0,0,0,0,2,0,0,0,0.0,0.0,0,0,0,0,0,0,0,0,0,0,0,0,0,0,0,0,0,0,0,0,0,0,0,,,0,0,0,0,0,0,0,0,0,0,0,0,,,,0,0,0,0,0,0,0,,0,0,0,0,0,0.0,0.0
00-0029562,L.David,Lavonte David,OLB,LB,"https://static.www.nfl.com/image/upload/f_auto,q_auto/league/gicyoxodiwdzvybrzddk",2025,2,REG,TB,HOU,0,0,0,0,0,0,0,0,0,0,0,0,,,0,,0,0,0,0,0,0,,0,0,0,0,0,0,0,0,0,0,,0,,0.0,0.0,0.0,0,1,0,1,0,0,0,0.5,4.0,1,0,0,1,0,0,0,0,0,0,0,0,0,0,0,0,0,0,0,0,0,0,0,,,0,0,0,0,0,0,0,0,0,0,0,0,,,,0,0,0,0,0,0,0,,0,0,0,0,0,0.0,0.0
00-0031408,M.Evans,Mike Evans,WR,WR,"https://static.www.nfl.com/image/upload/f_auto,q_auto/league/yaxorbdsvk1ucfuiyrkj",2025,2,REG,TB,HOU,0,0,0,0,0,0,0,0,0,0,0,0,,,0,,0,0,0,0,0,0,,0,5,11,56,0,0,0,162,8,3,-0.12417365270648917,0,0.345679012345679,0.3055555555555556,0.5328947368421053,0.831359649122807,0,0,0,0,0,0,0,0.0,0.0,0,0,0,0,0,0,0,0,0,0,0,0,0,1,10,0,0,0,0,0,0,0,0,,,0,0,0,0,0,0,0,0,0,0,0,0,,,,0,0,0,0,0,0,0,,0,0,0,0,0,5.6000000000000005,10.600000000000001
00-0032385,S.Shepard,Sterling Shepard,WR,WR,"https://static.www.nfl.com/image/upload/f_auto,q_auto/league/l47czwi8aaznnit0se5h",2025,2,REG,TB,HOU,0,0,0,0,0,0,0,0,0,0,0,0,,,0,,0,0,0,0,0,0,,0,4,4,34,0,0,0,29,5,2,2.453453586960677,0,1.1724137931034482,0.1111111111111111,0.09539473684210527,0.23344298245614034,0,0,0,0,0,0,0,0.0,0.0,0,0,0,0,0,0,0,0,0,0,0,0,0,1,5,0,0,0,0,0,0,0,0,,,0,0,0,0,0,0,0,0,0,0,0,0,,,,0,0,0,0,0,0,0,,0,0,0,0,0,3.4000000000000004,7.4
00-0032388,D.Jones,Deion Jones,LB,LB,"https://static.www.nfl.com/image/upload/f_auto,q_auto/league/fpmevebnsvfm07e7xhcu",2025,2,REG,TB,HOU,0,0,0,0,0,0,0,0,0,0,0,0,,,0,,0,0,0,0,0,0,,0,0,0,0,0,0,0,0,0,0,,0,,0.0,0.0,0.0,0,2,0,0,0,0,0,0.0,0.0,0,0,0,0,0,0,0,0,0,0,0,0,0,0,0,0,0,0,0,0,0,0,0,,,0,0,0,0,0,0,0,0,0,0,0,0,,,,0,0,0,0,0,0,0,,0,0,0,0,0,0.0,0.0
00-0032943,R.Dixon,Riley Dixon,P,SPEC,"https://static.www.nfl.com/image/upload/f_auto,q_auto/league/nkjfawzgxosjvjesf1ad",2025,2,REG,TB,HOU,0,0,0,0,0,0,0,0,0,0,0,0,,,0,,0,0,0,0,0,0,,0,0,0,0,0,0,0,0,0,0,,0,,0.0,0.0,0.0,0,0,0,0,0,0,0,0.0,0.0,0,0,0,0,0,0,0,0,0,0,0,0,0,0,0,0,0,0,0,0,0,0,0,,,0,0,0,0,0,0,0,0,0,0,0,0,,,,0,0,0,0,0,0,0,,0,0,0,0,0,0.0,0.0
00-0033875,H.Reddick,Haason Reddick,OLB,LB,"https://static.www.nfl.com/image/upload/f_auto,q_auto/league/to1hxe921e7wc8rarebt",2025,2,REG,TB,HOU,0,0,0,0,0,0,0,0,0,0,0,0,,,0,,0,0,0,0,0,0,,0,0,0,0,0,0,0,0,0,0,,0,,0.0,0.0,0.0,0,1,0,1,0,0,0,0.0,0.0,1,0,0,0,0,0,0,0,0,0,0,0,0,1,5,0,0,0,0,0,0,0,0,,,0,0,0,0,0,0,0,0,0,0,0,0,,,,0,0,0,0,0,0,0,,0,0,0,0,0,0.0,0.0
00-0034773,V.Vea,Vita Vea,DT,DL,"https://static.www.nfl.com/image/upload/f_auto,q_auto/league/enh7ieutevvqmvrn13ob",2025,2,REG,TB,HOU,0,0,0,0,0,0,0,0,0,0,0,0,,,0,,0,0,0,0,0,0,,0,0,0,0,0,0,0,0,0,0,,0,,0.0,0.0,0.0,0,2,0,1,0,0,0,0.0,0.0,0,0,0,0,0,0,0,0,0,0,0,0,0,0,0,0,0,0,0,0,0,0,0,,,0,0,0,0,0,0,0,0,0,0,0,0,,,,0,0,0,0,0,0,0,,0,0,0,0,0,0.0,0.0
00-0034855,B.Mayfield,Baker Mayfield,QB,QB,"https://static.www.nfl.com/image/upload/f_auto,q_auto/league/i2uufyghiphx4oihgucm",2025,2,REG,TB,HOU,25,38,215,2,0,4,-24,1,0,304,129,12,-0.643385174034916,1.9042374359236822,0,0.7072368421052632,3,33,0,0,0,3,5.293133454280905,0,0,0,0,0,0,0,0,0,0,,0,,0.0,0.0,0.0,0,0,0,0,0,0,0,0.0,0.0,0,0,0,0,0,0,0,0,0,0,0,0,0,0,0,0,0,0,0,0,0,0,0,,,0,0,0,0,0,0,0,0,0,0,0,0,,,,0,0,0,0,0,0,0,,0,0,0,0,0,19.900000000000002,19.900000000000002
00-0035254,A.Nelson,Anthony Nelson,LB,LB,"https://static.www.nfl.com/image/upload/f_auto,q_auto/league/p7ot8uy26tblyhgpwcdv",2025,2,REG,TB,HOU,0,0,0,0,0,0,0,0,0,0,0,0,,,0,,0,0,0,0,0,0,,0,0,0,0,0,0,0,0,0,0,,0,,0.0,0.0,0.0,0,0,0,0,0,0,0,0.0,0.0,0,0,0,0,0,0,0,0,0,0,0,0,0,1,10,0,0,0,0,0,0,0,0,,,0,0,0,0,0,0,0,0,0,0,0,0,,,,0,0,0,0,0,0,0,,0,0,0,0,0,0.0,0.0
00-0035358,C.McLaughlin,Chase McLaughlin,K,SPEC,"https://static.www.nfl.com/image/upload/f_auto,q_auto/league/vwefhtevyn2qxauchan5",2025,2,REG,TB,HOU,0,0,0,0,0,0,0,0,0,0,0,0,,,0,,0,0,0,0,0,0,,0,0,0,0,0,0,0,0,0,0,,0,,0.0,0.0,0.0,0,0,0,0,0,0,0,0.0,0.0,0,0,0,0,0,0,0,0,0,0,0,0,0,0,0,0,0,0,0,0,1,1,0,,0.0,0,0,0,0,0,0,0,0,1,0,0,0,,38,,0,38,0,2,2,0,0,1.0,0,0,0,0,0,0.0,0.0
00-0035667,G.Gaines,Greg Gaines,DT,DL,"https://static.www.nfl.com/image/upload/f_auto,q_auto/league/zo3aqstf8ng4tju17tid",2025,2,REG,TB,HOU,0,0,0,0,0,0,0,0,0,0,0,0,,,0,,0,0,0,0,0,0,,0,0,0,0,0,0,0,0,0,0,,0,,0.0,0.0,0.0,0,1,0,0,1,8,0,1.0,8.0,1,0,0,0,0,0,0,0,0,0,0,0,0,0,0,0,0,0,0,0,0,0,0,,,0,0,0,0,0,0,0,0,0,0,0,0,,,,0,0,0,0,0,0,0,,0,0,0,0,0,0.0,0.0
00-0035699,J.Dean,Jamel Dean,CB,DB,"https://static.www.nfl.com/image/private/f_auto,q_auto/league/s0k1zs9nyl2cqsjwf5cs",2025,2,REG,TB,HOU,0,0,0,0,0,0,0,0,0,0,0,0,,,0,,0,0,0,0,0,0,,0,0,0,0,0,0,0,0,0,0,,0,,0.0,0.0,0.0,0,3,0,0,0,0,0,0.0,0.0,0,0,0,0,0,0,0,0,0,0,0,0,0,0,0,0,0,0,0,0,0,0,0,,,0,0,0,0,0,0,0,0,0,0,0,0,,,,0,0,0,0,0,0,0,,0,0,0,0,0,0.0,0.0
00-0036195,C.Heck,Charlie Heck,OT,OL,"https://static.www.nfl.com/image/upload/f_auto,q_auto/league/yfjfvnswxtkpiqqv3b16",2025,2,REG,TB,HOU,0,0,0,0,0,0,0,0,0,0,0,0,,,0,,0,0,0,0,0,0,,0,0,0,0,0,0,0,0,0,0,,0,,0.0,0.0,0.0,0,0,0,0,0,0,0,0.0,0.0,0,0,0,0,0,0,0,0,0,0,0,0,0,1,5,0,0,0,0,0,0,0,0,,,0,0,0,0,0,0,0,0,0,0,0,0,,,,0,0,0,0,0,0,0,,0,0,0,0,0,0.0,0.0
00-0036411,A.Winfield,Antoine Winfield Jr.,SAF,DB,"https://static.www.nfl.com/image/upload/f_auto,q_auto/league/wn2vlv6eyc9str0ak0fx",2025,2,REG,TB,HOU,0,0,0,0,0,0,0,0,0,0,0,0,,,0,,0,0,0,0,0,0,,0,0,0,0,0,0,0,0,0,0,,0,,0.0,0.0,0.0,0,4,0,0,0,0,0,0.0,0.0,0,0,0,0,0,0,0,0,0,0,0,0,0,0,0,0,0,0,0,0,0,0,0,,,0,0,0,0,0,0,0,0,0,0,0,0,,,,0,0,0,0,0,0,0,,0,0,0,0,0,0.0,0.0
00-0037256,R.White,Rachaad White,RB,RB,"https://static.www.nfl.com/image/upload/f_auto,q_auto/league/sxugbms8ketvgmilnlu3",2025,2,REG,TB,HOU,0,0,0,0,0,0,0,0,0,0,0,0,,,0,,10,65,1,0,0,4,5.208861658349633,0,2,2,1,0,0,0,-6,7,0,-1.1569806691259146,0,-0.16666666666666666,0.05555555555555555,-0.019736842105263157,0.06951754385964912,0,0,0,0,0,0,0,0.0,0.0,0,0,0,0,0,0,0,0,1,1,0,0,0,0,0,0,0,0,0,0,0,0,0,,,0,0,0,0,0,0,0,0,0,0,0,0,,,,0,0,0,0,0,0,0,,0,0,0,0,0,12.600000000000001,14.600000000000001
00-0037268,Z.McCollum,Zyon McCollum,CB,DB,"https://static.www.nfl.com/image/upload/f_auto,q_auto/league/pkpopwwr1bwjvpxwqs94",2025,2,REG,TB,HOU,0,0,0,0,0,0,0,0,0,0,0,0,,,0,,0,0,0,0,0,0,,0,0,0,0,0,0,0,0,0,0,,0,,0.0,0.0,0.0,0,4,0,1,0,0,0,0.0,0.0,0,0,0,0,0,0,0,0,0,0,0,0,0,0,0,0,0,0,0,0,0,0,0,,,0,0,0,0,0,0,0,0,0,0,0,0,,,,0,0,0,0,0,0,0,,0,0,0,0,0,0.0,0.0
00-0038127,L.Hall,Logan Hall,DE,DL,"https://static.www.nfl.com/image/upload/f_auto,q_auto/league/bwkyc5onugo39cqnsa4e",2025,2,REG,TB,HOU,0,0,0,0,0,0,0,0,0,0,0,0,,,0,,0,0,0,0,0,0,,0,0,0,0,0,0,0,0,0,0,,0,,0.0,0.0,0.0,0,2,0,0,0,0,0,0.0,0.0,0,0,0,0,0,0,0,0,0,0,0,0,0,0,0,0,0,0,0,0,0,0,0,,,0,0,0,0,0,0,0,0,0,0,0,0,,,,0,0,0,0,0,0,0,,0,0,0,0,0,0.0,0.0
00-0038129,C.Otton,Cade Otton,TE,TE,"https://static.www.nfl.com/image/upload/f_auto,q_auto/league/dlgxvfpnufpnxkvu1ynb",2025,2,REG,TB,HOU,0,0,0,0,0,0,0,0,0,0,0,0,,,0,,0,0,0,0,0,0,,0,3,4,25,0,0,0,16,8,1,1.0718207575846463,0,1.5625,0.1111111111111111,0.05263157894736842,0.20350877192982456,0,0,0,0,0,0,0,0.0,0.0,0,0,0,0,0,0,0,0,0,0,0,0,0,0,0,0,0,0,0,0,0,0,0,,,0,0,0,0,0,0,0,0,0,0,0,0,,,,0,0,0,0,0,0,0,,0,0,0,0,0,2.5,5.5
00-0038820,C.Izien,Christian Izien,SAF,DB,"https://static.www.nfl.com/image/upload/f_auto,q_auto/league/klbosecrlbeeqvuts8l4",2025,2,REG,TB,HOU,0,0,0,0,0,0,0,0,0,0,0,0,,,0,,0,0,0,0,0,0,,0,0,0,0,0,0,0,0,0,0,,0,,0.0,0.0,0.0,0,1,0,0,0,0,0,0.0,0.0,0,0,0,0,0,0,0,0,0,0,0,0,0,0,0,0,0,0,0,0,0,0,0,,,0,0,0,0,0,0,0,0,0,0,0,0,,,,0,0,0,0,0,0,0,,0,0,0,0,0,0.0,0.0
00-0038823,K.Merriweather,Kaevon Merriweather,SAF,DB,"https://static.www.nfl.com/image/upload/f_auto,q_auto/league/tglrg1tbq9ixnb81ala0",2025,2,REG,TB,HOU,0,0,0,0,0,0,0,0,0,0,0,0,,,0,,0,0,0,0,0,0,,0,0,0,0,0,0,0,0,0,0,,0,,0.0,0.0,0.0,0,2,0,1,0,0,0,0.0,0.0,0,0,0,0,0,0,0,0,0,0,0,0,0,0,0,0,0,0,0,0,0,0,0,,,0,0,0,0,0,0,0,0,0,0,0,0,,,,0,0,0,0,0,0,0,,0,0,0,0,0,0.0,0.0
00-0038824,R.Miller,Ryan Miller,WR,WR,"https://static.www.nfl.com/image/upload/f_auto,q_auto/league/lakkaed2btx1ndkqj2pt",2025,2,REG,TB,HOU,0,0,0,0,0,0,0,0,0,0,0,0,,,0,,0,0,0,0,0,0,,0,1,1,20,1,0,0,20,0,1,2.764138651895337,0,1.0,0.027777777777777776,0.06578947368421052,0.08771929824561403,0,1,0,0,0,0,0,0.0,0.0,0,0,0,0,0,0,0,0,0,0,0,0,0,0,0,0,0,0,0,0,0,0,0,,,0,0,0,0,0,0,0,0,0,0,0,0,,,,0,0,0,0,0,0,0,,0,0,0,0,0,8.0,9.0
00-0038951,S.Tucker,Sean Tucker,RB,RB,"https://static.www.nfl.com/image/upload/f_auto,q_auto/league/zyzp7e2gos47ebzur9gi",2025,2,REG,TB,HOU,0,0,0,0,0,0,0,0,0,0,0,0,,,0,,0,0,0,0,0,0,,0,0,0,0,0,0,0,0,0,0,,0,,0.0,0.0,0.0,0,0,0,0,0,0,0,0.0,0.0,0,0,0,0,0,0,0,0,0,0,0,0,0,0,0,0,0,1,26,0,0,0,0,,,0,0,0,0,0,0,0,0,0,0,0,0,,,,0,0,0,0,0,0,0,,0,0,0,0,0,0.0,0.0
00-0039049,S.Dennis,SirVocea Dennis,LB,LB,"https://static.www.nfl.com/image/upload/f_auto,q_auto/league/gdi13xin0t60pyxsmjc6",2025,2,REG,TB,HOU,0,0,0,0,0,0,0,0,0,0,0,0,,,0,,0,0,0,0,0,0,,0,0,0,0,0,0,0,0,0,0,,0,,0.0,0.0,0.0,0,2,2,0,1,2,0,0.0,0.0,1,0,0,0,0,0,0,0,0,0,0,0,0,0,0,0,0,0,0,0,0,0,0,,,0,0,0,0,0,0,0,0,0,0,0,0,,,,0,0,0,0,0,0,0,,0,0,0,0,0,0.0,0.0
00-0039050,P.Durham,Payne Durham,TE,TE,"https://static.www.nfl.com/image/upload/f_auto,q_auto/league/ijjyd8bvvkjttepqv82u",2025,2,REG,TB,HOU,0,0,0,0,0,0,0,0,0,0,0,0,,,0,,0,0,0,0,0,0,,0,0,1,0,0,0,0,5,0,0,-0.7773910039104521,0,0.0,0.027777777777777776,0.01644736842105263,0.05317982456140351,0,0,0,0,0,0,0,0.0,0.0,0,0,0,0,0,0,0,0,0,0,0,0,0,0,0,0,0,0,0,0,0,0,0,,,0,0,0,0,0,0,0,0,0,0,0,0,,,,0,0,0,0,0,0,0,,0,0,0,0,0,0.0,0.0
00-0039051,J.Hayes,Josh Hayes,CB,DB,"https://static.www.nfl.com/image/upload/f_auto,q_auto/league/yikjuckgb86cwgym5tf4",2025,2,REG,TB,HOU,0,0,0,0,0,0,0,0,0,0,0,0,,,0,,0,0,0,0,0,0,,0,0,0,0,0,0,0,0,0,0,,0,,0.0,0.0,0.0,0,0,0,1,0,0,0,0.0,0.0,0,0,0,0,0,0,0,0,0,0,0,0,0,0,0,0,0,0,0,0,0,0,0,,,0,0,0,0,0,0,0,0,0,0,0,0,,,,0,0,0,0,0,0,0,,0,0,0,0,0,0.0,0.0
00-0039063,C.Kancey,Calijah Kancey,DT,DL,"https://static.www.nfl.com/image/upload/f_auto,q_auto/league/idizvzmzmmdkc4dprb0g",2025,2,REG,TB,HOU,0,0,0,0,0,0,0,0,0,0,0,0,,,0,,0,0,0,0,0,0,,0,0,0,0,0,0,0,0,0,0,,0,,0.0,0.0,0.0,0,1,0,0,1,2,0,0.0,0.0,0,0,0,0,0,0,0,0,0,0,0,0,0,0,0,0,0,0,0,0,0,0,0,,,0,0,0,0,0,0,0,0,0,0,0,0,,,,0,0,0,0,0,0,0,,0,0,0,0,0,0.0,0.0
00-0039068,Y.Diaby,Yaya Diaby,LB,LB,"https://static.www.nfl.com/image/upload/f_auto,q_auto/league/wccyapm2qdoidjmfveos",2025,2,REG,TB,HOU,0,0,0,0,0,0,0,0,0,0,0,0,,,0,,0,0,0,0,0,0,,0,0,0,0,0,0,0,0,0,0,,0,,0.0,0.0,0.0,0,1,0,1,0,0,0,0.0,0.0,0,0,0,0,0,0,0,0,0,0,0,0,0,0,0,0,0,0,0,0,0,0,0,,,0,0,0,0,0,0,0,0,0,0,0,0,,,,0,0,0,0,0,0,0,,0,0,0,0,0,0.0,0.0
00-0039157,C.Mauch,Cody Mauch,G,OL,"https://static.www.nfl.com/image/upload/f_auto,q_auto/league/m0851jmhecw29hxwlygs",2025,2,REG,TB,HOU,0,0,0,0,0,0,0,0,0,0,0,0,,,0,,0,0,0,0,0,0,,0,0,0,0,0,0,0,0,0,0,,0,,0.0,0.0,0.0,0,0,0,0,0,0,0,0.0,0.0,0,0,0,0,0,0,0,0,0,0,0,0,0,1,5,0,0,0,0,0,0,0,0,,,0,0,0,0,0,0,0,0,0,0,0,0,,,,0,0,0,0,0,0,0,,0,0,0,0,0,0.0,0.0
00-0039361,B.Irving,Bucky Irving,RB,RB,"https://static.www.nfl.com/image/upload/f_auto,q_auto/league/hmgpumoxwhvrrkcjuuuw",2025,2,REG,TB,HOU,0,0,0,0,0,0,0,0,0,0,0,0,,,0,,17,71,0,0,0,2,-0.030199295724742115,0,6,6,50,0,0,0,-13,63,2,2.3025020454078913,0,-3.8461538461538463,0.16666666666666666,-0.04276315789473684,0.22006578947368421,0,0,0,0,0,0,0,0.0,0.0,0,0,0,0,0,0,0,0,0,0,0,0,0,0,0,0,0,0,0,0,0,0,0,,,0,0,0,0,0,0,0,0,0,0,0,0,,,,0,0,0,0,0,0,0,,0,0,0,0,0,12.100000000000001,18.1
00-0039589,K.Johnson,Kameron Johnson,WR,WR,"https://static.www.nfl.com/image/upload/f_auto,q_auto/league/ms7auybbkq1nwbd2ev0d",2025,2,REG,TB,HOU,0,0,0,0,0,0,0,0,0,0,0,0,,,0,,0,0,0,0,0,0,,0,0,0,0,0,0,0,0,0,0,,0,,0.0,0.0,0.0,0,0,0,0,0,0,0,0.0,0.0,0,0,0,0,0,0,0,0,0,0,0,0,0,0,0,1,6,2,42,0,0,0,0,,,0,0,0,0,0,0,0,0,0,0,0,0,,,,0,0,0,0,0,0,0,,0,0,0,0,0,0.0,0.0
00-0039846,T.Smith,Tykee Smith,SAF,DB,"https://static.www.nfl.com/image/upload/f_auto,q_auto/league/mjjhxgflmtw3byqbidfw",2025,2,REG,TB,HOU,0,0,0,0,0,0,0,0,0,0,0,0,,,0,,0,0,0,0,0,0,,0,0,0,0,0,0,0,0,0,0,,0,,0.0,0.0,0.0,0,4,0,2,2,10,0,1.0,9.0,1,0,0,0,0,0,0,0,0,0,0,0,0,0,0,0,0,0,0,0,0,0,0,,,0,0,0,0,0,0,0,0,0,0,0,0,,,,0,0,0,0,0,0,0,,0,0,0,0,0,0.0,0.0
00-0040129,E.Egbuka,Emeka Egbuka,WR,WR,"https://static.www.nfl.com/image/upload/f_auto,q_auto/league/qolqqtwamffi0pi4np7h",2025,2,REG,TB,HOU,0,0,0,0,0,0,0,0,0,0,0,0,,,0,,0,0,0,0,0,0,,0,4,7,29,1,0,0,81,38,3,1.856631867121905,0,0.35802469135802467,0.19444444444444445,0.26644736842105265,0.4781798245614035,0,0,0,0,0,0,0,0.0,0.0,0,0,0,0,0,0,0,0,0,0,0,0,0,0,0,0,0,0,0,0,0,0,0,,,0,0,0,0,0,0,0,0,0,0,0,0,,,,0,0,0,0,0,0,0,,0,0,0,0,0,8.9,12.9
00-0040143,J.Parrish,Jacob Parrish,CB,DB,"https://static.www.nfl.com/image/upload/f_auto,q_auto/league/xspc6ojezhpflx0jorx4",2025,2,REG,TB,HOU,0,0,0,0,0,0,0,0,0,0,0,0,,,0,,0,0,0,0,0,0,,0,0,0,0,0,0,0,0,0,0,,0,,0.0,0.0,0.0,0,1,0,0,0,0,0,0.0,0.0,0,0,0,1,0,0,0,0,0,0,0,0,0,0,0,0,0,0,0,0,0,0,0,,,0,0,0,0,0,0,0,0,0,0,0,0,,,,0,0,0,0,0,0,0,,0,0,0,0,0,0.0,0.0
00-0040183,E.Roberts,Elijah Roberts,DE,DL,"https://static.www.nfl.com/image/upload/f_auto,q_auto/league/wbr8dtnyw18fpq6tt7lh",2025,2,REG,TB,HOU,0,0,0,0,0,0,0,0,0,0,0,0,,,0,,0,0,0,0,0,0,,0,0,0,0,0,0,0,0,0,0,,0,,0.0,0.0,0.0,0,0,0,1,0,0,0,0.5,4.0,1,0,0,0,0,0,0,0,0,0,0,0,0,0,0,0,0,0,0,0,0,0,0,,,0,0,0,0,0,0,0,0,0,0,0,0,,,,0,0,0,0,0,0,0,,0,0,0,0,0,0.0,0.0
00-0040416,J.Bullock,John Bullock,LB,LB,"https://static.www.nfl.com/image/upload/f_auto,q_auto/league/myb1grpfohovodjjzdb6",2025,2,REG,TB,HOU,0,0,0,0,0,0,0,0,0,0,0,0,,,0,,0,0,0,0,0,0,,0,0,0,0,0,0,0,0,0,0,,0,,0.0,0.0,0.0,0,1,0,0,0,0,0,0.0,0.0,0,0,0,0,0,0,0,0,0,0,0,0,0,0,0,0,0,0,0,0,0,0,0,,,0,0,0,0,0,0,0,0,0,0,0,0,,,,0,0,0,0,0,0,0,,0,0,0,0,0,0.0,0.0
00-0040747,B.Morrison,Benjamin Morrison,CB,DB,"https://static.www.nfl.com/image/upload/f_auto,q_auto/league/beby7ndkduvgasydudha",2025,2,REG,TB,HOU,0,0,0,0,0,0,0,0,0,0,0,0,,,0,,0,0,0,0,0,0,,0,0,0,0,0,0,0,0,0,0,,0,,0.0,0.0,0.0,0,0,0,0,0,0,0,0.0,0.0,0,0,0,0,0,0,0,0,0,0,0,0,0,1,5,0,0,0,0,0,0,0,0,,,0,0,0,0,0,0,0,0,0,0,0,0,,,,0,0,0,0,0,0,0,,0,0,0,0,0,0.0,0.0
00-0029562,L.David,Lavonte David,OLB,LB,"https://static.www.nfl.com/image/upload/f_auto,q_auto/league/gicyoxodiwdzvybrzddk",2025,3,REG,TB,NYJ,0,0,0,0,0,0,0,0,0,0,0,0,,,0,,0,0,0,0,0,0,,0,0,0,0,0,0,0,0,0,0,,0,,0.0,0.0,0.0,0,7,0,4,1,4,0,1.0,4.0,2,0,0,0,0,0,0,0,0,0,0,0,0,1,4,0,0,0,0,0,0,0,0,,,0,0,0,0,0,0,0,0,0,0,0,0,,,,0,0,0,0,0,0,0,,0,0,0,0,0,0.0,0.0
00-0031408,M.Evans,Mike Evans,WR,WR,"https://static.www.nfl.com/image/upload/f_auto,q_auto/league/yaxorbdsvk1ucfuiyrkj",2025,3,REG,TB,NYJ,0,0,0,0,0,0,0,0,0,0,0,0,,,0,,0,0,0,0,0,0,,0,4,8,33,1,0,0,72,6,3,1.503188612696249,0,0.4583333333333333,0.2857142857142857,0.3103448275862069,0.6458128078817733,0,0,0,0,0,0,0,0.0,0.0,0,0,0,0,0,0,0,0,0,0,0,0,0,1,10,0,0,0,0,0,0,0,0,,,0,0,0,0,0,0,0,0,0,0,0,0,,,,0,0,0,0,0,0,0,,0,0,0,0,0,9.3,13.3
00-0032385,S.Shepard,Sterling Shepard,WR,WR,"https://static.www.nfl.com/image/upload/f_auto,q_auto/league/l47czwi8aaznnit0se5h",2025,3,REG,TB,NYJ,0,0,0,0,0,0,0,0,0,0,0,0,,,0,,0,0,0,0,0,0,,0,4,5,80,0,0,0,39,51,4,6.237200616159685,0,2.051282051282051,0.17857142857142858,0.16810344827586207,0.3855295566502463,0,0,0,0,0,0,0,0.0,0.0,0,0,0,0,0,0,0,0,0,0,0,0,0,0,0,0,0,0,0,0,0,0,0,,,0,0,0,0,0,0,0,0,0,0,0,0,,,,0,0,0,0,0,0,0,,0,0,0,0,0,8.0,12.0
00-0032388,D.Jones,Deion Jones,LB,LB,"https://static.www.nfl.com/image/upload/f_auto,q_auto/league/fpmevebnsvfm07e7xhcu",2025,3,REG,TB,NYJ,0,0,0,0,0,0,0,0,0,0,0,0,,,0,,0,0,0,0,0,0,,0,0,0,0,0,0,0,0,0,0,,0,,0.0,0.0,0.0,0,1,0,0,0,0,0,0.0,0.0,0,0,0,0,0,0,0,0,0,0,0,0,0,0,0,0,0,0,0,0,0,0,0,,,0,0,0,0,0,0,0,0,0,0,0,0,,,,0,0,0,0,0,0,0,,0,0,0,0,0,0.0,0.0
00-0032943,R.Dixon,Riley Dixon,P,SPEC,"https://static.www.nfl.com/image/upload/f_auto,q_auto/league/nkjfawzgxosjvjesf1ad",2025,3,REG,TB,NYJ,0,0,0,0,0,0,0,0,0,0,0,0,,,0,,0,0,0,0,0,0,,0,0,0,0,0,0,0,0,0,0,,0,,0.0,0.0,0.0,0,0,0,0,0,0,0,0.0,0.0,0,0,0,0,0,0,0,0,0,0,0,0,0,0,0,0,0,0,0,0,0,0,0,,,0,0,0,0,0,0,0,0,0,0,0,0,,,,0,0,0,0,0,0,0,,0,0,0,0,0,0.0,0.0
00-0033875,H.Reddick,Haason Reddick,OLB,LB,"https://static.www.nfl.com/image/upload/f_auto,q_auto/league/to1hxe921e7wc8rarebt",2025,3,REG,TB,NYJ,0,0,0,0,0,0,0,0,0,0,0,0,,,0,,0,0,0,0,0,0,,0,0,0,0,0,0,0,0,0,0,,0,,0.0,0.0,0.0,0,2,0,1,1,1,0,0.0,0.0,0,0,0,0,0,0,0,0,0,0,0,0,0,0,0,0,0,0,0,0,0,0,0,,,0,0,0,0,0,0,0,0,0,0,0,0,,,,0,0,0,0,0,0,0,,0,0,0,0,0,0.0,0.0
00-0034773,V.Vea,Vita Vea,DT,DL,"https://static.www.nfl.com/image/upload/f_auto,q_auto/league/enh7ieutevvqmvrn13ob",2025,3,REG,TB,NYJ,0,0,0,0,0,0,0,0,0,0,0,0,,,0,,0,0,0,0,0,0,,0,0,0,0,0,0,0,0,0,0,,0,,0.0,0.0,0.0,0,0,0,2,0,0,0,0.0,0.0,0,0,0,0,0,0,0,0,0,0,1,1,0,0,0,0,0,0,0,0,0,0,0,,,0,0,0,0,0,0,0,0,0,0,0,0,,,,0,0,0,0,0,0,0,,0,0,0,0,0,0.0,0.0
00-0034855,B.Mayfield,Baker Mayfield,QB,QB,"https://static.www.nfl.com/image/upload/f_auto,q_auto/league/i2uufyghiphx4oihgucm",2025,3,REG,TB,NYJ,19,29,233,1,0,1,-8,1,0,232,139,12,8.269022356935064,3.3704877964087894,0,1.0043103448275863,4,44,0,0,0,2,5.684531551891723,0,0,0,0,0,0,0,0,0,0,,0,,0.0,0.0,0.0,0,0,0,0,0,0,0,0.0,0.0,0,0,0,0,0,0,0,0,0,0,0,0,0,0,0,0,0,0,0,0,0,0,0,,,0,0,0,0,0,0,0,0,0,0,0,0,,,,0,0,0,0,0,0,0,,0,0,0,0,0,17.72,17.72
00-0035254,A.Nelson,Anthony Nelson,LB,LB,"https://static.www.nfl.com/image/upload/f_auto,q_auto/league/p7ot8uy26tblyhgpwcdv",2025,3,REG,TB,NYJ,0,0,0,0,0,0,0,0,0,0,0,0,,,0,,0,0,0,0,0,0,,0,0,0,0,0,0,0,0,0,0,,0,,0.0,0.0,0.0,0,2,0,0,1,3,0,0.0,0.0,0,0,0,0,0,0,0,0,0,0,0,0,0,0,0,0,0,0,0,0,0,0,0,,,0,0,0,0,0,0,0,0,0,0,0,0,,,,0,0,0,0,0,0,0,,0,0,0,0,0,0.0,0.0
00-0035358,C.McLaughlin,Chase McLaughlin,K,SPEC,"https://static.www.nfl.com/image/upload/f_auto,q_auto/league/vwefhtevyn2qxauchan5",2025,3,REG,TB,NYJ,0,0,0,0,0,0,0,0,0,0,0,0,,,0,,0,0,0,0,0,0,,0,0,0,0,0,0,0,0,0,0,,0,,0.0,0.0,0.0,0,0,0,0,0,0,0,0.0,0.0,0,0,0,0,0,0,0,0,0,0,0,0,0,0,0,0,0,0,0,5,6,0,1,55.0,0.8333333333333334,0,1,2,0,2,0,0,0,0,0,0,0,54;33;28;55;36,,43,206,0,43,2,2,0,0,1.0,1,1,0,0,36,0.0,0.0
00-0035699,J.Dean,Jamel Dean,CB,DB,"https://static.www.nfl.com/image/private/f_auto,q_auto/league/s0k1zs9nyl2cqsjwf5cs",2025,3,REG,TB,NYJ,0,0,0,0,0,0,0,0,0,0,0,0,,,0,,0,0,0,0,0,0,,0,0,0,0,0,0,0,0,0,0,,0,,0.0,0.0,0.0,0,1,0,0,0,0,0,0.0,0.0,0,1,55,1,1,0,0,0,0,0,0,0,0,1,15,0,0,0,0,0,0,0,0,,,0,0,0,0,0,0,0,0,0,0,0,0,,,,0,0,0,0,0,0,0,,0,0,0,0,0,0.0,0.0
00-0036132,B.Bredeson,Ben Bredeson,C,OL,"https://static.www.nfl.com/image/upload/f_auto,q_auto/league/i5wt8frcymm1gjbwhlzy",2025,3,REG,TB,NYJ,0,0,0,0,0,0,0,0,0,0,0,0,,,0,,0,0,0,0,0,0,,0,0,0,0,0,0,0,0,0,0,,0,,0.0,0.0,0.0,0,0,0,0,0,0,0,0.0,0.0,0,0,0,0,0,0,0,0,0,0,0,0,0,2,10,0,0,0,0,0,0,0,0,,,0,0,0,0,0,0,0,0,0,0,0,0,,,,0,0,0,0,0,0,0,,0,0,0,0,0,0.0,0.0
00-0036411,A.Winfield,Antoine Winfield Jr.,SAF,DB,"https://static.www.nfl.com/image/upload/f_auto,q_auto/league/wn2vlv6eyc9str0ak0fx",2025,3,REG,TB,NYJ,0,0,0,0,0,0,0,0,0,0,0,0,,,0,,0,0,0,0,0,0,,0,0,0,0,0,0,0,0,0,0,,0,,0.0,0.0,0.0,0,2,0,1,2,13,1,1.0,8.0,2,0,0,0,0,0,0,0,0,0,0,0,0,0,0,0,0,0,0,0,0,0,0,,,0,0,0,0,0,0,0,0,0,0,0,0,,,,0,0,0,0,0,0,0,,0,0,0,0,0,0.0,0.0
00-0037256,R.White,Rachaad White,RB,RB,"https://static.www.nfl.com/image/upload/f_auto,q_auto/league/sxugbms8ketvgmilnlu3",2025,3,REG,TB,NYJ,0,0,0,0,0,0,0,0,0,0,0,0,,,0,,5,12,0,0,0,0,-2.3750732676245963,0,1,1,2,0,0,0,-7,9,0,-0.41923980998683064,0,-0.2857142857142857,0.03571428571428571,-0.03017241379310345,0.032450738916256154,0,0,0,0,0,0,0,0.0,0.0,0,0,0,0,0,0,0,0,0,0,0,0,0,0,0,0,0,0,0,0,0,0,0,,,0,0,0,0,0,0,0,0,0,0,0,0,,,,0,0,0,0,0,0,0,,0,0,0,0,0,1.4000000000000001,2.4000000000000004
00-0037268,Z.McCollum,Zyon McCollum,CB,DB,"https://static.www.nfl.com/image/upload/f_auto,q_auto/league/pkpopwwr1bwjvpxwqs94",2025,3,REG,TB,NYJ,0,0,0,0,0,0,0,0,0,0,0,0,,,0,,0,0,0,0,0,0,,0,0,0,0,0,0,0,0,0,0,,0,,0.0,0.0,0.0,0,9,0,0,0,0,0,0.0,0.0,0,0,0,0,0,0,0,0,0,0,0,0,0,0,0,0,0,0,0,0,0,0,0,,,0,0,0,0,0,0,0,0,0,0,0,0,,,,0,0,0,0,0,0,0,,0,0,0,0,0,0.0,0.0
00-0037311,K.Kieft,Ko Kieft,TE,TE,"https://static.www.nfl.com/image/upload/f_auto,q_auto/league/ibtxauqcq4tjq4xsgf6a",2025,3,REG,TB,NYJ,0,0,0,0,0,0,0,0,0,0,0,0,,,0,,0,0,0,0,0,0,,0,0,0,0,0,0,0,0,0,0,,0,,0.0,0.0,0.0,0,0,0,2,0,0,0,0.0,0.0,0,0,0,0,0,0,0,0,0,0,0,0,0,0,0,0,0,0,0,0,0,0,0,,,0,0,0,0,0,0,0,0,0,0,0,0,,,,0,0,0,0,0,0,0,,0,0,0,0,0,0.0,0.0
00-0038127,L.Hall,Logan Hall,DE,DL,"https://static.www.nfl.com/image/upload/f_auto,q_auto/league/bwkyc5onugo39cqnsa4e",2025,3,REG,TB,NYJ,0,0,0,0,0,0,0,0,0,0,0,0,,,0,,0,0,0,0,0,0,,0,0,0,0,0,0,0,0,0,0,,0,,0.0,0.0,0.0,0,0,0,1,0,0,0,0.0,0.0,0,0,0,0,0,0,0,0,0,0,0,0,0,1,15,0,0,0,0,0,0,0,0,,,0,0,0,0,0,0,0,0,0,0,0,0,,,,0,0,0,0,0,0,0,,0,0,0,0,0,0.0,0.0
00-0038818,L.Haggard,Luke Haggard,OT,OL,"https://static.www.nfl.com/image/upload/f_auto,q_auto/league/cq9lilfcoz4je17ryjlo",2025,3,REG,TB,NYJ,0,0,0,0,0,0,0,0,0,0,0,0,,,0,,0,0,0,0,0,0,,0,0,0,0,0,0,0,0,0,0,,0,,0.0,0.0,0.0,0,0,0,0,0,0,0,0.0,0.0,0,0,0,0,0,0,0,0,0,0,0,0,0,2,20,0,0,0,0,0,0,0,0,,,0,0,0,0,0,0,0,0,0,0,0,0,,,,0,0,0,0,0,0,0,,0,0,0,0,0,0.0,0.0
00-0038823,K.Merriweather,Kaevon Merriweather,SAF,DB,"https://static.www.nfl.com/image/upload/f_auto,q_auto/league/tglrg1tbq9ixnb81ala0",2025,3,REG,TB,NYJ,0,0,0,0,0,0,0,0,0,0,0,0,,,0,,0,0,0,0,0,0,,0,0,0,0,0,0,0,0,0,0,,0,,0.0,0.0,0.0,0,1,0,0,0,0,0,0.0,0.0,0,0,0,0,0,0,0,0,0,0,0,0,0,0,0,0,0,0,0,0,0,0,0,,,0,0,0,0,0,0,0,0,0,0,0,0,,,,0,0,0,0,0,0,0,,0,0,0,0,0,0.0,0.0
00-0038824,R.Miller,Ryan Miller,WR,WR,"https://static.www.nfl.com/image/upload/f_auto,q_auto/league/lakkaed2btx1ndkqj2pt",2025,3,REG,TB,NYJ,0,0,0,0,0,0,0,0,0,0,0,0,,,0,,0,0,0,0,0,0,,0,0,1,0,0,0,0,21,0,0,-1.197184013259426,0,0.0,0.03571428571428571,0.09051724137931035,0.11693349753694582,0,1,0,0,0,0,0,0.0,0.0,0,0,0,0,0,0,0,0,0,0,0,0,0,1,10,0,0,0,0,0,0,0,0,,,0,0,0,0,0,0,0,0,0,0,0,0,,,,0,0,0,0,0,0,0,,0,0,0,0,0,0.0,0.0
00-0038951,S.Tucker,Sean Tucker,RB,RB,"https://static.www.nfl.com/image/upload/f_auto,q_auto/league/zyzp7e2gos47ebzur9gi",2025,3,REG,TB,NYJ,0,0,0,0,0,0,0,0,0,0,0,0,,,0,,0,0,0,0,0,0,,0,0,0,0,0,0,0,0,0,0,,0,,0.0,0.0,0.0,0,0,0,0,0,0,0,0.0,0.0,0,0,0,0,0,0,0,0,0,0,0,0,0,0,0,0,0,5,124,0,0,0,0,,,0,0,0,0,0,0,0,0,0,0,0,0,,,,0,0,0,0,0,0,0,,0,0,0,0,0,0.0,0.0
00-0038958,M.Watts,Markees Watts,LB,LB,"https://static.www.nfl.com/image/upload/f_auto,q_auto/league/hwxh3ps9lwnj0qu4mw8v",2025,3,REG,TB,NYJ,0,0,0,0,0,0,0,0,0,0,0,0,,,0,,0,0,0,0,0,0,,0,0,0,0,0,0,0,0,0,0,,0,,0.0,0.0,0.0,0,0,0,1,0,0,0,0.0,0.0,0,0,0,0,0,0,0,0,0,0,0,0,0,0,0,0,0,0,0,0,0,0,0,,,0,0,0,0,0,0,0,0,0,0,0,0,,,,0,0,0,0,0,0,0,,0,0,0,0,0,0.0,0.0
00-0039049,S.Dennis,SirVocea Dennis,LB,LB,"https://static.www.nfl.com/image/upload/f_auto,q_auto/league/gdi13xin0t60pyxsmjc6",2025,3,REG,TB,NYJ,0,0,0,0,0,0,0,0,0,0,0,0,,,0,,0,0,0,0,0,0,,0,0,0,0,0,0,0,0,0,0,,0,,0.0,0.0,0.0,0,2,0,1,0,0,0,0.0,0.0,1,0,0,1,0,0,0,0,0,0,0,0,0,0,0,0,0,0,0,0,0,0,0,,,0,0,0,0,0,0,0,0,0,0,0,0,,,,0,0,0,0,0,0,0,,0,0,0,0,0,0.0,0.0
00-0039051,J.Hayes,Josh Hayes,CB,DB,"https://static.www.nfl.com/image/upload/f_auto,q_auto/league/yikjuckgb86cwgym5tf4",2025,3,REG,TB,NYJ,0,0,0,0,0,0,0,0,0,0,0,0,,,0,,0,0,0,0,0,0,,0,0,0,0,0,0,0,0,0,0,,0,,0.0,0.0,0.0,0,1,0,1,0,0,0,0.0,0.0,0,0,0,0,0,0,0,0,0,0,0,0,0,0,0,0,0,0,0,0,0,0,0,,,0,0,0,0,0,0,0,0,0,0,0,0,,,,0,0,0,0,0,0,0,,0,0,0,0,0,0.0,0.0
00-0039068,Y.Diaby,Yaya Diaby,LB,LB,"https://static.www.nfl.com/image/upload/f_auto,q_auto/league/wccyapm2qdoidjmfveos",2025,3,REG,TB,NYJ,0,0,0,0,0,0,0,0,0,0,0,0,,,0,,0,0,0,0,0,0,,0,0,0,0,0,0,0,0,0,0,,0,,0.0,0.0,0.0,0,2,0,2,2,8,0,1.0,7.0,2,0,0,0,0,0,0,0,0,0,0,0,0,1,5,0,0,0,0,0,0,0,0,,,0,0,0,0,0,0,0,0,0,0,0,0,,,,0,0,0,0,0,0,0,,0,0,0,0,0,0.0,0.0
00-0039361,B.Irving,Bucky Irving,RB,RB,"https://static.www.nfl.com/image/upload/f_auto,q_auto/league/hmgpumoxwhvrrkcjuuuw",2025,3,REG,TB,NYJ,0,0,0,0,0,0,0,0,0,0,0,0,,,0,,25,66,0,0,0,3,-10.224091524345567,0,4,4,33,0,0,0,-19,52,1,0.8630721794907004,0,-1.736842105263158,0.14285714285714285,-0.08189655172413793,0.15695812807881773,0,0,0,0,0,0,0,0.0,0.0,0,0,0,0,0,0,0,0,0,0,0,0,0,0,0,0,0,0,0,0,0,0,0,,,0,0,0,0,0,0,0,0,0,0,0,0,,,,0,0,0,0,0,0,0,,0,0,0,0,0,9.9,13.9
00-0039411,E.Klein,Elijah Klein,G,OL,"https://static.www.nfl.com/image/upload/f_auto,q_auto/league/icvvhledvoxc3b4exs0f",2025,3,REG,TB,NYJ,0,0,0,0,0,0,0,0,0,0,0,0,,,0,,0,0,0,0,0,0,,0,0,0,0,0,0,0,0,0,0,,0,,0.0,0.0,0.0,0,0,0,0,0,0,0,0.0,0.0,0,0,0,0,0,0,0,0,0,0,0,0,0,2,20,0,0,0,0,0,0,0,0,,,0,0,0,0,0,0,0,0,0,0,0,0,,,,0,0,0,0,0,0,0,,0,0,0,0,0,0.0,0.0
00-0039589,K.Johnson,Kameron Johnson,WR,WR,"https://static.www.nfl.com/image/upload/f_auto,q_auto/league/ms7auybbkq1nwbd2ev0d",2025,3,REG,TB,NYJ,0,0,0,0,0,0,0,0,0,0,0,0,,,0,,0,0,0,0,0,0,,0,0,0,0,0,0,0,0,0,0,,0,,0.0,0.0,0.0,0,0,0,0,0,0,0,0.0,0.0,0,0,0,0,0,0,0,0,0,0,0,0,0,0,0,2,-1,0,0,0,0,0,0,,,0,0,0,0,0,0,0,0,0,0,0,0,,,,0,0,0,0,0,0,0,,0,0,0,0,0,0.0,0.0
00-0039846,T.Smith,Tykee Smith,SAF,DB,"https://static.www.nfl.com/image/upload/f_auto,q_auto/league/mjjhxgflmtw3byqbidfw",2025,3,REG,TB,NYJ,0,0,0,0,0,0,0,0,0,0,0,0,,,0,,0,0,0,0,0,0,,0,0,0,0,0,0,0,0,0,0,,0,,0.0,0.0,0.0,0,4,0,3,0,0,0,0.0,0.0,0,0,0,1,0,0,0,0,0,0,0,0,0,0,0,0,0,0,0,0,0,0,0,,,0,0,0,0,0,0,0,0,0,0,0,0,,,,0,0,0,0,0,0,0,,0,0,0,0,0,0.0,0.0
00-0039902,C.Braswell,Chris Braswell,LB,LB,"https://static.www.nfl.com/image/upload/f_auto,q_auto/league/u5abg52apl8dtgthu80k",2025,3,REG,TB,NYJ,0,0,0,0,0,0,0,0,0,0,0,0,,,0,,0,0,0,0,0,0,,0,0,0,0,0,0,0,0,0,0,,0,,0.0,0.0,0.0,0,2,0,0,0,0,0,0.0,0.0,0,0,0,0,0,0,0,0,0,0,0,0,0,0,0,0,0,0,0,0,0,0,0,,,0,0,0,0,0,0,0,0,0,0,0,0,,,,0,0,0,0,0,0,0,,0,0,0,0,0,0.0,0.0
00-0039905,G.Barton,Graham Barton,OT,OL,"https://static.www.nfl.com/image/upload/f_auto,q_auto/league/n5msbiirsuzkgu63vfrf",2025,3,REG,TB,NYJ,0,0,0,0,0,0,0,0,0,0,0,0,,,0,,0,0,0,0,0,0,,0,0,0,0,0,0,0,0,0,0,,0,,0.0,0.0,0.0,0,0,0,0,0,0,0,0.0,0.0,0,0,0,0,0,0,0,0,1,1,0,0,0,1,10,0,0,0,0,0,0,0,0,,,0,0,0,0,0,0,0,0,0,0,0,0,,,,0,0,0,0,0,0,0,,0,0,0,0,0,0.0,0.0
00-0040129,E.Egbuka,Emeka Egbuka,WR,WR,"https://static.www.nfl.com/image/upload/f_auto,q_auto/league/qolqqtwamffi0pi4np7h",2025,3,REG,TB,NYJ,0,0,0,0,0,0,0,0,0,0,0,0,,,0,,0,0,0,0,0,0,,0,6,8,85,0,0,0,92,21,4,4.30543331138324,0,0.9239130434782609,0.2857142857142857,0.39655172413793105,0.7061576354679803,0,0,0,0,0,0,0,0.0,0.0,0,0,0,0,0,0,0,0,0,0,0,0,0,0,0,0,0,0,0,0,0,0,0,,,0,0,0,0,0,0,0,0,0,0,0,0,,,,0,0,0,0,0,0,0,,0,0,0,0,0,8.5,14.5
00-0040143,J.Parrish,Jacob Parrish,CB,DB,"https://static.www.nfl.com/image/upload/f_auto,q_auto/league/xspc6ojezhpflx0jorx4",2025,3,REG,TB,NYJ,0,0,0,0,0,0,0,0,0,0,0,0,,,0,,0,0,0,0,0,0,,0,0,0,0,0,0,0,0,0,0,,0,,0.0,0.0,0.0,0,4,0,1,1,10,0,1.0,10.0,2,0,0,0,0,0,0,0,0,0,0,0,0,0,0,0,0,0,0,0,0,0,0,,,0,0,0,0,0,0,0,0,0,0,0,0,,,,0,0,0,0,0,0,0,,0,0,0,0,0,0.0,0.0
00-0040183,E.Roberts,Elijah Roberts,DE,DL,"https://static.www.nfl.com/image/upload/f_auto,q_auto/league/wbr8dtnyw18fpq6tt7lh",2025,3,REG,TB,NYJ,0,0,0,0,0,0,0,0,0,0,0,0,,,0,,0,0,0,0,0,0,,0,0,0,0,0,0,0,0,0,0,,0,,0.0,0.0,0.0,0,0,0,0,0,0,0,0.0,0.0,1,0,0,1,0,0,0,0,0,0,0,0,0,0,0,0,0,0,0,0,0,0,0,,,0,0,0,0,0,0,0,0,0,0,0,0,,,,0,0,0,0,0,0,0,,0,0,0,0,0,0.0,0.0
00-0040237,T.Johnson,Tez Johnson,WR,WR,"https://static.www.nfl.com/image/upload/f_auto,q_auto/league/zjtu1bcayjh9qunkxs9z",2025,3,REG,TB,NYJ,0,0,0,0,0,0,0,0,0,0,0,0,,,0,,0,0,0,0,0,0,,0,0,1,0,0,0,0,41,0,0,-0.24590275308582932,0,0.0,0.03571428571428571,0.17672413793103448,0.1772783251231527,0,0,0,0,0,0,0,0.0,0.0,0,0,0,0,0,0,0,0,0,0,0,0,0,0,0,0,0,0,0,0,0,0,0,,,0,0,0,0,0,0,0,0,0,0,0,0,,,,0,0,0,0,0,0,0,,0,0,0,0,0,0.0,0.0
00-0040747,B.Morrison,Benjamin Morrison,CB,DB,"https://static.www.nfl.com/image/upload/f_auto,q_auto/league/beby7ndkduvgasydudha",2025,3,REG,TB,NYJ,0,0,0,0,0,0,0,0,0,0,0,0,,,0,,0,0,0,0,0,0,,0,0,0,0,0,0,0,0,0,0,,0,,0.0,0.0,0.0,0,2,0,0,1,4,0,0.0,0.0,0,0,0,0,0,0,0,0,0,0,0,0,0,0,0,0,0,0,0,0,0,0,0,,,0,0,0,0,0,0,0,0,0,0,0,0,,,,0,0,0,0,0,0,0,,0,0,0,0,0,0.0,0.0
